3590768,JavaScript语言精粹,,Douglas Crockford,赵泽欣、鄢学鹍,电子工业出版社,2009年,35.00,9.1
1232061,JAVASCRIPT权威指南(第四版),,David Flanagan,张铭泽、等,机械工业出版社,2003-1-1,99.00,8.7
25863515,图解HTTP,,【日】上野宣,于均良,人民邮电出版社,2014-4-15,49.00元,8.1
26351021,你不知道的JavaScript（上卷）,,[美] Kyle Simpson,赵望野、梁杰,人民邮电出版社,2015-4,49.00元,9.4
21338365,HTML & CSS设计与构建网站,,[美] Jon Duckett,刘涛、陈学敏,清华大学出版社,2013-1,59.80元,8.9
3567853,Getting Real,The Smarter, Faster, Easier Way to Build a Successful Web Application,Jason Fried、Heinemeier David Hansson、Matthew Linderman,,37signals,2009-11-18,USD 24.99,9.0
26274202,Flask Web开发：基于Python的Web应用开发实战,,[美] Miguel Grinberg,安道,人民邮电出版社,2014-12,59.00元,8.7
1921890,JavaScript DOM编程艺术,,Jeremy Keith,杨涛、王建桥、杨晓云,人民邮电出版社,2006年12月,39.00元,8.7
3924175,构建高性能Web站点,改善性能和扩展规模的具体做法,郭欣,,电子工业出版社,2009-8,59.00元,8.6
25856314,Web性能权威指南,,Ilya Grigorik,李松峰,人民邮电出版社,2013-9,69,8.8
3549421,PHP和MySQL Web开发(原书第4版),PHP and MySQL Web Development, Fourth Edition,Luke Welling、Laura Thomson,武欣,机械工业出版社,2009,95.00元,8.4
5362856,高性能JavaScript,,Nicholas C.Zakas,丁琛、赵泽欣,电子工业出版社,2010-11,49.00元,8.9
25795270,形式感+：网页视觉设计创意拓展与快速表现,网页视觉设计创意拓展与快速表现,晋小彦,,清华大学出版社,2014-1-1,59.00元,8.2
20451827,Web前端黑客技术揭秘,,钟晨鸣、徐少培,,电子工业出版社,2013-1,59.00元,7.7
26852057,Python Web开发实战,,董伟明,,电子工业出版社,2016-9-15,105,7.5
21792530,编写可维护的JavaScript,,扎卡斯,李晶、郭凯、张散集,人民邮电出版社,2013-4,55.00元,8.3
4076216,锦绣蓝图,怎样规划令人流连忘返的网站(第2版),[美] 沃德科 (Christina Wodtke)、[美] 戈夫拉 (Austin Govella),蔡芳,人民邮电出版社,2009-11-01,59.00,8.0
26598045,Web全栈工程师的自我修养,,余果,,人民邮电出版社,2015-9-1,49.00,7.5
3176860,Secrets of the JavaScript Ninja,,John Resig、Bear Bibeault,,Manning Publications,2012-11-28,USD 39.99,9.3
25733421,Web之困：现代Web应用安全指南,,(美)Michal Zalewski,朱筱丹,机械工业出版社,2013-10,69,8.7
23123255,CSS设计指南,,史密斯,李松峰,人民邮电出版社,2013-5,59.00元,8.8
10426640,深入剖析Tomcat,,Budi Kurniawan、Paul Deck,曹旭东,机械工业出版社华章公司,2011-12-31,59.00元,8.3
2345964,超越CSS,Web设计艺术精髓,Andy Clarke,谭振林,人民邮电出版社,2007,69.00元,8.5
25786074,HTML5权威指南,HTML5权威指南,[美] Adam Freeman,谢廷晟、牛化成、刘美英,人民邮电出版社,2014-1,129.00元,8.6
19933548,JavaScript编程精解,,Marijn Haverbeke,徐涛,机械工业出版社华章公司,2012-10-1,49.00元,7.9
26635862,Modern PHP（中文版）,,Josh Lockhart,安道,中国电力出版社,2015-9,39,8.7
1942934,Head First Servlets & JSP（中文版）,通过SCWCD考试之路,（美）巴萨姆、（美）塞若、（美）贝茨,苏钰函、林剑,中国电力出版社,2006-10,98.00元,8.8
3022779,ppk谈JavaScript,,Peter-Paul Koch,淘宝UED,人民邮电出版社,2008-4,59.00元,8.6
3007076,精通JavaScript,,John Resig,江疆、陈贤安,人民邮电出版社,2008-4-1,49.00元,8.6
26869219,HTTPS权威指南,在服务器和Web应用上部署SSL-TLS和PKI,[英] Ivan Risti?,杨洋、李振宇、蒋锷、周辉、陈传文,人民邮电出版社,2016-9,99.00元,7.7
1898098,精通CSS,高级Web标准解决方案,Andy Budd,陈剑瓯,人民邮电出版社,2006,39.00,8.4
25786138,Effective JavaScript,编写高质量JavaScript代码的68个有效方法,赫尔曼 (David Herman),黄博文、喻杨,机械工业出版社,2014-1-1,CNY 49.00,8.4
26838547,深入理解 Flask,掌握用Python创建强大动态Web应用的技术,[美]Jack Stouffer,苏丹,电子工业出版社,2016-7-1,79.00,7.9
5402708,HTML5高级程序设计,,Peter Lubbers、Ric Smith、Frank Salim、Brian Albers,李杰、柳靖、刘淼,人民邮电出版社,2011-1,45.00元,7.6
26436506,Deep Web File #網絡奇談,,恐懼鳥,,點子出版Idea Publication,2015-6-10,HKD$88.00,8.1
26590145,python黑帽子,黑客与渗透测试编程之道,[美]Justin Seitz,孙松柏、李聪、润秋,电子工业出版社,2015-8-1,55,7.5
25986284,单页Web应用,JavaScript从前端到后端,米可夫斯基 (Michael S. Mikowski)、鲍威尔 (Josh C. Powell),包勇明,人民邮电出版社,2014-9-1,CNY 69.00,8.0
3012828,JAVASCRIPT语言精髓与编程实践,,周爱民,,电子工业出版社,2008-3,68.00元,8.5
3082293,jQuery基础教程,,Karl Swedberg、Jonathan Chaffer,李松峰、李炜,人民邮电出版社,2008-7,45.00元,7.8
20022383,JavaScript and JQuery,Interactive Front-end Web Development,Jon Duckett,,Wiley,2014-1,USD 39.99,9.1
3329540,JavaScript设计模式,,Ross Harmes、Dustin Diaz,谢廷晟,人民邮电出版社,2008,45.00元,8.4
3260737,精通Web Analytics,来自专家的最佳Web分析策略,(美国)(Avinash Kaushik)卡希克,杨艳、王春楠,清华大学出版社,2008,48.00元,7.5
21263576,响应式Web设计实践,,[美] Tim Kadlec,侯鸿儒,人民邮电出版社,2013-3-1,55.00元,8.2
24316255,Go Web编程,,谢孟军,,电子工业出版社,2013-6-1,65.00元,7.8
2298856,一目了然,Web软件显性设计之路,ROBERT HOEKMAN,何潇,机械工业出版社,2008-1,39.00元,7.7
4241826,高性能MySQL（第二版）,,Baron Schwartz、Peter Zaitsev、Vadim Tkachenko、Jeremy D.Zawodny、Arjen Lent、Derek J.Ballin,王小东、李军、康建勋,电子工业出版社,2010年1月,99.00元,8.8
3082278,JavaScript DOM高级程序设计,,Jeffrey Sambells、Aaron Gustafson,李松峰、李雅雯,人民邮电出版社,2008-7,59.00元,8.8
11610880,HTML5秘籍,,Matthew MacDonald,李松峰、朱巍,人民邮电出版社,2012-8,79.00元,8.3
5290563,网页设计创意书,,Patrick McNeil,图灵编辑部,人民邮电出版社,20101015,45.00元,7.9
10546139,SEO艺术,,Eric Enge、Stephan Spencer、Rand Fishkin,昝辉,电子工业出版社,2012-4,89.00元,8.0
4926708,网站设计解构,有效的交互设计框架和模式,[美] Robert Hoekman,Jr.、[美] Jared Spool,向怡宁,人民邮电出版社,2010-09,59.00元,7.3
6799555,网站运维,保持数据实时的秘技,阿尔斯帕瓦、罗宾斯,杨建华,电子工业出版社,2011-9,49.00元,8.3
20390374,响应式Web设计,HTML5和CSS3实战,Ben Frain,王永强,人民邮电出版社,2013-1-1,49.00元,7.3
19894872,Head First HTML5 Programming（中文版）,,埃里克•弗里曼 (Eric Freeman)、伊丽莎白•罗布森 (Elisabeth Robson),,中国电力出版社,2012-9,78.00元,8.3
1230451,网站重构,应用Web标准进行设计,[美] Jeffrey Zeldman,傅捷、王宗义、祝军,电子工业出版社,2005-4,38.00元,7.9
25966265,ECMAScript6入门,,阮一峰,,电子工业出版社,2014-8-1,CNY 49.00,8.1
19965586,深入分析Java Web技术内幕,,许令波,,电子工业出版社,2012-9,69.00元,7.3
1839273,应用Rails进行敏捷Web开发,,Dave Thomas, David Hansson等,林芷薰,电子工业出版社,2006-7,65.00元,8.6
1873926,CSS网站布局实录,,李超,,科学出版社 希望电子出版社,2006-9,32.0,8.2
4881987,编写高质量代码,Web前端开发修炼之道,曹刘阳,,机械工业出版社,2010年7月,49.00元,7.7
2157554,赢在用户,Web人物角色创建和应用实践指,[美]Steve Mulder、[美]Zivv Yarr,范晓燕,机械工业出版社,2007-08-01,29.00,8.0
25911735,TCP/IP网络编程,,[韩] 尹圣雨,金国哲,人民邮电出版社,2014-7,79.00元,8.7
10482084,CSS3实用指南,,吉伦瓦特,屈超、周志超,人民邮电出版社,2012-3,49.00元,8.1
10756899,高扩展性网站的50条原则,,[美] Martin L. Abbott、[美]Michael T. Fisher,张欣、杨海玲,人民邮电出版社,2012-6-3,35.00元,7.4
4746407,深入PHP,面向对象、模式与实践（第2版）,Matt Zandstra,陈浩、吴孙滨、胡丹,人民邮电出版社,2010-5,59.00元,8.5
1937913,无懈可击的Web设计,利用XHTML和CSS提高网站的灵活性与适应性,Dan Cederholm,常可、刘申,清华大学出版社,2006,49.80元,8.1
6854551,REST实战,超媒体和系统架构,Jim Webber、Savas Parastatidis、Ian Robinson,李锟、俞黎敏、马钧、崔毅,东南大学出版社,2011-10,78.00元,7.4
25752512,用AngularJS开发下一代Web应用,,[美] Brad Green、Sbyam Seshadri,大漠穷秋,电子工业出版社,2013-10,55.00元,7.2
1171117,HTML和XHTML权威指南(第五版),,Chuck Musciano、Bill Kennedy,技桥,清华大学出版社,2004-6-1,72.00元,8.1
2208550,CSS实战手册,,David Sawyer McFarland,俞黎敏,电子工业出版社,2007-07-01,68.00元,8.7
25945442,AngularJS权威教程,,[美] Ari Lerner,赵望野、徐　飞、何鹏飞,人民邮电出版社,2014-8,99.00元,7.3
5351808,众妙之门,,Smashing Magazine,贾云龙、王士强,人民邮电出版社,2010-11-01,55.00,8.0
26640135,Python Web开发：测试驱动方法,测试驱动方法,Harry J.W. Percival,安道,人民邮电出版社,2015-10,99,7.6
6393626,秩序之美,网页中的风格设计,Vinh,,人民邮电,2011-5,35.00元,7.9
26369253,图解服务器端网络架构,,[日] 宫田宽士,曾薇薇,人民邮电出版社,2015-4,79.00元,7.1
2032343,Programming Ruby中文版,,托马斯,孙勇、姚延栋、张海峰,电子工业出版社,2007-3,99.00元,8.3
1798896,The Definitive Guide to Django,Web Development Done Right,Adrian Holovaty、Jacob Kaplan-Moss,,Apress,2007-12-06,CAD 45.14,8.6
2193687,HTML XHTML CSS 基础教程（第6版）,,[美] Elizabeth Castro,陈剑瓯、张扬,人民邮电出版社,2007-8,59.00元,8.2
3343802,学习Web设计,学习Web设计,罗宾斯,靳志伟,机械工业出版社,2009-1,65.00元,8.3
2372267,Head First JavaScript,,Michael Morrison,,O'Reilly,December 2007,$39.99,8.2
25767596,了不起的Node.js,将JavaScript进行到底,劳奇 (Guillermo Rauch),赵静,电子工业出版社,2014-1,79.00元,7.4
26305106,Web前端开发最佳实践,,党建,,机械工业出版社,2015-1,59.00元,7.3
3118374,就这么简单,Web开发中的可用性和用户体验,向怡宁,,清华大学出版社,2008-06-01,79.00元,7.6
1765779,什么是网页设计,,麦克唐纳,戴刚,中国青年出版社,2006-3,78.00元,7.4
4099306,PHP经典实例,,（美）斯克拉、（美）切贝特伯格,李松峰、秦绪文、李丽,中国电力出版社,2009-10,98.00元,7.9
4251875,实战Nginx,取代Apache的高性能Web服务器,张宴,,电子工业出版社,2010年2月,55.00元,6.8
25972633,大型分布式网站架构设计与实践,一线工作经验总结，囊括大型分布式网站所需技术的全貌、架构设计的核,陈康贤,,电子工业出版社,2014-9-1,79.00元,5.9
25853744,Speaking JavaScript,,Axel Rauschmayer,,O'Reilly Media,2014-3-21,USD 39.99,8.0
25891125,web性能实践日志,,［加］Stoyan Stefanov,王玉林、吴英杰、庄婷婷、唐云飞,人民邮电出版社,2014-5,39,8.2
6521003,Responsive Web Design,,Ethan Marcotte,,Happy Cog,2011-6,USD 18.00,8.4
1087502,Web可用性设计,,JakobNielsen,潇湘工作室,人民邮电出版社,2000-11-01,68.0,7.8
2579849,Letting Go of the Words,Writing Web Content that Works (Interactive Technologies) (Interactive Technologies),Janice (Ginny) Redish,,Morgan Kaufmann,2007-06-11,USD 49.95,8.3
19977785,MongoDB实战,,[美] Kyle Banker,丁雪丰,人民邮电出版社,2012-10,59.00元,8.3
26464952,服务设计与创新实践,,宝莱恩 (Andy Polaine)、乐维亚 (Lavrans Lovlie)、里森 (Ben Reason),王国胜、张盈盈、付美平、赵芳,清华大学出版社,2015-6-1,CNY 69.00,7.8
4200645,Web容量规划的艺术,,阿尔斯帕瓦,,机械工业出版社,2010-1,29.00元,7.5
2028747,HTTP Developer's Handbook,,Chris Shiflett,,Sams Publishing,2003-3-29,USD 39.99,9.0
25910556,WebKit技术内幕,,朱永盛,,电子工业出版社,2014-6,79.00元,7.2
25844628,网站运维技术与实践,,饶琛琳,,电子工业出版社,2014-3,69.00元,7.2
1879670,撬动地球的Google,,[美] 戴维·怀斯、马克·马西德,张岩 等,中信出版社,2006-9,35.00元,7.3
2208548,CSS,TheMissingManual,麦克法兰,,江苏东南大学,2007-6,65.00元,9.0
22994746,Servlet和JSP学习指南,,Budi Kurniawan,崔毅、俞哲皆、俞黎敏,机械工业出版社华章公司,2013-4-14,59.00元,7.7
4924293,赢在设计,网页设计如何大幅提升网站收益,[美] 洛芙迪 (Lance Loveday)、[美] 尼豪斯 (Sandra Niehaus),刘淼、枊靖、王卓昊,人民邮电出版社,2010-8,55.00,8.0
1764900,Ajax实战,,Dave Crane Eric Pascarello,李锟(网名dlee),人民邮电出版社,2006年4月,69,8.0
26376363,Bootstrap实战,,[美] David Cochran、[美] Ian Whitley,李松峰,人民邮电出版社,2015-5,49.00元,7.3
1958938,PHP与MySQL 5程序设计,,W.Jason Gilmore,朱涛江,人民邮电出版社,2007年01月,79.00元,7.7
1903588,深入体验Java Web开发内幕,核心基础,张孝祥,,电子工业出版社,2006-10-1,58.00元,8.2
26077205,Web应用安全权威指南,,德丸浩,赵文、刘斌,人民邮电出版社,2014-10,79,7.5
1474132,Mining the Web,Discovering Knowledge from Hypertext Data,Soumen Chakrabarti,,Morgan Kaufmann,2002-10-23,USD 96.95,7.5
1173876,Servlet与JSP核心编程,,(美国)霍尔等著、赵学良译,霍尔,清华大学出版社,2004-06-01,59.0,8.1
1152116,Tomcat与Java Web开发技术详解,,孙卫琴,,电子工业出版社,2004-4-1,45.00元,6.6
7007666,认知盈余,自由时间的力量,[美] 克莱·舍基,胡泳、哈丽丝,中国人民大学出版社,2011-12,49.80元,7.2
1737592,Web设计禁忌,,Jeff Johnson,张颖,机械工业出版社,2006-2,38.00元,7.0
3639345,Web数据挖掘,,刘兵,俞勇,清华大学出版社,2009-4,49.00元,7.7
5263109,Ruby on Rails 3 Tutorial,Learn Rails by Example,Michael Hartl,,Addison-Wesley Professional,2010-12-16,USD 39.99,9.3
1998410,The Principles of Beautiful Web Design,,Jason Beaird,,SitePoint,January 31, 2007,$39.95,7.9
2137490,Python网络编程基础,使用Python构建网络程序的综合指南,John Goerzen,莫迟 等,电子工业出版社,2007,68.00,7.1
5348144,SEO实战密码,60天网站流量提高20倍,昝辉Zac,,电子工业出版社,2015-7,69.00元,8.4
25909777,跨终端Web,,徐凯,,电子工业出版社,2014-6-1,CNY 55.00,7.5
6068947,MongoDB权威指南,,[美] Kristina Chodorow、Michael Dirolf,程显峰,人民邮电出版社,2011-5,39.00元,7.6
26241601,响应式Web设计全流程解析,,【美】Stephen Hay,余果,人民邮电出版社,2014-9-1,55,8.0
26581686,Java Web高级编程,涵盖WebSockets、Spring Framework、JPA Hibernate和Spring Security,威廉斯 (Nicholas S.Williams),王肖锋,清华大学出版社,2015-6-1,CNY 99.80,8.0
10733304,基于MVC的JavaScript Web富应用开发,,麦卡劳(Alex MacCaw),李晶、张散集,电子工业出版社,2012-5,59.00元,8.3
6977329,HTML5和CSS3实例教程,,Brian P.Hogan,李杰、刘晓娜、柳靖、朱嵬,人民邮电出版社,2012-1,39.00元,7.3
2382147,精通HTML,语义、标准和样式,Paul Haine,杨明军,人民邮电出版社,2008-2,35.00元,8.1
5372270,网站性能监测与优化,,Alistair Croll、Sean Power,袁菲、房向明、袁继彬,人民邮电出版社,2010-12,79.00元,7.2
24697944,Web开发秘方,,Brian P. Hogan、Chris Warren、Mike Weber、Chris Johnson、Aaron Godin,七印部落,华中科技大学出版社,2013-7-10,66.00元,8.2
4233474,设计网事,互联网产品设计实践,千鸟,,清华大学出版社,2010-1,38.00元,7.6
3348282,设计沟通十器,,Daniel M. Brown,樊旺斌,机械工业出版社,2008-12,49.00元,7.6
3861113,Head First Ajax（中文版）,,莱尔(Rebecca M.Riordan)、等,,中国电力出版社,2010-7-1,78.00元,8.5
26369130,移动Web手册,,Peter-Paul Koch（彼得-保罗 科赫）,奇舞团,电子工业出版社,2015-4,65.00元,7.4
4312737,jQuery,Novice to Ninja,Earle Castledine、Craig Sharkie,,SitePoint,2010-02-28,USD 39.95,8.7
26673087,代码审计,企业级Web代码安全架构,尹毅,,机械工业出版社,2015-11-24,59.00,7.4
1268619,GUI设计禁忌,程序员和网页设计师界面设计必读,约翰逊,王蔓、刘耀明,机械工业出版社,2005-2-1,49.00元,7.3
3729998,Dynamic HTML权威指南（第3版）,囊括XHTML、CSS、DOM和JavaScript的综合参考,Danny Goodman,杨文俊、张苏、王卓,电子工业出版社,2009-6,99.80元,8.0
25920727,图解CSS3,核心技术与案例实战,廖伟华,,机械工业出版社,2014-7-1,CNY 79.00,6.8
24246865,Two Scoops of Django,Best Practices For Django 1.5,Daniel Greenfeld、Audrey M. Roy,,CreateSpace Independent Publishing Platform,2013-4-16,USD 29.95,8.4
4312608,流量的秘密,,(英)Brian Clifton,钟镭,人民邮电出版社,2010-2,45.00元,7.6
1824542,PHP和MySQL Web应用开发核心技术,,温施耐德,马朝晖,机械工业出版社,2006-9,78.00元,8.1
2152772,网站优化,通过提高Web可用性构建用户满意的网站,奈尔逊,张亮,电子工业出版社,2007-6,89.00元,7.7
3086812,Pro Django,,Marty Alchin,,Apress,2008-11-24,USD 49.99,8.4
3253845,Head First PHP & MySQL,,Lynn Beighley、Michael Morrison,,O'Reilly Media,2008-12-29,USD 44.99,8.6
5319798,搜索模式,,Peter Morville、Jeffery Callender,蒋彬,电子工业出版社,2010-10,35.00元,7.5
25909247,RESTful Web APIs中文版,,[美] Leonard Richardson、Mike Amundsen,李哲、赵震一,电子工业出版社,2014-6,79.00元,7.1
4090200,细说PHP,,高洛峰,,电子工业出版社,2009-10,79.00元,7.8
5992735,深入浅出Web设计（中文版）,,（美）瓦特罗尔、（美）西罗托,O'Reilly Taiwan公司,东南大学出版社,2010-11,99.00元,7.8
3136781,深入浅出Ajax（中文版）,,马劳克林,OReilly Taiwan公司,东南大学出版社,2008-5,88.00元,8.8
3271104,悟透JavaScript,,李战,,电子工业出版社,2008-12,49.00元,7.6
2071057,PHP程序设计,,勒道夫,陈浩、胡丹、徐景,电子工业出版社,2009-3,80.00元,7.7
26230343,Python网络编程攻略,,萨卡尔 (Dr.M.O.Faruque Sarker),安道,人民邮电出版社,2014-12-1,45.00元,6.4
3120034,JavaScript王者归来,,月影,,清华大学出版社,2008-7,86.00元,7.5
3042031,Web设计创新思维,用CSS、DOM脚本和XHTML进行Web设计创新,亚当斯,夏伟频,电子工业出版社,2008-2,68.00元,8.2
10793898,精彩绝伦的CSS,,[美] Eric A. Meyer,姬光,人民邮电出版社,2012-7,49.00元,7.9
25980975,Chrome扩展及应用开发,,李 喆,,人民邮电出版社,2014-10,49.00元,8.2
1191041,网络营销,,拉菲·默罕默德,,中国财政经济出版社,2004-10,65.00元,7.6
3102069,ActionScript 3.0编程精髓,ActionScript 3.0 编程精髓,Colin Moock,林吓洪,机械工业出版社,2008-5,99.00元,8.1
4189495,Java Web整合开发王者归来,,刘京华,,清华大学,2010-1,99.80元,7.5
26902158,Python高效开发实战,,刘长龙,,电子工业出版社,2016-10,89,7.0
10575920,众妙之门,网站UI设计之道2,Smashing Magazine网站,,陈宗斌,2012-4,59.00元,7.6
25839701,SEO深度解析,全面挖掘搜索引擎优化的核心秘密,痞子瑞,,电子工业出版社,2014-3-1,CNY 99.00,7.3
1984367,Everything Is Miscellaneous,The Power of the New Digital Disorder,David Weinberger,,Times Books,2007-05-01,USD 25.00,7.8
22793675,深入理解Nginx,模块开发与架构解析,陶辉,,机械工业出版社,2013-4-15,89.00元,8.3
5951504,Web表单设计,,Caroline Jarrett、Gerry Gaffney,董淑桢,人民邮电出版社,2011-3,35.00元,7.2
3592822,使用Java Web服务构建SOA,,汉森,成保栋,电子工业出版社,2009-3,98.00元,8.5
2023146,HTML与CSS入门经典,,[美] Dick Oliver、Michael Morrison,陈秋萍,人民邮电出版社,2007-3,39.00元,7.7
3764948,Google API大全,编程·开发·实例,高昂、段念、何峰、张凯峰、姚尚朗、苏哲、王翔、田淼、王俊煜、林胜、李明、刘宏伟,,电子工业出版社,2009-6,69.80元,7.3
3113639,写给大家的Web和版式设计书,,Robin Williams,李静,机械工业出版社,出版日期：2008-06,49.00元,7.7
1216773,Web数据挖掘:将客户数据转化为客户价值,,Gordon S.linoff、Michael j.a.berry,,电子工业出版社,2004-3-1,45.00,7.0
3182419,Object-Oriented JavaScript,Create scalable, reusable high-quality JavaScript applications and libraries,Stoyan Stefanov,,Packt Publishing,2008-07-24,USD 39.99,8.7
3128099,Visual Thinking,for Design,Colin Ware,,Morgan Kaufmann,2008-4-18,USD 49.95,8.4
3027550,Eric Meyer谈CSS（卷2）,,（美）迈耶、孟宪会,孟宪会,人民邮电出版社,2008-4,49.00元,7.9
25763770,孵化Twitter,从蛮荒到IPO的狂野旅程,[美]尼克·比尔顿(Nick Bilton),欧常智、张宇、单旖,浙江人民出版社,2014-1,49.9,7.6
4287404,Web编程入门经典,HTML、XHTML和CSS,达科特 (Jon Duckett),杜静、敖富江,清华大学出版社,2010-1-1,79.80元,7.9
10793814,黑客攻防技术宝典（第2版）,Web实战篇（第2版）,[英] Dafydd Stuttard、[英] Marcus Pinto,石华耀、傅志红,人民邮电出版社,2012-6-26,99.00元,8.7
24807524,Head First JavaScript Programming,,Eric T. Freeman、Elisabeth Robson,,O'Reilly Media,2014-4-10,USD 49.99,8.8
1440903,Defensive Design for the Web,How to improve error messages, help, forms, and other crisis points (Voices That Matter),37signals、Matthew Linderman、Jason Fried,,New Riders Press,02 March, 2004,$24.99,8.2
25945449,数据结构与算法JavaScript描述,,[美] Michael McMillan,王群锋、杜　欢,人民邮电出版社,2014-8,49.00元,6.3
3729677,MySQL性能调优与架构设计,,简朝阳,,电子工业出版社,2009-6,59.80元,8.1
1472607,Ajax基础教程,,（美）阿斯利森、（美）舒塔、金灵,金灵,人民邮电出版社,2006-02-01,35.00元,7.2
24165880,JavaScript核心概念及实践,,邱俊涛,,人民邮电出版社,2013-5-1,49.00元,7.8
6688828,Head First jQuery,,Ryan Benedetti , Ronan Cranley,,O'Reilly Media,2011-9,USD 39.99,8.3
3054707,Web标准实战,,锡德霍姆,常可,人民邮电出版社,2008-5,39.00元,8.4
4149124,jQuery Cookbook,Solutions & Examples for jQuery Developers,Lindley  Cody,,O'Reilly Media,2009-11-26,USD 34.99,8.6
1806321,网页设计与配色实例分析,,黎芳,,兵器工业出版社,2006,42.00元,7.5
4141734,疯狂XML讲义,,李刚,,电子工业出版社,2009-11,65.00元,8.4
25773187,Nginx高性能Web服务器详解,,苗泽,,电子工业出版社,2013-10,59.00元,6.4
7906788,Introduction to Tornado,,Michael Dory、Adam Parrish、Brendan Berg,,O'Reilly Media,2012-3-28,USD 23.99,7.6
1099982,专业主页设计技术,50佳站点赏析,[美] Jakob Nielsen、Marie Tahir,孙学涛、张颖、马英杰,人民邮电出版社,2002-7,86.00元,7.8
26589719,JavaScript设计模式,,张容铭,,人民邮电出版社,2015-8-1,59.00,7.7
3740086,Django Web开发指南,Python Web Development with Django,Jeff Forcier、Paul Bissex,徐旭铭,机械工业出版社,2009-5,49.00元,6.6
4719162,高性能网站建设进阶指南,Web开发者性能优化最佳实践,Steve Souders,口碑网前端团队,电子工业出版社,2010年4月,49.80元,8.9
25966259,CSS高效开发实战—CSS 3、LESS、SASS、Bootstrap、Foundation,CSS 3、LESS、SASS、Bootstrap、Foundation,谢郁,,电子工业出版社,2014-9,59.00,7.7
1440921,Paper Prototyping,The Fast and Easy Way to Design and Refine User Interfaces (The Morgan Kaufmann Series in Intera,Carolyn Snyder,,Morgan Kaufmann,02 April, 2003,$34.95,7.9
3765462,PHP高级程序设计,模式、框架与测试,Kevin McArthur,汪泳　等,人民邮电出版社出版,2009.7,45.00元,7.5
3327829,Web标准设计,,刘杰（嗷嗷）,,清华大学出版社,2009-1,75.00元,7.8
25837367,JavaScript启示录,,Cody Lindley,徐涛,人民邮电出版社,2014-3-1,35.00元,7.2
3246140,Web标准和SEO应用实践,,Aarron Walter,李清,机械工业出版社,2008,36.00元,7.0
4903307,HTML5 For Web Designer,,Jeremy Keith,,Happy Cog,2010,$18,8.0
4196842,PHP实战,,Dagfinn Reiersol、Marcus Baker、Chris Shiflett,张颖 等、段大为 审校,人民邮电出版社,2010-01,69.00元,7.9
2970072,Eric Meyer谈CSS（卷1）,,[美] Eric Meyer,孟宪会,人民邮电出版社,2008-2,49.00元,7.7
2003164,HTTP Pocket Reference,Hypertext Transfer Protocol,Clinton Wong,,O'Reilly Media,2000-06-06,USD 9.95,7.5
26022847,精通AngularJS,,Pawel Kozlowski、Peter Bacon Darwin,李路、王永强、马海波,华中科技大学出版社,2014-11-1,79.00,8.6
2981954,PHP 5权威编程,,(美)古曼兹等,简张桂,电子工业出版社,2007-12,90.00元,7.6
4766571,见微知著-WEB用户体验解构,,李清,,机械工业出版社,2010-4,36.00元,7.3
1099242,网络机器人Java编程指南,,美 Heaton J.,,电子工业出版社,2002-7,44.00元,7.5
2159023,CSS基础教程,Beginning CSS Web Development: From Novice to Professional,Simon Collison,刘志忠 等,人民邮电出版社,2007,49.00元,8.4
1931540,PHP & MySQL Web数据库应用开发指南,,[澳] Hugh E.Williams、David Lane,O’Reilly Taiwan 公司,东南大学出版社,2006-11,78.00元,7.6
3526595,Head First Web Design,A Brain Friendly Guide,Ethan Watrall、Jeff Siarto,,O’Reilly Media, Inc.,2009-01-02,$49.99,8.4
3360502,Advanced Web Metrics with Google Analytics,,Brian Clifton,,Sybex,2008,USD 39.99,8.5
3006856,深入浅出JavaScript,,（德）海尔曼,牛海彬,人民邮电出版社,2008-04-01,55.00元,7.5
25831404,Principles of Object-Oriented JavaScript,,Nicholas C. Zakas,,No Starch Press,2014-2,USD 24.95,8.9
10516399,零成本实现Web性能测试,基于Apache JMeter,温素剑,,电子工业出版社,2012-2,59.00元,6.4
1486020,Web Caching,,Duane Wessels,,O'Reilly Media, Inc.,2001-6,39.95美元,7.5
5954711,SNS网站构建,,Gavin Bell,张卫星、李占波、徐静,机械工业出版社,2011-2,69.00元,5.6
25752961,The Rails 4 Way,,Obie Fernandez、Kevin Faustino,,Addison-Wesley Professional,2014-6-8,USD 49.99,7.9
2121078,Ajax设计模式,,Michael Mahemoff,杨仁和,电子工业出版社,2007-5,78.00元,8.4
2109775,PHP与MySQL基础教程,,厄尔曼,陈宗斌,人民邮电出版社,2007-5,59.00元,8.2
25886197,深入理解Bootstrap,,徐涛,,机械工业出版社,2014-5,69.00元,7.0
3158926,精通CSS与HTML设计模式,,Michael Bowers,刘申 朱瑜敏 鲁奇,人民邮电出版社,2008-9,69.00元,7.4
3618849,网页设计解析,,周陟,,清华大学出版社,2009-3,62.00元,6.9
26106868,Java RESTful Web Service实战,,韩陆,,机械工业出版社,2014-10-1,69.00,6.5
1690890,GUI Bloopers,Don'ts and Do's for Software Developers and Web Designers (Interactive Technologies),Jeff Johnson,,Morgan Kaufmann,2000-03-31,USD 63.95,8.3
25756111,HTML5经典实例,,Christopher Schmitt、Kyle Simpson,李强,中国电力出版社,2013-7,48.00元,7.7
1763002,Apache经典实例,,（美）科尔（Coar,K.）、（美）鲍恩（Bowen,R.）,O’Reilly Taiwan公司,东南大学出版社,2006-4,32.00元,6.9
1966719,Founders at Work,Stories of Startups' Early Days,Jessica Livingston,,Apress,2007-01-22,USD 25.99,8.6
21372235,JavaScript面向对象编程指南,编写可扩展、可重用、高质量的JavaScript应用程序,斯托扬,凌杰,人民邮电出版社,2013-3,59.00元,8.2
4925996,Nginx HTTP Server,,Clément Nedelcu,,Packt Publishing,2010-7-20,USD 44.99,6.7
5290565,口碑,引爆网络狂欢效应的锦囊妙计,[美] David Meerman Scott,高游、郭成钢、薛松,人民邮电出版社,2010-10,25.00,6.8
1104593,网站项目管理,交付成功的商业网站,[美] 阿什利·弗里德莱因,李保庆、杨磊、王增东,电子工业出版社,2002-11,32.00元,7.2
6783748,写给程序员的Web设计书,,霍根,吴珂,人民邮电出版社,2011-8,59.00元,6.8
3353536,PHP、MySQL和Apache编程导学,,梅隆尼,,李军,2009-1,59.00元,7.2
1119944,Web协议与实践,HTTP1.1、网络协议、缓存技术和流量测量,克里希纳穆尔蒂 (KrishnamurthyBalachander),范群波,科学出版社,2003-7,46.0,8.0
2324038,CSS Cookbook中文版,,施米特,陈寒林,电子工业出版社,2007-10,68.00元,7.6
5415955,jQuery权威指南,,陶国荣,,机械工业出版社华章公司,2011-1-10,59.00元,6.8
11530747,HTML5游戏开发实战,,Makzan,吕定平、陈升想,机械工业出版社,2012-8,59.00元,7.8
1868178,Scalable Internet Architectures,,Theo Schlossnagle,,Sams Publishing,2006-7-31,USD 49.99,7.4
10599786,深入浅出CoffeeScript,,[英] Trevor Burnham,寸志,人民邮电出版社,2012-5,35.00元,7.5
2367867,ActionScript 3.0 Cookbook中文版,,Joey Lott、Adobe Dev Library,陈建勋,电子工业,2007-11-01,78.00元,8.1
2328347,Web Design for ROI,Turning Browsers into Buyers & Prospects into Leads,Lance Loveday、Sandra Niehaus,,New Riders Press,2007-10-27,USD 39.99,8.4
3614777,Web2.0策略指南,Web2.0策略指南,Semmy Purewal,,O'Reilly Media,2014-3-3,USD 29.99,7.7
25867042,大型网站系统与Java中间件开发实践,,曾宪杰,,电子工业出版社,2014-4-24,65.00,8.1
1427858,Squid: The Definitive Guide,The Definitive Guide,Duane Wessels,,O'Reilly Media,2004,$44.95 US, $65.95 CA, £31.95 UK,8.0
21324330,深入理解OSGi,Equinox原理、应用与最佳实践,周志明、谢小明,,机械工业出版社,2013-2-25,79.00元,7.3
2064791,Pro CSS and HTML Design Patterns,,Michael Bowers,,Apress,April 23, 2007,$44.99,8.6
26348894,Web安全深度剖析,,张炳帅,,电子工业出版社,2015-4,59.00元,7.6
3639503,细节决定交互设计的成败,,张炳帅,,电子工业出版社,2015-4,59.00元,7.2
6352828,The Book of CSS3,A Developer's Guide to the Future of Web Design,Peter Gasston,,No Starch Press,2011-5-13,USD 34.95,7.3
6862113,Python Web开发学习实录,Python Web开发学习实录,李勇、王文强,,清华大学出版社,2011-10,66.00元,5.7
3194855,学习PHP和MySQL,,戴维斯,董晓虎,机械工业出版社,2008-8,55.00元,7.1
1922035,Designing the Obvious,A Common Sense Approach to Web Application Design,Robert Hoekman Jr.,,New Riders Press,2006-10-22,USD 39.99,7.9
3005866,Struts 2 in Action,2 in Action,Don Brown、Chad Davis、Scott Stanlick,,Manning Publications,2008.3,$44.99,7.9
1819768,深入浅出Ajax,Head Rush Ajax,（美）Brett McLaughlin,,东南大学出版社,2006-5,98.00元,8.6
25909353,使用HTML5和Node构建超媒体API,,【美】Mike Amundsen(麦克.阿蒙森),臧秀涛,电子工业出版社,2014-5,55.00元,7.3
20172479,秩序之美,网页中的网格设计,【美】Mike Amundsen(麦克.阿蒙森),臧秀涛,电子工业出版社,2014-5,55.00元,7.6
10557281,HTML5移动Web开发指南,,唐俊开,,电子工业出版社,2012-3-1,59.00元,5.4
1799654,Java Web开发详解,XML+XSLT+Servlet+JSP深入剖析与实例应用,孙鑫,,电子工业出版社,2006-4,99.00元,7.0
26148767,HTML5数据推送应用开发,,[美] Darren Cook,刘　帅,人民邮电出版社,2014-11,49.00元,7.4
11542819,精通HTML5 + CSS3+JavaScript网页设计,,[美] Darren Cook,刘　帅,人民邮电出版社,2014-11,49.00元,6.8
25919428,图解网络硬件,,[日] 三轮贤一,盛荣,人民邮电出版社,2014-7,69.00元,7.1
1442718,设计师谈网页色彩与风格,,权智殷,,电子工业出版社,2005-9,45.00元,7.5
3153529,互联网创业前奏曲,网站策划九步走,权智殷,,电子工业出版社,2005-9,45.00元,6.6
4225166,PHP基础教程,第3版,厄尔曼,贾菡、刘彦博,人民邮电出版社,2010-1,49.00元,8.0
2308234,CSS权威指南（第三版）,,[美] Eric A.Meyer,侯妍、尹志忠,中国电力出版社,2007-10,58.00,8.5
5380976,GAE编程指南,,Dan Sanderson,唐学韬、何继业,机械工业出版社华章公司,2010-12-1,65.00元,8.1
3771571,SEO智慧,,欧朝晖 著,,电子工业出版社,2009年5月出版,59.00元,7.1
3675418,疯狂Ajax讲义,Prototype/jQuery+DWR+Spring+Hibernate整合开发,李刚,,电子工业出版社,2009-4-1,69.00元,8.2
20471011,Web应用安全威胁与防治,基于OWASP Top 10与ESAPI,王文君、李建蒙,,电子工业出版社,2013-1,69.00元,7.4
3794471,锋利的jQuery,,单东林、张晓菲、魏然,,人民邮电出版社,2009-6,39.00元,8.1
2083774,解密SEO,,欧朝晖,,电子工业出版社,2007-05-01,49.80元,6.7
24319975,JavaScript异步编程,设计快速响应的网络应用,Trevor Burnham,许青松,人民邮电出版社,2013-6,32.00元,7.8
3094230,RESTful Web Services中文版,,Leonard Richardson、Sam Ruby,徐涵、胡伟,电子工业出版社,2008-5,69.80元,8.0
3061060,深入浅出HTML,,David Schultz、Craig Cook,谢廷晟,人民邮电出版社,2008-5,39.00元,8.0
3207005,PHP从入门到精通,（配光盘）（软件开发视频大讲堂）,邹天思、孙鹏,,清华大学出版社,2008-10-1,68.00元,6.0
3598757,Web开发修炼之道,创造无障碍网站的三十六计,Jeremy J. Sydik,李剑,电子工业出版社,2009,59.80元,7.5
4089837,JavaScript学习指南,,鲍尔斯,李荣青、吴兰陟、甲来安,人民邮电出版社,2009-10,45.00元,7.1
3590787,JavaScript & DHTML Cookbook中文版（第二版）,,Danny Goodman,马晶慧,电子工业出版社,2009-3,98.00元,8.1
3132277,高性能网站建设指南,前端工程师技能精髓,Steve Souders,刘彦博,电子工业出版社,2008年,35.00元,8.6
1776253,HTML Dog,The Best-Practice Guide to XHTML and CSS,Patrick Griffiths,,New Riders Press,November 22, 2006,$44.99,8.0
25868275,高性能HTML5,,Jay Bryant、Mike Jones,,奇舞团,电子工业出版社,2014-5,7.0
4117497,CSS那些事儿,掌握网页样式与CSS布局核心技术,林小志,,电子工业出版社,2009-10,49.80元,7.9
2249386,CSS商业网站布局之道,一本Web标准的新书,朱印宏,,清华大学出版社,2007-1,75.00元,8.3
1922702,Extending and Embedding PHP,,Sara Golemon,,Sams,2006-6-9,USD 54.99,8.9
1229932,WWW信息体系结构(影印版第2版),,Louis Rosenfeld,,清华大学出版社,2003-6,49.8,8.0
19933455,引人入胜,创建优秀网站内容的策略.方法与最佳实践,Lynda Felder,李婧,机械工业出版社华章公司,2012-9,59.00元,6.8
6404782,Effective UI,软件用户体验艺术,(美)安德森(Anderson, J.)、(美)麦克里(McRee, J. )、(美)威尔逊(Wilson, R.)、EffectiveUI团队,陆昌辉、李东晖、邹剑波,清华大学出版社,2011-5,49.00元,7.3
3349637,SEO教程,,[白俄] Egor Kuryanovich 等,阳飞、海通、李碎伍,人民邮电出版社,2013-6,49.00元,7.1
3039216,构建可扩展的Web站点,,Cal Henderson,徐宁,电子工业出版社,2008,58.00元,7.9
5040112,Java Web开发实战经典（基础篇）,,李兴华、王月清,,清华大学出版社,2010-8,69.80元,7.4
1230486,ASP.NET揭秘,,Stephen Walther、汤涛,汤涛,中国电力出版社,2004-8-1,95.00元,8.2
6559159,Cassandra权威指南,,Eben Hewitt,王旭,人民邮电出版社,2011-8,59.00元,7.1
10598050,论道HTML5,,秀野堂主、蒋宇捷、罗　睿,,人民邮电出版社,2012-5,69.00元,7.5
4935289,无懈可击的Web设计II,,Bartosz Porebski、Karol Przystalski、Leszek Nowak,,清华大学出版社,2012-2,68.00元,8.3
1231579,JavaScript权威指南,第三版,（美）David Flanagan,,中国电力出版社,2001-7,85.00,8.7
3311883,美工神话,网页元素与网页效果图设计,刘涛,,人民邮电出版社,2008,59.00元,7.6
3086810,Learning Website Development with Django,A beginner's tutorial to building web applications, quickly and cleanly, with the Django applica,Ayman Hourieh,,Packt Publishing,2008-4-11,USD 39.99,7.9
3245909,深入解析Spring MVC与Web Flow,,Seth Ladd、Darren Davison、Steven Devijver、Colin Yates,徐哲、沈艳,人民邮电出版社,2008-11,49.00元,7.2
10580362,网站转换率优化之道,网站转换率优化之道,[美]　Khalid Saleh、[美]　Ayat Shukairy,顾　毅,人民邮电出版社,2012-4,45.00元,6.7
25854151,R语言与网站分析,,李明,,机械工业出版社,2014-4,79,7.4
10774188,WebGL,Up and Running,Tony Parisi,,O'Reilly Media,2012-8-27,USD 34.99,7.5
1244300,设计师谈精彩网页设计,,黄在贤,宏聚宸翻中心,电子工业出版社,2004-7,55.00元,7.4
2254524,Struts2权威指南,,李刚,,电子工业出版社,2007-9,79.00元,7.2
20440003,HTML5与CSS3设计模式,,[美] Michael Bowers、[美] Dionysios Synodinos、[美] Victor Sumner,曾少宁,人民邮电出版社,2013-1,89.00元,6.3
26184162,Getting MEAN with Mongo, Express, Angular, and Node,,Simon Holmes,,Manning Publications,2015-11-26,USD 44.99,7.3
2174228,SOA & Web 2.0 -- 新商业语言,,(美)Sandy Carter,袁月杨、麻丽莉,清华大学出版社,2007,29.80元,6.7
11534676,HTML5从入门到精通,,明日科技,,清华大学出版社,2012-9,59.80元,6.7
25953824,移动的力量,,明日科技,,清华大学出版社,2012-9,59.80元,6.6
1231284,JSP设计（第三版）,,鲍格斯坦,林琪,中国电力出版社,2005-07-09,79.00元,7.4
26302623,JavaScript面向对象编程指南（第2版）,,[加拿大] Stoyan Stefanov 斯托扬 著,陆禹淳、凌杰,人民邮电出版社,2014-12,69元,8.7
6428937,ASP.NET 4高级程序设计（第4版）,,Matthew MacDonald,博思工作室,人民邮电出版社,2011-6,148.00元,8.0
10462179,The Little Book on CoffeeScript,,Alex MacCaw,,O'Reilly Media,2012-1-31,USD 8.99,7.5
1231138,Tomcat权威指南,,詹森,奥莱理软件台湾公司,中国电力出版社,2004-1,38.00元,6.6
1479412,Rails Recipes,,Chad Fowler,,Pragmatic Bookshelf,2006-6-16,USD 32.95,8.3
25966269,超实用的CSS代码段,,赵荣娇、任建智,,电子工业出版社,2014-8,59.00,6.8
3800093,Ubuntu Server最佳方案,,冷罡华,,电子工业出版社,2009-6,55.00元,8.0
3208401,Web视觉设计,,Penny McIntire,叶永彬,机械工业出版社,2008-08,56.00元,6.9
2082179,JavaScript精粹,,爱德华兹,高铁军,人民邮电出版社,2007-6,49.00元,7.7
1105484,ActionScript权威指南,,莫克,赵声攀,机械工业出版社,2003-1-1,88.00元,8.6
3258113,Ajax实战实例详解,,(英)Dave Crane、(美)Bear Bibeault、Jord Sonneveld,贺师俊、许超、金擘,人民邮电出版社,2008-11,59.00元,7.9
3740003,JavaScript实战手册,涵盖丰富的jQuery应用实例,David Sawyer McFarland,李强,机械工业出版社,2009,89.00元,8.1
2123090,Ruby for Rails中文版,,David Black,吴畅欣、张明生,人民邮电出版社,2007年06月,59.00元,7.8
4914146,大巧不工,Web前端设计修炼之道,赖定清、林坚,,机械工业出版社,2010-9,59.00元,7.1
4725272,Web安全测试,,霍普(Paco Hope)、沃尔瑟(Ben Waltber),傅鑫,清华大学出版社,2010-3,39.00元,7.3
4124141,Web站点优化,Web站点优化,霍普(Paco Hope)、沃尔瑟(Ben Waltber),傅鑫,清华大学出版社,2010-3,39.00元,7.1
5419835,Adobe Dreamweaver CS5中文版经典教程,,Adobe公司,陈宗斌,人民邮电,2011-1,45.00元,7.2
4705094,Building Web Reputation Systems,,Randy Farmer、Bryce Glass,O'Reilly Media,Yahoo Press,2010,USD 39.99,7.8
10559510,JavaScript经典实例,JavaScript经典实例,Shelley Powers,李强,中国电力出版社,2012-3,78.00元,6.4
6801489,JavaScript & jQuery,The Missing Manual,David Sawyer McFarland,,O Reilly,2011-10-28,USD 39.99,8.4
1237371,Web性能优化,Web Performance Tuning,Second Edition,Patrick Killelea 谢,谢文亮,清华大学出版社,2003-11-01,49.00元,6.9
10517225,PHP语言精粹,,Peter MacIntyre,刘涛,电子工业出版社,2012-3,39.00元,6.6
1246807,Web软件用户界面设计指南,,林锐、唐勇、石志强,,电子工业出版社,2005-5-1,20.00元,7.0
25711796,XSS跨站脚本攻击剖析与防御,,邱永华,,人民邮电出版社,2013-9-1,49.00元,7.2
1834319,Web Designer Idea,设计师谈网页设计思维,梁景红,,电子工业出版社,2006年,¥55.00,7.4
2160126,JavaScript核心技术,,Shelley Powers,苏敬凯,机械工业出版社,2007-6,45.00,7.2
6837645,RESTful Web Services Cookbook中文版,,Subbu Allamaraju,丁雪丰、常可,电子工业出版社,2011-9,59.00元,7.7
3229992,PHP Web 2.0开发实战,图灵程序设计丛书,泽瓦斯,苏金国,人民邮电出版社,2008-10-1,59.00元,7.4
1819569,Spring框架高级编程,,约翰逊,蒋培,机械工业出版社,2006-4,59.00元,7.3
10546130,深入HTML5应用开发,,[美]　Anthony T. Holdener III、[阿根廷]　Mario Andrés Pagella,秦绪文、李松峰,人民邮电出版社,2012-3-29,59.00元,7.2
3598510,Using Google App Engine,Google App Engine,Charles Severance,,O'Reilly Media,2009-5-23,USD 29.99,7.8
3864460,JavaScript实战,,Frank W. Zammetti,张皛珏,人民邮电出版社,2009-8,59.00元,7.4
6560311,XMPP高级编程,使用JavaScript和jQuery,[美] Jack Moffitt,杨明军,清华大学出版社,2011-6,58.00元,7.5
4014709,灵活Web设计,,Zoe Mickley Gillenwater,,李静,2009-9,45.00元,7.3
26765979,架构即未来：现代企业可扩展的Web架构、流程和组织(原书第2版),,Martin L. Abbott、Michael T. Fisher,陈斌,机械工业出版社,2016-4-15,99.00,8.7
3421275,A Project Guide to UX Design,For user experience designers in the field or in the making,Russ Unger、Carolyn Chandler,,New Riders Press,2009-3-23,USD 39.99,8.4
1101926,Web Color Design,设计师谈网页配色,[韩] I.R.I色彩研究所,李强华,电子工业出版社,2002-9,38.00元,7.4
1825563,WEB设计技术手册,WEB设计技术手册,Jennifer Niederst Robbins,,江苏东南大学,2006-5,98.00元,7.5
1911540,HTML网页设计参考手册,,张金霞,,清华大学,2006-9,39.00元,7.5
1458781,Web ReDesign 2.0,Workflow that Works,Kelly Goto、Emily Cotler,,Peachpit Press,2004-12-10,USD 45.00,7.8
25813288,Web Development with Clojure,Build Bulletproof Web Apps with Less Code,Dmitri Sotnikov,,Pragmatic Bookshelf,2014-1-9,USD 36.00,6.7
4838334,疯狂的站长,,温世豪,,清华大学出版社,2010年05月,29.00元,4.3
1265680,PHP&MySQL Web数据库应用开发指南,,Hugb E. Williams、David Lane,谢君英,中国电力出版社,2003-5,69.00元,7.1
25857991,Sass和Compass设计师指南,,Ben Frain,任凯光,华中科技大学出版社,2014-4-25,49.90元,7.4
1453863,网络安全开发包详解,,刘文涛,,电子工业出版社,2005-1,42.00元,7.4
5344975,HTML 5用户指南,,Bruce Lawso、Remy Sharp,刘红伟,机械工业出版社,2011年1月,39.00元,6.5
20172623,优秀网站设计,打造有吸引力的网站,林奇 (Patrick J.Lynch)、霍顿 (Sarah Horton),,机械工业出版社,2012-10-1,69.00元,7.2
1416872,Web Standards Solutions,The Markup and Style Handbook (Pioneering Series),Dan Cederholm,,friends of ED,07 June, 2004,$29.99,8.0
2349542,Practical Django Projects,,James Bennett,,Apress,2008-6-26,USD 44.99,7.9
19992849,Bootstrap,,Jake Spurlock,,O'Reilly Media,2013-5-22,USD 19.99,6.0
1461058,Ruby on Rails,Up and Running,Bruce Tate、Curt Hibbs,,O'Reilly Media,2006-8-1,USD 29.99,7.1
2984164,CSS设计彻底研究,,前沿科技 温谦,,人民邮电,2008-2,69.00元,8.5
1504761,天涯虚拟社区,互联网上基于文本的社会互动研究,刘华芹,,民族出版社,2005-11,23.00元,6.1
1756093,Ruby for Rails,Ruby Techniques for Rails Developers,David Black,,Manning Publications,2006-05-11,USD 44.95,8.3
6011680,Head First PHP & MySQL（中文版）,,Lynn Beighley、Michael Morrison,苏金国、徐阳,中国电力,2010-6,98.00元,8.6
1924288,Understanding MySQL Internals,,Sasha Pachev,,O'Reilly Media,2007-4-17,USD 49.99,8.1
3870645,重构HTML,改善WEB 应用的设计,Elliotte Rusty Harold,陈贤安,人民邮电出版社,2009-8,45.00元,6.5
2208575,JavaScript基础教程,,Tom Negrino、Dori Smith,陈剑瓯,人民邮电出版社,2007-9,45.00元,7.2
7906793,Getting Started with OAuth 2.0,,Ryan Boyd,,O'Reilly Media,2012-2-29,USD 22.99,7.0
1914764,别具光芒,,李烨,,人民邮电出版社,2006-11,55.00元,6.8
3291772,XMPP,Building Real-Time Applications with Jabber Technologies,Peter Saint-Andre、Kevin Smith、Remko TronCon,,O'Reilly Media,2009-5-4,USD 39.99,7.4
7154446,Struts2技术内幕,深入解析Struts2架构设计与实现原理,陆舟,,机械工业出版社,2012-1,69.00元,8.7
3165398,Servlet/JSP深入详解,基于Tomcat的Web开发,孙鑫,,电子工业出版社,2008-8,75.00元,7.5
2379456,Landing Page Optimization,The Definitive Guide to Testing and Tuning for Conversions,Tim Ash,,Wiley Publishing,2008-1-29,USD 29.99,7.9
6990607,网页设计创意书（卷2）,,麦克尼尔,图灵编辑部,人民邮电,2012-1,49.00元,7.7
25769817,Bootstrap实战,,成林,,机械工业出版社,2013-11-1,CNY 69.00,6.3
20476799,PhoneGap实战,,董霙、黄悦、李硙,,机械工业出版社,2013-1,59.00元,6.1
6429591,Sinatra,Up and Running,Alan Harris、Konstantin Haase,,O'Reilly Media,2011-12-6,USD 19.99,7.7
6919369,Head First Mobile Web,,Lyza Danger Gardner、Jason Grigsby,,O'Reilly Media,2011-12,$ 50.84,7.7
4265473,SNS浪潮,拥抱社会化网络的新变革,李翔昊,,人民邮电出版社,2010,35.00元,7.3
2122061,XML 基础教程,入门、DOM、Ajax与Flash,（美）雅可布斯,许劲松 等,人民邮电出版社,2007-7,49.00元,7.3
1230556,精通Struts,基于MVC的JavaWeb设计与开发,孙卫琴,,电子工业,2004-8,49.00元,7.2
2128062,Learning PHP & MySQL中文版,中文版,车立红,,中国电力出版社,2007-06,36.00元,7.2
6266233,CSS 3实战,,成林,,机械工业出版社,2011-5,69.00元,7.5
1830509,Spring技术手册,台湾技术作家林信良老师最新力作，勇夺台湾天龙书局排行榜首。与《Pro,林信良,,电子工业出版社博文视点,2006-07,48.00元,7.6
1241062,DNS与BIND,,阿尔比兹,雷迎春、龚奕利,中国电力出版社,2002-1,69.00元,7.5
4827960,移动应用的设计与开发,,[美] 弗林 (Brian Fling),马晶慧,电子工业出版社,2010-5,59.80元,7.7
1452125,Twisted Network Programming Essentials,,Abe Fettig,,O'Reilly Media, Inc.,2005-10-20,USD 29.95,6.5
2980837,PHP 5项目开发实战详解,,PHP China,,电子工业出版社,2008-1,49.80元,5.7
2181438,精通CSS+DIV网页样式与布局,,前沿科技,,人民邮电出版社,2007-8,49.00元,7.5
20471178,Play for Scala,Covers Play 2,Peter Hilton、Erik Bakker、Francisco Canedo,,Manning Publications,2013-10-11,USD 49.99,7.5
3897837,Spring揭秘,,王福强,,人民邮电出版社,2009.8,99.00元,9.0
3142173,PHP+MySQL八大动态Web应用实战,,Jono Bacom,吴连河、李剑,电子工业出版社,2008-6,68.00元,7.6
1230410,PHP高级编程,,Jesus Castagnetto,,机械工业出版社,2001-3,78.00元,7.6
5372671,CSS3 For Web Designers,,Dan Cederholm,,Happy Cog,2010-11,$18,7.4
10483528,测试驱动的JavaScript开发,,Christian Johansen,赵勇、程德、凌杰、高博,机械工业出版社,2012-2-9,69.00元,8.1
3215918,别具光芒,,Christian Johansen,赵勇、程德、凌杰、高博,机械工业出版社,2012-2-9,69.00元,8.4
20474166,Spring 3.0就这么简单,,陈雄华、林开雄,,人民邮电出版社,2013-1-1,59.00元,7.7
4820690,博客秘诀：超人气博客是怎样炼成的,,Darren Rowse、Chris Garrett,向怡宁,人民邮电出版社,201005,39.00元,6.6
25859643,大数据时代的IT架构设计,,IT架构设计研究组,,电子工业出版社,2014-4,49.00元,6.7
26301434,Node与Express开发,,[美] Ethan Brown,吴海星、苏　文,人民邮电出版社,2015-1,69.00元,7.5
1229999,人机交互：以用户为中心的设计和评估,,董建明、傅利民、[美]沙尔文迪,,清华大学出版社,2003-9-1,28.00,7.0
3889005,Python开发技术详解,,周伟、宗杰,,机械工业出版社,2009,69.00元,6.7
6039240,安全之美,,Andy Oram、John Viega,徐 波、沈晓斌,机械工业出版社华章公司,2011-4-28,65.00元,6.7
6805117,Node.js in Action,,Mike Cantelon、Marc Harter、TJ Holowaychuk、Nathan Rajlich,,Manning Publications,2013-11-25,USD 44.99,8.0
1237583,用户中心设计,,(美国)弗登伯格等编,,高等教育出版社,2003-8,20.00元,6.9
1850560,Ruby on Rails 快速Web应用开发实战,,柳靖等编著,,电子工业出版社,2006-8-1,39.00元,6.8
3245901,CSS艺匠之门,,(澳)Cameron Adams、(澳)David Johnson、(美)Jina Bolton、(美)Steve Smith、(加)Jonathan Snook,张普含、李小群,人民邮电出版社,2008-11,29.00元,7.3
24298701,理解Unix进程,,Jesse Storimer,门佳,人民邮电出版社,2013-6,29.00元,7.5
1963054,The Art and Science of Web Design,,Jeffrey Veen,,New Riders Press,December, 2000,$45.00,7.5
3817202,Practical Django Projects, Second Edition,,James Bennett,,Apress,2009,44.99,7.8
3685945,Twitter Power,How to Dominate Your Market One Tweet at a Time,Joel Comm,,Wiley,2009-02-17,USD 24.95,6.8
20275942,精通搜索分析,,Brent Chaters,宫鑫、余宇、孙萌,机械工业出版社华章分社,2012-11-21,69.00元,7.0
1244327,网站设计与网页配色实例精讲,,梁景红,,第1版 (2004年8月1日),2004-8-1,39.00,7.0
3413807,JavaScript捷径教程,,梁景红,,第1版 (2004年8月1日),2004-8-1,39.00,7.9
1878795,博客,,休·休伊特,杨竹山.潘浩,中国铁道出版社,2006-8,25.00元,6.7
3191962,精通JavaScript+jQuery,,曾顺  编著,,人民邮电出版社,2008-9,59.00元,6.9
1675185,Java Servlet&JSP经典实例,,(美)佩里,朱涛江、邹红霞、林琪,中国电力出版社,2005-7,86.00元,7.2
10419615,Developing Web Applications with Haskell and Yesod,,Michael Snoyman,,O'Reilly Media,2012-5-4,USD 34.99,7.2
4156312,Web服务,原理和技术,帕派佐格罗(Michael P.Papazoglou),龚玲、张云涛,机械工业出版社,2010-1-1,58.00元,6.9
3117625,HTML+CSS+JavaScript实用详解,,叶青,,第1版 (2008年6月1日),2008-6,59.00元,7.7
4901961,Web 3.0与Semantic Web编程,,叶青,,第1版 (2008年6月1日),2008-6,59.00元,7.2
2176947,GOOGLE HACKS探索和利用全球信息资源的技巧和工具,探索和利用全球信息资源的技巧和工具(第三版 涵盖Google地图),(美)Rael Dornfest、Paul Bausch、Tara Calishain,邢艳茹、徐罡,电子工业出版社,2007-1,59.80元,7.5
3352442,Web2.0与信息系统复杂性变革,,(美)Rael Dornfest、Paul Bausch、Tara Calishain,邢艳茹、徐罡,电子工业出版社,2007-1,59.80元,7.8
1438630,More Eric Meyer on CSS (Voices That Matter),,Eric A. Meyer,,New Riders Press,2004-04-08,USD 45.00,8.0
1797513,Programming Python,3rd edition,Mark Lutz,,O'Reilly Media,2006-8-30,USD 59.99,8.0
1454334,优秀网页设计速查与赏析,,周虹、王咏刚,,电子工业出版社,2005-11-01,59.00元,7.1
4818688,与50位网站主编面对面,BiaNews网编训练营系列讲座,董江勇、李博明,,清华大学出版社,2010 年5月,35.00元,7.6
3380985,Head First Rails,A Learner's Companion to Ruby on Rails,David Griffiths,,O'Reilly Media,2008-12-30,USD 49.99,7.7
3260810,GIS for Web应用开发之道,,(美)Scott Davis,蒋波涛,电子工业出版社,2008年9月,45.00元,6.8
4031961,iPhone开发实战,,(美)Scott Davis,蒋波涛,电子工业出版社,2008年9月,45.00元,7.0
3142778,The Definitive Guide to Pylons,,James Gardner,,Apress,2008,USD 46.99,8.1
1776031,Ajax修炼之道,Web2.0入门,(美)哥特兰、高伯瑞斯、艾米亚,徐锋,胡冰,电子工业出版社,2006-4,29.8,7.4
3244725,Flash ActionScript 3.0从入门到精通,,章精设、胡登涛,,清华大学出版社,2008-10-1,69.00元,8.1
25874675,响应式Web图形设计,,章精设、胡登涛,,清华大学出版社,2008-10-1,69.00元,7.5
1441404,Designing Web Usability,The Practice of Simplicity,Jakob Nielsen,,New Riders,1999-12-30,USD 54.99,7.0
3688342,Learning PHP, MySQL, and JavaScript,A Step-By-Step Guide to Creating Dynamic Websites,Robin Nixon,,O'Reilly Media,2009-7-21,USD 39.99,7.4
2058456,Ajax模式与最佳实践,,Christian Gross,李锟、张祖良、蔡毅、赵泽欣,电子工业出版社,2007-3,49.80元,7.1
1941772,美工神话,Dreamweaver+Photoshop精美网页设计与制作,聂小燕、赵秋轶,,人民邮电出版社,2006,52.00元,7.6
24535050,网站解密,从零开始学建站,站长百科,,电子工业出版社,2013-5,49.00元,7.3
2034976,Microformats,Empowering Your Markup for Web 2.0,John Allsopp,,friends of ED,March 26, 2007,$34.99,7.3
4201689,网页设计全书,,李继先,,清华大学,2009-12,88.00元,7.1
4711365,The Definitive Guide to MongoDB,The NoSQL Database for Cloud and Desktop Computing,Peter Membrey、Wouter Thielen,,Apress,2010-08-26,USD 44.99,7.6
2046334,网页设计效果优化艺术,别让我动脑筋,斯蒂夫.克鲁格,孙昌玲,山东科学技术出版社,2001,37.00元,7.7
10747833,精彩绝伦的jQuery,,[美] Jake Rutter,魏　忠,人民邮电出版社,2012-6,59.00元,7.9
10586326,Node Web开发,,[美] David Herron,鄢学鵾、吴天豪、廖　健,人民邮电出版社,2012-4,35.00元,6.8
4318429,Developing Large Web Applications,Producing Code That Can Grow and Thrive,Kyle Loudon,,Yahoo Press,2010-3-15,USD 34.99,7.1
7906802,Node for Front-End Developers,,Garann Means,,O'Reilly Media,2012-2-7,USD 14.99,7.1
11510723,移动Web实现指南,面向移动设备的网站优化、开发和设计,莱昂,,张皛珏,2012-8,39.00元,6.8
4937201,Agile Web Application Development with Yii 1.1 and PHP5,The TrackStar Application,莱昂,,张皛珏,2012-8,39.00元,8.1
21347611,DOM Enlightenment,,Cody Lindley,,O'Reilly,2013-2,$14.99,7.1
10746087,决战Nginx系统卷,高性能Web服务器详解与运维,陶利军,,清华大学出版社,2012-6-1,79.00元,5.6
1930893,Pro CSS Techniques,,Jeff Croft,Ian Lioyd,Dan Rubin,,Apress,March 1, 2007,$39.99,7.3
1858571,ASP.NET 2.0技术内幕,,埃斯帕斯托,施平安,清华大学出版社,2006-8,68.00元,7.6
1223239,JSP 2.0技术手册,,杜远君、林康司、林上杰,,湖北教育出版社,电子工业出版社,2004-5-1,59.0,7.5
1848868,Web Design Index 6 (Web Design Index),,杜远君、林康司、林上杰,,湖北教育出版社,电子工业出版社,2004-5-1,59.0,7.7
5442003,从零开始学PHP,,何俊斌,,电子工业,2011-1,39.80元,6.7
4286452,Head First WordPress,A Brain-Friendly Guide to Creating Your Own Custom WordPress Blog.,Siarto  Jeff,,O'Reilly Media,2010-02-15,USD 34.99,6.8
3132582,Ajax高级程序设计,,冰的原点,,齐鲁电子音像出版社,2009-4,22.00元,7.4
24697690,jQuery高级编程,,徐磊,,清华大学出版社,2008-9-1,69.80元,7.5
2338563,深入体验Java Web开发内幕,高级特性,张孝祥,,电子工业出版社,2007-12,55.00元,7.2
3948372,网站交互设计模式,,杜月 (Douglas K.Van Duyne)、蓝帝 (James A.Landay)、宏 (Jason L.Hong),孙昕、焦洪,电子工业出版社,2009-10,108.00,7.3
5419851,超人气网站是这样建成的,,[美] Paul Boag,姚军,人民邮电出版社,2011-1,35.00元,6.6
1438631,Eric Meyer on CSS,Mastering the Language of Web Design,Eric Meyer,,New Riders Press,2002-7-8,USD 55.00,7.7
2161249,Cross Site Scripting Attacks,Xss Exploits and Defense,Seth Fogie、Jeremiah Grossman、Robert Hansen、Anton Rager、Petko D. Petkov,,Syngress,2007-05-15,USD 59.95,7.5
1143271,JSP 应用开发详解（第二版）,,飞思科技产品研发中心,,电子工业出版社,2004-1-1,55.00,6.7
3008594,CSS实战精粹,,(美)克拉夫特,李方进,电子工业,2008-1,59.80元,7.7
26293733,24小时365天不间断服务,服务器基础设施核心技术,[日] 伊藤直也、[日] 胜见祐己、[日] 田中慎司、[日] 广濑正明、[日] 安井真伸、[日] 横川和哉,张毅,人民邮电出版社,2015-1,49.00元,8.0
1767951,Essential PHP Security,,Chris Shiflett,,O'Reilly Media,2005-10-13,USD 29.95,7.7
11229682,Learning PHP, MySQL, JavaScript, and CSS,A Step-by-Step Guide to Creating Dynamic Websites,Robin Nixon,,O'Reilly Media,2012-9-3,USD 39.99,7.3
2224330,Java程序员面试宝典,,欧立奇,,电子工业出版社,2007-8,46.00元,6.1
10432844,Spring 3.x企业应用开发实战,,陈雄华,,电子工业出版社,2012-2-1,90.00元,8.2
3044041,零基础学PHP,,陈雄华,,电子工业出版社,2012-2-1,90.00元,7.4
1958965,Flash网站建设技术精粹,,王汝义,,人民邮电出版社,2007-2,58.00元,7.2
3879846,CSS Web设计高级教程,,王汝义,,人民邮电出版社,2007-2,58.00元,7.7
24855869,iOS Web应用开发,运用HTML5、CSS3与JavaScript,皮基 (Andrea Picchi),罗晴明,人民邮电出版社,2013-8-1,CNY 79.00,6.8
6432004,复制互联网之2,2011年全球最值得模仿的100个网站,皮基 (Andrea Picchi),罗晴明,人民邮电出版社,2013-8-1,CNY 79.00,6.3
5419052,Web程序设计,,（美）塞巴斯塔,王春智、刘伟梅,清华大学出版社,2011-1,69.00元,7.2
5344974,ASP.NET4权威指南,,马伟,,机械工业出版社,2010年11月,99.00元,7.7
1936755,Web Standards Creativity,Innovations in Web Design with XHTML, CSS, and DOM Scripting,Andy Budd、Dan Rubin、Jeff Croft、Cameron Adams、Ethan Marcotte、Andy Clarke、Ian Lloyd、Mark Boulton、Rob Weychert、Simon Collison、Derek Featherstone,,friends of ED,March 19, 2007,$49.99,7.7
2303999,Bulletproof Ajax中文版,,Jeremy Keith,刘申、宋薇,人民邮电出版社,2007-11,39.00元,7.9
1983899,The Art and Science of CSS,,Jonathan Snooks、Steve Smith、Jina Bolton、Cameron Adams、David Johnson,,SitePoint,March 9, 2007,$39.95,7.2
25723064,大型网站技术架构,核心原理与案例分析,李智慧,,电子工业出版社,2013-9-1,59.00元,7.8
2287746,PHP5与MySQL5 Web开发技术详解,,杜江,,电子工业出版社,2007-11,79.00元,7.1
2029980,Ajax与PHP Web开发,,达里,王德民、王新颖、刘昕,人民邮电出版社,2007-4,39.00元,6.8
3098708,开源技术选型手册,,开源技术选型手册委会,,电子工业出版社,2008-1,68.00元,5.5
11018063,ClojureScript,Up and Running,Stuart Sierra、Luke VanderHart,,O'Reilly Media,2012-11-10,USD 19.99,6.9
3413672,AJAX安全技术,,[美] Billy Hoffman、Bryan Sullivan,张若飞、王铮,电子工业出版社,2009-1,55.00元,7.6
3095313,Apache Cookbook,Solutions and Examples for Apache Administrators,Rich Bowen、Ken Coar,,O'Reilly Media,2008-1-11,USD 34.99,7.6
6862828,PHP与MySQL权威指南,,吴津津、田睿、李云、刘昊,,机械工业出版社华章公司,2011-10,118.00元,6.9
10593496,jQuery Mobile快速入门,,布鲁林克,,人民邮电,2012-5,45.00元,6.7
2056320,互联网下的蛋,12位网络创业者制造的传奇,杨艾祥,,中国发展出版社,2007-4,26.00元,6.8
2121793,Charlotte's Web,Coloring and Activity Book 3-in-1 (Charlotte's Web),Julia Simon-kerr、Jennifer Frantz,,HarperEntertainment,2006-10-31,USD 2.99,7.8
1231486,CGI 编程,,(美)Scott Guelich Shishir Gundavaram Gunher Birznieks,,中国电力出版社,2001-6,55.00元,7.3
6545083,智能Web算法,,Haralambos Marmanis、Dmitry Babenko,阿稳、陈钢,电子工业出版社,2011-11,65.00元,7.5
20509115,CoffeeScript程序设计,,贝茨 (Mark Bates),,人民邮电出版社,2013-1-1,45.00元,7.4
4923172,BLOG启示录,,胡嘉玺,,清华大学出版社,2010-7,48.00元,6.1
1229902,Web服务精髓,,切拉米 (Cerami Etban),陈逸,中国电力出版社,2003-5,35.0,7.3
4811111,深入浅出Ext JS,,何启伟、徐会生、康爱媛,,人民邮电出版社,2010-5,69.00元,6.9
10540527,写给Web开发人员看的HTML5教程,,何启伟、徐会生、康爱媛,,人民邮电出版社,2010-5,69.00元,6.6
3633897,Sexy Web Design,Creating Interfaces that Work,Elliot Stocks,,SitePoint,2009-03-28,$39.95,7.6
3121016,HTML与CSS网站设计实践之旅,,Duane Nickull、Dion Hinchcliffe、James Governor,,O'Reilly,2009,USD 34.99,7.9
3179883,CSS入门经典,,约克,侯普秀、王一飞,清华大学出版社,2008-7,68.00元,7.8
2058457,AJAX HACKS中文版,,约克,侯普秀、王一飞,清华大学出版社,2008-7,68.00元,7.3
10750114,Developing Backbone.js Applications,,Addy Osmani,,O'Reilly Media,2012-7-22,USD 29.99,7.5
3904997,大道PHP,,三扬科技 编,,电子工业出版社,2009-9,99.00元,7.2
3726879,Dojo权威指南,,拉塞尔,李松峰,机械工业出版社,2009-4,79.00元,7.8
1481473,Ajax Hacks,Tips & Tools for Creating Responsive Web Sites,Bruce W. Perry,,O'Reilly Media,2006-3-31,USD 29.99,7.5
1937656,WebWork in Action中文版,,(美)PATRICK LIGHTBODY,谭颖华、张云飞,电子工业出版社,2006-11,49.00元,7.7
25823709,jQuery 技术内幕,深入解析 jQuery 架构设计与实现原理,高云,,机械工业出版社,2014-1-1,99元,8.8
5319797,Drupal高手建站技术手册,,高云,,机械工业出版社,2014-1-1,99元,6.9
4886100,Web表单设计,点石成金的艺术,[美] Luke Wroblewski,卢颐、高韵蓓,清华大学出版社,2010-6,49.00元,8.5
1928287,设计师谈网页风格构成,,崔美善,马晓阳,电子工业出版社,2006-9,49.8,7.0
2261183,CSS精粹,,Rachel Andrew,曹明伦,人民邮电出版社,2007-10,39.00元,7.6
2338578,Grails权威指南,,瑞切,张若飞,电子工业,2007-11,49.80元,7.6
2143199,精通Web标准建站,,王建,,第1版 (2007年9月1日),2007-9,55.0,7.3
2208593,自己动手写Struts,,思志学,,电子工业出版社,2007-7,79.00元,6.9
2002971,JSP应用开发详解,,刘晓华,,电子工业出版社,2007-1,59.80元,7.5
1985188,Simply JavaScript,Everyting You Need To Learn Javascript From Scratch,Kevin Yank、Cameron Adams,,SitePoint,2007-6-21,USD 39.95,7.3
6828058,What Is Node,,李俊青,,华中科技大学出版社,2011-11,59.80元,6.3
1790308,ASP.NET 2.0开发指南,,郝刚,,人民邮电出版社,2006,88.0,6.9
3900578,Web标准之道,,阿一、棕熊、李战、丁学,,人民邮电出版社,2009-8,35.00元,7.6
1474114,Processing: Creative Coding and Computational Art,Creative Coding and Computational Art,Ira Greenberg,,friends of ED,May 28, 2007,$54.99,8.2
1414865,个性化网页设计与鉴赏,,梁景红,,西安电子科技大学出版社,2003-07-14,22.00,7.3
6109359,Nginx 1 Web Server Implementation Cookbook,,Dipankar Sarkar,,Packt Publishing,2011-5-23,USD 39.99,7.0
3446112,jQuery实战,,Bear Bibeault、Yehuda Katz,陈宁,人民邮电出版社,2009.1,49.00元,8.1
1754133,AJAX and PHP,Building Responsive Web Applications,Cristian Darie、Bogdan Brinzarea、Filip Chereches-Tosa、Mihai Bucica,,Packt Publishing,2006-03-10,USD 34.99,7.2
3652233,Adobe Flex 大师之路,,董龙飞、肖娜,,电子工业出版社,2009年,69.80元,7.9
4820694,写给大家看的Web设计书,,Robin Williams、John Tollett,苏金国、刘亮,人民邮电出版社,201005,69.00元,7.3
3521761,精通CSS网页布局,,Robin Williams、John Tollett,苏金国、刘亮,人民邮电出版社,201005,69.00元,7.4
10794787,标签,标记系统设计实践,Gene Smith,张军、陈军亮,机械工业出版社,2012-6,59.00元,7.1
2063861,ActionScript 3.0 Design Patterns,Object Oriented Programming Techniques (Adobe Developer Library),William Sanders、Chandima Cumaranatunge,,Adobe Developer Library,2007-07-16,USD 44.99,8.1
3313897,Web导航设计,,James Kalbach,李曦琳,电子工业出版社,2009 年3月,69.80元,8.1
3890112,Web开发入门经典,,波诺赛克、纳拉莫尔,薛焱,清华大学出版社,2009-7,88.00元,7.2
4909176,社交网站界面设计,,Christian Crumlish、Erin Malone,樊旺斌、师蓉,机械工业出版社,2010-9-1,69.00元,7.7
1754542,Spring in Action中文版,,沃尔斯,李磊,人民邮电出版社,2006-3,39.00元,7.4
1229926,交互设计,超越人机交互,JenniferPreece,,电子工业出版社,2003-6,39.00元,7.5
1879255,网页色彩与版式设计创意实战,,胡崧,,第1版 (2006年10月1日),2006-10,39.0,7.7
3234710,Ruby on Rails社区网站开发,Practical Rails Social Networking Sites,布拉德伯纳,,柳靖,2008-10,55.00元,6.8
6067527,ASP.NET 4揭秘（卷1）,,Stephen Walther、Kevin Hoffman、Nate Dudek,谭振林,人民邮电出版社,2011-4,129.00元,7.2
4233429,Ext JS源码分析与开发实例宝典,,彭仁夔,,电子工业出版社,2010-1,78.00元,6.6
3640666,深入浅出Struts 2,,Budi Kuniawan,杨涛、王建桥、杨晓云,人民邮电出版社,2009-04,59.00元,7.3
25697421,Bootstrap用户手册,设计响应式网站,斯珀洛克 (Jake Spurlock),李松峰,人民邮电出版社,2013-9-1,CNY 35.00,5.9
6958339,HTML 5实战,,陶国荣,,机械工业出版社,2011-11,59.00元,6.7
1505132,JSP程序设计,Beginning JavaServer Pages,VIVEK CHOPRA、JON EAVES、RUPERT JONES,朱涛正、张文静,人民邮电出版社,2006-1-1,45.00元,6.9
6041346,网站搜索设计,兼顾SEO及可用性的网站设计心得,[美] Shari Thurow、[美] Nick Musica,向怡宁,人民邮电出版社,2011-4,35.00,6.9
3024586,Adding Ajax中文版,,鲍尔斯,李秀忠,电子工业出版社,2008-3,68.00元,6.6
2022470,XML HACKS,,菲茨杰拉德,,清华大学出版社,2007-2,59.00元,7.3
1828752,Understanding SOA with Web Services中文版,,（美）Eric Newcomer,Greg Lomow,徐涵,电子工业,2006-6,49.00元,6.8
2355620,Web2.0高级编程,,威利斯,赵子鹏,人民邮电出版社,2008-1,69.00元,7.3
1177137,网络传播学,一种形而上的透视,吴风,,中国广播电视出版社,2004-6-1,22.00元,7.0
1778973,Ajax开发精要,概念、案例与框架,柯自聪,,电子工业出版社,2006,45.00,7.1
1432164,Struts in Action: Building Web Applications with the Leading Java Framework,Building Web Applications with the Leading Java Framework,Ted Husted、Cedric Dumoulin、George Franciscus、David Winterfeldt、Craig R. McClanahan,,Manning Publications,November, 2002,$44.95,7.7
2150061,完全手册PHP网络开发详解,,孙鹏程,,电子工业出版社,2007年07月,89.0,7.1
6886573,JavaScript权威指南,ECMAScript5+HTML5DOM+HTML5BOM,张亚飞,,清华大学出版社,2011-9,69.80元,6.4
1894206,Designing Interactions,,Bill Moggridge,,MIT Press,2006-11-24,GBP 30.95,8.8
3613397,Web2.0Mashup开发实战/Web开发系列/图灵程序设计丛书,,(JIA )YI (Yee.R. ),唐扬斌,People Post Press Pub. Date :2009-4-1,2009-4,69.00元,6.9
1138771,人本界面,交互式系统设计,（美）拉斯基（Jef Raskin）,史元春,机械工业出版社,2004-1-1,28.0,7.9
3033419,Ruby on Rails敏捷开发最佳实践,,李刚,,电子工业出版社,2008-4,79.80元,7.0
6895075,JavaScript修炼之道,,波顿纽威,巩朋、张铁,人民邮电,2011-11,29.00元,6.7
2060274,搜索引擎营销,,莫兰,,电子工业,2007-5,69.80元,8.0
4712417,Building Android Apps with HTML, CSS, and JavaScript,Android Apps With Html, Css, and Javascript,Jonathan Stark,,O'Reilly Media,2010-10-4,USD 29.99,6.4
5398923,智能手机Web标准开发实战,,Jonathan Stark,,O'Reilly Media,2010-10-4,USD 29.99,6.9
5987297,Div+CSS 3.0网页布局案例精粹,,Jonathan Stark,,O'Reilly Media,2010-10-4,USD 29.99,7.2
19955755,HTML5精粹,利用HTML5开发令人惊奇的Web站点和革命性应用,菲尔德,曾少宁、张猛、赵俐,机械工业出版社,2012-9,59.00元,6.9
1239569,Web安全、隐私和商务,,佳芬科 编,吕俊辉,机械工业出版社,2004-11,89.00元,7.1
26382780,JavaScript设计模式与开发实践,,曾探,,人民邮电出版社,2015-5,59.00元,9.1
1936787,Bulletproof Ajax,,Jeremy Keith,,New Riders,2007-02-19,USD 39.99,8.1
1101804,ASP.NET Web 站点高级编程,提出问题-设计方案-解决方案,康博,,清华大学出版社,2002-9,55.0,7.3
4007372,JavaScript征途,,朱印宏,,电子工业出版社,2009-9,89.00元,6.2
6873681,构建高可用Linux服务器,,余洪春,,机械工业出版社华章公司,2011-11-1,79.00元,7.1
1231270,JavaScript网页开发<体验式学习教程>(附光盘),体验式学习教程,张孝祥、张孝祥、张红梅、张红梅,,清华大学,2004-11-1,28.00元,7.4
1237890,用户界面设计,有效的人机交互策略(第三版),施奈德曼 (ShneidermanBen),张国印,电子工业出版社,2004年1月1日,38.0,6.8
3594639,HTML/CSS/JavaScript标准教程,,《HTML,CSS,JavaScript标准教程:实例版》编委会,2009-3,39.90元,7.0
11506062,JavaScript模式,,Stoyan Stefanov,陈新,中国电力出版社,2012-7,38.00元,8.6
1943933,Web入侵安全测试与对策,,MikeAndrews,汪青青,清华大学,2006-10,29.00元,6.2
6025285,HTML 5 与 CSS 3 权威指南,,陆凌牛,,机械工业出版社华章公司,2011-4-7,69.00,6.8
20142445,Twitter Bootstrap Web Development,,David Cochran,,Packt Publishing,2012-11-12,USD 19.99,6.1
1971817,从设计到产品,日本著名企业产品设计实例,(日)清水吉治,朱钟炎,朱钟炎,同济大学出版社,2007-1-1,70.0,7.2
2208576,Ajax与PHP基础教程,,[加拿大] Lee Babin,徐锋、陈绍继,人民邮电出版社图灵程序设计丛书,2007-9,39.00元,6.9
2110813,精通PHP5应用开发,,秦涛等,,陕西人民教育出版社,2007-1,65.00元,7.2
6866346,Learning jQuery, Third Edition,,Jonathan Chaffer、Karl Swedberg,,Packt Publishing,2011-9-23,USD 39.99,7.7
2225136,Learning PHP & MySQL,Step-by-Step Guide to Creating Database-Driven Web Sites,Michele E. Davis、Jon A. Phillips,,O'Reilly Media,2007-8-17,USD 29.99,7.4
1232101,MySQL权威指南,,Randy Jay Yarger,林琪、朱涛江,中国电力出版社,2003-11-1,49.00元,7.5
1438596,Jakarta Struts编程,,凯文斯,,中国电力出版社,2005-8,52.0,8.0
1244410,软件设计的艺术,,Todd Parker、Scott Jehl、Maggie Costello Wachs、Patty Toland,,New Riders Press,2010-03-01,USD 44.99,8.1
1800544,Ajax on Rails,,Scott Raymond,,O'Reilly Media, Inc.,2007-01-03,USD 39.99,7.2
3581107,Flex 3权威指南,Adobe官方培训教材,（美）塔伯（Tapper，J.）,杨博、杜昱宏,人民邮电出版社,2009-3-1,69.00元,8.1
3348792,Learning Ext JS,,Shea Frederick、Colin Ramsay、Steve 'Cutter' Blades,,Packt Publishing,2008-11-28,USD 39.99,8.0
1436131,expert one-on-one J2EE Development without EJB 中文版,,[美] Rod Johnson、Juergen Hoeller,JavaEye,电子工业出版社,2005-9,59.80元,9.0
3215920,AJAX企业级开发,,Davec Johnson、Alexeic White、Andrec Charland,张祖良、荣浩、高冰,人民邮电出版社,2008,49.00元,8.2
3538069,ASP.NET MVC in Action,,Jeffrey Palermo、Ben Scheirman、Jimmy Bogard,,Manning Publications,2009-09-10,USD 44.99,8.1
3220004,Hadoop: The Definitive Guide,MapReduce for the Cloud,Tom White,,O'Reilly Media, Inc.,2009,44.99,8.4
2994946,Ruby on Rails电子商务实战,,Christian Hellsten、Jarkko Laine,曹维远,人民邮电出版社,2008-4,49.00元,6.9
4027725,CSS精粹,,Christian Hellsten、Jarkko Laine,曹维远,人民邮电出版社,2008-4,49.00元,7.9
2284655,Flexible Rails,Flex 3 on Rails 2,Peter Armstrong,,Manning Publications,2008-01-23,USD 44.99,7.9
2365393,Designing Interfaces中文版,界面设计精髓,Jenifer Tidwell,蒋芳,电子工业出版社,2008-03-01,80.00元,8.3
2297549,用户体验的要素,以用户为中心的Web设计,Jesse James Garrett,范晓燕,机械工业出版社,2007年10月,25.00,8.2
1396503,Google成功的七堂课,,罗耀宗,,电子工业出版社,2005-7,28.00元,6.7
3743007,网页界面设计创意指南,,Erin Anderson、Virginia DeBolt、Derek Featherstone,刘红伟,机械工业出版社,2010年11月,55.00元,7.2
6047748,JQuery风暴,,Erin Anderson、Virginia DeBolt、Derek Featherstone,刘红伟,机械工业出版社,2010年11月,55.00元,6.7
4743057,JavaScript凌厉开发,,张鑫  黄灯桥、杨彦强,,清华大学出版社,2010 年4月,49.00元,7.5
3581495,Learning jQuery 1.3,,Jonathan Chaffer、Karl Swedberg,,Packt Publishing,2009-2-13,USD 39.99,7.9
4861771,PHP 5完全攻略,,Jonathan Chaffer、Karl Swedberg,,Packt Publishing,2009-2-13,USD 39.99,7.0
1879443,ASP.NET 2.0入门经典,,哈特,,清华大学出版社,2006-8,78.00元,7.2
1444838,最佳设计100细则,,利德威尔,刘宏照,上海人民美术出版社,2005-7,72.00元,8.4
3683326,Apache源代码全景分析第1卷,体系结构与核心模块,张中庆、梁雪平,,电子工业出版社,2009-5,88.00元,7.5
1231976,PHP与MySQL Web开发权威指南,,聂颂,,中国电力出版社,2002-11,65.00元,7.2
2078683,GWT in Action,Easy Ajax with the Google Web Toolkit,Robert Hanson、Adam Tacy,,Manning Publications,2007-06-05,USD 49.99,7.1
1835397,征服Ajax Web 2.0快速入门与项目实践,,张桂元,,人民邮电,2006-6,36.00元,6.4
5386169,HTML5揭秘,,Mark Pilgrim,常可、胡金埔、赵静,电子工业出版社,2010-12,45.00元,7.5
3923739,Google Apps应用完全指南,,刘聪 编,,机械工业出版社,2008-1,59.00元,7.1
2184566,CSS标准网页布局开发指南,,陈刚,,清华大学,2007-6,49.80元,7.3
2261182,xHTML+CSS+Dreamweaver CS3标准网站构建实例详解,,李晓斌,,第1版 (2007年9月1日),2007-9,49.9,7.4
4199483,Spring技术内幕,深入解析Spring架构与设计原理,计文柯,,机械工业出版社,2010-1-1,55.00元,6.9
3235764,Spring 2企业应用开发,,［ 日］ 技术评论社,,人民邮电出版社,2015-6,20.00元,8.0
4012045,CSS Web设计快速上手,,［ 日］ 技术评论社,,人民邮电出版社,2015-6,20.00元,6.8
1493316,交互设计之路,让高科技产品回归人性(第二版),库帕,Chris Ding,电子工业出版社,2006-3,38.00元,7.9
3077173,PHP项目开发全程实录,DVD17小时语音视频讲解,Samuel Dauzon,,Packt Publishing - ebooks Account,2014-6-16,USD 22.99,6.0
3053915,CSS Web站点设计手册,,梅耶尔,,李松峰,2008-4,49.00元,7.0
1652940,网页设计与配色,,王骏程超王骏,红旗出版社,北京希望电子出版社,2005-7,39.00元,6.8
2237597,ASP.NET AJAX in Action,,Alessandro Gallo、David Barkol、Rama Vavilala,,Manning Publications,2007-9-3,USD 44.99,7.9
3290207,Professional ASP.NET MVC 1.0,,Rob Conery、Scott Hanselman、Phil Haack、Scott Guthrie,,Wrox,2009-04,USD 49.99,7.5
2338561,HTML和CSS从入门到精通,,德博特,王昕,电子工业出版社,2008-1,55.00元,7.4
1886149,精通PHP+MySQL应用开发,,王石,,人民邮电,2006-7,56.00元,5.8
1882597,风云Flash ActionScript高级编程艺术,,赵英杰,,第1版 (2006年7月1日),2006-7,45.00元,7.7
2340938,The Ultimate CSS Reference,,Tommy Olsson、Paul O'Brien,,SitePoint,2008-02-26,USD 44.95,7.4
3016575,Flash ActionScript 3.0动画教程,,Keith Peters,王汝义,人民邮电,2008-4,59.00元,9.1
3696694,我的Flex我精通,,Keith Peters,王汝义,人民邮电,2008-4,59.00元,7.4
3393292,RailsSpace,,（美）普罗卡克（Prochazka，A.）、(美)普罗卡克,徐锋、姚军,人民邮电出版社,2009-1-1,55.00元,7.1
1432165,WebWork in Action,,Jason Carreira、Patrick Lightbody,,Manning,01 September, 2005,$44.95,7.5
1998104,博客营销,,（美）莱特 著,洪慧芳 译,中国财政经济出版社,2007-1-1,39.80元,6.6
3258192,Silverlight揭秘,,Adam Nathan,瞿杰,人民邮电出版社图灵公司,2008-11,55.00元,6.8
3582684,程序员2008精华本,,Raymond Camden,,O'Reilly Media,2016-1-3,USD 29.99,7.8
4031959,软件开发沉思录,ThoughtWorks文集,ThoughtWorks,ThoughtWorks中国公司,人民邮电出版社,2009-9,39.00元,7.6
1860418,闪魂FLASH8网站建设实录,,马谧铤,,中国林业,2006-7,46.00元,7.2
1422248,A Semantic Web Primer,,Grigoris Antoniou、Frank van Harmelen,,The MIT Press,2004-4-30,USD 42.00,7.4
2363563,精通正则表达式,,沙金,,人民邮电出版社,2008-1,52.00元,6.9
3644995,Django 1.0 Website Development,,Ayman Hourieh,,Packt Publishing,2009-03-10,USD 39.99,7.7
1433764,鼠标宣言,群体筛选的营销力,约翰·里德尔,倪萍、梅清豪,上海人民,2005-08-01,25.00,7.5
5306679,Web Development with the Mac,Development With the MAC,戴特尔,,电子工业出版社,2005-8,95.00元,7.1
3675853,21天学通Java Web开发,,卜炟,,电子工业出版社,2009-4,49.80元,7.0
4024068,决胜SNS,,丁欣、李尧、李烨,,人民邮电出版社,2009年9月,35.00元,6.8
2185534,打造你的金牌博客,打造你的金牌博客,我为博狂,,时代经济,2007-6,22.00元,5.9
3831500,CSS与HTML Web设计实践指南,,Craig Grannell,,姚军,2009-7,49.00元,6.9
