1041482,万历十五年,,[美] 黄仁宇,,生活·读书·新知三联书店,1997-5,18.00元,8.9
1003479,中国历代政治得失,,钱穆,,生活·读书·新知三联书店,2001,12.00元,9.1
1046492,國史大綱（上下）,,錢穆,,商務印書館,2013-8,76.00元,9.3
3239549,夹边沟记事,,杨显惠,,花城出版社,2008-09,34.00元,9.1
26847586,哈佛中国史（全六卷）,,杨显惠,,花城出版社,2008-09,34.00元,8.8
1675478,天朝的崩溃,鸦片战争再研究,茅海建,,生活·读书·新知三联书店,2005-7,32.00元,9.0
1873231,明朝那些事儿（壹）,洪武大帝,当年明月,,中国友谊出版公司,2006-9,24.80,8.8
1077847,史记（全十册）,,司马迁,（索引）司马贞，（正义）张守节,中华书局,1982-11,125.00,9.5
2376486,中国近代史,1600-2000，中国的奋斗,[美] 徐中约,计秋枫、朱庆葆,世界图书出版公司,2008-1,66.00元,8.8
3079029,大秦帝国,,孙皓晖,,河南文艺出版社,2008-5-1,369.00元,8.8
3707886,中国通史,,吕思勉,,上海古籍出版社,2009-4-1,35.00,9.0
1015699,中国大历史,,黄仁宇,,生活·读书·新知三联书店,2007-2,19.00元,8.3
25844017,讲谈社·中国的历史（十卷本）,,(日) 宫本一夫、(日) 平势隆郎、(日) 鹤间和幸、(日) 金文京、(日) 川本芳昭、(日) 气贺泽保规、(日) 小岛毅、(日) 杉山正明、(日) 上田信、(日) 菊池秀明,吴菲、周洁、马彪、何晓毅、梁蕾、余晓潮、石晓军、乌兰、乌日娜、高莹莹、马晓娟,广西师范大学出版社,2014-2-1,CNY 568.00,8.5
26791320,哇，历史原来可以这样学1,,林欣浩,,四川少年儿童出版社,2016-4-1,29.8,8.5
1030503,东晋门阀政治,,田余庆,,北京大学出版社,2005-6-1,30.0,9.2
6533042,南明史,,顾诚,,光明日报出版社,2011-8-1,88.00元,9.3
2032141,陈寅恪魏晋南北朝史讲演录,,万绳楠,,贵州人民出版社,2007-4,29.8,8.9
1025723,潜规则,中国历史中的真实游戏,吴思,,云南人民出版社,2001-1,16.00元,8.3
25938605,天国之秋,,[美] 裴士锋 (Stephen R.Platt),黄中宪、谭伯牛（校）,社会科学文献出版社,2014-11-10,69.00元,8.7
20473505,山月记,,[日]中岛敦,韩冰、孙志勇,中华书局,2013-5,28,8.7
1072295,資治通鑑（全二十冊）,,[宋] 司馬光 編著、[元] 胡三省 音注,標點資治通鑒小組 校點,中華書局,1956-6,332.00元,9.3
10740958,剑桥中国史（全十册）,,费正清,杨品泉,中国社会科学出版社,2012-1,999.00元,8.9
26891290,哈佛极简中国史,从文明起源到20世纪,[美] 阿尔伯特·克雷格,李阳,中信出版社·新思文化,2016-11,48.00,8.2
1006560,血酬定律,中国历史中的生存游戏,吴思,,中国工人出版社,2003-08,23.80,8.2
1055304,中国历史地图集（全八册）,,谭其骧,,中国地图出版社,1982-10,482.00元,9.5
1949338,明朝那些事儿（贰）,万国来朝,当年明月,,中国友谊出版公司,2007-1,24.80,8.9
1014763,三国志（全五册）,,[晋] 陈寿 撰、[宋] 裴松之 注,,中华书局,2011-10,98.00元,9.2
1060025,中国近代史,,蒋廷黻,,上海古籍出版社,2001-12,8.80,8.8
1050929,隐蔽的秩序,拆解历史弈局,吴思,,海南出版社,2004-4-1,38.00元,8.7
20389202,唐朝穿越指南,长安及各地人民生活手册,森林鹿,,北京联合出版公司,2013-1-1,35.00,7.9
3274113,明朝那些事儿（陆）,日暮西山,当年明月,,中国海关出版社,2008-11,28.80,8.9
26642260,中国历史研究手册,,(英) 魏根深,侯旭东、孙迪、赵冬梅、成一农、雷闻、李丹捷、方诚峰、邬文玲、梁心,北京大学出版社,2016-8-1,188.00元,8.4
2253642,明朝那些事儿（肆）,粉饰太平,当年明月,,中国友谊出版公司,2007-9,24.80,8.8
10797092,蒋介石与现代中国,,[美] 陶涵,林添贵,中信出版社,2012-8-18,68.00元,8.6
2052448,明朝那些事儿（叁）,妖孽宫廷,当年明月,,中国友谊出版公司,2007-4,24.80,8.9
10472702,重说中国近代史,,张鸣,,中国致公出版社,2012-2,32.00元,8.1
1017795,隋唐制度渊源略论稿 唐代政治史述论稿,,陈寅恪,,生活·读书·新知三联书店,2001-4,40.00元,9.5
1012929,二十四史,简体横排本 全63册,中华书局编辑部编著,,中华书局,2000-01,1480.00,9.2
26334500,说中国,一个不断变化的复杂共同体,许倬云,,广西师范大学出版社,2015-5,48.00元,8.3
1491537,近代中国社会的新陈代谢,,陈旭麓,,上海社会科学院出版社,2006-1,42.00元,8.9
1427825,中国人史纲（上中下）,,柏杨,,同心出版社,2005-9,75.00元,8.5
3626924,明朝那些事儿（柒）：大结局,,当年明月,,中国海关出版社,2009年,29.80元,9.0
1427450,白话本国史,,吕思勉,,上海古籍出版社,2005-07,58.00元,9.0
1037060,曾国藩（上中下）,,唐浩明,,人民文学出版社,2002-7,66.00元,8.6
1055347,中国史纲,,张荫麟,,上海古籍出版社,1999-12-1,12.60,9.0
26916855,中国通史,,张荫麟、吕思勉、蒋延黻,,台海出版社,2017-1,108,9.6
3009821,明朝那些事儿（伍）,帝国飘摇,当年明月,,中国友谊出版公司,2008-3,28.80,8.8
1463256,大明王朝的七张面孔,,张宏杰,,广西师范大学出版社,2006-1,29.80元,8.2
1016864,士与中国文化,,余英时,,上海人民出版社,2003-01,63.00元,8.9
26855717,北上,党中央与张国焘斗争始末,刘统,,生活·读书·新知三联书店,2016-9-1,59.00元,8.4
1107841,战国策,,宋韬,,山西古籍,2003-1-1,10.0,9.0
2191536,资治通鉴-(柏杨白话版)(全九辑三十六册)(双盒装),,司马光,,北岳文艺,2007-03-01,882.0,9.1
1253538,剑桥中华民国史（上卷）,,费正清 主编,杨品泉、孙开远、黄沫,中国社会科学出版社,1998-7,100.00元,8.6
5906312,兴盛与危机,论中国社会超稳定结构,金观涛、刘青峰,,法律出版社,2011-1,45.00元,8.7
1139065,党员、党权与党争,1924-1949年中国国民党的组织形态,王奇生,,上海书店出版社,2003-10,42.00元,9.0
1039126,剑桥中国晚清史（上下卷）,1800-1911年,（美）费正清（编）、（美）刘广京（编）,中国社会科学院历史研究所编译室,中国社会科学出版社,2006-12-01,143.00,8.8
10796986,魏晋之际的政治权力与家族网络,,仇鹿鸣,,上海古籍出版社,2012-6,56.00元,9.1
1446867,兩晉南北朝史（上下）,,吕思勉,,上海古籍出版社,2005-11-1,98.00元,9.2
26909876,火枪与账簿,早期经济全球化时代的中国与东亚世界,李伯重,,生活·读书·新知三联书店,2017-1-1,49.00元,7.7
1000280,袁氏当国,,唐德刚,,广西师范大学出版社,2004-11,17.00,8.5
1172077,秦汉魏晋史探微（重订本）,,田余庆,,中华书局,2004-2,44.0,9.1
1480858,吕思勉读史札记,,吕思勉,,上海古籍出版社,2005-12-01,98.00元,9.1
1314467,读史方舆纪要,中国古代地理总志丛刊,（清）顾祖禹、施和金、贺次君,,中华书局,2005-3-1,596.00元,9.4
4827310,“中间地带”的革命,国际大背景下看中共成功之道,杨奎松,,山西人民出版社,2010-05,54.00,8.7
2255277,魏晋南北朝史札记,现代史学家文丛,周一良,,中华书局,1985-3-1,34.00元,9.1
26871065,祖先,一个家族的千年故事,[美] 秦家骢,舒逊、曼予,北京联合出版公司·后浪出版公司,2016-10,68.00元,8.0
6980818,浩荡两千年,中国企业公元前7世纪——1869年,吴晓波,,中信出版社,2012-1,45.00元,8.6
10597973,旧山河,,刀尔登,,中信出版社,2012-5,35.00元,8.1
2070186,打飞机英雄集,,兰州军区政治部人民军队报社,,《人民军队》报社,1970-02,0.50,9.5
1063540,中华帝国晚期的叛乱及其敌人,1796-1864年的军事化与社会结构,[美] 孔飞力,谢亮生 等,中国社会科学出版社,1990-11,4.20元,8.3
26848651,从历史中醒来,孙机谈中国古文物,孙机,,生活·读书·新知三联书店,2016-8,78.00,9.1
1277267,国史新论,,钱穆,,生活·读书·新知三联书店,2005-02,22.00元,8.6
3746915,资治通鉴,传世经典,司马光,,中华书局,2013-1,788.00元,9.6
1065335,朱熹的历史世界(上下),宋代士大夫政治文化的研究,余英时,,生活·读书·新知三联书店,2004-08,48.00,9.1
3901238,历史是个什么玩意儿1,袁腾飞说中国史 上,袁腾飞,,上海锦绣文章出版社,2009-08-01,32.80元,7.6
1029723,汉书（全十二册）,,班固,颜师古 注释,中华书局,1962-06,177.00,9.2
3662567,近代中国史纲,,郭廷以,,格致出版社,2009-09-01,66.00,9.2
3525645,蒙元入侵前夜的中国日常生活,,[法] 谢和耐,刘东,北京大学出版社,2008-12,30.00元,8.0
1056883,读通鉴论（上中下册）,,王夫之,舒士彦 注解,中华书局,2004-04,96.00元,9.2
3423098,波峰与波谷,秦汉魏晋南北朝的政治文明,阎步克,,北京大学出版社,2009-1,28.00,8.6
1274943,中国青铜时代,,张光直,,三联书店,1999-09,28.00,8.8
1050175,赫逊河畔谈中国历史,黄仁宇作品系列,黄仁宇,,生活·读书·新知三联书店,1997-4,9.60,8.0
1772151,翻身,中国一个村庄的革命纪实,韩丁（William Hinton）,韩倞,北京出版社,1980-1,2.20元,8.6
1291355,非常道,1840-1999的中国话语,余世存 编,,社会科学文献出版社,2005-5,28.00元,7.9
1034847,美国与中国,费正清文集,费正清(美),张理京,世界知识出版社,2000-08,26.00元,8.4
1851488,毛泽东的中国及后毛泽东的中国,人民共和国史,（美）莫里斯·迈斯纳,杜蒲、李玉玲,四川人民出版社,1992,7.85,8.6
3787085,三国史话,,吕思勉,,中华书局,2009-05-01,16.00元,8.5
25760457,三案始末,新版中学图书馆文库,温功义,,生活·读书·新知三联书店,2013-9,29.00,8.8
4316857,宰相故事,,王瑞来,,中华书局,2010,36.00元,7.6
2713409,国民党的“联共”与“反共”,中国国民党史,杨奎松,,社会科学文献出版社,2008-1,88.00元,8.8
26368070,秦崩,从秦始皇到刘邦,李开元,,生活·读书·新知三联书店,2015-4-25,45.00,7.9
1446869,隋唐五代史（上下）,,吕思勉,,上海古籍出版社,2005-11-1,88.00元,9.1
2284985,黄仁宇全集（全14册）,,黄仁宇,,九州出版社,2007-9,498.00元,9.4
26368072,楚亡,从项羽到韩信,李开元,,生活·读书·新知三联书店,2015-4-25,45.00,7.8
1132689,洪业,清朝开国史,[美] 魏斐德,陈苏镇、薄小莹,江苏人民出版社,1992,14.90元,8.7
1427476,秦汉史,,吕思勉,,上海古籍出版社,2005-07-01,55.00元,8.9
3432401,苦难辉煌,,金一南,,华艺出版社,2009-1,46.00元,8.1
3665980,从甲午到戊戌,康有为《我史》鉴注,茅海建,,生活·读书·新知三联书店,2009,83.0,9.0
1796672,万古江河,中国历史文化的转折与开展,许倬云,,上海文艺出版社,2006-6,33.00元,8.2
2173201,停滞的帝国,两个世界的撞击,[法] 佩雷菲特,王国卿,生活·读书·新知三联书店,2007-7,46.00元,8.3
1012561,上下五千年,,林汉达、曹余章,,少年儿童出版社,1991-11-01,43.00,8.6
26583162,晚明大变局,,樊树志,,中华书局,2015-8,58.00元,7.4
1270509,中国史学名著,,钱穆,,生活·读书·新知三联书店,2005-02,22.00元,8.9
26640179,我们的中国,茫茫禹迹、周行天下、大地文章、思想地图,李零,,生活·读书·新知三联书店有限公司,2016-6-1,298.00元,8.1
1337448,简明中国历史地图集,,谭其骧,,中国地图出版社,1991-10-01,48.00,8.9
1006419,十六世纪明代中国之财政与税收,,黄仁宇,阿风、许文继、倪玉平、徐卫东,生活·读书·新知三联书店,2001-6,25.00元,8.4
24858161,野哭,弘光列传,李洁非,,人民文学出版社,2013-6-1,CNY 53.00,8.4
26838266,哈佛中国史05•挣扎的帝国：元与明,,李洁非,,人民文学出版社,2013-6-1,CNY 53.00,9.1
1834541,柏杨白话版资治通鉴 第一辑,秦风汉雨,司马光 撰、柏杨 译,,北岳文艺出版社,2006-7,98.00元,8.8
26602453,战国歧途,,刘勃,,新星出版社,2015-8,28,8.6
20473479,建元与改元,西汉新莽年号研究,辛德勇,,中华书局,2013-7-1,CNY 47.00,8.9
25788989,遗失在西方的中国史（三册）,《伦敦新闻画报》记录的晚清（1842-1873）,沈弘 编译,,北京时代华文书局有限公司,2014-1,198.00,8.1
1076013,明史（全二十八册）,,张廷玉、等,,中华书局,1974-4-1,CNY 480.00,8.8
26476950,制造汉武帝,由汉武帝晚年政治形象的塑造看《资治通鉴》的历史构建,辛德勇,,生活·读书·新知三联书店,2015-10-1,CNY 28.00,7.9
26851892,最后的中华帝国：大清,,辛德勇,,生活·读书·新知三联书店,2015-10-1,CNY 28.00,8.7
1044347,走向共和（上中下）,,盛和煜、张建伟,,民族出版社,2003-01,66.00,9.0
2298352,西周的灭亡,中国早期国家的地理和政治危机,李峰,徐峰、汤惠生,上海古籍出版社,2007-10-01,38.00,8.7
21452652,黑洞,弘光纪事,李洁非,,人民文学出版社,2013-2,40.00元,8.5
10426968,中国近代史,,陈恭禄,,中国工人出版社,2012-1,68.00元,9.3
26022213,历史深处的民国 壹 晚清,,江城,,华文出版社,2014-10,36.0元,8.3
1427558,先秦史,呂思勉文集,吕思勉,,上海古籍出版社,2005-07,32.00元,8.8
6791427,帝国最后的荣耀,大明1592抗日援朝,马伯庸、汗青,,山西人民出版社,2012-1,68.00元,7.8
26838168,哈佛中国史01•早期中华帝国：秦与汉,,马伯庸、汗青,,山西人民出版社,2012-1,68.00元,8.5
1825043,明史讲义,,孟森,,中华书局,2006-4,28.00元,8.9
2140283,国破山河在,从日本史料揭秘中国抗战,萨苏,,山东画报出版社,2007-7,33.00元,8.3
10435585,明末农民战争史,,顾诚,,光明日报出版社,2012-1,46.00元,8.1
1022938,中国历史研究法,,钱穆,,生活·读书·新知三联书店,2005-3,11.50,8.4
25819260,易中天中华史,第1部中华根,易中天,,浙江文艺出版社,北京出版社,2013-5-1,CNY 186.00,8.2
3219109,中国震撼世界,,<美>杰克.贝尔登,邱应觉、杨海平、胡代岗、周发、茂皎、沈寿源、黄钟青、陈明明、徐凤兰,北京出版社,1980-7,1.95,9.1
5343931,中国通史（上下册）,,傅乐成,,贵州教育出版社,2010-8-1,68.00元,8.6
1069301,在中国发现历史,中国中心观在美国的兴起,[美] 柯文,林同奇,中华书局,2002-8,29.00元,8.4
10344778,大中国史,,吕思勉,,吉林出版集团有限责任公司,2012-3,49.80元,8.3
26413582,大棋局中的国共关系,,吕迅,,社会科学文献出版社,2015-4,89.00元,8.8
2138608,中国社会中的宗教,宗教的现代社会功能与其历史因素之研究,杨庆堃,范丽珠,上海人民出版社,2007-6-1,35.00元,8.7
5917239,康熙：重构一位中国皇帝的内心世界,,[美] 史景迁,温洽益,广西师范大学出版社,2011-1,30.00元,7.6
10539156,绚烂的世界帝国：隋唐时代,讲谈社•中国的历史06,(日) 气贺泽保规,石晓军,广西师范大学出版社,2014-2,52.00,8.3
25828759,中华的崩溃与扩大：魏晋南北朝,讲谈社•中国的历史05,川本芳昭,余晓潮,广西师范大学出版社,2014-2,45.00元,8.0
26851895,哈佛中国史02•分裂的帝国：南北朝,,川本芳昭,余晓潮,广西师范大学出版社,2014-2,45.00元,9.0
6732223,壹玖壹壹,从鸦片战争到军阀混战的百年影像史,[美] 刘香成,,世界图书出版公司,2011-10,600.00元,9.2
1893879,张居正（全四册）,,熊召政,,人民文学出版社,2006-7,112.00元,8.5
6060491,现代中国的历程,,黄仁宇,,中华书局,2011-4,32.00元,8.1
1959134,中国皇帝的五种命运,,张宏杰,,山西人民出版社,2007-01,28.00元,8.1
1232523,中国：传统与变迁,,[美] 费正清,张沛,世界知识出版社,2002-1,38.00元,8.4
1009529,毛泽东、斯大林与朝鲜战争,,沈志华,,广东人民出版社,2013-2,58.00元,8.6
26377294,坐天下,张宏杰解读中国帝王,张宏杰,,人民文学出版社,2015-5-1,CNY 39.80,8.2
1032760,战国史,,杨宽,,上海人民出版社,2003-04,51.00元,8.6
3923369,中华人民共和国建国史研究1,,杨奎松,,江西人民出版社,2009-9,52.00元,8.8
1437607,中国近百年政治史,1840-1926年,李剑农,,复旦大学出版社,2002-9,30.00元,8.8
1030526,中国文化史导论,,钱穆,,商务印书馆,2003-02,14.00元,8.9
1463026,明清社会性爱风气,,吴存存,,人民文学出版社,2000,15.00元,8.2
21405316,龙床,明六帝纪,李洁非,,人民文学出版社,2013-1-1,45.00元,8.1
2118743,银元时代生活史,,陈存仁,,广西师范大学出版社,2007-5,38.00元,8.6
1005047,剑桥中华人民共和国史（上卷）,革命的中国的兴起,R.麦克法奈尔（编）、费正清（编）,谢亮生等,中国社会科学出版社,1998-7-1,68.00元,8.6
1013253,细说宋朝,,虞云国,,上海人民出版社,2002-12-1,32.00,8.2
26184836,朱雀,唐代的南方意象,薛爱华,程章灿、叶蕾蕾,生活·读书·新知三联书店,2014-10-1,CNY 59.00,7.8
1477774,剑桥中华民国史（下卷）,Republican China, 1912-1949, Part 2 1912-1949,费正清（编）、费维恺（编）,杨品泉,中国社会科学出版社,1994-1,113.00元,8.8
3998143,中国古代史概要一览图,,陆季翔 编绘,,南京大学出版社,2005-10,5.50,9.8
1046738,拓跋史探,,田余庆,,生活·读书·新知三联书店,2003-03,24.60,8.8
24838223,皇上走了,,章敬平,,生活·读书·新知三联书店,2013-6,44.00元,7.8
26585046,蒙古帝国的兴亡（上下）,军事扩张的时代·世界经营的时代,[日]杉山正明,孙越、邵建国 校,社会科学文献出版社·甲骨文,2015-12-1,79.00,7.8
1447912,五四运动,现代中国的思想革命,周策纵,周子平,江苏人民出版社,2005-07-01,36.00元,8.8
1265468,廿二史札记校证（上下册）,,赵翼,王树民 校证,中华书局,1984-1-1,88.00元,9.3
25848086,春秋左传精读,,刘勋,,新世界出版社,2014-4-1,399.80元,8.4
26042406,易中天中华史：三国纪,,易中天,,浙江文艺出版社,2014-10-1,32.00元,7.8
3127396,中華人民共和國史 第三卷 思考與選擇,從知識分子會議到反右派運動（1956-1957）,沈志華,,香港中文大学出版社,2008,HKD 380,9.1
1052829,士大夫政治演生史稿,,阎步克,,北京大学出版社,1996-05,29.5,8.9
16636512,二月河文集 康熙大帝 雍正皇帝 乾隆皇帝 （套装共13册）,,二月河,,长江文艺出版社,2009-1,290.00元,8.7
1008176,魏晋南北朝史,,王仲荦,,上海人民出版社,2003-04,66.00,8.2
4086800,陈寅恪集,全14册,陈寅恪,,生活·读书·新知三联书店,2009-9,998.00元,9.2
1034248,雍正传,,冯尔康,,人民出版社,1985-09,29.70元,8.7
1084229,明初以降人口及其相关问题,,何炳棣,葛剑雄,生活·读书·新知三联书店,2000-11-1,25.00元,9.0
1116205,晋书（全十册）,,房玄龄,,中华书局,1996-04-01,127.00元,8.9
3168449,唐代政治史略稿,,陈寅恪,,上海古籍出版社,1988年11月一版；2009年3月二刷,45.00元,9.6
1014192,剑桥中国隋唐史,589-906年,(英) 崔瑞德 (Twitchett Denis)、(美) 费正清、(英)鲁惟 (Loewe Michael),中国社会科学院历史研究所西方汉学研究课题组,中国社会科学出版社,1990-12,76.00元,8.5
1041622,后汉书（全十二册）,,[宋] 范晔 撰、[唐] 李贤 等注,,中华书局,2000-05,198.00元,9.0
1134086,中国文化与中国的兵,,雷海宗,,商务印书馆,2001-6-1,13.0,8.7
1024666,王氏之死,大历史背后的小人物命运,[美] 史景迁,李璧玉,上海远东出版社,2005-01,15.00,7.6
1870759,东周战争与儒法国家的诞生,,赵鼎新,夏江旗,华东师范大学出版社,2006年8月1日,18.0,8.0
6397532,西周史,,许倬云,,生活·读书·新知三联书店,2012-3,48.00元,8.3
1052968,剑桥中华人民共和国史（下卷）,中国革命内部的革命 1966-1982年,R.麦克法夸尔、费正清,俞金尧,中国社会科学出版社,1998-7,113.00元,8.8
24530428,许倬云说历史：台湾四百年,了解过去的台湾，理解现在的台湾,许倬云,,浙江人民出版社,2013-5,29.80元,7.6
1071931,隋唐帝国形成史论,,谷川道雄,李济沧,上海古籍出版社,2004-10,35.00元,8.8
1394907,雪白血红,中国革命斗争报告文学丛书辽沈战役卷,张正隆,,解放军出版社,1989,6.50,
1825044,清史讲义,,孟森,,中华书局,2006-4,34.00元,9.1
1001953,张居正大传,,朱东润,,百花文艺出版社,2000-10-1,22.00元,8.2
20516973,从神话到历史：神话时代、夏王朝,讲谈社•中国的历史01,(日)宫本一夫,吴菲,广西师范大学出版社,2014-2,49.00,7.6
25903866,唐朝定居指南,,森林鹿,,北京联合出版有限责任公司,2014-7-1,CNY 39.80,7.8
2419991,中国科学技术史,第一卷 导论,李约瑟,,科学出版社,1990.7,19.60,8.5
1049165,留美幼童,中国最早的官派留学生,钱钢、胡劲草,,文汇出版社,2004-01,25.00元,8.5
2261243,汉书,,(汉)班固,,中华书局,2007-1,45.00元,9.0
26685892,忧乐为天下,范仲淹与庆历新政,林嘉文,,山西人民出版社,2016-1-1,CNY 59.00,8.8
26791323,哇，历史原来可以这样学2,,林欣浩,,四川少年儿童出版社,2016-4-1,29.8,8.6
1025576,中国史学入门,,顾颉刚 著、何启君 整理,,北京出版社,2002-1,16.00元,7.9
24829939,民国纪事本末（1911-1949）,,刘仲敬,,广西师范大学出版社,2013-6,28.00,7.8
1271411,六至九世纪中国政治史,,黄永年,,上海书店出版社,2004-7,50.00元,8.7
2382863,六朝贵族制社会研究,日本中国史研究译丛,川胜义雄,徐谷梵、李济沧,上海古籍出版社,2008-01,49.00元,8.9
2976744,若干重大决策与事件的回顾（上下）,,薄一波,,中共党史出版社,2008-1,88.00元,8.5
11627336,中国的历史,第一卷：从神话到历史&中华的摇篮,[日]陈舜臣,郑民钦,福建人民出版社,2012-6,29.8,8.7
26877370,两岸新编中国近代史·晚清卷（上、下）,晚清卷,[日]陈舜臣,郑民钦,福建人民出版社,2012-6,29.8,7.7
3804498,唐代中央重要文官迁转途径研究,,孙国栋,,上海古籍出版社,2009-5-1,128.00元,9.4
11636077,饥饿的盛世,乾隆时代的得与失,张宏杰,,湖南人民出版社,2012-10-1,39.80元,8.3
1010512,1901年,一个帝国的背影,王树增,,海南出版社,2004-03,50.00元,8.6
2065347,走出中世纪,,朱维铮,,复旦大学出版社,2007-7,25.00元,8.3
4582330,西周的政体,中国早期的官僚制度和国家,李峰,吴敏娜、胡晓军、许景昭、侯昱文,生活·读书·新知三联书店,2010-08,45.00元,8.8
25788139,北平历史地理,,侯仁之,邓辉、申雨平、毛怡,外语教学与研究出版社,2013-11-1,CNY 72.00,9.3
26378537,古画里的中国生活,,孟晖,,中信出版社,2014-4-25,18.00元,7.5
2299164,帝国的终结,中国古代政治制度批判,易中天,,复旦大学出版社,2007-11,28.00元,7.9
1057226,伟大的中国革命,,费正清,刘尊棋,世界知识出版社,2000-5,25.00元,8.2
1051231,黄河青山,黄仁宇回忆录,[美] 黄仁宇,张逸安,生活·读书·新知三联书店,2007-2,32.00元,8.3
1019945,拉贝日记,,[德] 约翰·拉贝,《拉贝日记》翻译组,江苏人民出版社,1997-10,36.00,8.3
2701417,史记（全四册）,,[汉] 司马迁 撰,韩兆琦,中华书局,2008-1,168.00元,9.3
6895934,读史求实,中国现代史读史札记,杨奎松,,浙江大学出版社,2011-11,38.00元,8.3
1280568,毛泽东与莫斯科的恩恩怨怨,,杨奎松,,江西人民出版社,2005-05-01,49.00,8.7
2142680,游民文化与中国社会,,王学泰,,同心出版社,2007-7,60.00元,8.5
4838107,新宋,,阿越,,东方出版社,2010-5,37.00元,8.1
3335643,中国历史风云录,,陈舜臣,陈亚坤,广西师范大学出版社,2009.1,38.00元,8.0
1289247,戊戌变法史事考,,茅海建,,生活·读书·新知三联书店,2005-01-01,37.00元,8.6
1000364,新唐书（全二十册）,,欧阳修、宋祁,,中华书局,1975-2-1,250.00,8.8
5392430,魏晋南北朝史论丛,,唐长孺,,中华书局,2011-4,42.00元,9.4
1010189,金明馆丛稿初编,,陈寅恪 著、陈美延 编,,生活·读书·新知三联书店,2001-6,43.00元,9.6
26676661,从黄河文明到“一带一路”.第1卷,中华帝国的治乱得失,李晓鹏,,中国发展出版社,2015-10,55.00,8.6
3127122,公主之死,你所不知道的中国法律史,李贞德,,三联书店,2008-6,12.00元,7.8
1061155,中国官僚政治研究,中国官僚政治之经济的历史的解析,王亚南,,中国社会科学出版社,1981-06-01,18.0,8.4
26285254,遗失在西方的中国史,法国《小日报》记录的晚清,李红利、赵丽莎,,北京时代华文书局,2015-3-1,CNY 128.00,7.3
26671902,制度与人情：中国古代政治文化,,张程,,陕西人民出版社,2015-12,34.80,8.7
1951495,帝国的回忆,晚清观察记 1854-1911,郑曦原,,当代中国出版社,2007-01,39.00元,8.0
1017604,晚明史,1573―1644年[全二册],樊树志,,复旦大学出版社,2003-10,60.00,8.2
1425075,大秦帝国·第一部 黑色裂变（上、下）,,孙皓晖,,长江文艺出版社,2005-08,57.00元,8.7
1253638,剑桥中国秦汉史,,(英)崔瑞德、(英)鲁惟一,杨品泉,中国社会科学出版社,1992-2-1,96.00元,8.4
5288681,被"废除不平等条约"遮蔽的北洋修约史,,唐启华,,社会科学文献出版社,2010-9-1,69.00元,8.7
26354375,明代政治制度的源流与得失,,朱永嘉,,中国长安出版社,2015-4-10,55.00元,8.0
3991955,最早的中国,,许宏,,科学出版社,2009-8,36.00元,8.0
1438562,派系分合与晚清政治,以“帝后黨爭”為中心的探討,林文仁,,中国社会科学出版社,2005,39.0,9.0
1768526,国史十六讲,,樊树志,,中华书局,2006-4,32.00元,7.8
5392437,魏晋南北朝隋唐史三论,中国封建社会的形成和前期的变化,唐长孺,,中华书局,2011-4,46.00元,9.2
25980792,从华夏到中国,,刘仲敬,,广西师范大学出版社,2014-9,45.00元,8.0
1060962,舊唐書（全十六冊）,,[後晉] 劉昫 等撰,,中華書局,1975-05,350.00元,8.7
1073483,日本学者研究中国史论著选译（第一卷）,通论,刘俊文 主编,黄约瑟,中华书局,1992-07,18.90,9.6
1815669,魏晋南北朝史论拾遗,,唐长孺,,中华书局,1983-05,1.9元,9.2
26655980,顽疾,中国历史上的腐败与反腐败,张宏杰,,人民出版社,2015-12-1,45.00元,7.9
1255978,纲鉴易知录（全八册）,,（清）吴乘權,施意周 注解,中华书局,1996-06,286.00元,8.9
3153599,统一与分裂,中国历史的启示(增订版),葛剑雄,,中华书局,2008-7,29.00元,8.0
26600157,宋,现代的拂晓时辰,吴钩,,广西师范大学出版社集团有限公司,2015-9-23,CNY 79.80,7.2
1278703,中华帝国晚期的城市,,施坚雅,叶光庭、徐自立、王嗣均、徐松年、马裕祥、王文源,中华书局,2000-12-01,39.00,8.6
1175792,中国文明的形成,,张光直、徐苹芳,,新世界出版社 耶鲁大学出版社,2004-6,398.00元,9.1
1004250,秦汉史,,钱穆,,三联书店,2005-03,22.00,8.2
4173725,历史是个什么玩意儿2,袁腾飞说中国史下,袁腾飞,,花山文艺出版社,2009年12月,32.80元,7.4
3410734,从爵本位到官本位,秦汉官僚品位结构研究,阎步克,,生活·读书·新知三联书店,2009-3,48.00元,8.8
1048771,长征,前所未闻的故事,哈里森·索尔兹伯里,,解放军出版社,2001-01,25.00元,8.4
1052932,大历史不会萎缩,,黄仁宇,,广西师范大学出版社,2011-6,39.80元,7.9
1823753,南明史（全十四册）,,钱海岳,,中华书局,2006-5-1,460.00元,9.1
1531569,二月河文集,,二月河,,长江文艺出版社,2002-9,560.00元,9.2
2082163,开卷有疑,中国现代史读书札记,杨奎松,,江西人民出版社,2007,39.00元,8.2
1082165,柏杨版资治通鉴,,柏杨,柏杨,中国友谊出版公司,2000-1,750.00,8.6
1490396,中国的1948年两种命运的决战,两种命运的决战,刘统,,生活·读书·新知三联书店,2006-1-1,38.00元,7.6
1410929,唐代政治史述论稿,,陈寅恪,,上海古籍出版社,1997-12-01,10.00,9.3
1043650,中国历史研究法,,梁启超,,上海古籍出版社,1998-12-1,14.80,8.6
1014006,中国近三百年学术史（全两册）,,钱穆,,商务印书馆,1997-12-01,46.00,8.8
24522663,易中天中华史：祖先,,易中天,,浙江文艺出版社,2013-5,29.00元,7.5
1777478,剑桥中国明代史（上卷）,,牟复礼（编）、崔瑞德（编）,,中国社会科学出版社,1992-11-01,88.00元,8.5
3923370,中华人民共和国建国史研究-2,,杨奎松,,江西人民出版社,2009-9,38.00元,8.6
6860955,太平天国,,史景迁,朱庆葆等,广西师范大学出版社,2011-9-30,56.00元,7.7
10553731,中国思想与宗教的奔流：宋朝,讲谈社•中国的历史07,【日】小岛 毅,何晓毅,广西师范大学出版社,2014-2,46.00元,7.7
1315921,古史辨自序,,顾颉刚,,河北教育出版社,2003-12,37.9,9.0
1577735,续资治通鉴长编（全二十册）,,李焘,,中华书局,2004-9,980.00元,9.4
1559571,汉帝国的建立与刘邦集团,军功受益阶层研究,李开元,,生活·读书·新知三联书店,2000,16.80元,8.2
2121038,白话史记（上中下）,白话全译本,(汉)司马迁,,新世界出版社,2007-6,128.00元,8.5
1932533,中国古代都城制度史,,杨宽,,上海人民出版社,2006-10,50.00元,9.0
26627806,中国环境史,从史前到现代,[美]马立博,关永强、高丽洁,中国人民大学出版社,2015-9,87.00,8.4
1437227,中国历史通论,,王家范,,华东师范大学出版社,2000-11,23.00元,8.8
4198018,五百年来谁著史,1500年以来的中国与世界,韩毓海,,九州出版社,2009.12,32.00元,7.3
20516976,海与帝国：明清时代,讲谈社•中国的历史09,(日)上田信,高莹莹,广西师范大学出版社,2014-2,57.00,7.6
1421029,帝国的惆怅,中国传统社会的政治与人性,易中天,,文汇出版社,2005-8,26.00元,7.5
3082942,唐代基层文官,,赖瑞和,,中华书局,2008-5-1,49.00元,8.9
19941530,坐天下很累,中国式权力的九种滋味,张宏杰,,吉林出版集团有限责任公司,2012-10-1,38.00元,8.3
1088525,1957年的夏季,从百家争鸣到两家争鸣,朱正,,河南人民出版社,1998-5,26.00元,8.4
25978734,马伯庸笑翻中国简史,,马伯庸,,北京联合出版公司,2015-2-1,29.90,5.6
3402992,历史大脉络,,许倬云,,广西师范大学出版社,2009-2,39.80元,8.1
26699027,北宋晚期的政治体制与政治文化,,方诚峰,,北京大学出版社,2015-12-1,CNY 45.00,8.8
25828586,从城市国家到中华：殷周 春秋战国,讲谈社•中国的历史02,平势隆郎,周洁,广西师范大学出版社,2014-2,52.00,7.1
20370558,城殇,晚清民国十六城记,张泉,,新星出版社,2012-11-1,38.00元,7.8
26711101,“边缘人”纪事,几个“问题”小人物的悲剧故事,杨奎松,,广东人民出版社,2016-3,56.00元,8.2
24522666,易中天中华史：国家,,易中天,,浙江文艺出版社,2013-5,29.00元,7.6
1596853,饮冰室文集点校,,梁启超,,云南教育出版社,2001-08-01,660.00,9.1
26829546,西洋镜：中国衣冠举止图解,,[英]威廉·亚历山大,邱丽媛,北京理工大学出版社,2016-6-30,128元,7.8
10566123,山海经,中国创世史诗，上古奇幻巨著,徐客,,陕西师范大学出版社,2012-3-1,68.00元,8.3
6772098,北魏平城时代,,李凭,,上海古籍出版社,2011-8-1,38.00元,8.6
1966425,战国策笺证,,范祥雍,,上海古籍出版社,2006-12,160.00元,9.3
1011290,中华上下五千年,,吴兆基、臧瀚之,,京华出版社,2002,69.80元,8.1
25791053,大汉帝国在巴蜀,蜀汉天命的振扬与沉坠,饶胜文,,新世界出版社,2013-9-1,CNY 49.80,8.6
1290266,林汉达中国历史故事集,,林汉达,,中国少年儿童出版社,2003-10,39.00元,9.3
1813875,清代通史(全5册),,萧一山,,华东师范大学出版社,2006-3,580.00元,9.0
6729761,我想重新解释历史,吴思访谈录,吴思,,复旦大学出版社,2011-7,28.00元,7.7
1171967,袁世凯评传（上下）,,刘忆江,,经济日报出版社,2004,80.00元,8.8
3656542,这一次，我们又挨打了,中英第二次鸦片战争始末,端木赐香,,北京航空航天大学出版社,2009-5,29.80元,7.9
3071235,如果这是宋史,壹 大宋开国卷,高天流云,,上海锦绣文章出版社,2008-5,26.80元,7.3
1313715,春秋史,,童书业,,上海古籍出版社,2003-4-1,19.50元,8.4
1220840,1949年：中国知识分子的私人记录,中国知识分子的私人记录,傅国涌,,长江文艺出版社,2005-01,30.00,7.5
4842450,我者与他者,中国历史上的内外分际,许倬云,,生活·读书·新知三联书店,2010-8,19.00元,7.6
10557529,许倬云说历史：大国霸业的兴废,,许倬云,,上海文化出版社,2012-4-1,29.80元,7.5
1010019,中国制度史,,吕思勉,,上海教育出版社,2005-04,50.00,8.6
1033007,关系千万重,,黄仁宇,,生活·读书·新知三联书店,2007-04,15.00,7.7
1834833,中国通史选读,,雷海宗,,北京大学出版社,2006-5,62.00元,8.7
1024528,清史稿(全四十八册),,赵尔巽等撰,,中华书局,1998-06,570.00,8.4
3741483,大动乱的年代,1949-1976年的中国,王年一,,人民出版社,2009-05-01,48.50元,7.9
1011827,西周史,,杨宽,,上海人民出版社,2003-04,60.00元,8.5
1001057,龙旗飘扬的舰队,中国近代海军兴衰史,姜鸣,,生活·读书·新知三联书店,2002-12,38.00元,8.3
1262848,北史（全十册）,,李延寿,,中华书局,1974-10-1,130.00,8.9
26617662,历史深处的民国 叁 重生,,江城,,华文出版社,2015-10,36.0,8.4
1062355,隋书（全六册）,,魏徵,,中华书局,1997-09,73.00,9.1
26821702,从甲午到抗战,对日战争总检讨,唐德刚,,台海出版社,2016-6-1,CNY 45.00,7.9
6827961,1911,,王树增,,人民文学出版社,2011-9-1,60.00元,8.7
10532823,东汉的豪族,,杨联陞,,商务印书馆,2011-12,39.00元,8.2
26355703,我相信中国的前途,,黄仁宇,,中华书局,2015-4,36,7.8
3915177,吕思勉文集,,吕思勉,,上海古籍出版社,2009-7,429.00元,9.8
25828590,始皇帝的遗产：秦汉帝国,讲谈社•中国的历史03,鹤间和幸,马彪,广西师大出版社,2014-2,58.00,7.6
1741716,周恩来与他的世纪,1898-1998,[英] 韩素音,王弄笙 等,中央文献出版社,1992-11,22.00元,8.6
26422141,何草不黄,《汉书》断章解义,鲁西奇,,广西师范大学出版社,2015-6,42元,8.5
26832482,毕竟战功谁第一（精装）,,谭伯牛,,山西人民出版社,2016-7,46,7.8
1876864,祖宗之法,北宋前期政治述略,邓小南,,生活·读书·新知三联书店,2006-9-1,28.50元,8.7
3181961,朱元璋传,,吴晗,,陕西师范大学出版社,2008-9,28.00元,7.6
1489428,国榷（全六册）,,谈迁,张宗祥 注解,中华书局,1958-12,492.00元,9.3
26426977,天命不足畏,王安石变法的细节,高天流云,,北京联合出版公司,2015-5,59.00元,7.6
6390063,唐代中层文官,,赖瑞和,,中华书局,2011-9-20,78.00元,8.7
1142511,中国史通论,内藤湖南博士中国史学著作选译,内藤湖南,夏应元,社会科学文献出版社,2004-01-01,49.00,8.5
1058245,帝国政界往事,公元1127年大宋实录,李亚平,,北京出版社,2004-9,22.0,7.8
26832484,近代史的明媚与深沉（精装）,,谭伯牛,,山西人民出版社,2016-7,46,7.6
1161601,宋史（全四十册）,,[元] 脱脱 等撰,,中华书局,1985-6,880.00元,8.5
1170187,史记,评注本,司马迁、韩兆琦 评注,韩兆琦 注,岳麓书社,2004-5,90.00元,9.1
26437087,国史讲话：上古,上古,顾颉刚,世纪文景,上海人民出版社,2015-7,36.00元,8.3
1433911,唐代长安与西域文明,,向达,,河北教育出版社,2001-11,29.30元,8.5
1982427,大明王朝1566,,刘和平,,人民文学出版社,2007-1-1,59.00元,9.0
26275608,国祚密码,16张图演绎中国历史周期律,姬轩亦,,中国发展出版社,2014-12-1,CNY 38.00,6.8
25828722,三国志的世界：后汉 三国时代,讲谈社•中国的历史04,金 文京,何晓毅、梁蕾,广西师范大学出版社,2014-2,48.00,7.9
26816075,皇帝的影子有多长,,杨念群,,广西师范大学出版社,2016-6,35.00元,6.9
3706510,中国文化思想史九种,,吕思勉,,上海古籍出版社,2009-04-01,59.00元,9.1
26287960,開明中國歷史講義,,王伯祥、宋云彬,,新星出版社,2015-1-1,48.00元,8.2
24859453,这个历史挺靠谱,袁腾飞讲历史（全三册）,袁腾飞,,湖南人民出版社,2013-7-1,CNY 99.00,7.5
1961624,古代中国的历史与文化,,劳榦,,中华书局,2010-1,88.00元,9.0
26920310,看懂中国格局的第一本书,从诸侯到帝国,王伟,,北京出版社,2017-2-11,39.8,8.4
1460080,隋唐史,,岑仲勉,,河北教育出版社,2000,30.20元,8.6
10796984,中古时代的礼仪、宗教与制度,,余欣 主编,,上海古籍出版社,2012-6,88.00元,8.6
2158882,中国启蒙运动,知识分子与五四遗产,[美]舒衡哲（Vera Schwarcz）,刘京建 译、丘为君 校订,新星出版社,2007.08,30.00元,8.5
24849654,中国历代战争史（1-18）,,台湾三军大学,,中信出版社,2013-7-1,1188.00元,9.0
1430444,南北之争与晚清政局,1861~1884：以军机处汉大臣为核心的探讨,林文仁,,中国社会科学出版社,2005-7,17.00元,8.7
26785968,开国之惑,,张鸣,,重庆出版社,2016-6,36.00,8.0
1025137,放宽历史的视界,,黄仁宇,,生活·读书·新知三联书店,2007,19.00,7.9
1444195,北朝村民的生活世界,朝廷、州县与村里,侯旭东,,商务印书馆,2005-11-1,30.00元,8.5
1427402,青铜时代的蕨类战争,,潇水,,天津人民出版社,2005-01,17.00元,8.6
2306962,中国皇权制度研究（上下）,,王毅,,北京大学出版社,2007-10,138.00元,8.8
1464897,明朝的皇帝,,高阳,,广西师范大学出版社,2006-1,36.00元,8.1
1445948,邓广铭全集（全十册）,,邓广铭,,河北教育出版社,2005-7,750.00元,9.3
25751114,易中天中华史：从春秋到战国,,易中天,,浙江文艺出版社,2013-10-31,CNY 29.00,7.8
1962573,剑桥中国明代史（下卷）,剑桥中国史 社科修订版 全十一卷,崔瑞德（编）、牟复礼（编）,史卫民,中国社会科学出版社,2006-12,116.00元,8.6
25828767,末代王朝与近代中国：清末 中华民国,讲谈社•中国的历史10,菊池秀明,马晓娟,广西师范大学出版社,2014-2,48.00元,7.4
2156289,江浙财阀与国民政府（一九二七——一九三七年）,,帕克斯·M·小科布尔,蔡静仪、李臻,南开大学出版社,1987-7,2.20元,9.0
2010704,剑桥中国辽西夏金元史,,傅海波（编）、崔瑞德（编）,史卫民,中国社会科学出版社,1998-8-1,86.00元,8.6
10757884,其实我们一直活在春秋战国,,龙镇,,江苏文艺出版社,2012-6,29.90元,7.7
4843865,失去的机会？,抗战前后国共谈判实录,杨奎松,,新星出版社,2010-6,30.00元,8.2
4248139,唐代藩镇研究,,张国刚,,中国人民大学出版社,2010-1-1,28.00元,8.4
1289199,左传译文,,沈玉成,沈玉成,中华书局,2006-06-01,36.00元,8.7
3435830,悠悠南北朝,三国归隋的统一路,陈羡,,重庆出版社,2009年1月,29.80元,7.6
1866520,明季北略(全二册),,计六奇,,中华书局,2012-6,85.00元,8.9
4747135,中华帝制的衰落,,[美] 魏斐德,邓军,黄山书社,2010-9,32.00元,7.3
6973137,中国古代宇宙观与政治文化,,王爱和,金蕾、徐峰,上海古籍出版社,2011-12,32.00元,7.8
5914500,近代的尺度,两次鸦片战争军事与外交,茅海建,,三联书店,2011-1,38.00元,8.3
20516975,疾驰的草原征服者,辽 西夏 金 元,【日】杉山 正明,乌兰、乌日娜,广西师范大学出版社,2014-2,45.00,7.1
2058145,王立群读《史记》之汉武帝,,王立群,,长江文艺出版社,2007-4,26.00元,8.1
2273650,后汉书,,范晔,,中华书局,2007-08-01,42.00元,9.0
1909748,中国史纲要,,翦伯赞,,北京大学出版社,2006-9,62.00元,7.5
6809193,从中国历史来看中国民族性及中国文化,,钱穆,,九州出版社,2011-7,25.00元,8.7
1971530,中国古代史史料学,,陈高华,,天津古籍出版社,2006-9,42.80元,8.5
26386378,文化不苦旅,重走诸葛亮北伐之路,马伯庸,,四川人民出版社,2015-7-1,CNY 42.80,7.5
2977963,通鉴纪事本末,,（宋）袁枢,,中华书局,1964年10月,18.00元,9.2
3063012,上下五千年（一）,,林汉达、曹余章,,少年儿童出版社,1979-10,0.41元,9.1
1146528,宋论,,[清] 王夫之 著、舒士彦 点校,,中华书局,2003-11,28.00元,8.9
1597252,二十四史全译1-88,,司马迁[西汉]、班固[东汉]、范晔[南朝]、陈寿[西晋]、房玄龄[唐]、梁沈约[南朝]、梁萧子显[南朝]、姚思廉[唐]、魏收[北齐]、李百药[唐]、令狐德棻[唐]、魏征[唐]、李延寿[唐]、刘昫等[后晋]、欧阳修、宋祁[宋]、薛居正[宋]、脱脱[元]、宋濂[明]、张廷玉[清],许嘉璐,汉语大词典出版社,2010年1月1日,12000.0,9.2
6905402,吴姐姐讲历史故事（第1册）,先秦-秦（远古-公元前207年）,吴涵碧,,新世界出版社,2011-8,29.80元,7.8
3566570,中国知青史,大潮（1966～1980）,刘小萌,,当代中国出版社,2009-4,63.00元,8.5
1434309,佛教征服中国,佛教在中国中古早期的传播与适应,[荷]许理和,李四龙,江苏人民出版社,2005-8,32.00元,8.3
1051004,剑桥插图中国史,,[美] 伊佩霞,赵世瑜、赵世玲、张宏艳,山东画报出版社,2001-3,86.00元,7.7
21669196,门槛上的民国,,金满楼,,新星出版社,2013-3-20,28.00元,8.4
1016941,多视角看江南经济史,,李伯重,,生活・读书・新知三联书店,2003-5-1,27.80,8.4
1270592,中国史稿地图集（上册）,,郭沫若,,中国地图出版社,1996-6,25.00元,8.9
3181674,品味奢华,晚明的消费社会与士大夫,巫仁恕,,中华书局,2008-07-01,43.00元,7.9
25778846,易中天中华史：百家争鸣,,易中天,,浙江文艺出版社,2013-12-2,29.00元,8.1
1012114,远东 朝鲜战争,,王树增,,解放军文艺出版社,2005-3,52.00元,8.0
2353973,大明旗号与小中华意识,朝鲜王朝尊周思明问题研究（1637-1800）,孙卫国,,商务印书馆,2007年11月,32.00元,8.7
26821343,封面民国,说说那些上了《时代》周刊的民国政要,: 何小兰、上官人,,东方出版社,2016-7,32,7.6
1351151,China Marches West,The Qing Conquest of Central Eurasia,Peter C. Perdue,,Belknap Press,2005-4-30,USD 35.00,9.0
6430264,曾国藩大传,,林乾、迟云飞,,人民文学出版社,2011-5,50.00元,8.7
20413730,吕思勉讲中国历史,一部深入中国历史骨髓的经典之作,林乾、迟云飞,,人民文学出版社,2011-5,50.00元,8.8
2154838,中国的民族主义和战争,（1925-1945）,方德万,胡允桓,生活·读书·新知三联书店,2007年7月,39.50元,7.9
1247901,中国历代军事战略（上下）,,《中国军事史》编写组 编,,解放军出版社,2006-1,89.00元,8.5
2170797,大义觉迷录,,雍正编篡,张万钧、薛予生编译,中国城市出版社,1999年,28.00,7.7
1322125,明代的漕运,,黄仁宇,,新星出版社,2005-04,25.00,7.8
1869719,中国史,,吕思勉,,上海古籍出版社,2006-07,36.00元,8.5
4922253,历史：何以至此,从小事件看清末以来的大变局,雷颐,,山西人民出版社,2010-8,28.00元,7.9
20282875,蒋介石,一个力行者的思想资源,黄道炫、陈铁健,,山西人民出版社,2012-11-1,48.00元,8.0
2000804,China,Second Enlarged Edition,John King Fairbank、Merle Goldman,,Belknap Press,2006-4-30,USD 30.50,8.8
3605665,中国行政区划通史·总论、先秦卷,,周振鹤、李晓杰,,复旦大学出版社,2009-1,85.00元,9.0
2156281,中國地方行政制度史,秦漢地方行政制度,严耕望,,上海古籍出版社,2007,38.00元,9.1
5378426,末代皇帝溥仪,,喻大华,,中国民主法制出版社,2011-1,39.00元,8.3
6004621,西夏史稿,,吴天墀,,商务印书馆,2010-12-1,36.00元,8.2
2347492,蒙曼说唐：武则天,,蒙曼,,广西师范大学出版社,2008-01,29,8.1
25844023,改变中国,在中国的西方顾问,[美] 史景迁,温洽溢,广西师范大学出版社,2014-4,48.00,7.5
2153605,民国那些人,《中国青年报·冰点周刊》最佳专栏——“钩沉”结集,徐百柯,,中央编译出版社,2007-7,28.00元,7.6
20473477,终极之典,中古丧葬制度研究,吴麗娱,,中华书局,2012-12,98.00元,8.8
26285326,细讲中国历史丛书·宋史,,余蔚,,上海人民出版社,2015-1,48.00,8.3
3117554,清朝的皇帝,,高阳,,广西师范大学出版社,2008-6,78.00元,8.2
1321897,岁月台湾,岁月台湾,秦风,,广西师范大学出版社,2008-8-1,36.0,8.0
1322186,秦汉的方士与儒生,,顾颉刚,,上海古籍出版社,2005-04,30.00,8.7
1460206,未完成的革命,戊戌百年紀,龍應台 編注,,台灣商務,1998 年 11 月 15 日,NT 300,9.7
26586495,隐公元年,,熊逸,,北京联合出版公司,2015-9,48.00元,8.7
4155336,读史的智慧,,姚大力,,复旦大学出版社,2010-1,32.00元,8.4
3833335,两宋风云,袁腾飞讲中国历史,袁腾飞,,陕西师范大学出版社,2009-7,32.00元,7.8
2364983,北周六典（上下）,,王仲荦,,中华书局,2007-12,52.00元,9.5
1801407,苦命天子,咸丰皇帝奕詝,茅海建,,生活·读书·新知三联书店,2006-4,24.00,8.2
1907691,从平城到洛阳,拓跋魏文化转变的历程,逯耀东,,中华书局,2006-9,36.00元,7.7
1119383,中国上古史研究讲义,,顾颉刚,,中华书局,1999-12,19.8,8.7
1042070,历史的经验,,南怀瑾,,复旦大学出版社,2002-6,16.00元,8.5
2378481,明史纪事本末(全四册),,南怀瑾,,复旦大学出版社,2002-6,16.00元,8.7
1845499,纵横十六国,,陈羡,,重庆出版社,2006-5,29.00元,7.3
26298766,魏晋风度,易中天中华史,易中天,,浙江文艺出版社,2015-1,32.00元,7.5
26731102,晚清最后十八年2,从甲午战争到辛亥革命,黄治军,,花城出版社,2016-3,39.90元,8.1
2041304,岳飞传,,邓广铭,,生活·读书·新知三联书店,2007-3,28.00元,7.7
4175453,中国古代官阶制度引论,,阎步克,,北京大学出版社,2010-1-1,CNY 58.00,8.5
3757129,超凡領袖的挫敗,文化大革命在武漢,王紹光,王紅續,中文大學出版社,2009-6,HKD 130.00,
1421650,国史探微,,杨联陞,,新星出版社,2005,22.00,8.3
26285623,周恩来最后600天,,顾保孜、杜修贤,,中国青年出版社,2015-1-1,68.00元,8.4
1116206,新五代史（全三册）,,欧阳修,,中华书局,1974-12-1,36.00,8.7
1660163,中国历史地图集 第一册,原始社会·夏·商·西周·春秋·战国时期,谭其骧,,中国地图出版社,1996-6,54.00元,9.3
20273178,大民小国,20世纪中国人的命运与抗争,余世存,,江苏文艺出版社,2012-10,36.00元,7.6
1063837,隋唐五代史（上、下册）,,王仲荦,,上海人民出版社,2003-04,95.00元,8.5
3620169,体国经野之道,中国行政区划沿革,周振鹤,,上海书店出版社,2009-3,20.00元,8.8
1225697,中国古代简史,,张帆,,北京大学出版社,2001,30.0,8.7
4272356,1945～1949：国共政争与中国命运,国共政争与中国命运,汪朝光,,社会科学文献出版社,2010-02,49.00元,8.1
3360630,宋史十讲,,邓广铭,,中华书局,2008,29.00元,7.8
1027159,国史旧闻(全四册),,陈登原,,中华书局,2000-08,130.00,8.3
1052077,文史传统与文化重建,,余英时,,生活·读书·新知三联书店,2004-8,26.80元,8.9
26860143,易中天中华史  第十七卷：大宋革新,易中天中华史第十七卷,易中天,,浙江文艺出版社,2016-9-15,38.00元,7.8
1687851,中国人口史,,葛剑雄,,复旦大学出版社,2005-1,196.00元,8.5
2594830,从战争中走来：两代军人的对话,张爱萍人生记录,张胜,,中国青年出版社,2008-1,45.00元,8.5
3184339,华丽家族,六朝陈郡谢氏家传,萧华荣,,生活·读书·新知三联书店,2008-08,16.50元,8.0
4179028,史学与史籍七种,,吕思勉,上海古籍出版社,2009,12,54.00元,9.0
1188079,中国历代通俗演义 中国古典名著文库（全10册）,,蔡东藩,,中国和平出版社,1900-01-01,196.00元,8.3
5292367,国史讲话,,顾颉刚,,中华书局,2010-8,12.00元,8.3
4814260,八王乱,西晋那时的权谋诡计,张璟琳,,江苏文艺出版社,2010-4,29.80元,7.8
1012407,先秦诸子系年,,钱穆,,商务印书馆,2001-8,37.00元,8.9
1116853,毛泽东评点二十四史,,毛泽东,,中国档案出版社,1996-05-01,80000.00元,7.8
6526783,蒋介石的人际网络,,汪朝光 编,,社会科学文献出版社,2011-6-1,39.00元,7.8
20282877,决战,毛泽东、蒋介石是如何看待三大战役的,金冲及,,北京大学出版社,2012-11,32.00元,7.2
1998304,中国制度史研究,,杨联陞,彭刚、程钢,江苏人民出版社,2007-3,15.00元,7.8
4117627,千古名将英雄梦（壹）,烈烈先秦,江湖闲乐生,,长江文艺出版社,2009-11,29.80元,8.6
4089734,察举制度变迁史稿,,阎步克,,中国人民大学,2009-9,36.00元,8.7
1465795,天公不语对枯棋,晚清的政局和人物,姜鸣,,生活·读书·新知三联书店,2006年1月1日,29.8元,7.6
1741677,中国革命中的无政府主义,,[美] 阿里夫·德里克,孙宜学,广西师范大学出版社,2006年4月1日,28.80元,7.9
1029847,中国历代行政区划的变迁,,周振鹤,,商务印书馆,1998-11,12.30元,7.9
3518534,柏杨白话版资治通鉴全集,,周振鹤,,商务印书馆,1998-11,12.30元,9.1
24863358,易中天中华史：奠基者,,易中天,,浙江文艺出版社,2013-7,29.00元,8.1
4767027,另一半中国史,,高洪雷,,文化艺术出版社,2010-8,49.80元,7.2
3442805,革命逸史（全三册）,民国史第一书,冯自由,,新星出版社,2009-1,98.00元,8.3
6975218,臺灣不教的中國近代史,,莊魯迅,劉宗德,大是文化,2011-9-27,NT$ 300,8.0
1703299,秦史,,王蘧常,,上海古籍出版社,2000-12,30.00元,8.5
10435397,中国历史精神,,钱穆,,九州出版社,2012-2-1,24.00元,8.7
1045334,北齐书（全二册）,,李百药,,中华书局,1972-11,27.00,8.5
1490542,中国古代史读本（上下）,,陈苏镇，张帆编,,北京大学出版社,2006-1,70.00元,9.1
1073656,经历：我的1957年,我的一九五七年,和凤鸣,,敦煌文艺出版社,2001-03,29.00元,8.6
1778338,清朝全史（上下）,,[日] 稻葉君山,但燾,上海社会科学院出版社,2006-3,120.00元,8.6
5348097,这个天国不太平,有人赞有人骂的太平天国，到底是什么样子？,陶短房,,中华书局,2010.10,30,7.4
2119830,国史要义,,柳诒徵,,上海古籍出版社,2007-3,29.30元,8.9
4164480,中華人民共和國史 第二卷 向社會主義過渡,中國經濟與社會的轉型（1953-1955）,林蘊暉,,香港中文大學當代中國文化研究中心,2009,HK$240,8.2
1011034,品位与职位,秦汉魏晋南北朝官阶制度研究,阎步克,,中华书局,2002-02-01,36.00,8.6
26437144,国史讲话：宋蒙三百年,,顾颉刚,世纪文景,上海人民出版社,2015-7,36.00元,8.0
26612973,易中天中华史:隋唐定局,,易中天,,浙江文艺出版社,2015-10-15,35.00元,7.8
4238851,从混沌到秩序,中国上古地理思想史述论,唐晓峰,,中华书局,2010-1,45.00元,8.4
1214114,秦始皇传,,张分田,,人民出版社,2003-4,38.00元,8.2
1023138,中国古代史,,夏曾佑,,河北教育出版社,2003-11,24.9,8.5
26854269,雍正帝,中国的独裁君主,[日] 宫崎市定,孙晓莹,社会科学文献出版社,2016-7,48,7.8
2156250,中國地方行政制度史,魏晉南北朝地方行政制度,嚴耕望,,上海古籍出版社,2007.03,78.00元,9.2
25745883,夏商周：从神话到史实,,郭静云,,上海古籍出版社,2013-10,148.00元,7.6
2156564,中国古兵器论丛,中国社会科学院文库·历史考古研究系列,杨泓,,中国社会科学出版社,2007年4月,42.00元,8.7
25837963,胡若望的疑问,,史景迁,陈信宏,广西师范大学出版社,2014-3,36.00,7.2
1820511,历代职官表,,（清）黄本骥,,上海古籍出版社发行部,2005-5,68.00元,8.1
1937123,西安事变新探,张学良与中共关系之谜,杨奎松,,江苏人民出版社,2006-11,30.00元,8.5
4145434,中国古代的家族与国家,,(日) 守屋美都雄,钱杭、杨晓芬,上海古籍出版社,2010-03,90.00元,7.8
26383963,西洋镜：海外史料看甲午,东方历史评论·影像（第一辑）,赵省伟 主编,,中国画报出版社,2015-5,58.00 元,7.7
26357810,易中天中华史:南朝，北朝,,易中天,,浙江文艺出版社,2015-4,32.00元,7.6
2126974,中国经济史考证（全三册）,,加藤繁,吴杰,商务印书馆,1959,2.00+1.60+0.90,9.3
25815585,大谋小计五十年：诸葛亮传,,若虚,,江苏文艺出版社,2014-1,36.00,7.7
2173528,編戶齊民,傳統政治社會結構之形式,杜正胜,,联经出版事业公司,1990,NT$480,9.1
7006813,中国原生文明启示录（上中下）,国家开端；文明爆炸；统一文明,孙皓晖,,上海世纪出版集团  ·世纪文景,2012-1,118.00元,7.8
1883137,中华帝国对外关系史(全三册),,马士,张汇文,上海世纪（上海书店）,2006-7,140.00元,8.2
1936152,中国历史年表,,柏杨,,海南出版,2006-11,68.00元,8.4
1685682,中国古代社会史论,春秋战国时期的社会流动,许倬云,邹水杰,广西师范大学出版社,2006-1,22.00元,7.9
26819014,历史的本色,晚清民国的政治、社会与文化,桑兵,,广西师范大学出版社,2016-8,CNY 69.00,8.1
1836621,两汉魏晋南北朝宰相制度研究,,祝总斌,,中国社会科学出版社,1990-10,20.00元,9.2
1171525,国史概要,,樊树志,,复旦大学出版社,2004-06-01,36.00元,7.9
26705271,一寸河山一寸血,长城以北,关河五十州,,浙江人民出版社,2015-11-1,39.80元,8.6
1061239,正说清朝十二帝,,阎崇年,,中华书局,2004-09,29.80元,7.1
25662555,上海书评选萃：谁来决定我们是谁,,葛剑雄 等,,译林出版社,2013-8,35.00,8.2
1958888,严耕望史学论文选集（二册）,,严耕望,,中华书局,2006年12月,68.00元,9.3
2075632,开放的帝国,1600年前的中国历史,[美] 芮乐伟·韩森,梁侃、邹劲风,江苏人民出版社,2007-5,28.00元,7.5
26694140,晚清最后十八年,从甲午战争到辛亥革命,黄治军,,花城出版社,2016-1,42.00,7.6
1748189,隋唐两京丛考,,辛德勇,,三秦出版社,2006-1-1,CNY 15.00,8.9
3272882,王立群读《史记》之秦始皇,,王立群,,广西师范大学出版社,2008-11,26.00元,8.1
1908546,武夫当国,北洋军阀统治时期史话1895-1928(全5册),陶菊隐,,海南出版社,2006-10,128.00元,7.6
2058228,唐史十二讲,,黄永年,,中华书局,2007-04,26.00元,7.7
1665241,中国史稿地图集（下册）,,郭沫若 编,,中国地图出版社,1990-12,25.00元,8.8
19967941,隐匿的疆土,卫所制度与明帝国,顾诚,,光明日报出版社,2012-10,35.00元,8.3
1031725,魏晋南北朝史论集,,周一良,,北京大学出版社,1997-06,32.0,8.6
1678176,唐、吐蕃、大食政治关系史,国学研究丛刊之五,王小甫,,北京大学出版社,1992,20.50,9.0
2173194,中国文化史（上下）,,柳诒徵,,上海三联书店,2007.7,98.80元,8.8
2357740,中国经济史,,侯家驹,,新星出版社,2008-01-01,85.00,8.0
25881733,五代时期北方中国的权力结构,,王賡武,胡耀飛、尹承,中西书局,2014-4,35.00,7.7
1063824,先秦政治思想史,,梁启超,,天津古籍出版社,2003-05,15.00,9.0
6515407,大国海盗,浪尖上的中华先锋,雪珥,,山西人民出版社,2011-6,28.00元,7.9
25969313,易中天中华史：两汉两罗马,,易中天,,浙江文艺出版社,2014-8,32.00元,7.7
3184340,簪缨世家,六朝琅邪王氏家传,萧华荣,,三联书店,2008-08,17.50元,7.6
10757622,夷夏先后说,,易华,,民族出版社,2012-2,46.00元,7.2
6525712,我的朝鲜战争,一个志愿军战俘的六十年回忆,张泽石,,金城出版社,2011-7,48.00元,8.1
2062517,汉代社会结构,,瞿同祖,邱立波,上海人民出版社,2007-04-01,38.00元,8.1
2043305,恋恋红尘,中国的城市、欲望和生活,李孝悌,,上海人民出版社,2007年3月,25.00元,8.0
1315239,中国封建社会,,瞿同祖,,上海人民出版社,2005-05,20.00元,8.3
4219644,古代中国与其强邻,东亚历史上游牧力量的兴起,[美] 狄宇宙,贺严、高书文,中国社会科学出版社,2010-9,45.00元,7.4
20391430,明史讲稿,大学用书,樊树志,,中华书局,2012-10,43.00元,8.2
4214302,蒙曼说唐,长恨歌,蒙曼,,陕西师范大学出版社,2010-1,48.00元,8.3
10799752,曾文正公集（套装共2册）,曾文正公家书 曾文正公日记,曾国藩,,线装书局,2012-6,78.00元,9.4
2568552,帝国政界往事,大清是如何拿下天下的·终结版,李亚平,,天津人民出版社,2014-11-1,25.00元,7.5
4050715,明清福建家族组织与社会变迁,,郑振满,,中国人民大学出版社,2009-9-1,36.00元,9.1
10786646,这个历史挺靠谱2,袁腾飞讲中国史,袁腾飞,,武汉出版社,2012-7,32.80元,7.2
1014339,中国通史,,白寿彝总主编,,上海人民出版社,1989年4月第1次,1060.0,8.3
3605676,逆臣录,,（明）明太祖（敕录）,王天有（点校）、张何清（点校）,北京大学出版社,1991年8月,4.75,7.8
2229217,明清史讲义（上下册）,,孟森,,中华书局,1981一版一次,2.30,9.2
3191676,军绅政权,近代中国的军阀时期,陈志让,,广西师范大学出版社,2008-8,24.00元,7.7
1207500,布局天下,中国古代军事地理大势,饶胜文,,解放军出版社,2006-5-1,21.00元,8.8
3734575,世界历史中的中国,,S.A.M.艾兹赫德,姜智芹,上海人民出版社,2009年7月,59.00元,7.6
2306652,晚清有个李鸿章,,赵焰,,广西师范大学出版社,2007-11-1,25.00元,7.7
5383659,军统第一杀手回忆录1,亲历军统初建时期工作记录,陈恭澍,,中国友谊出版公司,2010-11,29.80元,7.9
2568041,中国的思想与制度,,（美）费正清 编,郭晓兵等译,世界知识出版社,2008-01-01,30.00元,7.9
2371899,魏晋南北朝史（全二册）,王仲荦著作集,王仲荦,,中华书局,2007-12,75.00元,8.5
1959837,柏杨曰,,柏杨,,海南出版社,2006-12-07,78.00元,8.1
5254242,嗜血的皇冠,光武皇帝之刘秀的秀,曹昇,,时代文艺出版社,2010-9,29.80元,8.1
5038827,重读近代史,,朱维铮,,中西书局,2010-8,29.00元,7.5
1423253,洪业论学集,,洪业,,中华书局,1981-3,49.00元,8.9
26290480,历史深处的民国 贰 共和,,江城,,华文出版社,2015-2,36.0元,8.4
24974938,东方历史评论（第2辑）,金山、南洋与离散中国,许知远 主编、绿茶 执行主编,,广西师范大学出版社,2013-8,32.00,8.1
1312716,话说中国(全15册・含索引、DVD),,李学勤,,上海文艺出版社,2005-04,1100.00,9.0
1733783,十七史商榷,,(清)王鸣盛,,上海书店出版社,2005-12,58.00元,9.0
1023084,大门口的陌生人,1839-1861年间华南的社会动乱,[美] 魏斐德,王小荷,中国社会科学出版社,1988-8,3.30元,8.2
26864737,原来你是这样的宋朝,,吴钩,,长江文艺出版社,2016-8-15,38.00,8.4
1008094,春秋左傳注（全四冊）,,杨伯峻,,中华书局,1990-01-01,71.70,9.3
3323331,文白对照全译资治通鉴（第一辑 全三册）,战国 秦 西汉,[宋] 司马光 著、黄锦鋐 主编,台湾二十七位教授,新世界出版社,2008-11,128.00元,9.0
11498237,盛世偏多文字狱,,谭伯牛,,海豚出版社,2013-2,26.00元,7.4
25662880,易中天中华史：青春志,,易中天,,浙江文艺出版社,2013-8,29.00,7.6
1866523,明季南略,,计六奇,,中华书局,1984-12,58.00元,8.7
3768713,帝国往事,国史经典选读,朱学勤 主编、高怀举、魏迪英 编著,,中国人民大学出版社,2009-5,52.00元,8.8
26359102,先秦穿越生存手册,,柳馥,,中国长安出版社,2015-4-12,39.80,7.4
1268724,中国共产党的七十年,,胡绳,,中共党史出版社,2005-04-01,35.00元,7.6
1014817,魏书（全八册）,,（北齐）魏收,,中华书局,1997-09,116.00,8.6
1926856,三国志集解,,卢弼,,中华书局,1982-12,156.00元,9.5
5333575,看得见的城市,东亚三商港的盛衰浮沉录,[荷] 包乐史,赖钰匀、彭昉,浙江大学出版社,2010-11,30.00元,7.7
3067807,中華二千年史,,鄧之誠,,中華書局,1983,15.80,8.4
1260119,隋唐嘉話 朝野僉載,唐宋史料笔记,[唐] 刘餗、程毅中 点校、[唐] 张鷟、赵守俨 点校,程毅中 注解,中华书局,2005-1-1,17.00,8.7
20172199,士与古代封建制度之解体 封建中国的王权和法律,,吴于廑,,武汉大学出版社,2012-7,58.00元,8.1
1025825,古本竹书纪年辑校 今本竹书纪年疏证,,王国维,,辽宁教育出版社,1997-3-1,5.40,8.6
1924500,中国之命运,,王国维,,辽宁教育出版社,1997-3-1,5.40,7.8
10787848,“感觉主义”的谱系,新史学十年的反思之旅,杨念群,,北京大学出版社,2012-7,42.00元,7.8
2040851,北宋政治改革家王安石,,邓广铭,,三联书店,2007-3,21.00元,7.8
4102053,解放战争（下）（1948.10-1950.5）,,王树增,,人民文学出版社,2009-10-1,60.00元,8.1
26823911,易中天中华史：安史之乱,安史之乱,易中天,,浙江文艺出版社,2016-6-25,CNY 35.00,7.5
26419408,清代旅蒙商述略,,秋原,,新星出版社,2015-5,32,9.3
20279747,李岩质疑,明清易代史事探微,顾诚,,光明日报出版社,2012-11,45.00元,8.4
3136231,讲述中国历史（上下卷）,,魏斐德,梁禾,东方出版社,2008-6-1,115.00元,8.0
6535731,历史意识与帝王意志,,杨国强,,中国国际出版集团,海豚出版社,2011-5-12,15.80元,8.1
1174781,中国政治制度史导论,,张鸣,,中国人民大学出版社,2004-6,20.00元,8.4
3512948,甲午战争,,陈舜臣,,重庆出版社,2009-3-1,39.80元,8.0
2211584,立宪派与辛亥革命,,张朋园,,吉林出版集团有限责任公司,2007.08,28.00元,8.2
4882138,1949大撤退,,林桶法,,九州出版社,2011-1,42.00元,7.3
1818351,变局：七千人大会始末,,张素华,,中国青年出版社,2006年6月,38,7.4
1081835,中国历史十五讲,,张岂之,,北京大学出版社,2004-06,30.00,7.3
1006694,南史（全六册）,,李延寿,,中华书局,1975-06,80.00,8.8
2266281,灰皮书，黄皮书,,沈展云,,花城出版社,2007,28.00元,7.7
10535287,天衡,十世纪后期宋辽和战实录,顾宏义,,上海书店出版社,2012-3,38.00元,8.1
3358492,李鸿章与北洋舰队,近代中国创建海军的失败与教训,王家俭,,生活·读书·新知三联书店,2008-12,45.00元,8.7
3174584,十八世纪中国社会,,[美] 韩书瑞、罗友枝,陈仲丹,江苏人民出版社,2008-08,25.00元,7.6
1022267,金史（全八册）,,脱脱,,中华书局,1975-07,196.00元,8.6
1032904,三国史,,马植杰,,人民出版社,2004-03,19.00,8.4
25293942,古人的文化,,沈从文,,中华书局,2013-9-1,CNY 45.00,7.3
4038466,写作大要,,刘孟宇、诸孝正 主编,,中山大学出版社,1984,1.80元,9.0
26804095,百年经济史笔记,,苏小和,,人民东方出版传媒有限公司,2016-5-1,CNY 92.00,7.5
25858046,袁腾飞讲汉末三国（上下）,,袁腾飞,,电子工业出版社,2014-5-1,78.00元,7.7
10576095,中华史纲,港台权威读本,李定一,,中国长安出版社,2012-4,68.00元,8.8
1808600,皇后之死,,柏杨,,人民文学出版社,2006-5,26.00,7.8
1441016,野史记,传说中的近代中国,高芾,,中国社会科学出版社,2005-12-1,29.00元,7.4
3237867,帝国的迷津,近代变局中的知识、人性与爱欲,赵柏田,,中华书局,2008-9,29.00元,7.8
6735681,中华民国史（全十六册）,,中国社会科学院近代史研究所,,中华书局,2011-7-1,990.00元,7.7
1448971,中华通史（1-10卷）,,[台湾]陈致平,,花城出版社,1996-2,338.00元,9.0
1012597,元史（全十五册）,,宋濂、赵埙、王祎,,中华书局,1976-4-1,348.00元,8.6
2003499,唐长孺文存,,唐长孺,,上海古籍出版社,2006-12,68.00元,9.3
1485297,易中天品读汉代风云人物,,易中天,,东方出版社,2006-2,28.00元,7.6
1813083,封建考论,,冯天瑜,,武汉大学出版社,2006-2,45.00元,7.8
1841259,中華民國史事日誌（全四冊）,,周月亮,,长江文艺出版社,2016-11-1,CNY 39.00,8.8
5243494,官阶与服等,,阎步克,,复旦大学出版社,2010-8,20.00元,8.4
1955997,皇帝与皇权,（增订本）,周良霄,,上海古籍出版社,2006-11,28.00元,8.0
4848564,老太监的回忆,,信修明,,北京燕山出版社,1992,3.60,7.0
26700397,故宫如意手记,,何梧桐、王飞飞,,故宫出版社,2015-10,96.00元,8.0
25727497,袁腾飞讲成吉思汗,腾飞五千年,袁腾飞,,湖南人民出版社,2013-10-1,38.00,7.2
1052411,细说两晋南北朝,,沈起炜,,上海人民出版社,2003-03,27.50元,7.6
3094299,宋史丛考,,聂崇岐,,中华书局,1980,3.05,9.2
1087278,元西域人华化考,,陈垣,,上海古籍出版社,1999-03-01,9.30,9.2
1025355,1966,我们那一代的回忆,徐友渔,,中国文联出版公司,1998-10,21.80元,8.2
3077497,走出中世纪二集,,朱维铮,,复旦大学出版社,2008-5,28.00元,8.3
3091586,中国民族史两种,,吕思勉,,上海古籍出版社,2008-05-01,28.00元,8.9
6895232,李山讲春秋五霸,,李山,,江西人民出版社,2011-10,39.80元,7.8
4928309,何处是“江南”？,清朝正统观的确立和士林精神世界的变异,杨念群,,生活·读书·新知三联书店,2010-7,42.00,7.7
6785420,辛亥年,,祝勇,,生活·读书·新知三联书店,2011-8,35.00元,8.0
1659134,古代人牲人殉通论,,黄展岳,,文物出版社,2004-12,138.00元,7.8
6805979,中国中古史研究（第二卷）,中国中古史青年学者联谊会会刊（第二卷）,《中国中古史研究》编委会  编,,中华书局,2011-8,68.00元,8.4
1262810,旧五代史（全六册）,,薛居正,,中华书局,1976-5-1,80.00,8.7
4848553,百年孤影,,羽戈,,东方出版社,2010年6月,32.00元,8.3
2268837,东周列国故事新编（全二册）,,林汉达,,中华书局,1962,2.10,9.5
1259896,中国古代官僚政治制度研究,,吴宗国,,北京大学出版社,2004-11-01,40.00,8.1
1033811,地北天南叙古今,,黄仁宇,,生活·读书·新知三联书店,2001-1,15.00元,7.7
26349445,秦谜,重新发现秦始皇,李开元,,北京联合出版公司,2015-3,48.00,8.2
10532183,天平,十三世纪宋蒙（元）和战实录,顾宏义,,上海书店,2012-3,40.00元,8.3
1495864,中国民间诸神（上下）,,吕宗力、栾保群,,河北教育出版社,2001-1,72.50元,8.1
5360105,被误解的中国,看明清时代和今天,梁柏力,,中信出版社,2010-11-1,42.00元,7.9
3074835,河山集 一集,,史念海,,生活.读书.新知三联书店,1963年,1元,9.2
3014707,前后汉故事新编,,林汉达,,中華書局,1979,2.05,9.0
3770531,北洋海军舰船志,,陈悦,,山东画报出版社,2009-6,36.00元,8.9
26878735,中国国民性演变历程,全新修订版,张宏杰,,湖南文艺出版社,2016-8,42.00元,7.1
2343135,德龄公主回忆录,,德龄,荷莎、苏淼,团结出版社,2007-11,29.80元,6.9
1427514,青铜时代的鳄鱼战争,,潇水,,天津人民出版社,2005-01,18.0,8.7
4265061,民国川边游踪之《西康札记》,,任乃强,,中国藏学,2010-1,21.00元,8.3
4057826,陈布雷回忆录,,陈布雷,,东方出版社,2009-9,58.00元,7.5
1556223,明代的宦官和宫廷,,温功义,,重庆出版社,2000-5,18.0,8.1
25923182,中国龙的发明,16-20世纪的龙政治与中国形象,施爱东,,生活·读书·新知三联书店,2014-6,45.00元,8.5
4137080,被誤解的中國歷史,,羅文興,,海鴿文化,2007-11,NT$249,8.3
3437240,每天学点中国史,,吕思勉,,中央编译出版社,2009.1,29.80元,8.1
2042033,长安的春天,唐代科举与进士生活,杨波,,中华书局,2007-3-27,24.00元,7.6
2305131,内北国而外中国,蒙元史研究,萧启庆,,中华书局,2007-10,128.00元,9.3
1053741,太平天国史（全四册）,,罗尔纲,,中华书局,2000-11,138.00,7.5
1038619,梁书（全三册）,,姚思廉,,中华书局,1973-05,34.00,8.5
10575975,国史纲要,,雷海宗,,武汉出版社,2012-4,29.80元,8.1
1626946,唤醒中国,国民革命中的政治文化与阶级,费约翰,李恭忠、李雪风 等,生活·读书·新知三联书店,2004-10,29.00元,7.8
6894467,血腥的盛唐,,王觉仁,,凤凰出版社,2012-5,29.90元,7.2
1253160,两宋财政史,,汪圣铎,,中华书局,1995-07,46.00,8.5
26282953,大国推手,历史就是这样被改变,上官人,,广东人民出版社,2014-1-1,26.00元,8.5
1015356,南齐书（全三册）,,萧子显,,中华书局,1996-07,40.00,8.7
2157039,延安日常生活中的历史,1937-1947,朱鸿召,,广西师范大学出版社,2007-07-01,30.00元,7.6
3219414,政绩考察与信息渠道,以宋代为重心,邓小南,,北京大学出版社,2008-09-01,52.00元,8.5
1780119,资治通鉴皇家读本（上中下）,张居正讲评,陈生玺,,上海古籍出版社,2006-3,68.00元,8.3
1735469,中国军事通史,,施渡桥、梁巨祥、谢健、王楚良、毛振发,,军事科学出版社,1998-10,1390.00元,8.0
26579185,帝国的溃败,,张鸣,,东方出版社,2015-8-1,39.00元,7.4
26419790,此史有关风与月,,张明扬,,山西人民出版社,2015-6,38.00,7.6
26680990,西洋镜：1907，北京—巴黎汽车拉力赛,东方历史评论·影像（第二辑）,[意] 吕吉·巴津尼,沈弘、邱丽媛,中国画报出版社,2015-10,58,7.8
3545147,史记会注考证（全十四册）,,司马迁,泷川资言,新世界出版社,2009-1,368.00元,8.5
4160733,癫狂的列国 第一卷,从郑庄崛起到晋楚争霸,龙镇,,中信出版社,2009-12,29.00元,8.5
26437121,国史讲话：春秋,,顾颉刚、童书业,世纪文景,上海人民出版社,2015-7,39.00元,7.7
2138422,左传纪事本末,,顾颉刚、童书业,世纪文景,上海人民出版社,2015-7,39.00元,9.0
7056976,明朝那些事儿9 图文精印版,1644，最后的较量,当年明月,,北京联合出版公司,2011-12,28.00元,9.2
3127409,中華人民共和國史. 第十卷 歷史的轉軌,從撥亂反正到改革開放（1979-1981）,当年明月,,北京联合出版公司,2011-12,28.00元,8.5
5392436,魏晋南北朝史论丛续编•魏晋南北朝史论拾遗,,唐长孺,,中华书局,2011-4,47.00元,9.3
3606343,建康实录（全二册）,,许嵩,,中华书局,1986-10,66.00元,8.7
1823677,乌桓与鲜卑,,马长寿,,广西师范大学出版社,2006-6-1,29.00元,9.1
1180231,中国通史 共12卷 22册,,白寿彝,,上海人民出版社,2004-7,1060.00元,8.0
2160404,晚清七十年 【壹】,中國社會文化轉型綜論,唐德剛,,遠流出版社,1998-6-1,TWD 350,8.5
1062168,中国通史（1-10册）,,范文澜，蔡美彪、蔡美彪,,人民出版社,20090701,999.00元,8.1
3392049,北魏政治史（一）,,张金龙,,甘肃教育出版社,2008-10,35.00元,7.8
5283581,中国城市及其文明的演变,,薛凤旋,,世界图书出版公司,2010-12,35.00元,7.3
26262063,袁腾飞讲先秦·战国纵横,,袁腾飞,,电子工业出版社,2015-1-1,40.00,7.3
2972648,The Pattern of the Chinese Past,,Mark Elvin,,Stanford University Press,1973-06-01,USD 27.95,8.3
1277262,孔子传,,钱穆,,三联书店,2005-2,14.80,8.1
3043786,推背图中的历史,,[唐] 李淳风、袁天罡 著、雾满拦江 评释,,中国友谊出版公司,2008-4,35.00元,6.1
21363858,吴姐姐讲历史故事,,吴涵碧,,新世界出版社,2012-12,398.00元,7.7
1067620,辽史(全五册),,脱脱,,中华书局,1974-10,60.00,8.3
25815011,极简中国史,,[法] 勒内·格鲁塞,秦传安,江苏人民出版社,2013-12,45.00元,7.3
25867690,易中天中华史：秦并天下,,易中天,,浙江文艺出版社,2014-4-1,32,7.7
1775178,中华文明史（第一卷）,第一卷,严文明,,北京大学出版社,2006-4,55.00元,8.2
1001165,宋书（全八册）,,沈约,,中华书局,1974-10,95.00,8.6
1543882,中国历史文选（上）,,周予同,,上海古籍出版社,2002-7,22.00元,8.9
1030442,周书（全三册）,,（唐）令孤德棻,,中华书局,1971-11,36.00,8.3
1074659,甲午战争前后之晚清政局,,石泉,,生活·读书·新知三联书店,1997-11,14.80,8.3
26431490,晚明史,修订版,樊树志,,复旦大学出版社,2015-4-1,CNY 98.00,7.7
1659187,古史辨(全七册),,顾颉刚等,,海南出版社,2003-06-01,620.0,8.9
1015961,细说清朝,,黎东方,,上海人民出版社,2003-01,33.0,8.1
1882004,中国上下五千年,,洪和,,北京出版社,2008-1,19.90元,7.7
1431966,历史的坏脾气,晚近中国的另类观察,张鸣,,中国档案出版社,2005-10,22.00元,7.3
4731880,中国历史图谱,,孙占铨 编著,,吉林文史出版社,2010-2-1,29.00元,9.0
4262137,王安石传,,梁启超,解玺璋,陕西师范大学出版社,2010-2,32.00元,7.9
6047667,待兔轩文存,读史卷,李零,,广西师范大学出版社,2011-5,48.00元,8.4
25864487,中国误会了袁世凯,,吕峥,,同心出版社,2014-8,49.90元,7.0
1020061,魏晋南北朝社会生活史,魏晋南北朝社会生活史,朱大渭,,中国社会科学出版社,2005-1-1,53.00元,7.2
20434484,蒙曼说唐-唐玄宗,,蒙曼,,陕西师范大学出版总社有限公司,2013-1,29.80元,9.0
2054401,秦汉官制史稿,,安作璋、熊铁基,,齐鲁书社,2007-1,79.00元,8.7
3799766,唐长孺文集（全八册）,,唐长孺,,中华书局,2011-6-3,580.00元,9.5
1659089,秦制研究,,张金光,,上海古籍出版社,2004-9,98.00元,8.3
3449100,真秦始皇,智取六国,程步,,昆仑出版社,2009-1,26.00元,7.9
3434743,尊严不是无代价的,,萨苏,,山东画报出版社,2009-2-1,29.00,8.1
25835623,亚财政,制度性腐败与中国历史弈局,洪振快,,中信出版社,2014-3-1,CNY 42.00,7.9
1981433,刘师培史学论著选集,,刘师培,,上海古籍出版社,2006－12,66.00元,9.1
2353877,东周与秦代文明,,李学勤,,上海人民出版社,2007-11-1,30.00元,8.3
26821428,活在古代不容易,,史杰鹏,,九州出版社,2016-6,45.00元,7.6
1803229,旧五代史新辑会证（共12册）,,陈尚君,,复旦大学出版社,2005-12,380.00元,9.2
4087570,陈诚回忆录,抗日战争,陈诚,,东方出版社,2009-1,68.00元,7.6
2220623,CCTV百家讲坛·易中天品三国：魏武挥鞭（第一部）,,易中天,,中国国际电视,2006-8-1,105.0,8.6
25907759,中国，被遗忘的盟友,西方人眼中的抗日战争全史,[英]拉纳·米特,蒋永强、陈逾前、陈心心,新世界出版社,2014-6,49.80元,7.6
1893812,明清之际党社运动考,,谢国桢,,上海书店出版社,2006-7,25.00元,8.3
3224761,淮军志,,王尔敏,,广西师范大学出版社,2008.10,39.00元,8.2
10581158,三国志集解（全八册）,,陈寿,卢弼 集解、钱剑夫 整理,上海古籍出版社,2012-6,560.00元,8.6
2236354,百家讲坛 王立群读史记 汉武帝 第二部6片装(DVD),,陈寿,卢弼 集解、钱剑夫 整理,上海古籍出版社,2012-6,560.00元,8.2
2226714,中華民國史稿,,張玉法,,聯經出版事業公司,1998,580NTD,8.3
26293126,中国历史的教训,,习骅,,中信出版社,2015-1,28.00元,6.4
1160760,庚子勤王与晚清政局,,桑兵,,北京大学出版社,2004-4,37.00元,8.2
25902867,易中天中华史：汉武的帝国,,易中天,,浙江文艺出版社,2014-6-18,32.00元,7.8
24863350,易中天中华史：文明的意志与中华的位置,总序,易中天,,浙江文艺出版社,2013-7-1,CNY 12.00,7.4
1028925,中国文明起源新探,,苏秉琦,,三联书店,2000-01,12.00,8.4
3191866,杜甫的五城,一位唐史学者的寻踪壮游,赖瑞和,,清华大学出版社,2008-09,29.00元,8.1
3427166,文史通义,,[清]章学诚、吕思勉 评、李永圻 张耕华 导读整理,,上海古籍出版社,2009,34.00元,9.1
23038612,刘邦与项羽,朱永嘉读史系列,朱永嘉,,中国长安出版社,2013-4,29.80元,8.0
25863405,中国食人史料钞,,朱永嘉,,中国长安出版社,2013-4,29.80元,7.3
1795384,敕勒与柔然,,周伟洲,,广西师范大学出版社,2006,18.00元,8.4
3662224,跨海之战,金门·海南·一江山,刘统,,生活·读书·新知三联书店,2009,48.00元,7.5
3107436,五代十国风云录,,姜狼豺尽,,三峡出版社,2008-1,36.00元,7.2
6042015,三国史,,何兹全,,人民出版社,2011-3,38.00元,8.0
3013085,吕思勉文史四讲,,吕思勉 述、黄永年记,,中华书局,2008-3,28.00元,8.6
25790421,红雨,一个中国县域七个世纪的暴力史,罗威廉 (William T.Rowe),李里峰 等,中国人民大学出版社,2014-1,69.00元,8.2
1320347,曹寅与康熙,一个皇室宠臣的生涯揭秘,[美] 史景迁,陈引弛等,上海远东出版社,2005-05,30.00,7.7
3289279,中国近百年史话,,曹聚仁,,生活·读书·新知三联书店,2008-11,20.00元,7.9
25908462,31人说,我们的中国式人生,曹聚仁,,生活·读书·新知三联书店,2008-11,20.00元,7.9
1734359,古本竹书纪年辑证,,方诗铭、王修龄,,上海古籍出版社,2005-10,28.00元,8.7
3082928,宋辽关系史研究,,陶晋生,,中华书局,2008-05,28.00元,8.0
1052920,吕著中国近代史,,吕思勉,,华东师范大学出版社,1997-09,22.00元,8.0
1011323,曹操传,,张作耀,,人民出版社,2001-01,32.00元,8.2
2270995,悠悠南北朝,宋齐北魏的纷争史,陈羡,,重庆出版社,2007-7,29.00元,7.3
2347011,宋史纪事本末,,谷应泰 撰、河北师范学院历史系 点校,,中华书局,2015-11,168.00,8.0
26314774,战争与爱情,唐德刚作品集之九,唐德刚,,广西师范大学出版社,2015-2,126.00元（上下册）,7.8
10766647,中国历史的教训,,杨师群,,浙江大学出版社,2012-6,48.00元,7.6
6773737,图像学,视觉艺术的意义与解释,陈怀恩,,河北美术出版社,2011-7,86.00元,8.9
3270907,中国古代的王权与天下秩序,从日中比较史的视角出发,渡边信一郎,徐冲,中华书局,2008-10,46.00元,7.6
7056978,明朝那些事儿8 图文精印版,人间再无魏忠贤,当年明月,,北京联合出版公司,2011-10-1,28.00元,9.0
3127408,中華人民共和國史 第八卷 難以繼續的「繼續革命」,從批林到批鄧（1972-1976）,史雲、李丹慧,,香港中文大學當代中國文化研究中心,2008,HKD 380.00,8.4
1967640,长沙.常德.衡阳血战亲历记-国民党将领葛先才将军抗战回忆录,,葛先才,,团结出版社,2007-1,34.8,8.4
3616591,中古北族名号研究,北大民族史文库甲种一号,罗新,,北京大学出版社,2009-3-1,38.00元,8.7
1078776,民国南京1927-1949,,秦风,,文汇出版社,2005-01,39.00,8.0
1040213,秦汉史,,翦伯赞,,北京大学出版社,1999-05,35.00元,8.0
1427396,鸦片战争,一个帝国的沉迷和另一个帝国的堕落,（美）特拉维斯·黑尼斯三世、（美）弗兰克·萨奈罗,周辉荣、杨产新 校,三联书店,2005-8,28.00元,7.3
4291382,宋朝阶级结构,,王曾瑜,,中国人民大学出版社,2010-1-1,46.00元,8.1
4871286,邓广铭治史丛稿,,邓广铭,,北京大学出版社,2010-6-1,62.00元,8.9
3986508,晚清尽头是民国,近现代人物的不寻常命运,思公,,广西师范大学出版社,2009.9,28.00元,7.3
5990879,中国四十年来大事记,,梁启超,,岳麓书社,2010-12,14.00元,9.2
2182760,史记菁华录,,(西汉)司马迁、（清）姚苎田,,上海古籍,2007-5,28.00元,8.8
26411400,中国通史,问题史试探,(日) 堀敏一,邹双双,社会科学文献出版社,2015-12-1,59.00,7.5
25974759,用年表读懂中国史,,马东峰、张景忠,,北京理工大学,2014,32.00元,7.0
4882096,楚史,,张正明,,中国人民大学出版社,2010-7,39.80元,8.2
1956172,南明史,,司徒琳,李荣庆,上海书店出版社,2007-1,35.00元,7.7
11603580,历朝通俗演义,,蔡东藩,,中国书店出版社,2012-8,598.00元,9.0
1003828,中国思想传统的现代诠释,,余英时,,江苏人民出版社,2006-06-01,19.00,8.8
4736966,寻求历史的谜底,近代中国的政治与人物,杨天石,,中国人民大学出版社,2010-3-1,56.00元,8.2
26467045,中国历史地理十五讲,,韩茂莉,,北京大学出版社,2015-6,48.00元,8.4
1109998,唐代科举与文学,,傅璇琮,,陕西人民出版社,1986-10,26.0,8.9
26916336,How the Red Sun Rose,The Origin and Development of the Yan'an Rectification Movement, 1930-1945,Hua Gao,Guo Jian、Stacy Mosher,The Chinese University Press,2017-8-15,USD 70.00,9.0
3706302,学问有道,中国现代史研究访谈录,杨奎松,,九州出版社,2009-05-01,35.00,8.2
1031900,世家大族与北朝政治,,陈爽,,中国社会科学出版社,1998-12,16.00,8.7
1432903,华丽血时代,两晋南北朝的另类历史,梅毅,,陕西师范大学出版社,2005-10,39.80元,7.1
1832259,The Cambridge History of China,Volume 12: Republican China 1912—1949, Part 1,Fairbank, John King,,Cambridge University Press,1983-09-30,USD 180.00,8.9
4044680,贾志刚说春秋之三,晋楚争雄,贾志刚,,广西师范大学出版社,2009-9,29.80元,8.4
2075685,黎东方讲史:细说三国,,黎东方,,上海世纪出版集团（上海人民出版社）,2007-4,28.00元,8.1
26700412,大写西域,,高洪雷,,人民文学出版社,2016-1-1,CNY 86.00,7.6
11534051,简明中国历史读本,,中国社会科学院历史研究所《简明中国历史读本》编写组,,中国社会科学出版社,2012-7,66.00元,7.7
1962745,吕思勉论学丛稿,吕思勉文集,吕思勉,,上海古籍出版社,2006,55.00元,8.8
10796997,中古时代的历史书写与皇帝权力起源,,徐冲,,上海古籍出版社,2012-6,56.00元,8.1
1786494,唐代官制,隋唐历史文化丛书,徐冲,,上海古籍出版社,2012-6,56.00元,8.2
3674537,明朝那些事儿（1-9）,限量版,当年明月,,中国海关出版社,2009-4,358.20元,9.1
26374529,千年悖论,张宏杰读史与论人,张宏杰,,人民文学出版社,2015-4,38.00元,7.7
20412232,1942饥饿中国,饥饿中国,孟磊、关国锋、郭小阳、等,,中华书局,2012-12-1,30.00元,8.0
4082291,中华大帝国史,,胡安·冈萨雷斯·德·门多萨,孙家堃,中央编译出版社,2009.10,39.00元,7.7
3206892,四大禁书与性文化,,钟雯  著,,哈尔滨出版社,1993-7-1,15.80元,7.4
3039864,东周列国志（上下册）,,（清）蔡元放、（明）冯梦龙,刘国辉,时事出版社,1995.6,45.00,7.6
10518802,战后东北接收交涉纪实,以张嘉璈日记为中心,伊原泽周,,中国人民大学出版社,2012-3-1,36.00元,7.9
26262060,袁腾飞讲先秦·上古春秋,,袁腾飞,,电子工业出版社,2015-1-1,38.00,6.9
26438503,中国人的教训（上册）,,李国文,,北京大学出版社,2015-7-1,48.00元,7.8
26363074,绍兴十二年,,夏坚勇,,江苏凤凰文艺出版社,2015-3,38.00,7.2
2013457,中国近代通史（第7卷）,国共合作与国民革命,王奇生,,江苏人民,2006-7,43.00元,8.2
3783004,湘军崛起,近世湖南人的奋斗史,谭伯牛,,山西人民出版社,2009年,45.0,7.8
1823679,吐谷浑史,,周伟洲,,广西师范大学出版社,2006-6,26.00元,8.1
4849839,辽金史论,,刘浦江,,辽宁大学出版社,1999-5,25.00元,9.1
2057348,戊戌变法史研究,,黄彰健,,上海书店出版社,2007-3,90.00元,9.1
26710752,中国社会经济史讲稿,,钱穆、叶龙 记录整理,,北京联合出版公司·后浪出版公司,2016-3,29.80元,8.0
6313759,中国古代史研究导引,,范金民 等编著,,南京大学出版社,2011-5,58.00元,8.7
1116854,毛泽东阅点资治通鉴,全十册,本社 编,,中国档案出版社,1998-2,1980.00元,7.7
3798874,大秦帝国(套装全6部11卷),,孙皓晖,,河南文艺出版社,2008年,369.0,8.8
3025391,两宋史研究汇编,,刘子健,,联经出版事业公司,1987-11,新台幣300元,9.1
3761503,国民党：1937,惨烈悲壮的抗日战争正面战场,苏冀鲁,,国防大学出版社,1993-11,5.60元,8.4
2229435,葛剑雄写史,中国历史的十六个片断,葛剑雄,,上海书店出版社,2007-8,22.00元,7.7
2078973,Empire at the Margins,Culture, Ethnicity, and Frontier in Early Modern China,Pamela Kyle Crossley、Helen F. Siu、Donald S. Sutton (Editors),,University of California Press,2006-1-19,USD 68.95,8.3
2156251,唐仆尚丞郎表,严耕望史学著作集,严耕望,,上海古籍,2007.03,88.00元,9.4
11516363,私信@他们,跨越时空的对话,绿茶 编,,新星出版社,2012-8-30,28.00元,7.7
10775944,乾隆十三年,,高王凌,,经济科学出版社,2012-6-1,32.00元,6.9
1135064,绎史（共10册）,,（清）马骕  撰，王利器  整理,,中华书局,2002-01-01,280.00元,8.5
1205653,大秦帝国（第一部 上下）,黑色裂变,孙皓晖,,河南文艺出版社,2001-9,42.00元,9.1
1799945,南凉与西秦,,周伟洲,,广西师范大学出版社,2006-5,22.00元,8.5
3258994,1898年中国故事,,马勇 著,,中华书局,2008-10,29.00元,8.4
7057595,旧闻中国,巨变时刻的历史碎片,马勇 著,,中华书局,2008-10,29.00元,6.8
3671443,唐史并不如烟（第一部）,大唐开国,曲昌春,,辽宁教育出版社,2009-4,29.80元,6.9
1825042,明清史论著集刊（上下）,,孟森,,中华书局,2006-4,54.00元,9.2
1062739,战国策注释-全三册,,何建章,,中华书局,1990-2,148.00元,8.8
3037210,汉口,一个中国城市的冲突和社区(1796-1895),[美] 罗威廉,鲁西奇、罗杜芳,中国人民大学出版社,2008-3,45.00元,8.2
3671839,唐代的长安与洛阳（地图篇）,,[美] 罗威廉,鲁西奇、罗杜芳,中国人民大学出版社,2008-3,45.00元,8.1
1016468,唐：日落九世纪,,赵益,,陕西师范大学出版社,2004-10,35.00,8.1
3183094,许倬云观世变,,许倬云,,广西师范大学出版社,2008.8,36.00元,8.1
3409620,东周列国志,,（明）冯梦龙 著,（清）蔡元放 改编,中华书局,2009-1,32.00元,9.1
4127995,文化的江山（上下册）,重读中国史,刘刚、李冬君,,山西人民出版社,2009-11-1,58.00元,7.4
1059204,蒋介石评传（上、下）,,李敖,,中国友谊出版社,2004-08,48.00元,7.2
1762763,清代宫廷生活,,万依,,生活.读书.新知三联书店,2006.03,108.00元,9.1
25859678,大宋帝国三百年1,赵匡胤时间（上）,金纲,,江苏文艺出版社,2014-4,48.00元,7.4
2678184,帝国政界往事,大清是如何拿下天下的,李亚平,,天津人民出版社,2014-11-1,28.00元,7.5
1090705,观察中国,,费正清,傅光明,世界知识出版社,2001-9-1,24.00元,7.8
3610242,清实录（全60册）,,本社 编,,中华书局,2008-11,19000.00元,9.2
1491757,五代十国制度研究,,杜文玉,,人民出版社,2006-1-1,CNY 39.00,7.5
3024498,晚明七十年,,十年砍柴,,陕西师范大学出版社,2007年9月,24.80元,7.4
25813296,巾帼宰相上官婉儿,,于赓哲,,陕西师范大学出版总社有限公司,2014-1-1,CNY 25.00,7.6
26756377,易中天中华史15：女皇武则天,女皇武则天,易中天,,浙江文艺出版社,2016-3-1,CNY 35.00,7.1
2019427,蔡东藩历史演义全书,,易中天,,浙江文艺出版社,2016-3-1,CNY 35.00,7.8
10482770,银线,19世纪的世界与中国,林满红,詹华庆、林满红,江苏人民出版社,2011-11,34.00元,8.2
2225849,成败之鉴,陈立夫回忆录,陳立夫,,正中書局,1994-6,480,7.7
3278822,鞑靼征服中国史 鞑靼中国史 鞑靼战纪,,[西班牙]帕莱福等,何高济,中华书局,2008-11,30.00元,6.6
10471333,叫魂,1768年中国妖术大恐慌,[美] 孔飞力,陈兼、刘昶,生活·读书·新知三联书店 上海三联书店,2012-5,38.00元,8.9
2113721,魏晋南北朝的社会,,蒙思明,,上海世纪出版集团（上海人民出版社）,2007-4,25.00元,7.4
3052678,弱国的外交,面对列强环伺的晚清世局,王尔敏,,广西师范大学出版社,2008-4,30.00,8.2
3673760,郭汝瑰回忆录,,郭汝瑰,,中共党史出版社,2009-5,29.80元,7.3
1909747,春秋左传研究,,童书业,童教英 注解,中华书局,2006-8,29.00元,8.8
1210773,商文明,,张光直,张良仁,辽宁教育出版社,2002-2-1,30.00元,8.7
3101063,1644：帝国的疼痛,,聂作平,,中华书局,2008-6,29.00元,8.1
25763573,中国的历史,第二卷：大统一时代&汉王朝的光和影,陈舜臣,郑民钦,福建人民出版社,2013-11,39.8,8.9
3227270,大商人,影响中国的近代实业家们,傅国涌,,中信出版社,2008-10,45.00元,7.9
1775694,从历史看组织,,许倬云,,上海人民出版社,2006,18.00元,7.5
1020089,宋史,,陈振,,上海人民出版社,2003-04,48.00,7.5
4850845,魏晋南北朝史十二讲,,周一良,,中华书局,2010-7,29.00元,7.8
24739557,民国的忧伤,民国初年的宪政传奇,祝勇,,东方出版社,2013-6,38.00元,7.8
1832239,The Cambridge History of Ancient China,From the Origins of Civilization to 221 BC,Michael Loewe、Edward L. Shaughnessy,,Cambridge University Press,1999-3-13,USD 244.99,8.3
1007233,温故戊戌年,张建伟历史报告 晚清篇,张建伟,,作家出版社,1999-12,22.00,8.7
3428289,康熙王朝,,胡忠良,,中国青年,2009-1,35.00元,8.4
1044796,上海警察，1927―1937,,（美）魏裴德,章红、陈雁、金燕、张晓阳,上海古籍出版社,2004-08,40.00,7.8
1427297,青铜时代的蜥蜴战争,,潇水,,天津人民出版社,2005-01,17.00元,8.7
2159877,增补本李秀成自述原稿注,,罗尔纲,,中国社会科学出版社,1995,21.00,8.7
1039510,中国历史纪年表,,万国鼎,,中华书局,2004-06,12.00元,9.0
1559800,审讯汪伪汉奸笔录（上下）,,南京市档案馆 编,,凤凰出版社,2004-4,92.00元,8.9
3276833,如果这是宋史2·太宗、真宗卷,,高天流云,,上海锦绣文章出版社,2008-11,28.00元,7.4
4221512,小说十八史略（全五册）,,陈舜臣,廖为智,新星出版社,2010.01,168.00元,7.7
4293430,并未远去的背影,,王彬彬,,广东人民出版社,2010-1,32.00元,8.1
4716141,恶魔在徘徊,20世纪战争的回顾与反思,王彬彬,,广东人民出版社,2010-1,32.00元,8.4
1169053,明代宦官与三案,,温功义,,重庆出版社,2004-5,31.00元,8.7
2567326,从大历史的角度读蒋介石日记,,黄仁宇,,九州出版社,2008-1,38.00元,8.1
26646622,生活在宋朝,,吴钩,,长江文艺出版社,2015-10,36.80,7.5
1913303,寻找英雄,抗日战争之民间调查,田川,林平芳,国别：中国大陆,广西师范大学出版社,2006-6,24.00元,8.8
1544166,唐代中书门下体制研究,公文形态·政务运行与制度变迁,刘后滨,,齐鲁书社,2004-1-1,25.00元,8.4
20399478,拓边西北,北宋中后期对夏战争研究,曾瑞龙,,北京大学出版社,2013-1,35.00元,8.6
1545957,求索真文明,,朱维铮,,上海古籍出版社,1997-04-01,24.20,8.8
1116208,二十五史补编（全六册）,,本书编委会 编,,中华书局,1995-02,780.00元,9.0
24324967,中国古代国家的起源与王权的形成,,王震中,,中国社会科学出版社,2013-3-1,CNY 90.00,7.4
1009852,细说三国,,黎东方,,上海人民出版社,2003年3月,23.00元,7.9
26504629,家人父子,由人伦探访明清之际士大夫的生活世界,赵园,,北京大学出版社,2015-8,39.00元,7.8
26694664,遗失在西方的中国史,法国彩色画报记录的中国1850-1937,赵省伟、李小玉  编译,,中国计划出版社,2016-1,198元,8.2
1844508,先秦史十讲,,杨宽,,复旦大学出版社,2006-6,28.00元,7.7
4737530,吕著史地通俗读物四种,,吕思勉,,上海古籍出版社,2010-03,28.00元,8.4
24890099,盛世的疼痛,中国历史中的蝴蝶效应,祝勇,,东方出版社,2013-7,39.00,7.8
2129589,清代野记,近代史料笔记丛刊,梁溪坐观老人,,中华书局,2007-06,20.00元,8.0
1839996,近代中国史事日志,,郭廷以,,中华书局,1987年,23.1元,7.9
1097745,中国转向内在,两宋之际的文化内向,[美] 刘子健,赵冬梅,江苏人民出版社,2002-1,12.00元,8.0
2073583,大明王朝的最后十七年,,樊树志,,中华书局,2007-4-1,29.00元,7.5
5269121,中国历史与文化入门,,[美] 斯科特·摩顿、卢其敦,陈西帆,世界图书出版公司,2010-11,28.00元,7.6
26868410,军机处二百年,,袁灿兴,,华中科技大学出版社有限责任公司,2016-9-1,CNY 48.00,7.4
1451359,夏商社会生活史,夏商社会生活史,宋镇豪,,中国社会科学出版社,2005,98,7.6
2211629,梁启超与民国政治,,张朋园,,吉林出版集团有限责任公司,2007-8,25.00元,8.3
1511946,细说中国历史丛书(1-9册),,,,上海人民出版社,1900-01-01,220.3,7.8
2257605,门阀旧事,,倪政兴,,中国长安出版社,2007-10,29.80元,7.3
1044432,选举社会及其终结,秦汉至晚清历史的一种社会学阐释,何怀宏,,生活·读书·新知三联书店,1998-12-01,22.50,7.5
3882367,先秦史十讲,,徐中舒,,中华书局,2009-08,29.00元,8.1
3426791,大地主刘文彩,,笑蜀,,广东人民出版社,2008-12,38.00元,7.5
2977980,解秘中国古代战争,,袁庭栋,,山东画报,2008-1,21.00元,8.0
2251772,北方民族史十论,,姚大力,,广西师范大学出版社,2007-9,32.00元,9.0
25787045,辽宋夏金史讲义,,邓广铭,,中华书局,2013-11,28.00元,8.1
3142329,唐朝那些事儿,,钓雪人,,天津人民出版社,2008-05,27.80元,7.7
6902724,永乐风云1,绝地惊涛,殷明,,陕西师范大学出版总社有限公司,2011-11-11,26.00元,8.4
26659442,宋史纪事本末（全二册）,,陈邦瞻 编,,中华书局,2015-11,128.00,7.9
20391403,魏晋南北朝隋唐史讲义,,唐长孺,,中华书局,2012-10,23.00元,7.5
4149603,十年中越戰爭,,倪創輝,,天行健出版社,2009-9,HK$249,7.1
1169374,梁漱溟自述,,郑大华 编,,河南人民,2004-1,16.00元,8.1
6854982,《春秋》与“汉道”,两汉政治与政治文化研究,陈苏镇,,中华书局,2011-9-1,88.00元,8.9
5990877,中国民族史,,吕思勉,,岳麓书社,2010-12,24.00元,8.5
4722852,天崩地解,1644大变局,汗青,,山西出版集团·山西人民出版社,2010年3月,29.80元,8.0
26276637,先秦古国志,,林屋公子,,华文出版社,2015-1-1,39.80元,7.8
1548653,瞿同祖法学论著集,,瞿同祖,,中国政法大学出版社,2004-01-01,34.00元,9.2
1058433,清史稿（全四册）,,赵尔巽、等,,中华书局,1998-01,330.00,8.5
3182322,民国政制史（上、下）,,钱端升,,世纪文景 上海人民出版社,2008-8-1,85.00元,8.6
20492088,中国历代战争史（第4册）,三国,台湾三军大学,,中信出版社,2013-1,49.80元,8.7
25926549,师友杂忆,,田余庆,,海豚出版社,2014-6-1,15.80元,7.2
2173196,抗战与战后中国,,杨天石,,中国人民大学出版社,2007-7,49.80元,7.8
1000647,孔子的故事,,李长之,,北京出版社,2002-01-01,9.00,8.0
10527097,中国历史上的纪年,,刘乃和,,海豚出版社,2012-4,15.80元,8.4
1069473,中国古史的传说时代,,徐旭生,,广西师范大学出版社,2003-10,24.80元,8.9
1022461,中国历代帝王世系年表,,杜建民,,齐鲁书社,1995-02,8.00,8.8
1289201,两汉纪,《汉记》、《后汉记》,荀悦,袁宏,中华书局,2005-3,72.00元,8.2
1950598,史华慈论中国,,史华慈,,新星出版社,2006-11,52.00元,7.8
3044845,秦汉史论丛,,廖伯源,,中华书局,2008-3,48.00元,8.2
1732805,五胡录,,火焰塔,,中国三峡出版社,2006-1,39.8,7.5
10532173,天倾,十至十一世纪宋夏和战实录,顾宏义,,上海书店出版社,2012-3,36.00元,7.6
2311308,满洲人在东北,,（苏）格·瓦·麦利霍夫,黑龙江哲学社会科学研究秘第三室,商务印书馆,1976年,0.94,7.5
5912636,天下,,韩毓海,,九州出版社,2011-1-10,39.80元,8.1
1975581,丁零.高车与铁勒,,段连勤,,广西师范大学出版社,2006-12,45.00元,8.2
1199068,中国通史故事（上.中.下）,,本社,,中国少年儿童出版社,1995-10,98.00元,9.2
3087269,東魏北齊的統治集團,,本社,,中国少年儿童出版社,1995-10,98.00元,8.1
26607789,宫崎市定中国史,,宫崎市定,焦堃、瞿柘如,浙江人民出版社,2015-11-1,CNY 58.00,8.0
3017243,中国十八省府,,盖洛,沈弘 等,山东画报出版社,2008-3,28.00元,7.7
2158562,社会主义中国不容诬蔑,批判安东尼奥尼拍摄的题为《中国》的反华影片,人民体育出版社 编辑,,人民体育出版社,1974-6,0.17元,5.3
1906683,国家力量与中国经济的历史变迁,,程念祺,,新星出版社,2006,32.00元,7.6
2239329,匈奴史稿,,陈序经,,中国人民大学出版社,2007-8-1,39.80元,7.8
3127403,中華人民共和國史 第五卷 歷史的變局,從挽救危機到反修防修（1962-1965）,陈序经,,中国人民大学出版社,2007-8-1,39.80元,7.8
6148964,勝利的困境,中華人民共和國的最初歲月,周傑榮（Jeremy Brown）、畢克偉（Paul G. Pickowicz）,姚昱 等,中文大學出版社,2011-7,USD 29.00,
3085517,在台湾,国学大师的1949,周为筠,,金城出版社,2008年5月,32.00,7.5
2364988,北周地理志（全二册）,王仲荦著作集,王仲荦,,中华书局,2007-12,85.00元,8.9
5391197,蔣公日記1945-1949,從巔峰到谷底的五年,郝柏村 批注,,天下文化,2010-12-10,新台币3500元,7.4
26718075,史想录,,傅国涌,,中华书局,2016-3,54,7.5
2279358,偽軍,強權競逐下的卒子（1937-1949）,劉熙明,,稻鄉出版社,2002,NT$  600 元,7.1
3029848,史记精讲,,韩兆琦,,中国青年出版社,2008-3-1,29.80元,7.5
1054919,和珅秘传(上下),,兴华,,国家图书馆出版社,2003-7,39.80元,6.6
1022556,秦汉史,秦汉史,林剑鸣,,上海人民出版社,2003-04,72.00元,7.7
2047450,中国历史纪年表,,方诗铭,,上海人民出版社,2007-3,16.00元,9.0
1034967,元史,,周良霄，顾菊英,,上海人民出版社,2003-04,59.00元,7.9
1877658,中国文化与世界文化,在台湾清华大学的系列演讲等,许倬云,,广西师范大学出版社,2006-9,24.00,8.2
2077135,孟宪实讲唐史,孟宪实讲史,孟宪实,,广西师范大学出版社,2011-10,25.00元,7.7
3628934,晚清七十年 【伍】,袁世凱、孫文與辛亥革命,唐德剛,,遠流出版社,1998-6-1,TWD 280,8.8
3093436,三朝北盟会编（全二册）,,[宋]徐梦莘,,上海古籍出版社,2008,270.00元,9.4
6968244,西晋风云（上卷）,,孙峰,,重庆大学出版社,2011-10,39.80元,8.2
3100598,中国思想史纲,,侯外庐,,上海书店,2008-4,45.00元,8.3
1326754,这些从秦国来,中国问题论集,赫德,,天津古籍出版社,2005-1,16.00元,8.0
24700735,梅花喜神谱,,宋伯仁,,浙江人民美术出版社,2013-4,28.00元,8.6
1446004,活着的传统,十八世纪中国的经济发展和政府政策,高王凌,,北京大学出版社,2005-8,20.00元,8.1
1660719,走向世界的挫折,郭嵩焘与道咸同光时代,汪荣祖,,岳麓书社,2000-10,17.50元,8.0
10791843,这个历史挺靠谱3,袁腾飞讲世界史,袁腾飞,,武汉出版社,2012-7,36.00元,7.7
1808605,帝王之死,,柏杨,,人民文学出版社,2006-5,19.00元,7.8
1255976,续资治通鉴（全十二册）,,毕沅,,中华书局,1999-08,478.00元,7.9
3104574,义理与事功之间的徊徨,曾国藩、李鸿章及其时代,杨国强,,三联书店,2008-06,15.00,8.2
5924978,蒙古帝国,,易强　著,,世纪文景 上海人民出版社,2011-3,36.00元,8.3
3063921,真名士自风流,——谢安这个人,刘雅茹,,天津教育出版社,2008-4,24.80元,7.9
1774882,历史的底稿,晚近中国的另类观察II,张鸣,,中国档案出版社,2006-5,25.00,7.3
2188069,蒋介石与南京国民政府,,杨天石,,中国人民大学出版社,2007-7-1,CNY 49.80,7.5
5380883,天朝的狂欢,义和团运动兴衰史,鹤阑珊,,广西师大,2010-10,25.00元,8.1
26359024,近观中古史,侯旭东自选集,侯旭东,,中西书局,2015-3-1,CNY 65.00,9.2
10734411,论曹操,读《三国志·魏书·武帝纪》,朱永嘉,,上海社会科学院出版社,2012-5,36.00元,7.5
3027063,宋代研究工具书刊指南,,包弼德,,广西师范大学出版社,2008年3月,28.80元,8.6
1048535,崇祯传,,樊树志,,人民出版社,1997-11,30.10元,8.5
1058910,明季滇黔佛教考（全二册）,外宗教史论著八种,陈垣,,河北教育出版社,2003-12,35.80元,9.2
1830467,刀锋上的文明,宋辽金西夏的另类历史,梅毅,,中国海关,2006-6,39.80元,7.2
4019637,被遗忘的盛世,,张嵚,,九州出版社,2009-10,29.80元,7.9
1030706,回首文革,中国十年"文革"分析与反思,张化 苏采青,,中共党史出版社,2004-04,108.00,6.8
