"1068920","飘（上下）","","[美国] 玛格丽特·米切尔","李美华","译林出版社","2000-9","40.00元","9.3"
"1085860","基督山伯爵","","大仲马","周克希、韩沪麟","上海译文出版社","1991-12-1","43.90元","8.9"
"1083428","傲慢与偏见","","[英] 奥斯丁","张玲、张扬","人民文学出版社","1993-7","13.00元","8.8"
"2154960","一个陌生女人的来信","","[奥] 斯台芬·茨威格","张玉书","上海译文出版社","2007-7","20.00元","8.7"
"1141406","简爱","","[英] 夏洛蒂·勃朗特","","世界图书出版公司","2003-11","18.00元","8.5"
"1205054","悲惨世界（上中下）","","[法] 雨果","李丹、方于","人民文学出版社","1992-6","66.00元","8.9"
"1119522","呼啸山庄","","艾米莉·勃朗特","张扬、张玲","人民文学出版社","1999-1","27.30元","8.4"
"1064275","老人与海","","海明威","吴劳","上海译文出版社","1999-10","8.20元","8.3"
"1007433","红与黑","","司汤达","郭宏安","译林出版社","1993-7-1","20.00","8.1"
"1051193","麦琪的礼物","欧·亨利短篇小说经典","[美] 欧·亨利","张经浩","上海社会科学院出版社","2003-7","25.00元","8.6"
"1024197","巴黎圣母院","","[法]雨果","陈敬容","人民文学出版社","1982-6","22.50元","8.3"
"1083477","包法利夫人","","福楼拜","李健吾","人民文学出版社","2003-01","12.00","7.8"
"1007772","双城记","","查尔斯・狄更斯","石永礼","人民文学出版社","1996-08","14.10","8.2"
"1013380","茶花女","","小仲马","王振孙","外国文学出版社","1997-03-01","9.00","8.1"
"1205370","羊脂球","","（法）莫泊桑","柳鸣九","北京燕山出版社","2007-6","13.50元","8.1"
"1010472","安娜·卡列尼娜（上下）","","[俄罗斯] 托尔斯泰","草婴","上海文艺出版社","2004-7","120.00元","8.4"
"1013469","战争与和平（全四册）","","[俄] 列夫·托尔斯泰","刘辽逸","人民文学出版社","1997-12","59.00元","8.6"
"1005918","堂吉诃德","","塞万提斯、屠孟超","屠孟超","译林出版社","2002-7-1","35.00元","7.9"
"1255288","复活","世界文学名著文库·普及本","[俄]列夫·托尔斯泰","汝龙","人民文学出版社","1979年03月","19.90元","8.0"
"1012637","牛虻","","伏尼契(爱尔兰)","李良民","中国青年出版社","1953-07","13.90","8.2"
"1174721","丧钟为谁而鸣","","海明威","程中瑞","上海译文出版社","2004-6","28.00元","8.4"
"1254731","欧·亨利短篇小说选","","[美] 欧·亨利(O’Henry)","王永年","人民文学出版社","2003-01","15.00元","8.8"
"2174410","名利场","","[英]萨克雷","荣如德","上海译文出版社","2007-7","33.00元","8.2"
"1427288","小妇人","","（美）路易莎・梅・奥尔科特","刘春英、陈玉立","译林出版社","2004-01","15.00","8.4"
"1006197","哈姆莱特","","[英] 莎士比亚","朱生豪","人民文学出版社","2001-1","7.00元","8.4"
"1014144","大卫·科波菲尔（上下）","","（英）狄更斯","庄绎传","人民文学出版社","2003-03","35.00","8.3"
"2364762","唐璜（上下册）","","拜伦","查良铮","人民文学出版社","2007-12","44.00元","8.7"
"1013502","钢铁是怎样炼成的","","[苏] 尼·奥斯特洛夫斯基","曹缦西、王志棣","译林出版社","1996-10","20.00元","7.6"
"1051714","等待戈多","","[爱尔兰] 萨缪尔·贝克特","施咸荣","人民文学出版社","2002-1","6.80元","8.2"
"1011228","远大前程","","（英）狄更斯","主万、叶尊","人民文学出版社","2004-8","24.00","8.3"
"1203251","雾都孤儿","","[英]狄更斯","荣如德","上海译文出版社","1991-7","5.3","8.1"
"1035848","一千零一夜","","纳训","","人民文学出版社","2003-01","22.0","8.6"
"1016003","鲁滨逊漂流记","","[英] 笛福","马静","广西民族出版社","2002-1","9.20元","8.0"
"1279212","十日谈","","薄迦丘","钱鸿嘉","江苏译林","1994-7-1","19.50元","7.5"
"1430530","汤姆叔叔的小屋","","（美）斯托夫人（Stowe,H.B.）","林玉鹏","译林出版社","2006-6","23.80元","8.2"
"1085021","蝴蝶梦","","[英] 达夫妮·杜穆里埃","林智玲 程德 译、陆谷孙 校","上海译文出版社","2002-3","16.00元","8.2"
"1203244","三个火枪手","","大仲马","郝运","上海译文出版社","1996-3-1","27.2","8.2"
"1885262","笑面人","","雨果","鲁膺","上海世纪出版集团（上海译文出版社）","2006-8","17.00元","8.6"
"1035478","静静的顿河（全四册）","","[苏] 肖洛霍夫","金人","人民文学出版社","1988-9","96.00元","8.6"
"24935031","战争与和平","","(俄)列夫·托尔斯泰","草婴","北京联合出版公司","2014-1","68.80元","9.3"
"1186350","红字","","霍桑","胡允桓","人民文学出版社","1996-6","11.40元","7.8"
"26745030","陌生女人的来信","孟京辉作序推荐版","【奥】斯蒂芬·茨威格","沈锡良","云南人民出版社","2016-4","32.00元","8.8"
"1258498","项链","莫泊桑中短篇小说选","[法] 莫泊桑","顾加琛 等","河北教育出版社","2005-2","28.00元","8.3"
"1075371","马丁·伊登","","（美）杰克・伦敦","殷惟本","人民文学出版社","2004-01","18.00元","8.7"
"1035477","德伯家的苔丝","","[英] 哈代","张谷若","人民文学出版社","1984-07","25.50","7.8"
"1373788","玩偶之家","","易卜生","劉森堯","書林","2001-12","新台币180元","8.2"
"1093098","爱玛","","[英] 简·奥斯丁","孙致礼","译林出版社","2001-8","19.00元","7.8"
"1119528","高老头","","(法)巴尔扎克","傅雷","人民文学出版社","1989-09-01","5.60","7.9"
"1012117","仲夏夜之梦","中英文对照全译本","[英] 莎士比亚","朱生豪","中国国际广播出版社","2001-6","7.50元","8.2"
"1000856","我是猫","","[日]夏目漱石","于雷","译林出版社","1994-5-1","10.30","7.9"
"1066217","坎特伯雷故事","","（英）乔叟","方重","人民文学出版社","2004-01","16.00元","7.8"
"1034922","莎士比亚喜剧悲剧集","","莎士比亚","朱生豪","译林出版社","1998-05","38","8.9"
"1098639","纯真年代","","[美] 伊迪丝·华顿","赵兴国、赵玲","译林出版社","2002-1","17.50元","8.3"
"1031741","欧也妮·葛朗台","","巴尔扎克(法)","张冠尧","人民文学出版社","2000-5-1","8.80","7.8"
"1049957","浮士德","","歌德","绿原","人民文学出版社","2003-01","18.00","8.6"
"2161691","伊索寓言","","(希腊)伊索","吴健平、于国畔","上海译文出版社","2007-7","12.00元","8.3"
"1034106","威尼斯商人","","（英）莎士比亚","","外语教学与研究出版社","1997-04","11.80元","8.1"
"1009285","童年","","[苏] 高尔基","刘辽逸","人民文学出版社","2002-01","10.80元","7.6"
"1130069","巨人传","","（法）拉伯雷","鲍文蔚","人民文学出版社","1983-4","24.00","8.0"
"1010898","格列佛游记","","[英] 乔纳森·斯威夫特","杨昊成","译林出版社","1995-12","8.50元","7.6"
"1186392","约翰·克利斯朵夫","","（法）罗曼·罗兰","傅雷","人民文学出版社","1957-1-1","74.00元","8.7"
"1883353","野性的呼唤","","杰克·伦敦","刘荣跃","上海译文出版社","2006-8","25.00元","8.8"
"1018482","汤姆・索亚历险记","","[美] 马克.吐温 原著","郑炜 译编","少年儿童出版社","2001-8","9.00元","8.0"
"1012489","童年 在人间 我的大学","","'[美] 马克.吐温 原著'","'郑炜 译编'","'少年儿童出版社'","'2001-8'","'9.00元'","7.7"
"1201947","哈克贝里·费恩历险记","","马克·吐温","","长江文艺出版社","2000-3-1","19.00元","8.1"
"1168737","妇女乐园","","[法]左拉 Emile Zola","","上海世纪（上海译文）","1994-9","9.30元","8.4"
"1152701","漂亮朋友","","[法] 莫泊桑","王巧玲、杨海燕、杨庭芳","长江文艺出版社","2007-6","16.00元","7.7"
"1082147","热爱生命","","(美)杰克·伦敦著","姬旭升","北京燕山出版社","2000-12-03","15.00","9.0"
"1185636","娜娜","","【法】左拉（Zola）","郑永慧","人民文学出版社","1998-5","21.60元","7.4"
"1397467","理智与情感","","（英）简・奥斯丁","孙致礼","译林出版社","2004-01","11.00","7.9"
"1022632","罪与罚","","[俄] 陀思妥耶夫斯基","朱海观、王汶","人民文学出版社","1982-10","22.00元","8.7"
"1047138","少年维特的烦恼","","[德] 歌德","杨武能","人民文学出版社","1999-7","7.40元","7.7"
"1035475","好兵帅克历险记","","(捷)雅・哈谢克","星灿","人民文学出版社","1983-4","44.40元","8.2"
"1092246","百万英镑","世界文学文库(083)(插图本)","马克.吐温","董衡巽","北京燕山出版社","1999","12.0","8.1"
"1195054","欧·亨利小说全集（全四卷）","","欧·亨利","王永年","人民文学出版社","2005-1-1","125.00元","9.0"
"20470853","地光","","[英] 阿瑟·克拉克","王臻","江苏文艺出版社","2013-7","28","7.4"
"1760134","茨威格小说集","","（奥）茨威格","高中甫、韩耀成","百花文艺出版社","1982-06","2.70","9.1"
"2027999","布拉热洛纳子爵","大仲马选集","大仲马","谭玉培、吴丹丽","上海译文出版社","1984","8.55（三册）","8.6"
"1212488","罗密欧与朱丽叶","","（英）莎士比亚","朱生豪","人民文学出版社","2003-01","18.00","8.3"
"1048173","忏悔录","","卢梭","黎星、范希衡","人民文学出版社","1982-9-1","29.80","8.0"
"1201946","父与子","","屠格涅夫","","长江文艺出版社","2000-3-1","19.00元","8.0"
"1102497","歌剧魅影","","[法] 卡斯顿·勒胡","刘洪","中国友谊出版公司","2002-12","20.00元","8.0"
"1085856","在人间","","高尔基","楼适夷","人民文学出版社","1998-5","18.35","7.9"
"1882915","莎士比亚四大悲剧","","威廉·莎士比亚","孙大雨","上海译文出版社","2006-8","20.00元","8.9"
"1083435","契诃夫短篇小说选","","契诃夫","汝龙","人民文学出版社","2003-01","14.00","8.7"
"1055234","神曲（全三册）","","但丁","田德望","人民文学出版社","2004-05","43.00","8.5"
"11528355","在美国","","(美)苏珊·桑塔格","廖七一、李小均","上海译文出版社","2012-12","46.00元","7.6"
"1491853","变色龙","契诃夫短篇小说选","（俄）契诃夫","汝龙","上海译文出版社","2006-01-01","24.00元","8.3"
"1466999","上尉的女儿","普希金中短篇小说选","(俄)普希金","冯春","上海译文出版社","2006-01-01","24.00元","8.1"
"1085552","匹克威克外传","","狄更斯","刘凯芳","译林出版社","2002-09","39.8","7.9"
"24888041","敬虔与圣洁生活的严肃呼召","","(英)劳威廉","","生活·读书·新知三联书店","2013-11","35.00","9.4"
"1042168","李尔王","","[英] 莎士比亚","张信威 注释","商务印书馆","2001-5","13.00元","8.4"
"1040632","木偶奇遇记","","[意] 卡洛·科洛迪","任溶溶","人民文学出版社","1998-5","7.60元","8.5"
"1228395","化身博士","英汉对照","史蒂文森","","牛津大学出版社","1998-8-1","6.90元","7.8"
"1075791","梅里美中短篇小说集","","（法）梅里美","张冠尧","人民文学出版社","1997-8","22.00","8.6"
"1894746","金银岛 化身博士","","斯蒂文森","荣如德","上海译文出版社","2006-8","10.00元","7.8"
"1213546","变形记","卡夫卡小说","[奥] 卡夫卡","叶廷芳、赵登荣 等","浙江文艺出版社","2003-4","16.00元","8.3"
"1041104","吹牛大王历险记","","拉斯伯","刘浩","人民文学出版社","2000-5-1","6.00","8.7"
"1086249","荆棘鸟","","[澳] 考琳·麦卡洛","曾胡","译林出版社","1998-7","28.00元","8.6"
"1136277","嘉莉妹妹","","[美] 德莱塞","裘柱常","上海译文出版社","1990-8","11.30元","7.3"
"1185912","变形记","","奥维德","杨周翰","人民文学出版社","1984-5","26.00元","8.4"
"1077778","爱的教育","","（意）亚米契斯","夏丏尊","广西师范大学出版社","2004-07","18.00","8.1"
"2259223","玛戈王后","","大仲马","郝运、朱角   陈乐","上海译文出版社","1982年","2.55元","8.5"
"1203240","珍妮姑娘","","德莱塞","傅东华","上海译文出版社","1990-8-1","7.80","7.5"
"1084884","二十年后","《三个火枪手》续集","[法] 大仲马","傅辛","上海译文出版社","2001-8","28.00元","8.3"
"2117062","麦田守望者","哈佛蓝星双语名著导读","杰罗姆•大卫•塞林格 (Jerome David Salinger)","","天津科技翻译出版公司","2009-1-1","8.00元","7.8"
"1511457","套中人","套中人","[俄]契诃夫","汝龙、谷羽","北京燕山出版社","2000-6","13.00元","8.2"
"1420508","最后一片叶子","欧·亨利短篇小说选","（美）欧・亨利","黄源深","上海译文出版社","2005-7","24.00元","8.9"
"24846632","国家阴谋2：英国刺客","","丹尼尔·席尔瓦","彭月明","同心出版社","2013-8","32.00","8.1"
"1144294","唐吉诃德（上下册）","","（西班牙）塞万提斯","刘京胜","北京燕山出版社","2001-01","28.00","8.6"
"1033057","劝导","","[英国] 简·奥斯丁","孙致礼、唐慧心","译林出版社","1996-12-1","7.20","8.2"
"1001309","苦儿流浪记","","[法] 埃克多·马洛","陈伯祥、殷立信","人民文学出版社","1998-5","23.00元","8.6"
"1491855","羊脂球","莫泊桑中短篇小说选","(法)莫泊桑","郝运、王振孙","上海译文出版社","2006-1","27.00元","8.6"
"1075392","艾凡赫","","（英）司格特","刘尊棋，章益","人民文学出版社","2004-01","22.00元","7.8"
"24855800","反恐暗战3：伊拉克核武危机","","文斯·弗林","房小然","同心出版社","2013-8","32.00元","8.7"
"1046209","安徒生童话故事集","","（丹麦）安徒生","叶君健","人民文学出版社","1997-08","25.00","9.1"
"1044038","前夜 父与子","","屠格涅夫","麗尼、巴金","人民文学出版社","1996-06","31.15元","8.0"
"1833376","巴尔扎克中短篇小说集","世界文学名著典藏","(法国)奥诺瑞·德·巴尔扎克","郑克鲁","长江文艺出版社","2011-4","25.00元","8.8"
"1031354","死魂灵","","[俄] 果戈理","满涛、许庆道","人民文学出版社","1983-9","16.00元","8.0"
"1858585","欧叶妮·格朗台 高老头","","[法]巴尔扎克","王振孙","上海译文出版社","2006-8","13.00","8.1"
"1098641","海狼 野性的呼唤","","[美] 杰克·伦敦","孙法理","译林出版社","2002-1","19.00元","8.9"
"1101543","远离尘嚣","","[英国] 托马斯·哈代","张冲","译林出版社","2000-8-1","21.40","7.9"
"26320157","Dead Wake","The Last Crossing of the Lusitania","Erik Larson","","Crown","2015-3-10","USD 28.00","7.0"
"2042629","九三年","","[法]雨果","叶尊","上海译文出版社","2007-3","13.00","8.7"
"1818583","斯·茨威格中短篇小说选","","斯·茨威格","张玉书","人民文学出版社","2006-6","24.00元","9.1"
"1083445","莎士比亚全集(一)","","[英] 莎士比亚","朱生豪","人民文学出版社","1994-11-1","39.00","9.4"
"2033808","巴黎圣母院","外国文学名著丛书","[法]雨果","","陈敬容","人民文学出版社","1982.6.1","8.7"
"1043008","格林童话全集","","格林兄弟","魏以新","人民文学出版社","1994-11","21.45元","8.9"
"1427281","羊脂球","莫泊桑中短篇小说集","Guy De Maupassant","汪阳","译林出版社","2004-01","9.80","8.2"
"1916464","一位女士的画像","","亨利.詹姆斯","项星耀","人民文学出版社","1984-01","2.25元","8.4"
"1753403","诺桑觉寺","","[英] 简·奥斯丁","孙致礼","译林出版社","1997-1","8.50元","7.5"
"3797322","悲惨世界","","雨果","李玉民","光明日报出版社","2009-5","11.00元","8.9"
"1083434","莫泊桑短篇小说选","","[法] 莫泊桑","赵少侯","人民文学出版社","2002-6","14.00元","8.6"
"3464487","绿山墙的安妮","","蒙哥马利 (Montgomery.L.M.)","","译林出版社","2009-1-1","19.50元","9.2"
"2295122","卡门","梅里美中短篇小说选","(法)梅里美","王钢 等","上海译文出版社","2007-9","29.00元","8.4"
"1085470","海底两万里","","[法国] 儒尔·凡尔纳","沈国华、钱培鑫、曹德明","译林出版社","2002-9","19.50元","8.4"
"1123546","一个陌生女人的来信","","茨威格","高中甫","北京燕山出版社","2003-7-1","19.00元","8.8"
"24722053","老公，太矜持","","迷涂君","","北方文艺出版社","2015-5-1","24.80元","7.2"
"1210735","王子与贫儿","(全译本)(精)/世界文学名著典藏","'迷涂君'","''","'北方文艺出版社'","'2015-5-1'","'24.80元'","7.9"
"1362960","追憶逝水年華（第一卷）","去斯萬家那邊（第二部 第三部）","馬賽爾．普魯斯特","","周克希","時報文化","20040322","9.2"
"1027986","神曲","天国篇","[意大利] 但丁","田德望","人民文学出版社","2001-5","18.00元","8.2"
"3263083","咆哮营的幸运儿","","（美）布赖特·哈特","刘岩","长江文艺出版社","2008-10","26.00元","7.6"
"1858493","虹","","[英]D·H·劳伦斯","黄雨石","上海译文出版社","2006-8","16.00元","7.8"
"1100754","变形记","Die Verwandlung","卡夫卡","李文俊等","北京燕山出版社","2007年9月第三版","15.00元","8.4"
"2188217","汤姆.索亚历险记-书虫.牛津英汉双语读物","","本社","王璐","外语教研","2007-7","3.9","7.5"
"2050776","凯旋门","","(德)雷马克","朱雯","上海译文出版社","2007-3","19.00元","8.7"
"1469878","日瓦戈医生","","〔苏〕鲍里斯·帕斯捷尔纳克","蓝英年、张秉衡","人民文学出版社","2006-1-1","28","8.6"
"1174722","太阳照常升起","","海明威","赵静男","上海译文出版社","2004-6-1","17.00","7.9"
"1519058","母亲","","高尔基","夏衍","人民文学出版社","1990-08","18.0","7.8"
"1045934","幻灭","","(法)巴尔扎克","傅雷","人民文学出版社","1989-9","29.00元","8.7"
"24935028","安娜·卡列尼娜","","(俄)列夫·托尔斯泰","草婴","北京联合出版公司","2014-1","38.80元","9.4"
"1092168","追忆似水年华（上下册）","","[法国] 马塞尔·普鲁斯特","李恒基、徐继增、桂裕芳、袁树仁、潘丽珍、许渊冲","译林出版社","2001-4","68.00元","9.1"
"1212469","荷马史诗·伊利亚特","","荷马","罗念生","人民文学出版社","2003-1-1","22.00","8.9"
"1072015","人间喜剧 第一卷","","(法)巴尔扎克","丁世中，郑永慧，袁树仁","人民文学出版社","1997-08","28.50","9.1"
"2302874","印度的发现","","贾瓦哈拉尔·尼赫鲁","齐文","世界知识出版社","1956-1","3.50","7.6"
"1131617","变色龙","契诃夫中短篇小说集","[俄] 安·契诃夫","冯加","译林出版社","2003-9","13.50元","8.2"
"3197508","普希金文集","","普希金","戈宝权","时代出版社","1954-1","21900","9.2"
"1145488","竞选州长","","马克・吐温","王汉梁","安徽文艺出版社","2004-1","9.00元","8.4"
"1427784","曼斯菲尔德庄园","","[英国] 简·奥斯丁","孙致礼","译林出版社","2004.11","19.3","7.8"
"1506972","铁流","","[苏联]绥拉菲摩维支","曹靖华","人民文学出版社","1973年","0.54","7.3"
"1069405","我的大学","","高尔基","","人民文学出版社","1998-05","9.95","7.7"
"1162930","交际花盛衰记","","巴尔扎克","倪维中","江苏译林出版社","1998-5-1","13.60","7.9"
"1275907","八十天环游地球","","(法)儒勒.凡尔纳","沙地","中国青年出版社","1958-02","9.70","8.3"
"1480659","THE NORTON ANTHOLOGY OF ENGLISH LITERATURE","(Sixth Edition) The Major Authors","M. H. Abrams","","W.W.Norton &Company, Inc.","1996-1","166.00元","9.5"
"1022210","贝姨","","[法] 巴尔扎克","傅雷","人民文学出版社","1997-11","22.00","8.3"
"5922532","雾都孤儿","","查尔斯·狄更斯","龙冰","北京燕山出版社","2011-2","17.00元","8.4"
"1422741","猫眼","","[加拿大] 玛格丽特·阿特伍德","杨昊成","译林出版社","2002-4","22.00元","8.5"
"1093099","苦难的历程(1-3)","","（苏联）阿·托尔斯泰","朱雯","译林出版社","2001-8-1","58.00元","8.1"
"1064841","绿山墙的安妮","","[加] 露西·莫德·蒙哥玛利","马爱农","浙江文艺出版社","2003-01","15.00元","9.0"
"1083483","一个陌生女人的来信","","[奥] 斯·茨威格","高中甫、韩耀成","译林出版社","1998-9","19.00元","8.7"
"1430652","果戈理全集","","果戈理","何茂正、陈恩冬、冯玉律、徐振亚、郑海凌、刘逢祺、冯春、吴国璋","河北教育出版社","2002-5-1","210.0","9.1"
"1917962","金银岛","","罗·路·斯蒂文生","荣如德","上海译文出版社","1980","0.65","7.9"
"1212486","马克·吐温中短篇小说选","","（美）马克・吐温","叶冬心","人民文学出版社","2003-01","16.00","8.5"
"1082518","麦田里的守望者","","[美国] J. D. 塞林格","施咸荣","译林出版社","1997-2","7.80元","7.9"
"1205419","初恋","","屠格涅夫","奉真","译林出版社","1998-3-1","10.70","8.2"
"1077867","沉船","","（印）泰戈尔","黄雨石","人民文学出版社","2004-03","14.00元","7.8"
"4040450","圣灵论","（简写本）","'（印）泰戈尔'","'黄雨石'","'人民文学出版社'","'2004-03'","'14.00元'","9.2"
"25723387","麦田守望者","世界名著学习馆•哈佛双语导读本","塞林格","张滨江","天津科技翻译出版社","2013-7","18.00元","7.4"
"1390294","东正教","教会学说概要","[俄] C.H.布尔加科夫","徐凤林","商务印书馆","2001-8-1","14.00元","7.6"
"1089733","傲慢与偏见","英汉对照","（英）韦斯特 著 李长栓 译","李长栓","外语教学与研究出版社","1997-3","11.90元","8.5"
"1011702","廊桥遗梦","","（美）罗伯特・沃勒","梅嘉","人民文学出版社","2004-01","10.00","8.1"
"1928528","四百万-世界文学名著典藏","四百万","欧·亨利","魏兰","长江文艺出版社","2006-6","19.00元","8.9"
"3903121","第六病室","文学小丛书 第一辑 22","契诃夫","汝龙","人民文学出版社","1958-9","0.24元","8.9"
"1111404","夏蒂","","[瑞士]斯比丽著","刘畅","北京燕山出版社","1999-08-01","10.00元","9.2"
"4108901","Letter from an Unknown Woman","The Fowler Snared","Stefan Zweig","Paul Cedar","Pushkin Press","1998-7-31","GBP 7.00","8.9"
"2224962","古今和歌集","","纪贯之","杨烈","复旦大学出版社","1983-6","0.64元","8.2"
"1880823","格林童话","","格林兄弟","施种","上海译文出版社","2006-8","13.00元","8.8"
"1452570","村上春树作品集","","村上春树","高翔翰","北方文艺出版社","1999年","70.00","8.0"
"1008988","了不起的盖茨比","","菲茨杰拉德","姚乃强","人民文学出版社","2004-06","12.00元","8.3"
"1519316","大白鲨","Jaws","(美)彼得﹒本奇利","赵学熙，乐眉云，张柏然","译林出版社","2000-2","14.00元","7.4"
"1204488","格兰特船长的儿女","","[法] 儒勒·凡尔纳(Jules Verne)","谢伟明","中国少年儿童出版社","1999-9","14.80元","8.4"
"1444804","莎士比亚戏剧集（全八册）","","威廉·莎士比亚","朱生豪","内蒙古人民出版社","2004-12","200.00元","9.2"
"3541476","基督教护教学","","'威廉·莎士比亚'","'朱生豪'","'内蒙古人民出版社'","'2004-12'","'200.00元'","9.4"
"3479011","WIND IN THE WILLOW柳林风","","''威廉·莎士比亚''","''朱生豪''","''内蒙古人民出版社''","''2004-12''","''200.00元''","8.6"
"1283223","80天环游地球","","(法)凡尔纳","李振波","明天出版社","2005-3","16.8","8.1"
"1001065","麦克白","中英文对照全译本","[英] 莎士比亚","朱生豪","中国国际广播出版社","2001-6","8.50元","8.4"
"3162277","傲慢与偏见","","[英] 简·奥斯汀","盛世教育西方名著翻译委员会","世界图书出版公司","2008-05","22.80元","8.8"
"1159939","一个陌生女子的来信","","[奥] 茨威格","李政","中国社会科学出版社","2004-5","20.00元","8.5"
"1017422","卓娅和舒拉的故事","","[俄] 科斯莫杰米扬斯卡娅","尤侠","中国青年出版社","1952-2","10.70元","8.1"
"1926001","萨朗波","","[法] 福楼拜","郑永慧","上海译文出版社","1983年","1.05元","8.2"
"1397966","世界文学名著全书·世界奇书文库","","梅里美","田磊","远方出版社 内蒙古大学出版社","2004-10-1","7980.00元(全套)","8.8"
"3223644","莎士比亚全集（八）","罗密欧与朱丽叶，雅典的泰门，裘力斯·凯撒，麦克白","威廉.莎士比亚","朱生豪","人民文学出版社","1978年4月北京第1版","1.15","9.3"
"1130883","德伯家的苔丝","","托马斯.哈代","","长江文艺","2011-6","22.00元","8.5"
"1687846","世界大战","","H.G.威尔斯","","华文出版社","2005-8","20.00元","7.4"
"1088922","黑骏马","","[英] 安娜·塞维尔","李颂","牛津大学出版社","1998-10","4.90元","8.0"
"21668147","生如夏花","泰戈尔经典诗选3","泰戈尔","","江苏文艺出版社","2013-3","32.80元","8.3"
"2052229","爱丽斯奇境历险记","","刘易斯·卡罗尔","吴钧陶","上海译文出版社","2007-3","8.00元","8.1"
"1275608","神秘岛","","(法)儒勒.凡尔纳","联星","中国青年出版社","1957-05","26.70","8.7"
"1042783","黑桃皇后","","普希金","","北京燕山出版社","2000-9-1","14.50","8.0"
"1286790","小东西","","阿尔丰斯・都德","桂裕芳","译林出版社","2002-2-1","12.50元","7.5"
"1038137","海蒂","","[瑞士] 约翰娜·施皮里","司马仝、王霹","人民文学出版社","1999-5","10.50元","8.9"
"1894740","猎人笔记","","屠格涅夫","冯春","上海译文出版社","2006-8","13.00元","8.5"
"1070844","雪莱抒情诗选","","雪莱(英)","查良铮","人民文学出版社","1999-01","12.00","8.5"
"1109479","福尔摩斯探案全集2·巴斯克维尔的猎犬、恐怖谷","","[英]阿瑟·柯南道尔、Arther Conan Doyle","楚材","华夏出版社","2003-6","20.00元","9.1"
"1925125","吉檀迦利－泰戈尔散文诗选","","泰戈尔","冰心、郑振铎","浙江文艺出版社","1991年12月","6.40","9.1"
"1996809","老古玩店(上下)","","(英)狄更斯","许君远","上海译文出版社","1980-04-01","1.15","7.7"
"1963728","斯·茨威格小说选","","张玉书、纪琨、涛声、赵登荣、张荣昌","","外国文学出版社","1982-1","1.35元","9.4"
"2036573","儿子与情人","","[英]戴·赫·劳伦斯","张禹九","上海译文出版社","2007-3","21.00元","7.6"
"1020475","克雷洛夫寓言全集","","克雷洛夫","岳岩","人民文学出版社","2003-01","13.00","7.9"
"1722386","斯佳丽","乱世佳人续集","亚历山德拉·里普利","尚逸文","上海译文出版社","1991-12","34.80","7.2"
"1082584","追忆似水年华 Ⅰ","在斯万家那边","[法] M·普鲁斯特","李恒基、徐继曾","译林出版社","1989-6","5.80元","8.6"
"1918325","荒凉山庄","狄更斯文集","狄更斯","黄邦杰、陈少衡、张自谋","上海译文出版社","1998","39.50元","8.6"
"1042760","七日谈","","[法]玛格利特.德.那伐尔","黄宜思","时代文艺出版社","1996-07","18.00","7.4"
"6012787","追忆似水年华（第三卷）","盖尔芒特那边","(法) 普鲁斯特","徐和瑾","译林出版社","2011-4","56.00元","8.8"
"1029151","贵族之家","","屠格涅夫","","译林出版社","1994-7-1","9.70","8.0"
"1859108","白痴","","[俄]陀思妥耶夫斯基","荣如德","上海译文出版社","2006-8","20.00元","8.8"
"1084891","维莱特","","夏洛蒂·勃朗特","吴钧陶","上海译文出版社","2000-12","27.4","8.7"
"1123668","圣诞欢歌","英汉对照","Charles Dickens","","外语教学与研究出版社","1998-8","5.90元","7.8"
"10427510","The Kite Runner","","'Charles Dickens'","''","'外语教学与研究出版社'","'1998-8'","'5.90元'","9.2"
"1765512","海的女儿","安徒生童话全集之一","安徒生","叶君健","上海译文出版社","1978年6月","0.43","9.1"
"1202025","皆大欢喜：英汉对照.英汉译注",")/莎士比亚经典名著译注丛书","莎士比亚","朱生豪","湖北教育出版社","1999-08","13.00","8.3"
"1803641","小公主","外国文学经典","(美)伯内特","","外语教学与研究出版社","2006-1","9.90元","8.8"
"1126207","斯巴达克斯","斯巴达克斯","乔万尼奥里","张宇靖","译林出版社","2003-6","25.50元","8.0"
"1576016","Little Dorrit","","Charles Dickens","","Wordsworth Editions Ltd.","1996-10-5","GBP 1.99","8.4"
"2313843","BBC 傲慢与偏见(DVD)","","'Charles Dickens'","''","'Wordsworth Editions Ltd.'","'1996-10-5'","'GBP 1.99'","9.8"
"2215336","太阳系历险记","凡尔纳选集","(法)儒勒·凡尔纳","惊蛰、陈祚敏","中国青年出版社","1981-12-01","1.15","8.4"
"1874411","乞力马扎罗的雪","海明威短篇小说选","[美]海明威","汤永宽、陈良廷 等","上海译文出版社","2006-8","28.00元","8.5"
"3445979","海蒂","阿尔卑斯山的少女","【瑞士】斯佩丽","王书清、罗晓风","中国文艺联合出版公司","1984年12月第1版","1.20元","8.6"
"1491854","金丝雀","曼斯菲尔德短篇小说选","(英)曼斯菲尔德","陈良廷","上海译文出版社","2006-1","26.00元","8.4"
"1063388","福尔摩斯四大奇案","","[英] 柯南·道尔","李广成","人民文学出版社","2004-06","25.00","8.9"
"1504938","大卫·科波菲尔","","查尔斯·狄更斯","","北京大学","2006-1","13.80元","8.2"
"1064532","秘密花园（2册）","中英文对照本","[美] 弗朗西丝·霍奇森·伯内特","张润芳","中国社会科学出版社","2002-10","25.50元","8.5"
"2335785","奥德赛的故事","","[希腊] 荷马（著）、[英] 查理斯·兰姆（改写）","黄建辛、荣开珏","中国青年出版社","1956年6月","0.35","7.9"
"2364277","明希豪森奇游记","","(德)埃.拉斯伯","刘浩","少年儿童出版社","1980.9","0.35","9.6"
"1532829","哈姆雷特","莎士比亚戏剧集","(英)莎士比亚","卞之琳、曹禺","浙江文艺出版社","2001-3","10.00元","8.9"
"25895960","理智与情感","","[英]简·奥斯丁","孙致礼","上海三联书店","2014-5","29.80","8.6"
"2165015","幽暗的林荫小径","","[俄]蒲宁","冯玉律、冯春","上海译文出版社","2007-7","28.00元","8.3"
"1038196","尤利西斯","","[爱尔兰] 詹姆斯·乔伊斯","萧乾、文洁若","译林出版社","2005-8","58.00元","8.4"
"1512732","幽谷百合","","巴尔扎克","李玉民","北京燕山出版社","2000-2","12.0","7.7"
"2124673","俄罗斯的暗夜","","薇拉·妃格念尔","","谢翰如","三联书店","1992-03-01","7.6"
"2025636","神曲","","但丁","王维克","湖北人民出版社","2006","23.00元","7.7"
"20414863","荒原狼","彼得·卡门青","[德] 黑塞","张文思","新星出版社","2013-1","38.00元","8.7"
"20562858","长腿叔叔","","'[德] 黑塞'","'张文思'","'新星出版社'","'2013-1'","'38.00元'","8.6"
"1026547","一生","","莫泊桑","盛澄华","人民文学出版社","2003-01","9.00","8.1"
"2115692","环游地球八十天","","[法]儒勒·凡尔纳","","航空工业","2007-2","13.80元","8.2"
"1130072","田园三部曲","","乔治·桑","罗旭","人民文学出版社","2000-12","26.00元","6.6"
"1894741","伪君子吝啬鬼","","莫里哀","李健吾","国际文化","2006-3","7.00元","7.9"
"3185734","格列弗游记","格列弗游记","'莫里哀'","'李健吾'","'国际文化'","'2006-3'","'7.00元'","7.6"
"1047814","唐吉诃德(上下)","","塞万提斯","","北岳文艺出版社","2000-10-1","28.50","8.1"
"3337579","生命中不能承受之轻","哈佛蓝星双语名著导读","(捷)昆德拉|译者:苏伶童","","天津科技翻译出版公司","2009-1","10.00元","8.3"
"1015524","荒野的呼唤.白牙","","'(捷)昆德拉|译者:苏伶童'","''","'天津科技翻译出版公司'","'2009-1'","'10.00元'","9.2"
"3741375","简·奥斯汀经典作品集","","简·奥斯汀","","世界图书出版公司","2009-3","58.00元","9.1"
"2050767","绿野仙踪","","弗兰克·鲍姆","张建平","上海译文出版社","2007-3","11.00元","8.6"
"1088812","第二十二条军规","","[美] 约瑟夫·海勒","扬恝、程爱民、邹惠玲","译林出版社","2006-6","23.50元","8.3"
"1092335","教父","","[美]马里奥·普佐","周汉林","译林出版社","1997.8","23.30元","8.9"
"6791953","80天环游世界","80天环游世界","凡尔纳","杨令飞","吉林出版集团","2011-6","15.80元","8.2"
"1813752","人猿泰山","","埃德加·巴勒斯","李婷婷","长江文艺","2006-2","17.00元","8.3"
"1786582","海上劳工","","维克多·雨果","罗玉君","四川人民出版社","1980年8月第一版","1.39元","8.9"
"1084555","所罗门宝藏","","哈格德(英)","周隆岐","北京出版社","1996-09","12.00元","8.2"
"3526278","豪夫童话选","","傅走良寰","","人民文学出版社","1979年6月北京第1版","0.32元","9.5"
"1123024","大卫·考波菲尔","大卫·科波菲尔","狄更斯","李彭恩","北京燕山出版社","2005-07-01","35.0","8.6"
"2970763","契诃夫小说全集（第5卷）","","契诃夫","汝龙","上海译文出版社","2008-1","30.00元","9.4"
"1840197","童年 我的大学(高尔基名著系列)","","马克西姆・高尔基","慧东","花山文艺","1995-01-01","10.80元","7.6"
"1019628","卡夫卡中短篇小说选","","[奥] 卡夫卡 著、韩瑞祥、仝保民 选编","韩瑞祥、杨劲、谢莹莹、王炳钧、叶廷芳、任卫东、薛思亮","人民文学出版社","2003-01","12.00元","8.7"
"3746142","驿站长","","普希金","","冯春","2009-4","13.50元","7.9"
"1085560","小男人","","路易莎・梅・奥尔科特","陈玉立","译林出版社","1999-10-1","11.2元","8.2"
"1084550","王子复仇记","","莎士比亚","","北京出版社","1996-9-1","11.0","8.0"
"1446544","卢梭散文选","","(法)让-雅克·卢梭","李平沤","百花文艺出版社","2005年5月1日","19.00元","8.4"
"1856025","道连·葛雷的画像","","[英] 奥斯卡·王尔德","荣如德","上海译文出版社","2006-8","12.00元","8.9"
"1119515","一生 漂亮朋友","","(法)莫泊桑","","人民文学出版社","1995-9","35.75元","8.2"
"1017542","阿格尼斯·格雷","","安妮·勃朗特","薛鸿时","译林出版社","1994-7","5.90","7.3"
"1136278","奇婚记","世界文学名著普及本","（匈）卡·米克沙特","朱微明、肖中","上海译文出版社","1992三印","3.50","7.7"
"2003001","十五少年漂流记","","儒勒·凡尔纳","朱福铮","黑龙江出版社","1995","9","8.8"
"1083032","气球上的五星期","","凡尔纳","顾元芬","译林出版社","2006-4","15.60元","8.1"
"1083437","少年维特的烦恼 赫尔曼和多罗泰","","（德）歌德","杨武能，钱春绮","人民文学出版社","2003-01","12.00元","8.2"
"1170801","泰戈尔诗集","","[印] 罗宾德拉纳特·泰戈尔","深幻、王立","北京出版社","2004-7","25.00元","8.9"
"1040211","福尔摩斯探案全集（上中下）","","'[印] 罗宾德拉纳特·泰戈尔'","'深幻、王立'","'北京出版社'","'2004-7'","'25.00元'","9.2"
"1206592","双雄记","","大仲马","","译林出版社","1996-11-1","27.00元","7.9"
"1118856","费加罗的婚礼","","'大仲马'","''","'译林出版社'","'1996-11-1'","'27.00元'","8.3"
"1088030","莎士比亚喜剧集","","（英）莎士比亚","朱生豪","北京燕山出版社","2000-01-01","15.00元","8.6"
"1134258","汤姆·索亚历险记 哈克贝利·费恩历险记","","[美] 马克·吐温","成时","人民文学出版社","1998-2","32.00元","8.5"
"1042434","安妮日记","","安妮.弗兰克","彭淮栋","海南出版社","1996-12","19.8","8.0"
"1031731","斗士参孙","","[英] 弥尔顿","金发燊","广西师范大学出版社","2004-5","13.00元","7.8"
"5922531","少年维特之烦恼","附《亲合力》","歌德","","北京燕山","2011-2","15.00元","8.2"
"1204231","羊脂球(莫泊桑中短篇小说选)","","莫泊桑、王振孙","","花城出版社","1996-8-1","22.80","8.3"
"2152545","环游世界80天","","'莫泊桑、王振孙'","''","'花城出版社'","'1996-8-1'","'22.80'","7.7"
"1788202","Tess of the d'Urbervilles","of the D'Urbervilles","Thomas Hardy","","Bantam Classics","1992-01-01","20.00元","9.0"
"3739262","最有影响力的100部外国名著(第三辑) - - 爱的教育","","'Thomas Hardy'","''","'Bantam Classics'","'1992-01-01'","'20.00元'","7.7"
"3013144","少年维特之烦恼","","歌德","胡庆生","哈尔滨","2007-12","11.80元","8.2"
"1159935","恋爱中的女人","","(英)劳伦斯","李政","中国社会科学出版社","2004-5-1","25.00","7.5"
"1084548","埃及艳后","","莎士比亚","","北京出版社","2003-5-1","11.00","7.8"
"1084907","睡眠兄弟","","[奥] 罗伯特·施奈德尔","朱刘华","上海译文出版社","2001-9","9.30元","8.1"
"2050779","魔山","","托马斯·曼","钱鸿嘉","上海译文出版社","2007-1","27.00元","8.3"
"1575989","THE RAILWAY CHILDREN","","'托马斯·曼'","'钱鸿嘉'","'上海译文出版社'","'2007-1'","'27.00元'","7.8"
"2702836","悲惨世界（上.下）","悲惨世界","维克多·雨果","卓尚栋","广州出版社","2007-9","60.00元","9.0"
"3739265","最有影响力的100部外国名著(全译本)第五辑 - - 小妇人","","'维克多·雨果'","'卓尚栋'","'广州出版社'","'2007-9'","'60.00元'","7.5"
"3398283","高尔基三部曲","","''维克多·雨果''","''卓尚栋''","''广州出版社''","''2007-9''","''60.00元''","7.6"
"1413256","海燕","","高尔基","巴金","漓江出版社","2003-1-1","22.0","8.0"
"1097835","名人传","","罗曼·罗兰","傅雷","译林出版社","2001-9","20.50元","8.0"
"3168600","赛场老手","","西德尼.谢尔顿","郭凤高","鹭江出版社","1987","3.1","9.4"
"1252190","蝴蝶梦","","刘保山 注释","","外语教学与研究出版社","1981-06-01","6.80元","8.4"
"1025321","纪德文集","","[法] 安德烈·纪德","徐和瑾、马振骋 等","译林出版社","2001-9","39.00元","8.8"
"3797404","欧也妮·葛朗台","","巴尔扎克","林一鸣","光明日报","2009-5","7.00元","7.8"
"1012671","地底旅行","","儒勒·凡尔纳","","北京出版社","1996-9-1","13.00","8.3"
"2274570","汤姆叔叔的小屋","汤姆叔叔的小屋","哈丽雅特·比彻·斯陀","","长江文艺","2008-5","22.00元","8.5"
"4024331","鲁滨孙漂流记","鲁滨孙漂流记","笛福","郭建中","中国对外翻译出版公司","2009-6","16.00元","8.0"
"3480384","SCARLET斯嘉丽（〈飘〉续集）","","'笛福'","'郭建中'","'中国对外翻译出版公司'","'2009-6'","'16.00元'","7.5"
"1135331","警察和赞美诗","","欧・亨利","王楫、康明强","译林出版社","1998-9-1","9.30","8.7"
"3082667","野性的呼唤","世界中篇名著精选","(美)杰克·伦敦","陆伟民","北岳文艺出版社","1994","8.00","9.2"
"1081422","卡夫卡小说全集（全三册）","","[奥] 卡夫卡","韩瑞祥 [等]","人民文学出版社","2003-08","60.00元","8.9"
"1058376","复乐园","","（英）弥尔顿","金发燊","广西师范大学出版社","2004-05","14.20","7.7"
"1431054","十日谈","","乔万尼·薄伽丘","陈世丹","长江文艺","2005-9","26.00元","7.2"
"1213572","玛利·琼斯和她的《圣经》","","[英] 佚名","蒙生","中国电影出版社","2003-5","16.00元","8.5"
"1366302","SENSE AND SENSIBILITY","","Jane Austen","","Penguin Books Ltd","1994-3","25.00元","8.4"
"3732363","论信望爱","","[古罗马]奥古斯丁","许一新","生活·读书·新知三联书店","2009-07","38.00","8.8"
"1543783","怪医杜立特历险记","","休·洛夫廷","沈正邦","少年儿童出版社","2002-6","10.0","8.8"
"3030893","羊脂球","","莫泊桑","汪阳","译林出版社","1993-10","16.50元","8.5"
"1204907","大卫·科波菲尔德","","狄更斯","","外文出版社","1993-1-1","18.80元","9.1"
"1056657","泰戈尔诗选","","泰戈尔(印度)","","人民文学出版社","2001-04","22.00","8.8"
"1208002","琥珀","","[美] 凯瑟琳·温莎","傅东华","译林出版社","2002-2","38.80元","8.2"
"1058488","跳来跳去的女人","跳来跳去的女人","契诃夫","乌兰汗 念驹","上海社会科学院出版社","2004-03","23.00","8.0"
"7154689","浮士德","世界十大文豪","(德国)约翰·沃尔夫冈·冯·歌德","樊修章","译林出版社","2012-1-1","58.00元","7.7"
"1029368","情感教育","","（法）福楼拜","王文融","人民文学出版社","2004-04","20.00元","8.2"
"4766916","爱默生随笔","","[美] 爱默生","蒲隆","上海译文出版社","2010-9","42.00元","8.6"
"1191133","菊子夫人","","洛蒂","徐霞村","译林出版社","2004-9","11.2","6.9"
"1098965","羊脂球","","（法）莫泊桑","","漓江出版社","1995-9-1","8","8.4"
"5252607","野性的呼唤","","杰克·伦敦(Jack London)","","中国对外翻译出版公司","2010-7-1","5.50元","8.8"
"1645153","少年维特的烦恼 亲和力","","歌德","杨武能、朱雁冰","人民文学出版社","1995-08-01","27.8","8.3"
"1834219","奥德赛","","荷马","刘静","长江文艺","2006-6","19.00元","8.0"
"2994759","福尔摩斯探案精选","","阿瑟·柯南·道尔","王知一","百家出版社","2008-1","32.00元","9.1"
"1168761","冰岛渔夫·菊子夫人","","(法)皮埃尔&middot洛蒂","艾珉","上海译文出版社","1996-10","7.20元","7.7"
"2264147","最后一课","","[法]都德","郝运","上海译文出版社","2007-8","27.00元","8.4"
"3164520","呼啸山庄","","艾米莉·勃朗特","盛世教育西方名著翻译委员会","世界图书出版公司","2008-5-1","18.80元","8.8"
"4025005","安妮日记","","安妮·弗兰克","贾雪","四川文艺","2009-8","18.00元","8.3"
"1089802","爱玛","","简·奥斯丁","孙易","南海出版公司","1997年8月","22.50元","8.0"
"2050778","萌芽","","左拉","符锦勇","上海译文出版社","2007-3-1","21.00元","8.1"
"1214171","阴谋与爱情","","席勒","杨武能","广西师范大学出版社","2003-6-1","16.80","8.1"
"2987430","希腊神话","希腊神话","托马斯·布尔芬奇(Thoams Bulfinch)","","航空工业出版社","2008-1-1","16.80元","7.8"
"1331535","普罗米修斯","","墨奈劳斯·斯蒂芬尼德斯","","中国对外翻译出版公司","2005-5","9.00元","7.3"
"1078488","爱的教育","新经典文库","（意）亚尼契斯","姚静","北京燕山出版社","2000-5-1","12.0","8.0"
"1046619","风吹白杨的安妮","","[加] 露西·莫德·蒙哥玛利","史津海","浙江文艺出版社","2002-7","16.00元","9.1"
"1058661","飞鸟集","","[印] 罗宾德拉纳德·泰戈尔","徐翰林","哈尔滨出版社","2004-6","16.80元","8.8"
"2116574","圣经故事","","俞萍、[法]古斯塔夫·多雷（插图）","","吉林出版社","2007-4","39.00元","8.1"
"2258369","小公主","","白涅德夫人 原著","","黄得时 改写","北京出版社","1905","9.0"
"1006113","源氏物语","","紫式部(日)","丰子恺","人民文学出版社","1999-07","55.00","7.8"
"3597833","诺桑觉寺 劝导","","简奥斯丁","孙致礼","译林出版社","2009-1","29.00元","8.6"
"1085245","天路历程","","(英国)约翰·班扬著、西海译","西海","上海译文出版社","2004-3","14.00","8.1"
"1479662","茶花女","小说、话剧、歌剧","[法] 小仲马","王振孙","上海译文出版社","1994-7","6.80元","8.5"
"1105272","羊脂球","","（法）莫泊桑","柳鸣九","浙江文艺出版社","2003-01","18.00元","8.3"
"1157398","无家可归的小鸟","","(美国)格洛丽亚·惠兰著、温晨红译","","译林出版社","2004-4","10.50元","8.5"
"1023467","叶甫盖尼·奥涅金","","[俄] 普希金","智量","人民文学出版社","1985-3","16.00元","8.5"
"1032126","奥瑟罗","中英文对照全译本","[英] 莎士比亚","朱生豪","中国国际广播出版社","2001-6","11.00元","8.5"
"1085549","欧叶妮·格朗台","","巴尔扎克","李恒基","译林出版社","2002-8","11.30元","7.9"
"1837654","审判","","弗兰茨·卡夫卡","曹庸","上海文艺出版社","2006-5","35.00元","8.7"
"1046584","米开朗琪罗传","","（法）罗曼・罗兰","傅雷","三联书店","1999-08","39.00元","8.5"
"1658323","契诃夫精选集","","李辉凡","","山东文艺","2003-5","29.60元","8.7"
"2266567","伊凡·伊里奇的死","","(俄)列夫·托尔斯泰","草婴","山西人民出版社","1985-05-01","0.44","9.2"
"1856494","卡拉马佐夫兄弟","","[俄]陀思妥耶夫斯基","荣如德","上海译文出版社","2006-8","25.00","9.3"
"5912259","老人与海","","欧内斯特•海明威 (Hemingway.E.)","","世界图书出版公司","2010-11-1","12.00元","8.5"
"1042702","钦差大臣","","（俄）果戈理","黄成来，金留春","上海译文出版社","2004-11","12.00","8.3"
"4724059","一个无赖的一生","","维基·柯林斯","刘乔","中国人民大学出版社","2010-3","22.00元","7.3"
"1051745","一个陌生女人的来信","","（奥）斯台芬・茨威格","张玉书","华夏出版社","2000年1月1日","13.50","8.7"
"1417046","茶花女","","(法)小仲马","王振孙","上海译文出版社","1993-10","15.4","8.3"
"1986127","一千零一夜（三）","","纳训","","人民文学出版社","1977","1.20","8.9"
"1022672","杜立德医生","","赫夫・罗弗庭","","北京出版社","2003-5-1","10.00","8.6"
"1082730","圣经的故事(全彩珍藏本)","因《世界经典文化故事丛书: 全彩珍藏本》这套丛书重复使用一个ISBN号，","亨德里克・房龙","迮卫、靳翠微","陕西师范大学出版社","2004-03-01","26.00","8.6"
"25743948","托尔斯泰短篇小说集","","列夫·托尔斯泰","耿济之 瞿秋白","外文出版社","2013-11","18.00","7.1"
"1030469","青鸟","","[比] 莫里斯·梅特林克 著、乔治特·莱勃伦克 改编","肖俊风","哈尔滨出版社","2003-7","13.80元","8.2"
"1272866","世界文学文库","","卡夫卡","汤永宽、钱满素","北京燕山出版社","2000-2","16.00","8.8"
"1703297","包法利夫人三故事","","(法)福楼拜","","人民文学出版社","1998-10-1","30.0","8.4"
"1053536","小公子","","白涅德夫人","黄得时 改写","北京出版社","1996-09","11.00","8.5"
"1034449","杰克·伦敦小说选","","[美] 杰克·伦敦","万紫，雨宁，胡春兰","人民文学出版社","2003-01","14.00","8.9"
"1077214","复活","","列夫・托尔斯泰","汝龙","人民文学出版社","1979-4-1","23.50元","7.9"
"1041418","仲夏夜之梦","","莎士比亚","黄启炎","北京出版社","2003-5","11.00元","7.9"
"2340213","绿野仙踪 精装全四册","","'莎士比亚'","'黄启炎'","'北京出版社'","'2003-5'","'11.00元'","9.1"
"1289004","德伯家的苔丝","","Thomas Hardy","蔡庆嘉","世界图书出版公司","1992-8","5.80元","8.1"
"1021928","这里的黎明静悄悄……","","[苏联] 鲍·瓦西里耶夫","王全陵","人民文学出版社","2004-06","10.00元","8.4"
"2036561","城堡","","[奥地利] 卡夫卡","高年生","上海译文出版社","2007-3","14.00元","8.4"
"4804183","基督山伯爵","","'[奥地利] 卡夫卡'","'高年生'","'上海译文出版社'","'2007-3'","'14.00元'","8.0"
"1883309","爱丽丝漫游奇境记","","刘易斯·卡罗尔","程悦","长江文艺出版社","2006-7","16.00元","8.3"
"1422227","了不起的盖茨比 夜色温柔","译林世界文学名著 现当代系列","（美）弗・司各特・菲茨杰拉德巫宁坤 唐建清","巫宁坤、唐建清","译林出版社","1999-02","13.20","8.3"
"2035162","刀锋","","[英]毛姆","周煦良","上海译文出版社","2007-3","18.00","9.0"
"6879002","傲慢与偏见","","简·奥斯汀","方华文","译林出版社","2011-9","39.80元","8.2"
"1087769","世界一流文学名著精缩(修订本)","","邓双琴","","四川辞书出版社","2000-5","18.50","7.9"
"1912993","海蒂","阿尔卑斯山的少女","约翰娜·斯比丽","","海豚出版社","2006年09月","18.00元","9.2"
"1032192","安徒生童话故事全集(最新版)","","刘云","刘云","四川少年儿童出版社","2001-07","74.00","8.7"
"1032418","漫画世界文学名著(3):简爱(平)","","562送","","接力出版社","1996-10","15.00","8.3"
"2222910","福尔摩斯探案故事","书虫·牛津英汉双语读物","本社","咸珊珊","外语教学与研究出版社","2007-6","5.90元","7.5"
"1071068","嘉尔曼","梅里美中短篇小说集","梅里美","杨松河、王振孙","译林出版社","2000-6-1","12.50","8.0"
"1534810","红头发安妮","绿山墙的安妮","(加)蒙格玛丽","吴方","南海出版公司","1999.2","12.80","9.0"
"1084546","罗密欧与朱丽叶","","莎士比亚","","北京出版社","2003-5-1","12.00","8.0"
"1006529","盲音乐家","","[俄] 柯罗连科","臧传真","人民文学出版社","1958-10","7.70元","7.5"
"2048650","先知.沙与沫","","纪伯伦","冰心","花城出版社","2007-3","16.00元","9.1"
"1006433","茶花女","","(法)小仲马","周雨","少年儿童出版社","2002-06","9.00","7.9"
"1512893","羊脂球","","(法)莫泊桑","","华文出版社","1998-01-01","16.00元","8.1"
"6829976","One Day","","'(法)莫泊桑'","''","'华文出版社'","'1998-01-01'","'16.00元'","7.9"
"1823546","还乡","","托马斯·哈代","","长江文艺","2010-10","22.00元","7.7"
"1179221","考试虫系列 床头灯英语学习读本","","查尔斯.狄更斯","张薇","航空工业出版社","2004-6","100.00元(全10册)","7.9"
"1084541","秘密花园","","白涅德夫人","刘惠媛","北京出版社","2003-5-1","10.00","8.5"
"1084832","羊脂球","莫泊桑中短篇小说精选","莫泊桑","郝运","上海译文出版社","2004-1-1","28.00","8.2"
"1092558","少年维特的烦恼 亲合力","","[德] 歌德","韩耀成、洪天富、肖声","译林出版社","1998-8","17.00元","8.0"
"4880389","一个陌生女人的来信","","斯蒂芬·茨威格","","中国对外翻译","1970-1","16.00元","8.5"
"1228242","勃朗特一家的故事","","维克瑞","李颂","牛津大学出版社","1998-9-1","5.90元","8.0"
"2128684","柳林风声","","'维克瑞'","'李颂'","'牛津大学出版社'","'1998-9-1'","'5.90元'","8.2"
"1750623","贵族之家","","屠格涅夫","沈念驹、徐振亚","国际文化出版公司","2006-1-1","18.00元","8.5"
"1255326","新月集·飞鸟集","","[印] 泰戈尔","郑振铎","北京十月文艺出版社","2005-1","10.00元","9.0"
"1229332","简爱","","唐树珍","","外文音像","1970-1","20.00元","7.9"
"1465324","洛丽塔","","[美] 弗拉基米尔·纳博科夫","主万","上海译文出版社","2005-12","27.00元","7.7"
"1086317","会飞的教室","会飞的教室","艾利克·卡斯特纳","","上海人民美术出版社","2008-8","8.00元","7.8"
"3023360","巴黎圣母院","","【法】维克多·雨果","陈敬容","贵州人民出版社","1980年6月第1版","1.90元","8.4"
"1828383","死于威尼斯","托马斯·曼中短篇小说选","[德] 托马斯·曼","宁瑛、关惠文 [等]","北京燕山出版社","2010-5","18.00元","8.5"
"1055446","威尼斯商人","","莎士比亚","朱生豪","湖北教育出版社","2000-02","13.00元","8.6"
"5988638","背德者·窄门","","[法] 纪德","李玉民、老高放","上海译文出版社","2011-5","29.00元","8.0"
"6808774","爱伦.坡惊悚小说选","","爱伦·坡","","唐荫荪","2011-3","18.00元","6.9"
"1199037","少年维特之烦恼","","歌德","林惠瑟","天津教育出版社","2005-1","19.8","7.7"
"10524091","雾都孤儿","","查尔斯·狄更斯","方华文","译林","2012-1","49.80元","7.9"
"1328662","圆桌武士","","威廉.马罗礼(英)","","北京出版社","1996-09","14.00","8.0"
"1027002","被欺凌与被侮辱的","","[俄] 陀思妥耶夫斯基","南江","人民文学出版社","1980-9","15.00元","8.6"
"1066589","海伦·凯勒传","","海伦·凯勒","","北京出版社","2003-5-1","9.00","8.3"
"5992554","简爱","","夏洛蒂•勃朗特","江红","外语教学与研究出版社","2005-7-1","9.8","8.4"
"2359320","漫游者之夜歌","","歌德","潘子立","南开大学出版社","2007-11","25.00元","7.4"
"2035171","人生的枷锁","","[英] 毛姆","张柏然、张增健、倪俊","上海译文出版社","2007-3","32.00元","9.0"
"1083089","博尔赫斯全集","","[阿根廷] 豪·路·博尔赫斯","王永年、林之木","浙江文艺出版社","1999-11","150.00元","9.3"
"1021209","尼尔斯骑鹅历险记","","塞尔玛・拉格洛芙","石琴娥","春风文艺出版社","2004-1","16.00元","8.4"
"1872158","蝇王","","[英] 威廉·戈尔丁","龚志成","上海译文出版社","2006-8","13.00元","8.2"
"2974165","爱的教育","一个意大利小学生的日记","E·阿米契斯","陈蔚然","广州出版社","1997-1","11","8.5"
"2361090","欧也妮葛朗台","","'E·阿米契斯'","'陈蔚然'","'广州出版社'","'1997-1'","'11'","8.0"
"1452512","十日谈","","''E·阿米契斯''","''陈蔚然''","''广州出版社''","''1997-1''","''11''","7.9"
"1228595","猴爪","The Monkey's Paw","雅各布斯","","外语教研","1998-11-1","5.90元","8.2"
"1084557","小公主","","白涅德夫人","","北京出版社","2003-05-01","13.00","9.2"
"1603984","希腊神话故事","","[德] 古斯塔夫·施瓦布","刘超之、艾英","宗教文化出版社","1996-10","23.50元","8.1"
"1317748","飘","飘","王润霞","","外文音像","1970-1","20.00元","7.4"
"2158684","象棋的故事","","[奥] 斯台芬·茨威格","张玉书","上海译文出版社","2007-7","23.00元","9.0"
"1983155","德国人","一个民族的双重历史","（德）埃米尔·路德维希","杨成绪、潘琪","东方出版社","2006","58.00元","7.8"
"2236332","双城记","双城记","狄更斯、李尚宏(注释)","","上海外语教育出版社","2007-6","16.00元","8.4"
"1005521","伊豆的舞女","","[日] 川端康成","叶渭渠","广西师范大学出版社","2002-2","23.80元","8.1"
"19906959","莫泊桑中短篇小说精选","","[法] 莫泊桑","郑克鲁","上海三联书店","2012-9","68.00元","7.7"
"1263707","怪异故事集","","爱伦・坡","曹明伦","北京燕山出版社","2000-9-1","13.50","8.7"
"1116359","忏悔录（第一部）","","卢梭","","商务印书馆","1986-8","17.00元","8.5"
"1856498","黑郁金香","","大仲马","郝运","上海译文出版社","2006","9.00元","7.7"
"1626111","3000词床头灯英语学习读本IV","霍华德庄园","唐树珍","","外文音像","2010-1","20.00元","7.0"
"4191696","狗心","","[俄] 布尔加科夫","戴骢、曹国维","浙江文艺出版社","2010-1","26.00元","8.8"
"1797579","环绕月球","","[法]儒勒.凡尔纳","李仓人、李庆星","中国青年出版社","1997-11","6.80元","7.8"
"1858513","月亮和六便士","","[英] 毛姆","傅惟慈","上海译文出版社","2006-8","15.00元","8.9"
"2121422","嘉利妹妹","","'[英] 毛姆'","'傅惟慈'","'上海译文出版社'","'2006-8'","'15.00元'","7.0"
"6082808","百年孤独","","[哥伦比亚] 加西亚·马尔克斯","范晔","南海出版公司","2011-6","39.50元","9.2"
"1760094","吉檀迦利","","（印度）泰戈尔 著","冰心","人民文学出版社","1990年","0.80元","8.8"
"1060774","君主论","","[意]尼科洛·马基雅维里","潘汉典","商务印书馆","2005-10","9.00","8.7"
"1398271","鲁宾孙漂流记","","笛福","王晓红","世界图书出版西安公司","2005-2","15.00元","8.4"
"3273147","松尾芭蕉散文","","(日)松尾芭蕉","陈德文","作家出版社","2008-09-01","26.00元","7.8"
"1865089","瓦尔登湖","","[美] 梭罗","徐迟","上海译文出版社","2006-8","11.00元","8.4"
"1045387","倒长的树","","(印)克里南希.钱达尔","","晨光出版社","1991-04","3.60","8.4"
"1040397","假如给我三天光明","海伦·凯勒自传","海伦・凯勒(helen keller)","李汉昭","华文出版社","2003-1","21.80元","8.1"
"1059268","智慧书","","（西）葛拉西安著","李汉昭译","哈尔滨出版社","2002-04","20.00","7.5"
"1164423","莎士比亚十四行诗集","","(英)莎士比亚","辜正坤","北京大学出版社","1998-09-01","16.50元","8.5"
"2035179","动物农场","","[英] 乔治·奥威尔","荣如德","上海译文出版社","2007-3","10.00元","9.2"
"1883349","永别了，武器","","(美)海明威","林疑今","上海译文出版社","2006-8","18.00元","8.3"
"1764845","一個陌生女子的來信","茨威格中篇小說選","史帝芬‧茨威格","沉櫻、韓耀成、高中甫、關惠文、張敬銘、杜文棠(校)、薛高保、潘璐、程蜀生、紀琨、樊修章","商周","2005-11-25","NT269","8.5"
"1262811","呼啸山庄","","（英）艾米莉・勃朗特","李学斌","少年儿童出版社","2001-8","9.00元","7.8"
"1451453","女大学生安妮","","[加] 露西·莫德·蒙哥玛利","周莉","浙江文艺出版社","2002-7","15.00元","9.1"
"1050901","山音 湖","","[日] 川端康成","叶渭渠、唐月梅","广西师范大学出版社","2002-2","21.80元","8.3"
"1417814","浮士德","","手塚治虫","林淑鈴","時報出版","1994 年 11 月 08 日","95 元","7.1"
"6714029","海底两万里","","儒勒·凡尔纳","盛世教育西方名著翻译委员会","世界图书出版公司","2011-4","26.80元","7.6"
"1512245","海底两万里","","(法)儒勒﹒凡尔纳","","中国少年儿童出版社","1999-09-01","15","9.1"
"1264253","少女安妮","","[加] 露西·莫德·蒙哥玛利","马爱农","浙江文艺出版社","2002-7","15.00元","9.1"
"1000251","王尔德全集","","[英] 奥斯卡·王尔德","杨烈、黄杲炘","中国文学出版社","2000-9","198.00","9.0"
"1033449","巨人三传","","罗曼罗兰","傅雷","安徽文艺出版社","1989","15.60","8.6"
"1053759","雪国 古都","","[日] 川端康成","叶渭渠、唐月梅","广西师范大学出版社","2002-2","17.80元","8.3"
"1212093","少年维特之烦恼","","Goethe","方华文","陕西人民出版社","2002-10-1","11.00","8.1"
"1052074","喧哗与骚动","","(美)威廉﹒福克纳","李文俊","上海译文出版社","2004-08","25.00","8.7"
"2303178","茶花女","","（法）小仲马（Dumas，A）","杨松河","华夏出版社","2007-10-1","10.00元","8.5"
"2170030","白鲸","","[美]赫尔曼·麦尔维尔","曹庸","上海译文出版社","2007-7","30.00元","8.1"
"1829226","肖申克的救赎","","[美] 斯蒂芬·金","施寄青、赵永芬、齐若兰","人民文学出版社","2006-7","29.90元","9.1"
"1203622","莎乐美 道林・格雷的画像","","奥斯卡・王尔德","孙法理","译林出版社","1999-10-1","8.0","8.9"
"1089049","莎士比亚全集（全8册）","","[英] 莎士比亚","朱生豪 等","译林出版社","1998-5","220.00元","9.3"
"1092512","泰戈尔散文诗全集","","[印度] 泰戈尔","冰心 [等]","北京燕山出版社","2010-5","28.00元","8.9"
"2176671","西方经典戏剧","","威廉·莎士比亚","","陕西师范大学","2007-8","48.00元","7.1"
"1634743","小妇人","","奥尔科特 (Alcott)","洪怡","上海译文出版社","1992-6","11.0","8.0"
"3561204","培根随笔","培根随笔","(英国)弗兰西斯·培根|译者:冯雪松","","南京大学","2009-1","11.80元","7.6"
"3997181","少年维特的烦恼亲和力","","(德国)歌德|主编:尹承东|译者:杨武能","杨武能","中国对外翻译","2009-6","16.00元","7.7"
"4250331","简·爱","","夏洛蒂·勃朗特","马亚静","上海三联书店","2010-1","36.00元","8.1"
"1072319","长腿叔叔","中英文对照本","[美] 简·韦伯斯特","艾柯","华文出版社","2002-1","19.80元","8.5"
"1320214","源氏物语图典","24开彩印","（日）紫式部","叶渭渠","三联书店","2005-05","42.00","7.3"
"1090139","马克·吐温精选集","","(美)马克﹒吐温","","山东文艺出版社","2003-5","24.60元","7.8"
"1176507","床头灯英语学习读本I：红与黑","红与黑","王润霞","","外文音像","1970-1","20.00元","6.8"
"1451270","纪伯伦诗集","先知…沙与沫…画作赏析","（黎巴嫩）纪·哈·纪伯伦（Gibran,K.）","王立","北京出版社","2006-12","25.00元","9.2"
"3228546","三个火枪手(上下)","","(法)大仲马","","外语教学与研究出版社","2008-8","59.00元","7.7"
"1880825","希腊神话","","尼·库恩","朱志顺","上海译文出版社","2006-1","13.00元","8.2"
"1083429","爱伦·坡短篇小说集","","（美）爱伦・坡","陈良廷","人民文学出版社","1998-2-1","17.00","8.7"
"3091163","羊脂球","文学小丛书","'（美）爱伦・坡'","'陈良廷'","'人民文学出版社'","'1998-2-1'","'17.00'","8.2"
"1050006","伪君子","","[法]莫里哀","赵少侯","人民文学出版社","2003-01","6.0","7.8"
"1018260","竹取物语","","[日] 佚名氏","曼熳","云南人民出版社","2002-3","28.00元","7.4"
"3100750","杨柳清风","","肯尼斯·格雷厄姆","","长江文艺","2008-5","12.00元","7.3"
"1264535","秘密花园里的文豪","","歌德","","中国对外翻译出版公司","1999-10","25.00","7.0"
"1437488","群魔","","[俄] 费·陀思妥耶夫斯基","臧仲伦","译林出版社","2002-5","36.50元","9.2"
"1084411","伊索寓","","伊索","","人民文学出版社","2003-9","36.0","8.2"
"2032523","失乐园","","'伊索'","''","'人民文学出版社'","'2003-9'","'36.0'","8.5"
"1027587","恶之花 巴黎的忧郁","","波德莱尔(法)","钱春绮","人民文学出版社","1996-10","24.10","8.6"
"2301472","莎士比亚悲喜剧","","威廉.莎士比亚","","万亭、武文胜","中国戏剧出版社","16.8","8.0"
"1265895","最后一课","","郁德","","上海人民美术出版社","2002-5","12.00元","7.8"
"1488794","荒野的呼唤","","杰克·伦敦","胡春兰、赵苏苏","人民文学出版社","2004年7月1日","19.0","9.0"
"1013723","傲慢与偏见","","简・奥斯汀","","北京出版社","2003-5","10.00","9.0"
"2042167","无名的裘德","","托马斯·哈代","刘荣跃","上海译文出版社","2007-3","14.00元","8.1"
"1214638","茶花女","","'托马斯·哈代'","'刘荣跃'","'上海译文出版社'","'2007-3'","'14.00元'","8.4"
"10735578","德伯家的苔丝","德伯家的苔丝","托马斯·哈代","盛世教育西方名著翻译委员会","上海世界图书出版公司","2012-3","39.80元","7.9"
"2165084","在轮下","","[德] 赫尔曼·黑塞","张佑中","上海译文出版社","2007-7","15.00元","8.3"
"6435887","悲惨世界","悲惨世界","维克多·雨果","金孩","长江文艺","2011-6","56.00元","8.1"
"2702421","苔丝","苔丝","托马斯·哈代","","胡蕾","2007-7","24.00元","7.8"
"1468560","毛姆短篇小说集","","[英] 威廉·萨默塞特·毛姆","傅涛涛、冯亦代、李燕乔、梅绍武、屠珍、翁如琏、濮阳翔、贺广贤、金隄、张道一、叶念先、李家荣、王印胜、汪培基（校）、唐宝心（校）","外国文学出版社","1983-2","0.80元","8.8"
"2039548","从地球到月球","凡尔纳选集","儒勒·凡尔纳","李仓人","中国青年出版社","1979年8月","0.56","8.1"
"1095517","鲁滨孙漂流记","","[英]笛福","靳金生、江淮文","学林出版社","2002.1","15.0","8.1"
"3762073","雾都孤儿","","狄更斯","黄水乞","光明日报","2009-5","9.00元","7.6"
"2245301","戴珍珠耳环的少女","","[美] 特蕾西·雪佛兰","李佳珊","南海出版公司","2007-9","22.00元","8.0"
"1029260","月亮下的蛋","","若隐\程庸","","当代中国出版社","2004-03","20.00","6.5"
"1072334","魔戒前传","霍比特人","[英国] 托尔金","李尧","译林出版社","2002-4","15.00元","8.5"
"1063917","爱的教育","","亚米契斯[意大利]","","二十一世纪出版社","2002-07","18.00","7.9"
"2357268","雪国","伊豆舞女•雪国•千鹤•古都","川端康成","高慧勤","人民文学出版社","2008年1月1日","21","8.4"
"1234229","名利场","","W.M.Thackeray","孙静渊","外语教学与研究出版社","1982-3","10.8","7.2"
"1021311","爱丽斯漫游奇境","","刘易斯・卡罗尔","张晓路","人民文学出版社","1998-5","10.60元","8.5"
"1082574","一只狗的生活意见","","爱德华・科恩、彼得・梅尔","何江","陕西师范大学出版社","2004-1","18.00元","7.3"
"1010128","源氏物语（共七册）","","'爱德华・科恩、彼得・梅尔'","'何江'","'陕西师范大学出版社'","'2004-1'","'18.00元'","8.1"
"10760906","巴黎圣母院","","''爱德华・科恩、彼得・梅尔''","''何江''","''陕西师范大学出版社''","''2004-1''","''18.00元''","7.4"
"1176423","杨柳风","杨柳风","王润霞","","开明文教音","1970-1","20.00元","7.8"
"4273740","红与黑","","斯当达","","罗新璋","2010-1","22.00元","8.4"
"5338279","野性的呼唤","","杰克·伦敦","","外语教研","2010-9","9.90元","8.0"
"3689448","复活","复活","列夫·托尔斯泰","","李辉凡","2009-2","20.00元","8.1"
"4322911","爱玛","","简·奥斯丁","袁德成","四川人民出版社","1996年","15","7.4"
"2361588","绿野仙踪","","莱曼·弗兰克·鲍姆","潘洁","中国书籍出版社","2007-1","19.00元","7.4"
"1429428","爱伦·坡短篇小说","爱伦·坡短篇小说","[美] 爱伦·坡、顾韶阳 註釋","顾韶阳","青岛出版社","2005-1","12.0","7.8"
"3048765","包法利夫人-(随身听名著)","包法利夫人","福楼拜","朱文军","农村读物","1970-1","20.00元","7.8"
"3797392","高老头","","巴尔扎克","","林一鸣","2009-5","7.00元","8.1"
"6840003","俊友","","【法】莫泊桑","赵琪","青海人民出版社","1995-5","13.4","7.5"
"1291629","上尉的女儿","","普希金","","海峡文艺出版社","1998年3月","9.00","7.4"
"4044358","苔丝","","托马斯·哈代","李菁菁","哈尔滨出版社","2010-7","17.90元","7.4"
"3009648","茶花女","茶花女","小仲马","谢磊（改编）","广州出版社","2008-1","13.00元","7.5"
"4869333","茶花女","","亚历山大·小仲马","李玉民","中央编译","2010-5","12.80元","7.7"
"1431050","一千零一夜·帝王篇","","解传广 王红","","中国少年儿童出版社","2005-7","24.00元","7.1"
"3100580","威尼斯商人","莎士比亚戏剧经典","威廉·莎士比亚","朱生豪","大众文艺出版社","2010-10","22.00元","8.5"
"1817644","漂亮朋友","漂亮朋友","'威廉·莎士比亚'","'朱生豪'","'大众文艺出版社'","'2010-10'","'22.00元'","7.7"
"1512670","简.爱","","[英国]夏洛蒂·勃朗特","黄源深","译林出版社","1994-6","13.5","8.4"
"1462161","简·爱","外国文学名著丛书","[英]夏洛蒂.勃朗特","祝庆英","上海译文出版社","1980","2.05元","8.6"
"1157398","无家可归的小鸟","","(美国)格洛丽亚·惠兰著、温晨红译","","译林出版社","2004-4","10.50元","8.5"
"3597031","杀死一只反舌鸟","","[美]哈珀·李","高红梅","译林出版社","2009-2-1","25.00","9.1"
"1455812","Pride and Prejudice","","Jane Austen","","Bantam Classics","1983-12-1","25.0","9.2"
"2349930","秘密花园","","(美国)F.H.伯内特","李文俊","译林出版社","2007-12","21.00元","8.8"
"1123024","大卫·考波菲尔","大卫·科波菲尔","狄更斯","李彭恩","北京燕山出版社","2005-07-01","35.0","8.6"
"1474453","尤利西斯","","[爱尔兰] 詹姆斯·乔伊斯","金隄","人民文学出版社","1996-3","68.0","8.8"
"1223645","欧也妮·葛朗台","","巴尔扎克","","安徽文艺出版社","1998-10-1","19.8","8.3"
"1796861","希腊神话故事","世界文学名著典藏","古斯塔夫·施瓦布","赵燮生、艾英","长江文艺出版社","2006年2月","25.00","8.3"
"1833376","巴尔扎克中短篇小说集","世界文学名著典藏","(法国)奥诺瑞·德·巴尔扎克","郑克鲁","长江文艺出版社","2011-4","25.00元","8.8"
"4859493","查泰莱夫人的情人","","D.H. 劳伦斯 (David Herbert Lawrence)","黑马","中央编译出版社","2010-6","28.00元","8.0"
"1142578","汤姆索亚历险记","","马克・吐温","陆艳能","二十一世纪出版社","2003-10-1","9.80","8.3"
"1162930","交际花盛衰记","","巴尔扎克","倪维中","江苏译林出版社","1998-5-1","13.60","7.9"
"4832194","莎士比亚全集","","[英]莎士比亚","朱生豪","人民文学出版社","2010-11-1","480.00","9.4"
"1265892","孤星血泪","孤星血泪","狄更斯","","上海人民美术出版社","2002-5","11.50元","8.0"
"1467776","朗读者","","[德国] 本哈德·施林克","钱定平","译林出版社","2006-1","28.00元","8.3"
"1030312","愤怒的葡萄","","斯坦贝克","胡仲持","上海译文出版社","2004-3-1","32.00","8.2"
"1937228","百年孤独","","加西亚 马尔克斯","黄锦炎、沈国正、陈  泉","上海译文出版社","1984-8","1.60","9.3"
"1440972","博尔赫斯小说集","","[阿根廷] 博尔赫斯","王永年、陈泉","浙江文艺出版社","2005-12","26.00元","9.1"
"2161698","八十天环游地球","","[法]儒勒·凡尔纳","任倬群","上海译文出版社","2007-7","11.00元","8.1"
"3597031","杀死一只反舌鸟","","[美]哈珀·李","高红梅","译林出版社","2009-2-1","25.00","9.1"
"1042691","高老头 欧叶妮・格郎台","","巴尔扎克","韩沪麟、李银基","译林出版社","2000-03-01","11.20","7.9"
"2188217","汤姆.索亚历险记-书虫.牛津英汉双语读物","","本社","王璐","外语教研","2007-7","3.9","7.5"
"2171661","老人与海","","海明威","","译林出版社","2007-4","12.00元","8.6"
"1265892","孤星血泪","孤星血泪","狄更斯","","上海人民美术出版社","2002-5","11.50元","8.0"
"1796861","希腊神话故事","世界文学名著典藏","古斯塔夫·施瓦布","赵燮生、艾英","长江文艺出版社","2006年2月","25.00","8.3"
"1157398","无家可归的小鸟","","(美国)格洛丽亚·惠兰著、温晨红译","","译林出版社","2004-4","10.50元","8.5"
"1123024","大卫·考波菲尔","大卫·科波菲尔","狄更斯","李彭恩","北京燕山出版社","2005-07-01","35.0","8.6"
"2193876","浮士德","浮士德","歌德","钱春绮","上海译文出版社","2007-7","18.00","8.8"
"1089122","悲惨世界(上中下)/名著名译丛书","","雨果","李丹","人民文学出版社","1992-6-1","60.00","9.2"
"1030312","愤怒的葡萄","","斯坦贝克","胡仲持","上海译文出版社","2004-3-1","32.00","8.2"
"1455812","Pride and Prejudice","","Jane Austen","","Bantam Classics","1983-12-1","25.0","9.2"
"1474453","尤利西斯","","[爱尔兰] 詹姆斯·乔伊斯","金隄","人民文学出版社","1996-3","68.0","8.8"
"5264463","了不起的盖茨比","","F·S·菲茨杰拉德","巫宁坤","上海译文出版社","2011-1","28.00元","8.6"
"1162930","交际花盛衰记","","巴尔扎克","倪维中","江苏译林出版社","1998-5-1","13.60","7.9"
"5259789","悲惨世界（上、下）","","（法）雨果","郑克鲁","上海译文出版社","2010-8","58.00元","9.3"
"1212486","马克·吐温中短篇小说选","","（美）马克・吐温","叶冬心","人民文学出版社","2003-01","16.00","8.5"
"3076984","战争与和平","","（俄）列夫·托尔斯泰","草婴","上海文艺出版社","2008-5-1","79.00元","9.2"
"1008074","失乐园","","渡边淳一","谭玲","文化艺术出版社","2005-4-1","25.00元","7.5"
"1210796","一生","","莫泊桑","李玉民","北京燕山出版社","2000-12","12.00","7.9"
"1082167","红与黑","","斯丹达尔","郭宏安","译林出版社","1993-07","20.00元","8.5"
"1042691","高老头 欧叶妮・格郎台","","巴尔扎克","韩沪麟、李银基","译林出版社","2000-03-01","11.20","7.9"
"1833376","巴尔扎克中短篇小说集","世界文学名著典藏","(法国)奥诺瑞·德·巴尔扎克","郑克鲁","长江文艺出版社","2011-4","25.00元","8.8"
"1467776","朗读者","","[德国] 本哈德·施林克","钱定平","译林出版社","2006-1","28.00元","8.3"
"1223645","欧也妮·葛朗台","","巴尔扎克","","安徽文艺出版社","1998-10-1","19.8","8.3"
"3024280","劝导","奥斯丁文集经典插图本","[英]简·奥斯丁","裘因","上海译文出版社","2008-4","20.00","8.4"
"1157398","无家可归的小鸟","","(美国)格洛丽亚·惠兰著、温晨红译","","译林出版社","2004-4","10.50元","8.5"
"1937228","百年孤独","","加西亚 马尔克斯","黄锦炎、沈国正、陈  泉","上海译文出版社","1984-8","1.60","9.3"
"5505136","浮士德","","[德] 歌德","陆钰明","长江文艺出版社","2011-1","33.00元","7.8"
"2989097","培根论人生","培根随笔选","[英]弗兰西斯·培根","何新","上海人民出版社","1983-02-01","0.40 元","8.9"
"1455812","Pride and Prejudice","","Jane Austen","","Bantam Classics","1983-12-1","25.0","9.2"
"1085848","静静的顿河","","肖洛霍夫","","人民文学出版社","1956-11-1","75.00元","9.0"
"2161698","八十天环游地球","","[法]儒勒·凡尔纳","任倬群","上海译文出版社","2007-7","11.00元","8.1"
"2171661","老人与海","","海明威","","译林出版社","2007-4","12.00元","8.6"
"1123024","大卫·考波菲尔","大卫·科波菲尔","狄更斯","李彭恩","北京燕山出版社","2005-07-01","35.0","8.6"
"1087209","十日谈","世界文学文库","薄伽丘","王林","北京燕山出版社","2005-6","22.00元","7.4"
"1089122","悲惨世界(上中下)/名著名译丛书","","雨果","李丹","人民文学出版社","1992-6-1","60.00","9.2"
"2160226","快乐王子","","[英] 王尔德","巴金","上海译文出版社","2007-7","10.00元","9.1"
"1203320","三个火枪手","","[法] 大仲马","郝运","上海译文出版社","1995-6","16.00元","8.6"
"1006433","茶花女","","(法)小仲马","周雨","少年儿童出版社","2002-06","9.00","7.9"
"4024331","鲁滨孙漂流记","鲁滨孙漂流记","笛福","郭建中","中国对外翻译出版公司","2009-6","16.00元","8.0"
"1444804","莎士比亚戏剧集（全八册）","","威廉·莎士比亚","朱生豪","内蒙古人民出版社","2004-12","200.00元","9.2"
"1700409","老人与海","老人与海","Ernest Hemingway","","上海外语教育出版社","2005-9","5.00元","8.4"
"1052074","喧哗与骚动","","(美)威廉﹒福克纳","李文俊","上海译文出版社","2004-08","25.00","8.7"
"1025081","哈克贝利·费恩历险记","","马克・吐温","臧庆凤","外语教学与研究出版社","1997-1-1","4.90元","7.4"
"1062343","昨日的世界","一个欧洲人的回忆","[奥］斯蒂芬・茨威格","舒昌善、孙龙生、刘春华、戴奎生","广西师范大学出版社","2004-5","32.00元","9.2"
"1432596","哈利·波特与混血王子","","[英] J. K. 罗琳","马爱农、马爱新","人民文学出版社","2005-10","58.00元","8.8"
"1748848","飘","世界文学名著典藏","玛格丽特·米切尔","范纯海","长江文艺","2002-10","50.00元","9.5"
"1657790","理智与情感","","奥斯汀","","中国书籍出版社","2005-5","12.00元","7.7"
"1637257","哈克贝利芬历险记","","","","上海译文出版社","1997-06-01","22.5","8.3"
"1326854","黑郁金香","","大仲马","","译林出版社","2005-5","14.00元","6.9"
"2323413","查泰莱夫人的情人","","劳伦斯","","外文","2008-1","18.00元","7.9"
"1050609","呼啸山庄","","Emily Bronte（原著）、Clare West（改写）","赵兵","外语教学与研究出版社","1997-05","6.80","8.2"
"1134253","儿子与情人","","劳伦斯","陈良廷","人民文学出版社","1987年4月1日","25.5","7.8"
"2122322","纯真年代","","(美国)伊迪丝·华顿","赵明炜","长江文艺","2007-05-01","19.00元","8.5"
"1002898","父与子全集","","[德] 埃·奥·卜劳恩 绘","杨莹","中国工人出版社","2003-4","20.00元","9.1"
"1372026","The Call of the Wild","","London, Jack","","Penguin USA","19940101","4.99","8.6"
"1748848","飘","世界文学名著典藏","玛格丽特·米切尔","范纯海","长江文艺","2002-10","50.00元","9.5"
"1119471","罪与罚","","陀思妥耶夫斯基","","人民文学出版社","1994.11","22.35","9.0"
"1925125","吉檀迦利－泰戈尔散文诗选","","泰戈尔","冰心、郑振铎","浙江文艺出版社","1991年12月","6.40","9.1"
"1006433","茶花女","","(法)小仲马","周雨","少年儿童出版社","2002-06","9.00","7.9"
"1657790","理智与情感","","奥斯汀","","中国书籍出版社","2005-5","12.00元","7.7"
"1095828","斯巴达克思","","[意] 拉·乔万尼奥里","李俍民","上海译文出版社","2001-3","26.10元","7.8"
"4024331","鲁滨孙漂流记","鲁滨孙漂流记","笛福","郭建中","中国对外翻译出版公司","2009-6","16.00元","8.0"
"1700409","老人与海","老人与海","Ernest Hemingway","","上海外语教育出版社","2005-9","5.00元","8.4"
"1050609","呼啸山庄","","Emily Bronte（原著）、Clare West（改写）","赵兵","外语教学与研究出版社","1997-05","6.80","8.2"
"2160226","快乐王子","","[英] 王尔德","巴金","上海译文出版社","2007-7","10.00元","9.1"
"1948922","面纱","","W.S.毛姆","阮景林","重庆出版社","2006-12","22.00元","8.3"
"1914223","哈克贝里·芬历险记","译文名著文库 035","马克·吐温","张万里","上海译文出版社","2006-8","15.00元","8.2"
"1119839","王尔德童话","","[英] 王尔德","王林","译林出版社","2003-6","6.00元","9.1"
"1083478","前夜 父与子","","屠格涅夫","丽尼，巴金","人民文学出版社","2003-01","15.00元","8.3"
"1039487","哈利·波特与密室","","[英] J. K. 罗琳","马爱新","人民文学出版社","2000-9","22.00元","8.8"
"1025081","哈克贝利·费恩历险记","","马克・吐温","臧庆凤","外语教学与研究出版社","1997-1-1","4.90元","7.4"
"1637257","哈克贝利芬历险记","","","","上海译文出版社","1997-06-01","22.5","8.3"
"1052074","喧哗与骚动","","(美)威廉﹒福克纳","李文俊","上海译文出版社","2004-08","25.00","8.7"
"1082334","穆斯林的葬礼","","霍达","","北京十月文艺出版社","1988-12-1","32.00","8.3"
"1203320","三个火枪手","","[法] 大仲马","郝运","上海译文出版社","1995-6","16.00元","8.6"
"1087214","最后一课","","都德","","北京燕山出版社","1999-3-1","15.00","8.2"
"1071981","希腊神话和传说","","（德）斯威布","楚图南","人民文学出版社","2003-01","26.00","8.5"
"1925125","吉檀迦利－泰戈尔散文诗选","","泰戈尔","冰心、郑振铎","浙江文艺出版社","1991年12月","6.40","9.1"
"1986127","一千零一夜（三）","","纳训","","人民文学出版社","1977","1.20","8.9"
"1372026","The Call of the Wild","","London, Jack","","Penguin USA","19940101","4.99","8.6"
"1958600","三个火枪手","LES TROIS MOUSQUETAIRES
世界文学名著普及本","大仲马","李青崖","上海译文出版社","1990","5.85","8.5"
"1050609","呼啸山庄","","Emily Bronte（原著）、Clare West（改写）","赵兵","外语教学与研究出版社","1997-05","6.80","8.2"
"1657790","理智与情感","","奥斯汀","","中国书籍出版社","2005-5","12.00元","7.7"
"1214416","福尔摩斯探案全集","","（英）阿瑟・柯南道尔","贺天同","中国电影出版社","2003-1","80.00元","9.3"
"3144827","羊脂球","","(法)莫泊桑","郝运、王振孙","上海译文出版社","2008-7","30.00元","8.5"
"1948922","面纱","","W.S.毛姆","阮景林","重庆出版社","2006-12","22.00元","8.3"
"1119471","罪与罚","","陀思妥耶夫斯基","","人民文学出版社","1994.11","22.35","9.0"
"1039487","哈利·波特与密室","","[英] J. K. 罗琳","马爱新","人民文学出版社","2000-9","22.00元","8.8"
"1082334","穆斯林的葬礼","","霍达","","北京十月文艺出版社","1988-12-1","32.00","8.3"
"1071007","爱的教育","","德·亚米契斯","","译林出版社","2000-08","14.00","8.2"
"1119839","王尔德童话","","[英] 王尔德","王林","译林出版社","2003-6","6.00元","9.1"
"1817642","一生","","莫泊桑","马国强","长江文艺","2010-10","15.00元","8.2"
"1210732","红字","","霍桑","王阳红","长江文艺出版社","2002-6-1","10.0","7.7"
"1210734","野性的呼唤","","杰克・伦敦","吕艺红、简定宇","长江文艺出版社","1995-12-1","15.00元","8.6"
"1205431","九三年","世界文学名著文库","【法】雨果","郑永慧","人民文学出版社","1996年","16.2","8.9"
"2364277","明希豪森奇游记","","(德)埃.拉斯伯","刘浩","少年儿童出版社","1980.9","0.35","9.6"
"1880115","培根随笔","","弗兰西斯·培根","徐朴","浙江文艺出版社","2006-7","14.00元","7.2"
"1205431","九三年","世界文学名著文库","【法】雨果","郑永慧","人民文学出版社","1996年","16.2","8.9"
"3094123","三剑客","","（法）大仲马（Alexandre Dumas）","罗国林、王学文","译林出版社","1994.11","21.50","8.7"
"2115692","环游地球八十天","","[法]儒勒·凡尔纳","","航空工业","2007-2","13.80元","8.2"
"1452570","村上春树作品集","","村上春树","高翔翰","北方文艺出版社","1999年","70.00","8.0"
"1962538","苔丝","","(英)哈代","吴笛","浙江文艺出版社","1991年12月","6.30","8.7"
"1836587","卡门","","(法)梅里美","李玉民","国际文化出版公司","1","13.00元","8.1"
"1003311","欧叶妮·格朗台","","巴尔扎克","王振孙","上海译文出版社","2001-6","8.50","7.7"
"3078243","失乐园","多雷插图本","约翰·弥尔顿","朱维之","吉林出版集团有限责任公司","2007-12","42.00元","8.8"
"1441899","飘（上、下二册）","","[美] 马格丽泰·密西尔","傅东华","浙江文艺出版社","1988-3","9.00元","9.3"
"1210734","野性的呼唤","","杰克・伦敦","吕艺红、简定宇","长江文艺出版社","1995-12-1","15.00元","8.6"
"1210732","红字","","霍桑","王阳红","长江文艺出版社","2002-6-1","10.0","7.7"
"1459046","从此以后","","[日] 夏目漱石","陈德文","湖南人民出版社","1982-4","0.65元","8.5"
"4847333","草叶集","草叶集","沃尔特·惠特曼","","世界图书出版公司","2010-4","29.80元","9.1"
"1059938","泰戈尔诗选","","[印] 泰戈尔","冰心、石真、郑振铎","人民文学出版社","2002-9","10.00元","8.8"
"2359003","沉思录","","[古罗马] 马可·奥勒留","何怀宏","中央编译出版社","2008-2","20.00","8.2"
"1203122","呼啸山庄","","[英] 艾米莉·勃朗特","方平","上海译文出版社","1988-10","27.50元","9.0"
"2037053","流动的圣节","海明威回忆录","海明威","孙强","浙江文艺出版社","1985","26","8.8"
"1028964","忏悔录","","（法）卢梭","黎星，范希衡","人民文学出版社","2003-01","24.00","8.2"
"1820292","布拉日隆子爵","","大仲马","","王晓峰等译","云南人民出版社","1983","8.6"
"1137427","钢铁是怎样炼成的","","尼·奥斯特洛夫斯基","梅益","人民文学出版社","1995-10","45.0","7.7"
"2364277","明希豪森奇游记","","(德)埃.拉斯伯","刘浩","少年儿童出版社","1980.9","0.35","9.6"
"1901841","太阳照常升起","","[美] 欧内斯特·海明威","赵静男","上海译文出版社","1984-10","1.10元","8.3"
"1038137","海蒂","","[瑞士] 约翰娜·施皮里","司马仝、王霹","人民文学出版社","1999-5","10.50元","8.9"
"2359003","沉思录","","[古罗马] 马可·奥勒留","何怀宏","中央编译出版社","2008-2","20.00","8.2"
"1084966","复活","","列夫・托尔斯泰","","上海译文出版社","2001-8-1","16.00元","7.8"
"1801827","格列佛游记","","斯威夫特","","第1版 (2006年1月1日)","2006-1","26.00元","7.8"
"1039752","且听风吟","","[日] 村上春树","林少华","上海译文出版社","2001-8","11.80元","7.8"
"1045934","幻灭","","(法)巴尔扎克","傅雷","人民文学出版社","1989-9","29.00元","8.7"
"1452570","村上春树作品集","","村上春树","高翔翰","北方文艺出版社","1999年","70.00","8.0"
"1459046","从此以后","","[日] 夏目漱石","陈德文","湖南人民出版社","1982-4","0.65元","8.5"
"1044316","瓦尔登湖","","（美）亨利.梭罗","徐迟","吉林人民出版社","1999-06","16.80","8.4"
"1083437","少年维特的烦恼 赫尔曼和多罗泰","","（德）歌德","杨武能，钱春绮","人民文学出版社","2003-01","12.00元","8.2"
"1836587","卡门","","(法)梅里美","李玉民","国际文化出版公司","1","13.00元","8.1"
"5404162","一个女人一生中的二十四小时","","[奥]斯台芬·茨威格","张玉书","上海译文出版社","2010-12","18.00元","8.6"
"1210734","野性的呼唤","","杰克・伦敦","吕艺红、简定宇","长江文艺出版社","1995-12-1","15.00元","8.6"
"3576318","滴血的钻石","","[美] 西德尼·谢尔登","鲍明如 译、江楠 校","安徽文艺出版社","1986-7","2.75元","8.7"
"1291786","名人传","","(法)罗曼·罗兰","陈筱卿","北京燕山出版社","2005-7","12.00元","7.6"
"3094123","三剑客","","（法）大仲马（Alexandre Dumas）","罗国林、王学文","译林出版社","1994.11","21.50","8.7"
"1072015","人间喜剧 第一卷","","(法)巴尔扎克","丁世中，郑永慧，袁树仁","人民文学出版社","1997-08","28.50","9.1"
"1820292","布拉日隆子爵","","大仲马","","王晓峰等译","云南人民出版社","1983","8.6"
"1008145","围城","","钱锺书","","人民文学出版社","1991-2","19.00","8.9"
"1210732","红字","","霍桑","王阳红","长江文艺出版社","2002-6-1","10.0","7.7"
"24531360","银河帝国11：曙光中的机器人","","[美] 艾萨克·阿西莫夫","叶李华","江苏文艺出版社","2013-9-1","42.00","8.9"
"2180619","偷书贼","","[澳] 马克斯·苏萨克","孙张静","南海出版公司","2007-8","25.00元","8.0"
"1928528","四百万-世界文学名著典藏","四百万","欧·亨利","魏兰","长江文艺出版社","2006-6","19.00元","8.9"
"1039752","且听风吟","","[日] 村上春树","林少华","上海译文出版社","2001-8","11.80元","7.8"
"2115692","环游地球八十天","","[法]儒勒·凡尔纳","","航空工业","2007-2","13.80元","8.2"
"2359003","沉思录","","[古罗马] 马可·奥勒留","何怀宏","中央编译出版社","2008-2","20.00","8.2"
"26331659","道林格雷的画像 [The Picture ov Dorian Gray]","","王尔德","晗煦","首都师范大学出版社","2014-11-1","28.00","8.6"
"1075648","爱的教育","","阿米琪斯(意)","王干卿","人民文学出版社","2002-04","16.9","8.2"
"1028964","忏悔录","","（法）卢梭","黎星，范希衡","人民文学出版社","2003-01","24.00","8.2"
"1452570","村上春树作品集","","村上春树","高翔翰","北方文艺出版社","1999年","70.00","8.0"
"1459046","从此以后","","[日] 夏目漱石","陈德文","湖南人民出版社","1982-4","0.65元","8.5"
"3164520","呼啸山庄","","艾米莉·勃朗特","盛世教育西方名著翻译委员会","世界图书出版公司","2008-5-1","18.80元","8.8"
"1072334","魔戒前传","霍比特人","[英国] 托尔金","李尧","译林出版社","2002-4","15.00元","8.5"
"1059938","泰戈尔诗选","","[印] 泰戈尔","冰心、石真、郑振铎","人民文学出版社","2002-9","10.00元","8.8"
"1205431","九三年","世界文学名著文库","【法】雨果","郑永慧","人民文学出版社","1996年","16.2","8.9"
"3673651","岛","","[英] 维多利亚·希斯洛普","陈新宇","南海出版公司","2009-4","28.00","7.7"
"1228075","浮士德","","[德] 歌德","杨武能","北京燕山出版社","2001-12","19.50元","8.9"
"3703658","简爱","","[英] 夏洛蒂·勃朗特","李霁野","岳麓书社","1994","15.80元","7.6"
"3673651","岛","","[英] 维多利亚·希斯洛普","陈新宇","南海出版公司","2009-4","28.00","7.7"
"1216625","钢铁是怎样炼成的","","尼・奥斯特洛夫斯基","","内蒙古文化出版社","1999-12-1","16.00","8.3"
"1056657","泰戈尔诗选","","泰戈尔(印度)","","人民文学出版社","2001-04","22.00","8.8"
"4139056","爱的教育","","（意）亚米契斯","储蕾","上海译文出版社","2009年11月","26.00元","8.2"
"4025005","安妮日记","","安妮·弗兰克","贾雪","四川文艺","2009-8","18.00元","8.3"
"4880389","一个陌生女人的来信","","斯蒂芬·茨威格","","中国对外翻译","1970-1","16.00元","8.5"
"1060444","羊脂球","莫泊桑中短篇小说集","莫泊桑","汪阳","译林出版社","2003-6-1","17.00元","8.5"
"2265995","大象的眼泪","","[美] 莎拉·格鲁恩","谢佳真","上海人民出版社","2008-1","25.00元","7.1"
"1275563","格兰特船长的儿女","","儒勒.凡尔纳(法)","范希衡","中国青年出版社","1956-08","28.40","8.4"
"1702929","安娜・卡列宁娜(上下册)","","(俄)列.托尔斯泰","智量","译林出版社","1996-7","26.5","8.8"
"1014867","约翰.克利斯朵夫(上、下)","","罗曼.罗兰(法)","傅雷","人民文学出版社","1997-11","78","9.2"
"1229332","简爱","","唐树珍","","外文音像","1970-1","20.00元","7.9"
"4108901","Letter from an Unknown Woman","The Fowler Snared","Stefan Zweig","Paul Cedar","Pushkin Press","1998-7-31","GBP 7.00","8.9"
"1928535","嘉莉妹妹-世界文学名著典藏","","西奥多·德莱塞","徐菊","湖北长江文艺","2012-1","22.00元","7.7"
"1255326","新月集·飞鸟集","","[印] 泰戈尔","郑振铎","北京十月文艺出版社","2005-1","10.00元","9.0"
"1620735","小妇人","","奥尔科特","贾辉丰","人民文学出版社","2005-1","13.00元","8.4"
"1626111","3000词床头灯英语学习读本IV","霍华德庄园","唐树珍","","外文音像","2010-1","20.00元","7.0"
"4246968","局外人","","[法] 阿尔贝·加缪","柳鸣九","浙江文艺出版社","2010-1","19.00元","8.9"
"1085246","十日谈","","卜伽丘","","上海译文出版社","2004-1","31.00元","7.6"
"1228075","浮士德","","[德] 歌德","杨武能","北京燕山出版社","2001-12","19.50元","8.9"
"5245231","堂吉诃德","","米盖尔·德·塞万提斯 (Miguel de Cervantes Saavedra)","张广森","上海译文出版社","2010-8-1","45.00元","8.6"
"1204231","羊脂球(莫泊桑中短篇小说选)","","莫泊桑、王振孙","","花城出版社","1996-8-1","22.80","8.3"
"1204487","从地球到月球","","[法] 儒勒·凡尔纳","","中国少年","1999-9-1","18.80","8.1"
"1626111","3000词床头灯英语学习读本IV","霍华德庄园","唐树珍","","外文音像","2010-1","20.00元","7.0"
"1060444","羊脂球","莫泊桑中短篇小说集","莫泊桑","汪阳","译林出版社","2003-6-1","17.00元","8.5"
"1275563","格兰特船长的儿女","","儒勒.凡尔纳(法)","范希衡","中国青年出版社","1956-08","28.40","8.4"
"1620735","小妇人","","奥尔科特","贾辉丰","人民文学出版社","2005-1","13.00元","8.4"
"4139056","爱的教育","","（意）亚米契斯","储蕾","上海译文出版社","2009年11月","26.00元","8.2"
"4902445","爱丽丝漫游奇境记","","卡洛尔","贾文浩、贾文渊","北京燕山出版社","2013-3","32.00元","8.3"
"1255326","新月集·飞鸟集","","[印] 泰戈尔","郑振铎","北京十月文艺出版社","2005-1","10.00元","9.0"
"1216625","钢铁是怎样炼成的","","尼・奥斯特洛夫斯基","","内蒙古文化出版社","1999-12-1","16.00","8.3"
"1928535","嘉莉妹妹-世界文学名著典藏","","西奥多·德莱塞","徐菊","湖北长江文艺","2012-1","22.00元","7.7"
"1056657","泰戈尔诗选","","泰戈尔(印度)","","人民文学出版社","2001-04","22.00","8.8"
"3013144","少年维特之烦恼","","歌德","胡庆生","哈尔滨","2007-12","11.80元","8.2"
"4025005","安妮日记","","安妮·弗兰克","贾雪","四川文艺","2009-8","18.00元","8.3"
"1996809","老古玩店(上下)","","(英)狄更斯","许君远","上海译文出版社","1980-04-01","1.15","7.7"
"2265995","大象的眼泪","","[美] 莎拉·格鲁恩","谢佳真","上海人民出版社","2008-1","25.00元","7.1"
"3023514","这里的黎明静悄悄","","苏：鲍里斯.瓦西里耶夫","王金陵","湖南人民出版社","1980-6","0.37元","8.8"
"1837654","审判","","弗兰茨·卡夫卡","曹庸","上海文艺出版社","2006-5","35.00元","8.7"
"1449947","小妇人","","'弗兰茨·卡夫卡'","'曹庸'","'上海文艺出版社'","'2006-5'","'35.00元'","8.5"
"1849001","The Wizard of Oz","","L. Frank Baum","","Wordsworth Editions Ltd","1998-01","20.00元","8.8"
"1504938","大卫·科波菲尔","","查尔斯·狄更斯","","北京大学","2006-1","13.80元","8.2"
"1009257","哈利·波特与火焰杯","","[英] J. K. 罗琳","马爱新","人民文学出版社","2001-5","39.80元","8.9"
"2265995","大象的眼泪","","[美] 莎拉·格鲁恩","谢佳真","上海人民出版社","2008-1","25.00元","7.1"
"1020715","白牙","","杰克・伦敦","","知识出版社","1996-10","8.00","9.1"
"3673651","岛","","[英] 维多利亚·希斯洛普","陈新宇","南海出版公司","2009-4","28.00","7.7"
"1659052","简·爱","","[英] 夏洛蒂·勃朗特","祝庆英","上海译文出版社","1989-4","12.75元","8.7"
"1479770","少年维特之烦恼","","歌德","高中甫、胡其鼎","北京燕山出版社","2000","12.00元","7.7"
"1043080","堂吉诃德","","塞万提斯","屠孟超","译林出版社","2001-01","25.00","8.6"
"4139056","爱的教育","","（意）亚米契斯","储蕾","上海译文出版社","2009年11月","26.00元","8.2"
"1620735","小妇人","","奥尔科特","贾辉丰","人民文学出版社","2005-1","13.00元","8.4"
"3181270","飘","名著名译插图本•精华版","米切尔","戴侃、李野光、庄绎传","人民文学出版社","1990-8","50.00元","9.5"
"1040970","汤姆叔叔的小屋","","（美）斯陀夫人","王家湘","人民文学出版社","2003-01","18.00","8.1"
"1060444","羊脂球","莫泊桑中短篇小说集","莫泊桑","汪阳","译林出版社","2003-6-1","17.00元","8.5"
"1167645","劝导","","奥斯丁","丁克南","南海出版公司","2006-3","12.00元","8.1"
"1077693","基度山恩仇记 (上 下)","","大仲马","","译林出版社","2000-04","58.00","9.4"
"5992554","简爱","","夏洛蒂•勃朗特","江红","外语教学与研究出版社","2005-7-1","9.8","8.4"
"4025005","安妮日记","","安妮·弗兰克","贾雪","四川文艺","2009-8","18.00元","8.3"
"26889841","老人与海","","海明威","李亚飞","台海出版社","2016-10-1","32.00","9.7"
"1016486","笑忘录","","[捷克] 米兰·昆德拉","王东亮","上海译文出版社","2004-1","21.00元","8.3"
"1097054","漂亮朋友","","莫泊桑","陈祚敏","译林出版社","2002-2-1","16.50元","7.8"
"1014867","约翰.克利斯朵夫(上、下)","","罗曼.罗兰(法)","傅雷","人民文学出版社","1997-11","78","9.2"
"2159042","挪威的森林","","[日] 村上春树","林少华","上海译文出版社","2007-7","23.00元","8.4"
"1089802","爱玛","","简·奥斯丁","孙易","南海出版公司","1997年8月","22.50元","8.0"
"1056657","泰戈尔诗选","","泰戈尔(印度)","","人民文学出版社","2001-04","22.00","8.8"
"1837654","审判","","弗兰茨·卡夫卡","曹庸","上海文艺出版社","2006-5","35.00元","8.7"
"1626111","3000词床头灯英语学习读本IV","霍华德庄园","唐树珍","","外文音像","2010-1","20.00元","7.0"
"1084832","羊脂球","莫泊桑中短篇小说精选","莫泊桑","郝运","上海译文出版社","2004-1-1","28.00","8.2"
"1620735","小妇人","","奥尔科特","贾辉丰","人民文学出版社","2005-1","13.00元","8.4"
"2050776","凯旋门","","(德)雷马克","朱雯","上海译文出版社","2007-3","19.00元","8.7"
"1659052","简·爱","","[英] 夏洛蒂·勃朗特","祝庆英","上海译文出版社","1989-4","12.75元","8.7"
"6829976","One Day","","'[英] 夏洛蒂·勃朗特'","'祝庆英'","'上海译文出版社'","'1989-4'","'12.75元'","7.9"
"3013144","少年维特之烦恼","","歌德","胡庆生","哈尔滨","2007-12","11.80元","8.2"
"7007770","追忆逝水年华","精华本","(法)普鲁斯特","沈志明","上海译文出版社","2012-6","48.00元","8.6"
"1015524","荒野的呼唤.白牙","","'(法)普鲁斯特'","'沈志明'","'上海译文出版社'","'2012-6'","'48.00元'","9.2"
"1031657","苦儿流浪记","","耶克特・马洛","","北京出版社","2003-5-1","11.00","8.4"
"1394228","假若明天来临","世界文学名著丛书/第一辑/天才大师悬疑丛书/血族/时间之砂/午夜情挑/游","'耶克特・马洛'","''","'北京出版社'","'2003-5-1'","'11.00'","8.6"
"1030541","王子复仇记","","莎士比亚","","上海人民美术出版社","2001-3-1","7.80","8.1"
"1031657","苦儿流浪记","","耶克特・马洛","","北京出版社","2003-5-1","11.00","8.4"
"1055446","威尼斯商人","","莎士比亚","朱生豪","湖北教育出版社","2000-02","13.00元","8.6"
"3597831","理智与情感","","简·奥斯丁","孙致礼","译林出版社","2009-1","24.00元","8.2"
"1098965","羊脂球","","（法）莫泊桑","","漓江出版社","1995-9-1","8","8.4"
"1362216","悲慘世界","","雨果","","印刻","20030101","NT$ 69","8.4"
"3908240","情人","","[法]杜拉斯","王道乾、南山","上海译文出版社","2009-8-1","25.00元","7.8"
"1096469","飘","最新全译本","玛格丽特.米切尔(美)","李尧、郇忠","经济日报出版社","2002-01-01","45.00元","9.4"
"2224962","古今和歌集","","纪贯之","杨烈","复旦大学出版社","1983-6","0.64元","8.2"
"1322506","诺桑觉寺","","简.奥斯丁、孙致礼、唐慧心","","译林出版社","1997-1-1","12.50","7.6"
"1427301","上尉的女儿","","（俄）普希金","曹缦西、智量","译林出版社","2004-01","12.30","7.8"
"1823546","还乡","","托马斯·哈代","","长江文艺","2010-10","22.00元","7.7"
"1825635","傲慢与偏见","","[英]奥斯丁","王科一","上海译文出版社","1980","1.35","9.2"
"3757732","人类的群星闪耀时（增订版）","十四篇历史特写","[奥] 斯蒂芬·茨威格","舒昌善","生活·读书·新知三联书店","2009-6","25.80元","9.0"
"1059629","复活","","[俄] 列·托尔斯泰","力冈","译林出版社","1992-2","11.00元","8.3"
"1291809","世界尽头与冷酷仙境","","[日] 村上春树","林少华","上海译文出版社","2002-12","23.00元","8.5"
"1028816","源氏物语（上、中、下）","","[日] 紫式部","丰子恺","人民文学出版社","2003-05","45.00元","8.4"
"1029151","贵族之家","","屠格涅夫","","译林出版社","1994-7-1","9.70","8.0"
"1840197","童年 我的大学(高尔基名著系列)","","马克西姆・高尔基","慧东","花山文艺","1995-01-01","10.80元","7.6"
"1028633","嘉莉妹妹","","德莱塞","裘柱常","上海译文出版社","2001-8-1","15.80元","7.8"
"1055446","威尼斯商人","","莎士比亚","朱生豪","湖北教育出版社","2000-02","13.00元","8.6"
"1088129","飘","","玛格丽特·米切尔","黄建人","漓江","1999-12","48.00元","9.4"
"1322506","诺桑觉寺","","简.奥斯丁、孙致礼、唐慧心","","译林出版社","1997-1-1","12.50","7.6"
"1005964","堂吉诃德（上下）","","塞万提斯","杨绛","人民文学出版社","1978-3-1","38.00元","8.4"
"1051960","鲁滨孙飘流记","中学生课外文学名著必读","笛福(英)","徐霞村","人民文学出版社","2001-12","12.00","8.0"
"1085559","白痴","","[俄] 陀斯妥耶夫斯基","臧仲伦","译林出版社","1994-6","17.20元","8.6"
"1825635","傲慢与偏见","","[英]奥斯丁","王科一","上海译文出版社","1980","1.35","9.2"
"3597831","理智与情感","","简·奥斯丁","孙致礼","译林出版社","2009-1","24.00元","8.2"
"1289004","德伯家的苔丝","","Thomas Hardy","蔡庆嘉","世界图书出版公司","1992-8","5.80元","8.1"
"1253244","好兵帅克历险记","","（捷）雅・哈谢克","星灿","人民文学出版社","2003-01","28.00元","8.6"
"1840197","童年 我的大学(高尔基名著系列)","","马克西姆・高尔基","慧东","花山文艺","1995-01-01","10.80元","7.6"
"1362216","悲慘世界","","雨果","","印刻","20030101","NT$ 69","8.4"
"1272866","世界文学文库","","卡夫卡","汤永宽、钱满素","北京燕山出版社","2000-2","16.00","8.8"
"1261835","鲁滨逊漂流记","","笛福","刘荣跃","北京十月文艺出版社","2005-1","8.8","7.7"
"2283989","法哲学原理","","(德)黑格尔","","北京出版社","2007-10","21.80元","7.8"
"1834219","奥德赛","","荷马","刘静","长江文艺","2006-6","19.00元","8.0"
"1028633","嘉莉妹妹","","德莱塞","裘柱常","上海译文出版社","2001-8-1","15.80元","7.8"
"1234228","汤姆·索亚历险记","","应天 等译注","","外语教学与研究出版社","1992-8","7.80元","8.4"
"1030541","王子复仇记","","莎士比亚","","上海人民美术出版社","2001-3-1","7.80","8.1"
"2972058","十日谈（上下）","","卜伽丘","方平、王科一","上海译文出版社","1989","11.7","8.0"
"1212485","嘉莉妹妹","","德莱塞","潘庆舲","人民文学出版社","2003-01","20.00元","7.7"
"1291809","世界尽头与冷酷仙境","","[日] 村上春树","林少华","上海译文出版社","2002-12","23.00元","8.5"
"1051960","鲁滨孙飘流记","中学生课外文学名著必读","笛福(英)","徐霞村","人民文学出版社","2001-12","12.00","8.0"
"1394228","假若明天来临","世界文学名著丛书/第一辑/天才大师悬疑丛书/血族/时间之砂/午夜情挑/游","'笛福(英)'","'徐霞村'","'人民文学出版社'","'2001-12'","'12.00'","8.6"
"1084999","野性的呼唤","","杰克·伦敦","刘荣跃","上海译文出版社","2003-8","32.00元","8.9"
"1055446","威尼斯商人","","莎士比亚","朱生豪","湖北教育出版社","2000-02","13.00元","8.6"
"1289004","德伯家的苔丝","","Thomas Hardy","蔡庆嘉","世界图书出版公司","1992-8","5.80元","8.1"
"1098965","羊脂球","","（法）莫泊桑","","漓江出版社","1995-9-1","8","8.4"
"1096469","飘","最新全译本","玛格丽特.米切尔(美)","李尧、郇忠","经济日报出版社","2002-01-01","45.00元","9.4"
"1840197","童年 我的大学(高尔基名著系列)","","马克西姆・高尔基","慧东","花山文艺","1995-01-01","10.80元","7.6"
"1220785","堂吉诃德","","塞万提斯","唐婕","哈尔滨出版社","2005-1-1","28.00","8.1"
"1234228","汤姆·索亚历险记","","应天 等译注","","外语教学与研究出版社","1992-8","7.80元","8.4"
"1216630","查特莱夫人的情人","","[英] 劳伦斯","赵苏苏","人民文学出版社","2004-3","34.00元","7.8"
"1362216","悲慘世界","","雨果","","印刻","20030101","NT$ 69","8.4"
"1261835","鲁滨逊漂流记","","笛福","刘荣跃","北京十月文艺出版社","2005-1","8.8","7.7"
"2224962","古今和歌集","","纪贯之","杨烈","复旦大学出版社","1983-6","0.64元","8.2"
"1015524","荒野的呼唤.白牙","","'纪贯之'","'杨烈'","'复旦大学出版社'","'1983-6'","'0.64元'","9.2"
"1085129","莎士比亚四大悲剧","","莎士比亚","孙大雨","上海译文出版社","2002-12","23.9","8.6"
"1012198","复活","","列夫·托尔斯泰","力冈、力冈","译林出版社","1992-2","20.00元","8.2"
"1205424","唐璜（上下）","","拜伦","查良铮","人民文学出版社","1998-1","41.00元","8.6"
"1012198","复活","","列夫·托尔斯泰","力冈、力冈","译林出版社","1992-2","20.00元","8.2"
"1055446","威尼斯商人","","莎士比亚","朱生豪","湖北教育出版社","2000-02","13.00元","8.6"
"3908240","情人","","[法]杜拉斯","王道乾、南山","上海译文出版社","2009-8-1","25.00元","7.8"
"3757732","人类的群星闪耀时（增订版）","十四篇历史特写","[奥] 斯蒂芬·茨威格","舒昌善","生活·读书·新知三联书店","2009-6","25.80元","9.0"
"1840197","童年 我的大学(高尔基名著系列)","","马克西姆・高尔基","慧东","花山文艺","1995-01-01","10.80元","7.6"
"2224962","古今和歌集","","纪贯之","杨烈","复旦大学出版社","1983-6","0.64元","8.2"
"1234228","汤姆·索亚历险记","","应天 等译注","","外语教学与研究出版社","1992-8","7.80元","8.4"
"1709537","苦难的历程（全三册）","","[苏联]阿·托尔斯泰","","译林出版社","1997-6","46.00元","8.3"
"1085559","白痴","","[俄] 陀斯妥耶夫斯基","臧仲伦","译林出版社","1994-6","17.20元","8.6"
"1083429","爱伦·坡短篇小说集","","（美）爱伦・坡","陈良廷","人民文学出版社","1998-2-1","17.00","8.7"
"3268582","Pride and Prejudice","","Jane Austen","","中央编译出版社","2008-9","28.00元","8.9"
"1096469","飘","最新全译本","玛格丽特.米切尔(美)","李尧、郇忠","经济日报出版社","2002-01-01","45.00元","9.4"
"1205381","还乡","","托马斯.哈代","王守仁","译林出版社","1998-4-1","12.00","8.3"
"1015524","荒野的呼唤.白牙","","'托马斯.哈代'","'王守仁'","'译林出版社'","'1998-4-1'","'12.00'","9.2"
"1485943","安娜·卡列尼娜","","(俄罗斯)列夫·托尔斯泰","周扬、谢素台","人民文学出版社","1956年11月初版1981年3月再版","3.55元","8.8"
"4872919","美妙的新世界","","阿道斯•伦纳德•赫胥黎 (Aldous Leonard Huxley)","孙法理","译林出版社","2010-6-1","18.00元","8.7"
"1098965","羊脂球","","（法）莫泊桑","","漓江出版社","1995-9-1","8","8.4"
"1487996","城堡","","卡夫卡","","人民文学出版社","1998-1","16.00元","8.6"
"5285282","爱的教育","","[意]德·亚米契斯","夏丏尊","译林出版社","2010-9-1","25.00元","8.2"
"1084831","笑面人","","雨果","鲁膺","上海译文出版社","2003-10","20.00元","8.4"
"2994759","福尔摩斯探案精选","","阿瑟·柯南·道尔","王知一","百家出版社","2008-1","32.00元","9.1"
"5285282","爱的教育","","[意]德·亚米契斯","夏丏尊","译林出版社","2010-9-1","25.00元","8.2"
"1212485","嘉莉妹妹","","德莱塞","潘庆舲","人民文学出版社","2003-01","20.00元","7.7"
"1098965","羊脂球","","（法）莫泊桑","","漓江出版社","1995-9-1","8","8.4"
"1996574","荆棘鸟","","[澳] 科林·麦卡洛","晓明、陈明锦 译、李小棠 校","漓江出版社","1983-10","2.25元","8.8"
"1205381","还乡","","托马斯.哈代","王守仁","译林出版社","1998-4-1","12.00","8.3"
"2283989","法哲学原理","","(德)黑格尔","","北京出版社","2007-10","21.80元","7.8"
"2224962","古今和歌集","","纪贯之","杨烈","复旦大学出版社","1983-6","0.64元","8.2"
"4872919","美妙的新世界","","阿道斯•伦纳德•赫胥黎 (Aldous Leonard Huxley)","孙法理","译林出版社","2010-6-1","18.00元","8.7"
"2274570","汤姆叔叔的小屋","汤姆叔叔的小屋","哈丽雅特·比彻·斯陀","","长江文艺","2008-5","22.00元","8.5"
"1085129","莎士比亚四大悲剧","","莎士比亚","孙大雨","上海译文出版社","2002-12","23.9","8.6"
"1216630","查特莱夫人的情人","","[英] 劳伦斯","赵苏苏","人民文学出版社","2004-3","34.00元","7.8"
"1096469","飘","最新全译本","玛格丽特.米切尔(美)","李尧、郇忠","经济日报出版社","2002-01-01","45.00元","9.4"
"1234228","汤姆·索亚历险记","","应天 等译注","","外语教学与研究出版社","1992-8","7.80元","8.4"
"1220785","堂吉诃德","","塞万提斯","唐婕","哈尔滨出版社","2005-1-1","28.00","8.1"
"1823546","还乡","","托马斯·哈代","","长江文艺","2010-10","22.00元","7.7"
"1015524","荒野的呼唤.白牙","","'托马斯·哈代'","''","'长江文艺'","'2010-10'","'22.00元'","9.2"
"2974774","茵梦湖（中英对照）","","[德]特奥多尔·施笃姆","马小弥","中国国际广播出版社","2009-8-1","10.00元","8.1"
"1825635","傲慢与偏见","","[英]奥斯丁","王科一","上海译文出版社","1980","1.35","9.2"
"1098965","羊脂球","","（法）莫泊桑","","漓江出版社","1995-9-1","8","8.4"
"1962517","包法利夫人","","(法)福楼拜","李健吾","浙江文艺出版社","1994","7.2","8.7"
"5285282","爱的教育","","[意]德·亚米契斯","夏丏尊","译林出版社","2010-9-1","25.00元","8.2"
"1005964","堂吉诃德（上下）","","塞万提斯","杨绛","人民文学出版社","1978-3-1","38.00元","8.4"
"1562506","弗兰肯斯坦","5000词床头灯英语学习读本","玛丽.雪莱","毛荣贵、朱琳","航空工业","2006-09-05","10.00元","7.4"
"1575961","A Tale of Two Cities","","Charles Dickens","","Wordsworth Editions Limited","1993-1-1","USD 4.99","8.8"
"2012836","昆虫记","","(法)法布尔","","北京少年儿童出版社","2011-12","15.80元","7.8"
"1527796","格列佛游记","","斯威夫特","史晓丽","北京燕山出版社","2002-6","16.0","7.1"
"1530755","古希腊神话与传说","","斯威布","魏怡","北京燕山","2005-5","20.00元","7.7"
"1534737","铁面人","","大仲马 (DumaspereAlexandre)","大仲马","安徽科学技术出版社","2002-8","8.50元","8.2"
"1119470","名利场（共两册）","","【英】萨克雷","杨必","人民文学出版社","1997-3","35.50元","8.5"
"1060117","不朽","","米兰·昆德拉","王振孙、郑克鲁","上海译文出版社","2003-06","24.00","8.5"
"1006529","盲音乐家","","[俄] 柯罗连科","臧传真","人民文学出版社","1958-10","7.70元","7.5"
"3181300","娜娜","名著名译插图本·精华版","左拉","郑永慧","人民文学出版社","1985-5","21.00元","7.5"
"3200726","欧也妮·葛朗台","名著名译插图本•精华版","巴尔扎克","张冠尧","人民文学出版社","2000-5","12.00元","8.1"
"1527307","欧·亨利短篇小说选","","王永年","","人民文学出版社","2000-02-01","19.80元","9.0"
"1031397","荷马史诗·伊利亚特","","[古希腊] 荷马","罗念生、王焕生","人民文学出版社","1994-11","26.00元","8.7"
"2042633","金蔷薇","","[俄]康·帕乌斯托夫斯基","戴骢","上海译文出版社","2007-3","15.00","9.0"
"3333491","飘","飘(英文版)(套装全二册)(世界文学经典读本)","玛格丽特·米切尔","","中央编译出版社","2008-11","68.00元","9.6"
"3542489","在人间","","高尔基","李鹤龄","远方出版社","1997","16.00元","7.4"
"1575961","A Tale of Two Cities","","Charles Dickens","","Wordsworth Editions Limited","1993-1-1","USD 4.99","8.8"
"1592756","漂亮朋友","","莫泊桑","","上海人美","2002-5","14.50元","8.6"
"2127047","格列佛游记","","乔纳森·斯威夫特","","世界图书出版公司","2006-1","12.80元","7.8"
"3181300","娜娜","名著名译插图本·精华版","左拉","郑永慧","人民文学出版社","1985-5","21.00元","7.5"
"1461834","Pride and Prejudice","","Jane Austen、Introduction by Ian Littlewood","","Wordsworth Editions Ltd","1995-9-5","GBP 2.38","9.2"
"1105898","悲惨世界（全三册）","","(法)雨果","","人民文学出版社","2003-1-1","58","9.4"
"2032651","格列佛游记","","(英)斯威夫特","张健","人民文学出版社","1979","0.94元","8.1"
"1471777","傲慢与偏见","","[英] 简·奥斯丁","孙致礼","译林出版社","2000-2","12.50元","9.2"
"1480659","THE NORTON ANTHOLOGY OF ENGLISH LITERATURE","(Sixth Edition) The Major Authors","M. H. Abrams","","W.W.Norton &Company, Inc.","1996-1","166.00元","9.5"
"1119470","名利场（共两册）","","【英】萨克雷","杨必","人民文学出版社","1997-3","35.50元","8.5"
"3333491","飘","飘(英文版)(套装全二册)(世界文学经典读本)","玛格丽特·米切尔","","中央编译出版社","2008-11","68.00元","9.6"
"3526278","豪夫童话选","","傅走良寰","","人民文学出版社","1979年6月北京第1版","0.32元","9.5"
"1527307","欧·亨利短篇小说选","","王永年","","人民文学出版社","2000-02-01","19.80元","9.0"
"2121422","嘉利妹妹","","'王永年'","''","'人民文学出版社'","'2000-02-01'","'19.80元'","7.0"
"1562506","弗兰肯斯坦","5000词床头灯英语学习读本","玛丽.雪莱","毛荣贵、朱琳","航空工业","2006-09-05","10.00元","7.4"
"2128938","海底两万里（共二册）","","[法] 儒勒·凡尔纳","曾觉之","中国青年出版社","1961-8","1.30元","8.8"
"3561204","培根随笔","培根随笔","(英国)弗兰西斯·培根|译者:冯雪松","","南京大学","2009-1","11.80元","7.6"
"1634743","小妇人","","奥尔科特 (Alcott)","洪怡","上海译文出版社","1992-6","11.0","8.0"
"1641479","战地钟声","","海明威","","上海译文出版社","1993-4-1","12.50","8.2"
