"26698660","巨人的陨落","世纪三部曲","[英] 肯·福莱特","于大卫","江苏凤凰文艺出版社","2016-5-1","129.80元","9.0"
"25862578","解忧杂货店","","(日)东野圭吾","李盈春","南海出版公司","2014-5","39.50元","8.6"
"6082808","百年孤独","","[哥伦比亚] 加西亚·马尔克斯","范晔","南海出版公司","2011-6","39.50元","9.2"
"1770782","追风筝的人","","[美] 卡勒德·胡赛尼","李继宏","上海人民出版社","2006-5","29.00元","8.8"
"26821461","北鸢","","葛亮","","人民文学出版社","2016-10-1","45.00元","8.6"
"26878124","我的天才女友","那不勒斯四部曲","[意] 埃莱娜·费兰特（Elena Ferrante）","陈英","人民文学出版社","2017-1","42.00元","8.6"
"26425831","斯通纳","","'[意] 埃莱娜·费兰特（Elena Ferrante）'","'陈英'","'人民文学出版社'","'2017-1'","'42.00元'","8.8"
"10594787","霍乱时期的爱情","","[哥伦比亚] 加西亚·马尔克斯","杨玲","南海出版公司","2012-9-1","39.50元","8.9"
"1858513","月亮和六便士","","[英] 毛姆","傅惟慈","上海译文出版社","2006-8","15.00元","8.9"
"1082154","活着","","余华","","南海出版公司","1998-5","12.00元","9.1"
"26900889","佛罗伦萨的神女","","[英] 萨曼·鲁西迪","刘凯芳","北京燕山出版社","2017-1-1","45.00元","9.0"
"26701959","我脑袋里的怪东西","","[土耳其] 奥尔罕·帕慕克","陈竹冰","上海人民出版社","2016-1","49.00元","8.6"
"1008145","围城","","钱锺书","","人民文学出版社","1991-2","19.00","8.9"
"26910597","直到那一天","","[法] 米歇尔·普西","梁若瑜","湖南文艺出版社","2016-12","39.00元","8.3"
"26831234","不属于我们的世纪","","[美] 马修·托马斯","黄瑶","广西科学技术出版社","2016-9-1","46.00元","8.7"
"1187842","你一生的故事","特德·蒋科幻佳作集","[美] 特德·蒋","王荣生 等","四川科学技术出版社","2005-2","18.00元","9.0"
"4820710","1984","","[英] 乔治·奥威尔","刘绍铭","北京十月文艺出版社","2010-4-1","28.00元","9.3"
"5038409","金色梦乡","","[日] 伊坂幸太郎","李彦桦","译林出版社","2010-9","35.00元","9.0"
"6781808","杀死一只知更鸟","","[美] 哈珀·李","高红梅","译林出版社","2012-9","32.00元","9.2"
"1200840","平凡的世界（全三部）","","路遥","","人民文学出版社","2005-1","64.00元","9.0"
"11499200","浪花少年偵探團","","東野圭吾","王蘊潔","皇冠","2012-8-3","NT$260","6.8"
"26886310","有匪1","少年游","priest","","湖南文艺出版社","2016-11","35.00元","9.0"
"26945142","背对世界","","[德] 埃尔克·海登莱希","丁娜、杜新华","湖南文艺出版社","2017-1","28.80元","8.6"
"26905360","夜莺","","[美] 克里斯汀·汉娜","黄瑶","四川人民出版社","2016-11","38.00元","9.3"
"2035162","刀锋","","[英]毛姆","周煦良","上海译文出版社","2007-3","18.00","9.0"
"25903580","Euphoria","","'[英]毛姆'","'周煦良'","'上海译文出版社'","'2007-3'","'18.00'","7.8"
"26356515","S.","忒修斯之船","[美] J.J.艾布拉姆斯、[美] 道格·道斯特","颜湘如","中信出版集团","2016-6-6","168.00 元","8.2"
"26935435","大裂","","胡迁","","九州出版社","2017-1","35.00元","8.5"
"26729776","雪人","","[挪威] 尤·奈斯博","林立仁","湖南文艺出版社","2016-4","39.00元","8.2"
"26787935","夜色人生","","[美] 丹尼斯·勒翰","尤传莉","江苏凤凰文艺出版社","2016-10-15","49.90元","8.6"
"1856494","卡拉马佐夫兄弟","","[俄]陀思妥耶夫斯基","荣如德","上海译文出版社","2006-8","25.00","9.3"
"4203630","鳄鱼街","","[波] 布鲁诺·舒尔茨","杨向荣","新星出版社","2010-1","28.00元","8.5"
"4908885","局外人","","[法] 阿尔贝·加缪","柳鸣九","上海译文出版社","2010-9","22.00元","9.0"
"26890281","漫长的中场休息","","[美] 本·方登","张晓意","南海出版公司","2016-11-1","45.00元","8.1"
"26382433","无声告白","","[美] 伍绮诗","孙璐","江苏凤凰文艺出版社","2015-7","35.00元","8.2"
"2035171","人生的枷锁","","[英] 毛姆","张柏然、张增健、倪俊","上海译文出版社","2007-3","32.00元","9.0"
"26837288","钓鱼的男孩","","[尼日利亚] 奇戈希·奥比奥玛","吴晓真","湖南文艺出版社","2016-9","36.00元","8.3"
"26340138","岛上书店","","[美] 加布瑞埃拉·泽文","孙仲旭、李玉瑶","江苏凤凰文艺出版社","2015-5","CNY 35.00","7.7"
"26451351","爱情和其他魔鬼","","[哥伦比亚] 加西亚·马尔克斯","陶玉平","南海出版公司","2016-1","35.00","8.6"
"26931507","罗曼蒂克消亡史","","程耳","","江西人民出版社","2016-12-15","36元","7.5"
"26931567","会消失的人","","'程耳'","''","'江西人民出版社'","'2016-12-15'","'36元'","8.6"
"26944471","一个女孩的镜像世界","","[英] 加文·伊克斯坦","许靖烯","广西科学技术出版社","2017-1-1","38.00","9.1"
"1017143","不能承受的生命之轻","","[捷克] 米兰·昆德拉","许钧","上海译文出版社","2003-7","23.00元","8.4"
"26892080","猎豹","","'[捷克] 米兰·昆德拉'","'许钧'","'上海译文出版社'","'2003-7'","'23.00元'","8.8"
"22714154","繁花","","金宇澄","","上海文艺出版社","2013-3-1","48.00元","8.7"
"26864983","思家小馆的晚餐","","[美] 安·泰勒","刘韶方","百花文艺出版社","2016-11-1","39.50","8.2"
"26672693","一个叫欧维的男人决定去死","","[瑞典] 弗雷德里克·巴克曼","宁蒙","四川文艺出版社","2015-12","35.00元","9.0"
"1829226","肖申克的救赎","","[美] 斯蒂芬·金","施寄青、赵永芬、齐若兰","人民文学出版社","2006-7","29.90元","9.1"
"3608208","牧羊少年奇幻之旅","","[巴西]保罗·柯艾略","丁文林","南海出版公司","2009-3-1","25.00元","8.6"
"1089243","黄金时代","时代三部曲","王小波","","花城出版社","1999-3","19.00元","8.8"
"3633461","一句顶一万句","","刘震云","","长江文艺出版社","2009-3","29.80","8.6"
"3406401","悉达多","","[德] 赫尔曼·黑塞","杨玉功 译、丁君君 校","上海人民出版社","2009-3","20.00","9.0"
"26907173","河流之声","","[西班牙] 乔莫·卡夫雷","张雯媛","理想国 | 广西师范大学出版社","2017-1-1","88.00元","8.6"
"26210487","强风吹拂","","(日)三浦紫苑","林佩瑾、李建铨、杨正敏","广西师范大学出版社","2015-1-1","39.00元","9.1"
"2035179","动物农场","","[英] 乔治·奥威尔","荣如德","上海译文出版社","2007-3","10.00元","9.2"
"26927491","白夜照相馆","","王苏辛","北京联合出版公司","联合读创","2017-1","38","8.2"
"26931701","长安十二时辰","","马伯庸","","湖南文艺出版社","2016-11-21","79.60元","8.7"
"26882320","嗨，好久不见","","顾前","","北京十月文艺出版社","2016-11","36","8.8"
"3345595","猫城记","","老舍","","人民文学出版社","2008-11","12.00元","8.5"
"26819479","小说药丸","","[英] 埃拉·伯绍德、[英] 苏珊·埃尔德金","汪芃","上海人民出版社","2016-10","59.00元","8.3"
"1090043","倾城之恋","","张爱玲","","花城出版社","1997-3-1","11.00","8.5"
"1068920","飘（上下）","","[美国] 玛格丽特·米切尔","李美华","译林出版社","2000-9","40.00元","9.3"
"1431870","源泉","","[美] 安·兰德","高晓晴、赵雅蔷、杨玉","重庆出版社","2005-11","49.80元","9.1"
"24934182","一个人的朝圣","","【英】蕾秋·乔伊斯","黄妙瑜","北京联合出版公司","2013-9-1","32.80","8.1"
"1085799","白鹿原","","陈忠实","","人民文学出版社","1997年","28.00元","8.6"
"1254588","城南旧事","纪念普及版","林海音 文、关维兴 图","","中国青年出版社","2003-7","16.00元","8.9"
"25985982","遥远的星辰","","[智利] 罗贝托·波拉尼奥","张慧玲","上海人民出版社","2016-1","32.00元","8.5"
"6789605","树上的男爵","","(意)卡尔维诺","吴正仪","译林出版社","2012-4","30.00元","9.0"
"2143732","灿烂千阳","","[美] 卡勒德·胡赛尼","李继宏","上海人民出版社","2007-9","28.00元","8.7"
"1046265","挪威的森林","","[日] 村上春树","林少华","上海译文出版社","2001-2","18.80元","8.0"
"1440972","博尔赫斯小说集","","[阿根廷] 博尔赫斯","王永年、陈泉","浙江文艺出版社","2005-12","26.00元","9.1"
"1424741","心是孤独的猎手","","[美] 卡森·麦卡勒斯","陈笑黎","上海三联书店","2005-8","25.00元","8.5"
"3831788","逃离","","艾丽丝·门罗","李文俊","北京十月文艺出版社","2009-1-7","28.00元","8.0"
"1400705","情人","","[法] 玛格丽特·杜拉斯","王道乾","上海译文出版社","2005-7","20.00元","8.1"
"4742918","1Q84 BOOK 1","4月～6月","[日] 村上春树","施小炜","南海出版公司","2010-5","36.00元","8.3"
"26357614","海风中失落的血色馈赠","","[加拿大] 阿利斯泰尔·麦克劳德","陈以侃","上海文艺出版社","2015-6","20.00元","9.0"
"1057244","边城","","沈从文、黄永玉 卓雅 插图.","","北岳文艺出版社","2002-4","12.00元","8.6"
"26394018","生活与命运","","[俄罗斯] 瓦西里·格罗斯曼","力冈","广西师范大学出版社","2015-8-20","118.00元","9.1"
"10774752","毛姆短篇小说精选集","","(英)威廉·萨默塞特·毛姆","冯亦代、傅惟慈、陆谷孙","译林出版社","2012-11","36.00元","9.1"
"1960287","蒙着眼睛的旅行者","","朱岳","","新星出版社","2006-12","16.00元","8.4"
"1442869","献给阿尔吉侬的花束","","[美] 丹尼尔·凯斯","周月玲","辽宁教育出版社","2005-8","25.00元","8.9"
"3006581","无人生还","","[英] 阿加莎・克里斯蒂","祁阿红","人民文学出版社","2008-3","19.00","8.9"
"26757657","望春风","","格非","","译林出版社","2016-6","48.00","8.3"
"26640439","死缓","","[法] 路易-费迪南·塞利纳","金龙格","漓江出版社","2016-1","60.00元","8.8"
"6781794","过于喧嚣的孤独","","(捷克) 赫拉巴尔","杨乐云","北京十月文艺出版社","2011-10","22.00元","8.8"
"26854325","喜剧作家","","止庵","","中信出版社","2017-2-1","45","8.3"
"3836566","玫瑰的名字","","[意] 翁贝托·埃科","沈萼梅、刘锡荣","上海译文出版社","2010-03","33.00元","8.6"
"5337248","台北人","","白先勇","","广西师范大学出版社","2010-10","38.00元","8.9"
"25829693","永恒的终结","关于时间旅行的终极奥秘和恢宏构想","[美] 艾萨克·阿西莫夫","崔正男","江苏文艺出版社","2014-9-1","CNY 32.00","9.0"
"1029791","许三观卖血记","","余华","","南海出版公司","1998-9","16.80元","8.7"
"10763902","偷影子的人","","(法)马克·李维","段韵灵","湖南文艺出版社","2012-6-20","29.80元","7.9"
"3426869","三生三世 十里桃花","","唐七公子","","沈阳出版社","2009-1","26.80","8.2"
"4011670","人间失格","","太宰治","许时嘉","吉林出版集团有限责任公司","2009年9月","16.00元","8.3"
"1008988","了不起的盖茨比","","菲茨杰拉德","姚乃强","人民文学出版社","2004-06","12.00元","8.3"
"26803179","平原上的摩西","","双雪涛","","百花文艺出版社","2016-7","39.50元","8.4"
"1082334","穆斯林的葬礼","","霍达","","北京十月文艺出版社","1988-12-1","32.00","8.3"
"6880158","陆犯焉识","","严歌苓","","作家出版社","2011-10-1","35.00元","8.7"
"26910593","重生","","[美] 斯蒂芬·金","朱力安","湖南文艺出版社","2016-12","39.80元","8.3"
"26586492","火星救援","","[美] 安迪·威尔","陈灼","译林出版社","2015-10-1","38.00","8.9"
"4010969","当我们谈论爱情时我们在谈论什么","","[美] 雷蒙德·卡佛","小二","译林出版社","2010-1","22.00元","7.8"
"26889865","我不知道该如何像正常人那样生活","","徐晚晴","","上海文艺出版社 · 豆瓣阅读","2016-10","29.00","7.5"
"26756030","时间之间","","[英] 珍妮特·温特森","于是","未读·北京联合出版公司","2016-4","49.80元","8.4"
"26899537","长安十二时辰 上","","马伯庸","","湖南文艺出版社","2017-1","39.80元","9.1"
"1882933","鬼吹灯之精绝古城","之精绝古城","天下霸唱","","安徽文艺出版社","2006","25.0","8.1"
"26669243","慈悲","","路内","","人民文学出版社","2016-1","36.00","8.2"
"26371317","24个比利","","[美] 丹尼尔·凯斯","邢世阳","外语教学与研究出版社","2015-6-30","39.00元","8.2"
"4105446","十一种孤独","","（美）理查德·耶茨","陈新宇","上海译文出版社","2010-1","20.00元","8.1"
"1321789","美丽新世界","","[英] 阿道司·赫胥黎","王波","重庆出版社","2005-6","20.00元","8.5"
"10560798","面纱","","[英] W.萨默塞特·毛姆","阮景林","重庆出版社","2012-5","32.00元","8.7"
"6797396","焚舟纪","","[英] 安吉拉·卡特","严韵","南京大学出版社","2012-3-29","100.00元","8.5"
"1291809","世界尽头与冷酷仙境","","[日] 村上春树","林少华","上海译文出版社","2002-12","23.00元","8.5"
"20428302","失明症漫记","","(葡)若泽·萨拉马戈","范维信","南海出版公司","2014-2","29.50","9.1"
"26598807","人鼠之间","","[美] 约翰·斯坦贝克（John Steinbeck）","李天奇","上海文艺出版社","2016-1-1","29.00元","9.0"
"26916204","飞灰","","'[美] 约翰·斯坦贝克（John Steinbeck）'","'李天奇'","'上海文艺出版社'","'2016-1-1'","'29.00元'","8.8"
"26849452","静默","","[法] 维罗妮克·普兰","袁筱一","新星出版社","2016-10","32.00元","8.4"
"1060852","呼兰河传","1947年版本・原版珍藏","萧红","","百花文艺出版社","2005-01","19.00","8.8"
"26808761","试刊号","","[意] 翁贝托·埃科","魏怡","上海译文出版社","2017-1-1","CNY 38.00","8.5"
"4011440","最初的爱情 最后的仪式","","[英] 伊恩·麦克尤恩","潘帕","南京大学出版社","2010-2","22.00元","8.0"
"26787931","精神科的故事：在游泳池","","[日] 奥田英朗","王维幸","南海出版公司","2016-7","35.00元","7.7"
"2154960","一个陌生女人的来信","","[奥] 斯台芬·茨威格","张玉书","上海译文出版社","2007-7","20.00元","8.7"
"1092335","教父","","[美]马里奥·普佐","周汉林","译林出版社","1997.8","23.30元","8.9"
"26431326","所有我们看不见的光","","[美] 安东尼·多尔","高环宇","中信出版社","2015-8","42.00元","8.9"
"26923390","长夜难明","","紫金陈","浦睿文化","云南人民出版社","2017-1","42.00元","8.8"
"1003000","悟空传","修订版","今何在","","光明日报出版社","2001-4","14.80元","8.4"
"1059419","海边的卡夫卡","","[日] 村上春树","林少华","上海译文出版社","2003-4","25.00元","8.1"
"26882355","去别处","","顾前","","北京十月文艺出版社","2016-11","39.5元","8.1"
"1393473","遍地风流","","阿城","","作家出版社","1998","12.00","8.8"
"1086249","荆棘鸟","","[澳] 考琳·麦卡洛","曾胡","译林出版社","1998-7","28.00元","8.6"
"26732624","精神病患","","[美] 威廉·彼得·布拉蒂","姚向辉","北京时代华文书局","2016-5-16","56.00元","8.3"
"1080370","情书","","[日] 岩井俊二","穆晓芳","天津人民出版社","2004-7","18.00元","8.6"
"3578470","德米安","埃米尔·辛克莱的彷徨少年时","[德] 赫尔曼·黑塞","丁君君、谢莹莹","上海人民出版社","2009-3","25.00元","9.0"
"6800379","2666","","[智利] 罗贝托·波拉尼奥","赵德明","上海人民出版社","2012-1-1","98.00元","8.6"
"11535042","请以你的名字呼唤我","","安德烈·艾席蒙","权景","中国友谊出版公司","2012-9-10","29.80元","8.3"
"26808364","四季红","民国素人志","蒋晓云","","新星出版社","2016-8","35","8.1"
"24382569","一桩事先张扬的凶杀案","","[哥伦比亚] 加西亚·马尔克斯","魏然","南海出版公司","2013-6","25.00","8.6"
"26356948","摆渡人","","[英]克莱儿·麦克福尔","付强","百花洲文艺出版社","2015-6-1","36.00","6.9"
"25826936","冰与火之歌","（1-5卷：权力的游戏、列王的纷争、冰雨的风暴、群鸦的盛宴、魔龙的狂","[美]乔治·R.R.马丁","谭光磊、屈畅、胡绍晏","重庆出版社","2013-10-1","330.00元","9.6"
"10537633","克苏鲁神话","","(美) 霍华德·菲利普斯·洛夫克拉夫特、Howard Phillips Lovecraft","范娟、程闰闰","重庆大学出版社","2012-5","64.00元","8.2"
"1019568","三国演义（全二册）","","[明] 罗贯中","","人民文学出版社","1998-05","39.50元","9.2"
"1336330","冰与火之歌（卷一）","权力的游戏","[美] 乔治·R. R. 马丁","谭光磊、屈畅","重庆出版社","2005-5","68.00元","9.3"
"1082387","一九八四·动物农场","","[英] 乔治·奥威尔","董乐山、傅惟慈","上海译文出版社","2003-4","23.00元","9.2"
"26765928","屠夫十字镇","","'[英] 乔治·奥威尔'","'董乐山、傅惟慈'","'上海译文出版社'","'2003-4'","'23.00元'","8.4"
"26607924","午夜之子","","[英] 萨曼·鲁西迪","刘凯芳","北京燕山出版社","2015-9","56.00元","8.4"
"26871657","第十三天","","[德] 梁柯","","上海文艺出版社 · 豆瓣阅读","2016-10","37.00","7.6"
"10432334","Me Before You","","JOJO MOYES","","Penguin Books","2012-1-6","78元","8.3"
"26823134","困扰种种","莉迪亚·戴维斯小说集II","'JOJO MOYES'","''","'Penguin Books'","'2012-1-6'","'78元'","8.1"
"1059330","午夜凶铃","","铃木光司","陈惠莉","南海出版公司","2003-01","19.80","8.3"
"1322455","遥远的救世主","","豆豆","","作家出版社","2005-05-01","28.00","8.8"
"26642648","美好的七年","","[以色列] 埃特加·凯雷特","方铁","上海文艺出版社","2016-3-31","25.00元","8.4"
"2302217","阿特拉斯耸耸肩（上下）","","安·兰德","杨格","重庆出版社","2007-10","98.00元","8.8"
"1292416","香水","一个谋杀犯的故事","[德] 帕·聚斯金德","李清华","上海译文出版社","2005-5","20.00元","8.5"
"2136484","如果在冬夜，一个旅人","","[意大利] 伊塔洛·卡尔维诺","萧天佑","译林出版社","2007-6","25.00元","8.7"
"1863930","看不见的城市","","[意大利]伊塔洛·卡尔维诺","张宓","译林出版社","2006-8","16.00元","8.8"
"26760976","怒","","'[意大利]伊塔洛·卡尔维诺'","'张宓'","'译林出版社'","'2006-8'","'16.00元'","8.4"
"1007305","红楼梦","","[清] 曹雪芹 著、高鹗 续","","人民文学出版社","1996-12","59.70元","9.5"
"26791930","生于一九八四","","郝景芳","","电子工业出版社","2016-6-1","49.00元","8.0"
"1040771","达·芬奇密码","","[美] 丹·布朗","朱振武、吴晟、周元晓","上海人民出版社","2004-2","28.00元","8.2"
"25752955","来自新世界 （上下）","","[日] 贵志祐介","丁丁虫","上海译文出版社","2014-4","88.00","9.0"
"26866448","皮囊之下","","[英] 米歇尔·法柏","杨蓓","中国友谊出版公司","2016-10","38.00","8.6"
"3673771","项塔兰","","[澳] 格里高利·大卫·罗伯兹","黄中宪","华文出版社","2009-4","58.00","9.0"
"1465324","洛丽塔","","[美] 弗拉基米尔·纳博科夫","主万","上海译文出版社","2005-12","27.00元","7.7"
"26687879","一首小夜曲","","[日] 伊坂幸太郎","金静和","新星出版社","2016-1","35.00","8.1"
"1082518","麦田里的守望者","","[美国] J. D. 塞林格","施咸荣","译林出版社","1997-2","7.80元","7.9"
"1830445","阿城精选集","","阿城","","北京燕山出版社","2011-3","25.00元","9.0"
"1963684","半生缘","","张爱玲","","北京十月文艺出版社","2006-12","28.00元","8.6"
"1014278","红玫瑰与白玫瑰","","张爱玲","","花城出版社","1996-06","12.80元","8.4"
"26654687","你是我的命运","","[日] 白石一文","刘姿君","四川文艺出版社","2016-5","36.80","8.0"
"26840830","爱德华·巴纳德的堕落","毛姆短篇小说全集1","[英] 毛姆","陈以侃","理想国 | 广西师范大学出版社","2016-10-1","56.00元","8.9"
"1013225","生活在别处","","[捷克] 米兰·昆德拉","袁筱一","上海译文出版社","2004-5","25.00元","8.3"
"10569619","自由","","[美] 乔纳森·弗兰岑","缪梅","南海出版公司","2012-5","49.50元","8.4"
"26791409","奇爱博士","或我如何学会停止恐惧并爱上炸弹","[英] 彼得·乔治","严华容","北京时代华文书局","2016-8-1","39.00元","8.7"
"3391248","金阁寺","","[日] 三岛由纪夫","唐月梅","上海译文出版社","2009-1","24.00","8.6"
"26916869","去他的戒律","","[法] 弗朗索瓦·齐博","沈志明","北京联合出版公司·后浪出版公司","2016-12","36.00元","8.7"
"2257283","唐人小说","","汪辟疆 校录","","上海古籍出版社","1978年1月","0.95元","9.1"
"1760432","受戒","汪曾祺自选集","汪曾祺","","漓江出版社","1987-10","3.95元","9.2"
"26911045","陌生的女儿","","[美] 金伯莉·麦克奎格（Kimberly McCreight）","胡绯","中信出版社","2016-12-1","48.00元","8.4"
"26951871","白拉姆客栈","","宋晓俐","","台海出版社","2017-1","39.8","9.6"
"2056749","时间旅行者的妻子","","[美] 奥德丽·尼芬格","夏金、安璘","人民文学出版社","2007-4","29.90元","8.1"
"26797395","夏日启示录","罗什福尔家杀人事件","[日] 笠井洁","简之","新星出版社","2016-8","45.00元","8.1"
"3277199","多田便利屋","","[日] 三浦紫苑","田肖霞","人民文学出版社","2008-10","20.00元","8.1"
"26821459","茧","","张悦然","","人民文学出版社","2016-8-1","45.00元","7.7"
"26870462","细民盛宴","","'张悦然'","''","'人民文学出版社'","'2016-8-1'","'45.00元'","8.6"
"11528350","哈扎尔辞典（阳本）","一部十万个词语的辞典小说","(塞尔维亚)米洛拉德·帕维奇","南山、戴骢、石枕川","上海译文出版社","2013-1-1","45.00元","8.8"
"1066165","卡尔维诺文集（第三卷）","我们的祖先","[意大利] 卡尔维诺","吴正仪","译林出版社","2001-9","21.00元","9.3"
"1141406","简爱","","[英] 夏洛蒂·勃朗特","","世界图书出版公司","2003-11","18.00元","8.5"
"26265745","清明上河图密码","隐藏在千古名画中的阴谋与杀局","冶文彪","","北京联合出版公司","2015-1-1","49.90元","8.2"
"26295450","软件体的生命周期","特德·姜科幻小说集","[美] 特德·姜","张博然","译林出版社","2015-5","35.00元","8.7"
"26682066","我的奋斗1","父亲的葬礼","[挪威] 卡尔·奥韦·克瑙斯高","林后","广西师范大学出版社·理想国","2016-1","68.00","8.5"
"26909098","我们掩埋的人生","","[美] 艾伦·艾丝肯斯","苏心一","江苏凤凰文艺出版社","2017-1","38.00元","8.0"
"1092168","追忆似水年华（上下册）","","[法国] 马塞尔·普鲁斯特","李恒基、徐继增、桂裕芳、袁树仁、潘丽珍、许渊冲","译林出版社","2001-4","68.00元","9.1"
"5363767","三体Ⅲ","死神永生","刘慈欣","","重庆出版社","2010-11","38.00元","9.2"
"10512236","时间的针脚","","[西] 玛丽亚·杜埃尼亚斯","罗秀","南海出版公司","2012-3","39.50元","8.4"
"20392523","没有人给他写信的上校","","[哥伦比亚] 加西亚·马尔克斯","陶玉平","南海出版公司","2013-5","19.50元","8.5"
"26580084","烛烬","","[匈] 马洛伊·山多尔","余泽民","译林出版社","2015-11","35.00","8.7"
"26264967","神们自己","关于平行宇宙的一切","[美] 艾萨克·阿西莫夫","崔正男","江苏凤凰文艺出版社","2014-12-1","39.00元","8.4"
"26628811","世上最美的溺水者","","[哥伦比亚] 加西亚·马尔克斯","陶玉平","南海出版公司","2015-11-1","35.00元","8.7"
"1022060","狼图腾","","姜戎","","长江文艺出版社","2004-4","32.00元","8.3"
"1020961","棋王","","阿城","","作家出版社","1999-10","13.00","8.7"
"1119522","呼啸山庄","","艾米莉·勃朗特","张扬、张玲","人民文学出版社","1999-1","27.30元","8.4"
"5958726","质数的孤独","","[意] 保罗·乔尔达诺","文铮","上海译文出版社","2011-3","26.00元","8.0"
"1060117","不朽","","米兰·昆德拉","王振孙、郑克鲁","上海译文出版社","2003-06","24.00","8.5"
"26874195","户口本","","史杰鹏","","广东人民出版社","2016-11","36.00元","9.6"
"26892733","长城","","[阿尔巴尼亚] 伊斯梅尔·卡达莱","孙丽娜","重庆出版社","2016-12-1","39.80元","8.5"
"26853566","出家","","张忌","中信出版集团","中信·大方","2016-9","39.00","8.2"
"1085860","基督山伯爵","","大仲马","周克希、韩沪麟","上海译文出版社","1991-12-1","43.90元","8.9"
"26871658","爱有失落时","","[美] 马修·奎克","钱思文","未读·北京联合出版公司","2016-11","45.00元","8.5"
"1082349","长恨歌","","王安忆","","南海出版公司","2003-8","22.00元","8.2"
"3311253","额尔古纳河右岸","","迟子建","","北京十月文艺出版社","2005-12","29.00元","9.0"
"3017857","金锁记","","张爱玲","","哈尔滨出版社","2005年6月","13.5元","8.5"
"3826899","布鲁克林有棵树","","贝蒂·史密斯（Betty Smith)","方柏林","译林出版社","2009-7","28.00元","8.6"
"26394876","小说机杼","","[英] 詹姆斯·伍德","黄远帆","河南大学出版社","2015-8-1","28.00元","8.9"
"3826293","教授与疯子","","[英]西蒙·温切斯特","杨传纬","上海世纪出版集团 北京世纪文景","2009-8","22.00元","8.1"
"26928435","语言的第七功能","谁杀死了罗兰·巴特","[法] 洛朗·比内","时利和、黄雅琴","海天出版社","2017-1","48.00元","7.6"
"1017334","没有个性的人","","(奥地利)罗伯特·穆齐尔","张荣昌","作家出版社","2001-1","60.00元","9.0"
"26895254","雪中的印记","","[英] 特蕾西·里斯","","佘玺","广西科学技术出版社","2016-11-11","9.0"
"1080309","尘埃落定","","阿来","","人民文学出版社","1998-3-1","22.0","8.4"
"3899039","刺猬的优雅","","[法] 妙莉叶·芭贝里","史妍、刘阳","南京大学出版社","2010-02","25.00元","8.1"
"26431617","天黑前的夏天","","[英]多丽丝·莱辛","邱益鸿","译林出版社","2016-1","35.00","8.7"
"3066477","三体Ⅱ","黑暗森林","刘慈欣","","重庆出版社","2008-5","32.00","9.2"
"3432304","大江东去（共三部）","","阿耐","","湖北长江出版集团，长江文艺出版社","2009年01月","118.00元","9.1"
"1456692","金瓶梅","张竹坡批评第一奇书","兰陵笑笑生","","齐鲁出版社","1991","268.00元","8.5"
"1418058","小径分岔的花园","博尔赫斯小说","[阿根廷] 博尔赫斯","王永年","浙江文艺出版社","2002-7","13.00元","9.1"
"3056906","夏日的庭院","","汤本香树实","马敬、杜勤","文汇出版社","2008-4","19.00元","8.3"
"26767242","亲爱的阿道夫","雷·布拉德伯里短篇自选集（第二卷）","[美] 雷·布拉德伯里","徐黄兆、秦鹏、李懿、曹浏  等","新星出版社","2016-5-1","40.00","8.4"
"26716997","隐秘的幸福","","[巴西] 克拉丽丝·李斯佩克朵","闵雪飞","上海文艺出版社","2016-6","25.00","8.4"
"26746839","清明上河图密码3","隐藏在千古名画中的阴谋与杀局","冶文彪","","北京联合出版公司","2016-5-20","56.00元","8.5"
"4885241","1Q84 BOOK 2","7月～9月","[日] 村上春树","施小炜","南海出版公司","2010-6","36.00元","8.4"
"3211779","嫌疑人X的献身","","[日] 东野圭吾","刘子倩","南海出版公司","2008-9","28.00","8.9"
"26787941","玛格丽特小镇","岛上书店书系","[美] 加·泽文","李玉瑶","江苏凤凰文艺出版社","2016-6-1","36.00元","7.3"
"2256039","杜拉拉升职记","","李可","","陕西师范大学出版社","2007-9","26.00元","7.8"
"5275059","1988：我想和这个世界谈谈","","韩寒","","国际文化出版公司","2010-9","25.00元","7.9"
"1076654","孽子","孽子","白先勇","","花城出版社","2000-4-1","21.80元","8.7"
"26735085","奇迹","","[日] 是枝裕和、[日] 中村航","毛叶枫","北京联合出版公司","2016-5-20","32.00","7.7"
"2245449","爱与黑暗的故事","","(以色列)阿摩司·奥兹","钟志清","译林出版社","2007-8","35.00元","8.7"
"1948901","盗墓笔记","七星鲁王宫","南派三叔","","中国友谊出版公司","2007-1","26.80元","8.4"
"26801234","我二十九岁的夏天","四季流转而步履不停的爱情故事","有鹿","","北京联合出版公司","2016-7","38.00元","7.9"
"24845582","群山回唱","","[美] 卡勒德·胡赛尼","康慨","上海人民出版社","2013-8","36.00元","8.4"
"26940569","2084","","[阿尔及利亚] 布阿莱姆·桑萨尔","余中先","海天出版社","2017-1","38.00元","8.2"
"26840109","单程票","","[法] 迪迪尔·范·考韦拉尔特","李珂","新星出版社","2016-9","32.00元","8.3"
"3259440","白夜行","","[日] 东野圭吾","刘姿君","南海出版公司","2008-9","29.80元","9.1"
"5920385","肠子","","[美] 恰克·帕拉尼克","景翔","吉林出版集团有限责任公司","2011-1","35.00元","8.2"
"21979017","魔戒","","[英] J.R.R.托尔金","邓嘉宛、石中歌、杜蕴慈","上海人民出版社","2013-9","169.00元","9.5"
"26916781","当下四重奏","","刘大任","","深圳报业集团出版社","2016-12","45.00","9.4"
"1418686","红拂夜奔","","王小波","","江苏文艺出版社","2005-1","28.00元","8.6"
"1041007","哈利·波特与魔法石","","[英] J. K. 罗琳","苏农","人民文学出版社","2000-9","19.50元","9.0"
"3769738","万火归一","","[阿根廷] 胡里奥·科塔萨尔","范晔","人民文学出版社","2009-6","22.00","8.7"
"5940553","当尼采哭泣","","（美）欧文 D.亚隆（Irvin D.Yalom）","侯维之","机械工业出版社","2011-1-1","36.00元","8.8"
"25892399","余生皆假期","","伊坂幸太郎","吕灵芝","新星出版社","2015-2","28","7.9"
"1316648","查令十字街84号","","[美] 海莲·汉芙","陈建铭","译林出版社","2005-05-01","18.00元","8.3"
"26431618","君士坦丁堡最后之恋","一部算命用的塔罗牌小说","[塞尔维亚]  米洛拉德·帕维奇","曹元勇","上海译文出版社","2016-9-1","128元","8.7"
"5299768","希腊左巴","","（希腊）尼科斯·卡赞扎基","王振基、范仲亮","万卷出版公司","2010-10","25.00元","8.6"
"5043454","盛开的樱花林下","","坂口安吾","袁斌","吉林出版集团有限责任公司","2010年8月","22.00元","7.9"
"26300508","万物的签名","","[美]伊丽莎白·吉尔伯特（Elizabeth Gilbert）","何佩桦","中信出版社","2015-2","42.00元","8.6"
"26944313","青鸟故事集","","李敬泽","","译林出版社","2017-1","68.00","9.2"
"20473505","山月记","","[日]中岛敦","韩冰、孙志勇","中华书局","2013-5","28","8.7"
"1020459","此间的少年","","江南","","华文出版社","2004-1","25.00元","8.4"
"3616310","小团圆","","张爱玲","","北京十月文艺出版社","2009-4","28.00","7.6"
"26849731","看了高兴的爱情故事","","方悄悄","","北京联合出版公司","2016-8","39.00元","8.0"
"26261735","编舟记","","三浦紫苑","蒋崴","上海文艺出版社","2015-3","28.00元","8.5"
"26305561","如何阅读一本小说","A Jaunty Exploration of the World's Favorite Literary form by Thomas C. Foster","[美] 托马斯·福斯特","梁笑","南海出版公司","2015-4","39.5","8.0"
"26810629","岁月如风小少年","","曾良君","","万榕书业发展有限责任公司","2016-7-1","CNY 36.00","8.4"
"3669671","我们在此相遇","","[英] 约翰·伯格","吴莉君","广西师范大学出版社","2009-7","24.00元","8.5"
"1077492","大师和玛格丽特","","[俄] 布尔加科夫","钱诚","人民文学出版社","2004-06","21.00元","9.0"
"25733470","没有色彩的多崎作和他的巡礼之年","","村上春树","施小炜","南海出版公司","2013-10-1","CNY 39.50","8.3"
"1052074","喧哗与骚动","","(美)威廉﹒福克纳","李文俊","上海译文出版社","2004-08","25.00","8.7"
"26910978","蓝色笔记本","","[俄] 丹尼尔·哈尔姆斯","张猛","四川人民出版社","2016-12","40.00元","9.0"
"26890756","你是我的虚荣","爱是空虚，爱是光荣 爱是我们与生俱来的虚荣","蒲荔子（李傻傻）","","鹭江出版社","2016-11","39.8","8.4"
"26752646","天意","","安妮塔·布鲁克纳","锡兵","作家出版社","2016-8-15","40","7.8"
"2165063","纳尔齐斯与歌尔德蒙","","[德]赫尔曼·黑塞","杨武能","上海译文出版社","2007-7","23.00","9.2"
"10345560","离别之音","","(日)青山七惠","竺家荣","南海出版公司","2012-3","28.00元","7.8"
"5446490","宇宙奇趣全集","","伊塔洛·卡尔维诺","张密、杜颖、翟恒","译林出版社","2011-4","28.00元","8.7"
"6016234","奇风岁月","","[美国] 罗伯特·麦卡蒙","陈宗琛","译林出版社","2011-5","36.00元","8.8"
"1859108","白痴","","[俄]陀思妥耶夫斯基","荣如德","上海译文出版社","2006-8","20.00元","8.8"
"26870405","龙头凤尾","","马家辉","","四川文艺出版社","2016-10","39.50元","7.9"
"26704178","我们飞","","[瑞士] 彼得·施塔姆","苏晓琴","上海文艺出版社","2016-1","22","8.3"
"26769999","死神的浮力","伊坂幸太郎作品09","伊坂幸太郎","星野空","南海出版公司","2016-6-22","45.00元","7.8"
"4882159","橘子不是唯一的水果","","[英] 珍妮特·温特森","于是","新星出版社","2010-7","25.00元","7.6"
"3194071","少年巴比伦","","路内","","重庆出版社","2008-8","22.00元","8.6"
"10768068","寻欢作乐","","[英] 威廉·萨默塞特·毛姆","叶尊","译林出版社","2013-2","29.80元","8.4"
"1143694","动物凶猛","","王朔","","中国电影出版社","2004-2","15.5","8.2"
"3228779","出埃及记","","（美）里昂·尤里斯","高卫民","中国青年出版社","2008-10","50.00元","8.7"
"3987362","春雪","","[日] 三岛由纪夫","唐月梅","上海译文出版社","2010年8月","32.00","8.8"
"1075371","马丁·伊登","","（美）杰克・伦敦","殷惟本","人民文学出版社","2004-01","18.00元","8.7"
"1461903","何以笙箫默","","顾漫","","朝华出版社","2007-4","15.00元","8.0"
"4908872","都柏林人","","[爱尔兰] 詹姆斯·乔伊斯","王逢振","上海译文出版社","2010-9","26.00元","8.6"
"1437488","群魔","","[俄] 费·陀思妥耶夫斯基","臧仲伦","译林出版社","2002-5","36.50元","9.2"
"3608235","失物之书","","[爱尔兰] 约翰·康诺利","安之","人民文学出版社","2009-4","29.90","8.5"
"3879301","微微一笑很倾城","","顾漫","","江苏文艺出版社","2009-8","25.00","8.1"
"1039752","且听风吟","","[日] 村上春树","林少华","上海译文出版社","2001-8","11.80元","7.8"
"1469878","日瓦戈医生","","〔苏〕鲍里斯·帕斯捷尔纳克","蓝英年、张秉衡","人民文学出版社","2006-1-1","28","8.6"
"26798156","哀伤的墙","","[法] 雅斯米纳·卡黛哈","缪咏华","上海三联书店","2016-7","35.00元","8.3"
"3402999","到灯塔去","","(英)弗吉尼亚·伍尔夫","瞿世镜","上海译文出版社","2009-1-1","22.00","8.6"
"3448867","采桑子","","叶广芩","","北京出版社","2009-1","32.00元","9.0"
"26689063","卡罗尔","","[美] 帕特里夏·海史密斯","李延辉","上海译文出版社","2016-2","38","8.2"
"4154988","纯真博物馆","","[土耳其] 奥尔罕·帕慕克","陈竹冰","上海人民出版社","2010-1","36.00元","8.0"
"2165076","玻璃球游戏","","[德]赫尔曼·黑塞","张佩芬","上海译文出版社","2007-07-01","31.00元","9.0"
"1877897","四朝代（上下）","","[泰国] 蒙拉查翁·克立·巴莫","谦光","北岳文艺出版社","1992-9","17.90元","9.1"
"5916880","华胥引（全二册）","","唐七公子","","现代出版社","2011-1","39.80元","8.6"
"1064275","老人与海","","海明威","吴劳","上海译文出版社","1999-10","8.20元","8.3"
"26791998","山中的糖果","","邓安庆","","人民文学出版社","2016-6","39.00元","8.3"
"4737325","维罗妮卡决定去死","","[巴西] 保罗·柯艾略","闵雪飞","南海出版公司","2010-8","22.00元","8.2"
"1022632","罪与罚","","[俄] 陀思妥耶夫斯基","朱海观、王汶","人民文学出版社","1982-10","22.00元","8.7"
"1794620","芒果街上的小屋","","[美国] 桑德拉·希斯内罗丝","潘帕","译林出版社","2006-6","24.50元","7.8"
"26962295","我们终将被遗忘","","李唐","","湖南文艺出版社","2017-1-1","32.00","8.3"
"1962078","校园秘史","","(美)唐娜·塔特","胡金涛","重庆出版社","2007-1","39.80元","8.6"
"1391191","京华烟云","","林语堂","张振玉","陕西师范大学出版社","2005-7","43.00元","8.5"
"3013624","棋王.樹王.孩子王","","阿城","","大地","2007-1-1","NTD 200","9.0"
"24541883","消失的爱人","","[美]吉莉安·弗琳","胡绯","中信出版社","2013-6-3","42.00元","8.1"
"1083428","傲慢与偏见","","[英] 奥斯丁","张玲、张扬","人民文学出版社","1993-7","13.00元","8.8"
"26315820","火花","","'[英] 奥斯丁'","'张玲、张扬'","'人民文学出版社'","'1993-7'","'13.00元'","8.5"
"6097966","发条橙","","[英] 安东尼·伯吉斯","王之光","译林出版社","2011-7","22.00元","8.1"
"26276924","梦中的欢快葬礼和十二个异乡故事","","[哥伦比亚] 加西亚·马尔克斯","罗秀","南海出版公司","2015-5-1","CNY 35.00","8.6"
"4245064","冷血","","杜鲁门·卡波特","夏杪","南海出版社","2010-1","28.00元","8.5"
"25985126","迷宫中的将军","","[哥伦比亚] 加西亚·马尔克斯","王永年","南海出版公司","2014-11","39.50元","8.6"
"2295912","佩德罗·巴拉莫","","[墨西哥]胡安·鲁尔福","屠孟超","译林出版社","2007-10","18.00","8.9"
"5406559","鼠疫","","（法）加缪","刘方","上海译文出版社","2011-1-1","15.00元","8.7"
"20501761","地球上最后的夜晚","","[智利] 罗贝托·波拉尼奥","赵德明","上海人民出版社","2013-4-1","45.00元","8.2"
"3673651","岛","","[英] 维多利亚·希斯洛普","陈新宇","南海出版公司","2009-4","28.00","7.7"
"26303224","说部之乱","","朱岳","","北京联合出版公司·后浪出版公司","2015-4-1","25.00元","8.1"
"2161892","九故事","","[美] J.D.塞林格","李文俊、何上峰","人民文学出版社","2007-8","17.00元","8.5"
"3315879","恶童日记","恶童三部曲1","[匈牙利] 雅歌塔·克里斯多夫","简伊玲","上海人民出版社","2009-1","22.00","8.6"
"26891238","红色","","徐兵 孙强 著、石典典 改编","","化学工业出版社·悦读名品","2016-11-1","75","9.6"
"26577690","伪装成独白的爱情","","[匈] 马洛伊·山多尔","郭晓晶","译林出版社","2015-10","48.00","8.5"
"2022979","喜宝","","亦舒","","新世界出版社","2007-2","22.00元","8.1"
"2326571","琅琊榜","","海宴","","朝华出版社","2007-12","49.80元","8.6"
"26672441","收山","","常小琥","","译林出版社","2015-12","32.8","8.5"
"2567698","三体","“地球往事”三部曲之一","刘慈欣","","重庆出版社","2008-1","23.00","8.8"
"10565151","我是个年轻人 我心情不太好","","(挪威)阿澜·卢","宁蒙","浙江文艺出版社","2013-1-1","28.80元","7.5"
"26927492","追随他的记忆","","林为攀","北京联合出版公司","联合读创","2017-1","38","8.9"
"1085021","蝴蝶梦","","[英] 达夫妮·杜穆里埃","林智玲 程德 译、陆谷孙 校","上海译文出版社","2002-3","16.00元","8.2"
"26895400","镜像人之末世如你","","小托","","北京联合出版公司","2016-11","32.00","9.2"
"1054917","沧浪之水","","阎真","","人民文学出版社","2001-10","26.00元","8.5"
"6746290","奥丽芙·基特里奇","","(美)伊丽莎白·斯特劳特","张芸","南海出版公司","2011-9-1","29.50元","8.9"
"2180619","偷书贼","","[澳] 马克斯·苏萨克","孙张静","南海出版公司","2007-8","25.00元","8.0"
"24107596","神经漫游者","","[美] 威廉·吉布森","Denovo","江苏文艺出版社","2013-6","32.00元","8.0"
"1018577","霸王别姬 青蛇","","李碧华","","花城出版社","2001-5","21.00元","8.9"
"5337243","纽约客","","白先勇","","广西师范大学出版社","2010.10","32.00元","8.6"
"1851385","我的名字叫红","","[土耳其] 奥尔罕·帕慕克","沈志兴","上海人民出版社","2006-8","29.00元","7.8"
"3044579","Call Me by Your Name","A Novel","André Aciman","","Picador","2008-1-22","USD 15.00","9.0"
"2250587","一个人的好天气","","[日] 青山七惠","竺家荣","上海译文出版社","2007-9","15.00元","7.6"
"1078250","洗澡","","杨绛","","人民文学出版社","2004-01","16.00","8.2"
"6802423","哦！爸爸们","","[日] 伊坂幸太郎","董方","译林出版社","2012-3","28.00元","7.6"
"1082138","在细雨中呼喊","","余华","","南海出版公司","1999-1","18.00元","8.3"
"1917972","在路上","","[美] 杰克·凯鲁亚克","王永年","上海译文出版社","2006-10","28.00元","7.8"
"3326892","圣诞忆旧集","","[美] 杜鲁门·卡坡蒂","潘帕","译林出版社","2009-1","24.50","8.6"
"1088065","阿Q正传","","鲁迅、丰子恺","","上海书店出版社","2003-7-1","14.50","8.6"
"6789551","不存在的骑士","","[意] 伊塔洛·卡尔维诺","吴正仪","译林出版社","2012-4","22.00元","8.8"
"26653000","金翅雀","","[美] 唐娜·塔特","李天奇、唐江","人民文学出版社","2016-1-1","59.00","8.1"
"10759466","地下室手记","","[俄] 陀思妥耶夫斯基","臧仲伦","漓江出版社","2012-5-1","15.00元","9.0"
"1051193","麦琪的礼物","欧·亨利短篇小说经典","[美] 欧·亨利","张经浩","上海社会科学院出版社","2003-7","25.00元","8.6"
"26821903","精神科的故事：空中秋千","","[日] 奥田英朗","王维幸","南海出版公司","2016-8","39.50元","7.8"
"1029553","西游记（全二册）","","吴承恩","黄肃秋 注释","人民文学出版社","2004-8","47.20元","8.7"
"2209098","致我们终将逝去的青春","","辛夷坞","","朝华出版社","2007-8","25.00元","7.9"
"26923541","一定要给你个惊喜","谈波短篇小说选","谈波","","深圳报业集团出版社","2016-11-18","38","8.5"
"26819925","小説 君の名は。","","新海 誠","KADOKAWA","メディアファクトリー","2016-6-18","JPY 605","8.4"
"1058679","人·兽·鬼","","钱锺书","","生活·读书·新知三联书店","2002-5","10.00元","8.7"
"4143051","荆棘之城","","[英]萨拉·沃特斯","林玉葳","百花洲文艺出版社","2009-11","32.00元","8.6"
"26864850","香蕉的低语","","[土耳其] 伊切·泰玛尔库兰","李娟","北京联合出版公司","2016-10-15","39.90元","8.1"
"3012517","小姨多鹤","","严歌苓","","作家出版社","2008-4","28.00元","8.5"
"21346008","米格尔街","","(英)V.S.奈保尔","张琪","南海出版公司","2013-7","28.00","8.5"
"3594151","柑橘与柠檬啊","","[英] 麦克·莫波格","柯惠琮","中国城市出版社","2009-3","28.80","8.1"
"26911011","名丽场","","周宏翔","中信出版集团","中信·大方","2017-1-1","38.00","8.3"
"1073744","四世同堂（上下）","","老舍","","人民文学出版社","1999-06","49.00","9.0"
"5993310","直捣蜂窝的女孩","","[瑞典] 斯蒂格·拉森","颜湘如","人民文学出版社","2011-5","39.90元","9.0"
"4202422","云图","","(英) 大卫·米切尔","杨春雷","上海文艺出版社","2010-1-1","33.00元","8.3"
"3151990","达摩流浪者","","[美] 杰克·凯鲁亚克","梁永安","上海译文出版社","2008-7","26.00","8.5"
"25831096","梦书之城","","[德]瓦尔特·莫尔斯","赖雅静","南海出版公司","2014-4","39.50元","8.9"
"1872158","蝇王","","[英] 威廉·戈尔丁","龚志成","上海译文出版社","2006-8","13.00元","8.2"
"4173403","温柔的叹息","","[日] 青山七惠","竺家荣","上海译文出版社","2010-1","20.00元","7.7"
"4175473","波斯少年","","[英] 玛丽·瑞瑙特","郑远涛","上海人民出版社","2010-8","29.80元","8.6"
"3090810","五号屠场","","(美)库尔特·冯内古特","虞建华","译林出版社","2008-8","19.80元","8.8"
"1081422","卡夫卡小说全集（全三册）","","[奥] 卡夫卡","韩瑞祥 [等]","人民文学出版社","2003-08","60.00元","8.9"
"26837789","不存在的父亲","","[英] 迈克尔·道布斯","雷素霞","百花洲文艺出版社","2016-9","36.00元","8.6"
"26846483","不然你搬去火星啊","","[日] 伊坂幸太郎","星野空","新星出版社","2016-8","38.00","8.5"
"3131626","荒原狼","","[德]赫尔曼·黑塞","赵登荣、倪诚恩","上海译文出版社","2008-7","13.00","8.9"
"1401425","兄弟（上）","","余华","","上海文艺出版社","2005-8","16.00元","8.3"
"26863353","贩罪","","三天两觉","","江苏凤凰文艺出版社","2016-10","158.00元","8.9"
"20515828","傅科摆","","(意)翁贝托·埃科","郭世琮","上海译文出版社","2014-1","69.00","8.6"
"26591906","浮生梦","","[英] 达芙妮·杜穆里埃","姜秋霞","花山文艺出版社","2016-1-15","39.90","8.3"
"1085883","青铜时代","时代三部曲","王小波","","花城出版社","1997-5","29.00元","8.6"
"3013903","漫长的告别","","[美] 雷蒙德·钱德勒","宋碧云","新星出版社","2008-2","25.00","8.1"
"26712094","汽油生活","","[日] 伊坂幸太郎","潘璐","新星出版社","2016-2","35.00元","8.3"
"3640067","革命之路","","[美] 理查德·耶茨","侯小翊","重庆出版社","2009-4","28.00","8.7"
"26680113","那个不为人知的故事","","twentine","","江苏文艺出版社","2015-12","32.00元","8.6"
"25779593","族长的秋天","","加西亚·马尔克斯","轩乐","南海出版公司","2014-6","CNY 39.50","8.5"
"2158684","象棋的故事","","[奥] 斯台芬·茨威格","张玉书","上海译文出版社","2007-7","23.00元","9.0"
"3926717","雷蒙德·卡佛短篇小说自选集","","[美] 雷蒙德·卡佛","汤伟","人民文学出版社","2009-9","29.80","8.5"
"3136271","罗生门","","[日]芥川龙之介","林少华","上海译文出版社","2008-7","12.00元","8.6"
"1849791","铁皮鼓","","[德] 格拉斯","胡其鼎","上海译文出版社","2006-8","20.00元","8.5"
"4171951","失落的秘符","","[美] 丹·布朗","朱振武、文敏、于是","人民文学出版社","2010-1","38.00元","7.5"
"26907029","天真人类","","韩今谅","","北京联合出版公司","2016-11-1","38","9.0"
"25957554","在不安的世界安静的活","中国时尚1993—2013","王欣","","北京十月文艺出版社","2014-8","CNY 35.00","8.0"
"2297697","ZOO","","[日] 乙一","李颖秋","当代世界出版社","2007-10","20.00元","8.6"
"4231381","那些回不去的年少时光","","桐华","","江苏文艺出版社","2010-01","23.80元","8.5"
"3866885","沉默","","（日）远藤周作","林水福","南海出版公司","2009-8","22.00元","8.5"
"10764013","克罗诺皮奥与法玛的故事","","[阿根廷] 胡里奥·科塔萨尔","范晔","南京大学出版社","2012-11","25.00元","8.8"
"3316438","孤独及其所创造的","","[美] 保罗·奥斯特","btr","浙江文艺出版社","2009-1","20.00","8.3"
"26297872","北美殉道者花园","","[美] 托拜厄斯·沃尔夫","孙仲旭","译林出版社","2016-10","35.00","8.2"
"6742586","我不是潘金莲","","刘震云","","长江文艺出版社","2012-8","29.80元","7.8"
"1186392","约翰·克利斯朵夫","","（法）罗曼·罗兰","傅雷","人民文学出版社","1957-1-1","74.00元","8.7"
"1213546","变形记","卡夫卡小说","[奥] 卡夫卡","叶廷芳、赵登荣 等","浙江文艺出版社","2003-4","16.00元","8.3"
"1119590","老残游记","","[清] 刘鹗","陈翔鹤 校、戴鸿森 注","人民文学出版社","1982-4","13.50元","8.0"
"1255625","天龙八部","","金庸","","三联书店","1994-5","96.0","9.1"
"1449351","呐喊","","鲁迅","","人民文学出版社","1973年3月","0.36元","8.8"
"1291199","过于喧嚣的孤独 底层的珍珠","","[捷] 博·赫拉巴尔","杨乐云、万世荣","中国青年出版社","2003-01-01","16.00","8.7"
"26774091","唐草物语","","[日]涩泽龙彦","林青","广西师范大学出版社","2016-6","42.00","8.4"
"26805297","我必须恋爱的理由","明天会更好","王大根","","江西人民出版社","2016-7-1","36.00","7.4"
"26722307","暗夜独行客","雷·布拉德伯里短篇自选集（第一卷）","[美] 雷·布拉德伯里","夏笳、阿古、曹浏、李懿、吕诗苑、汪杨达","新星出版社","2016-3","40.00元","7.9"
"1791664","千江有水千江月","","萧丽红","","人民文学出版社","2006-5","22.00元","8.8"
"26818183","失忆的爱丽丝","","[澳]莉安·莫利亚提","顾纹天","广西科学技术出版社","2016-7-1","39.80","9.0"
"3335362","大教堂","","[美] 雷蒙德·卡佛","肖铁","译林出版社","2009-1","25.00","8.5"
"1013469","战争与和平（全四册）","","[俄] 列夫·托尔斯泰","刘辽逸","人民文学出版社","1997-12","59.00元","8.6"
"26342182","天堂之火","亚历山大三部曲首部","[英] 玛丽·瑞瑙特","郑远涛","上海人民出版社","2015-10-1","39元","8.7"
"26889862","我还是很喜欢你","","苏豆芽","","长江文艺出版社","2016-10-19","36.00","8.5"
"3327495","万有引力之虹","","[美国] 托马斯·品钦","张文宇、黄向荣","译林出版社","2009-1","48.00","8.3"
"1088812","第二十二条军规","","[美] 约瑟夫·海勒","扬恝、程爱民、邹惠玲","译林出版社","2006-6","23.50元","8.3"
"5383804","酒吧长谈","","[秘] 马里奥·巴尔加斯·略萨","孙家孟","人民文学出版社","2011-4","39.80元","9.0"
"26802170","科雷马故事","","（俄）瓦尔拉姆·沙拉莫夫","黄柱宇、唐伯讷","广西师范大学出版社","2016-9","118.00元","9.3"
"25744411","被嫌弃的松子的一生","","[日] 山田宗树","王蕴洁、刘珮瑄","万卷出版社","2013-10-1","CNY 35.00","8.6"
"1939182","美国众神","","[英] 尼尔·盖曼","戚林","四川科学技术出版社","2006-12","36.00元","8.0"
"24715686","仿生人会梦见电子羊吗？","","(美)菲利普·迪克","许东华","译林出版社","2013-9","28.00元","8.7"
"1006073","七月与安生","","安妮宝贝 原著、鬼鬼 改编绘画","","杭州出版社","2002-8","17.50元","7.6"
"26861949","你要像喜欢甜一样喜欢苦","","[美] 斯蒂芬妮·丹勒","孙璐","江苏凤凰文艺出版社","2017-2","42.00元","7.6"
"26264210","几乎没有记忆","莉迪亚·戴维斯小说集","[美] 莉迪亚·戴维斯","吴永熹","重庆大学出版社","2015-1","39.50元","7.8"
"1444077","汪曾祺小说经典","","汪曾祺","","人民文学出版社","2005-8-1","25.00元","9.2"
"6529759","水蛇腰","","汪曾祺","","中国青年出版社","2011-6","33.00元","9.4"
"25764295","百年好合","民国素人志","蒋晓云","","新星出版社","2014-1-1","32.00元","8.4"
"1083477","包法利夫人","","福楼拜","李健吾","人民文学出版社","2003-01","12.00","7.8"
"1069059","雪国","","[日] 川端康成","叶渭渠","人民文学出版社","2002-1","7.90元","8.1"
"3803820","人生","","路遥","","北京十月文艺出版社","2009-5","20.00元","8.4"
"6813370","雾中回忆","","[澳]凯特·莫顿","廖素珊","南海出版公司","2011-9","32.00元","8.2"
"3003477","虚构集","","[阿根廷]豪·路·博尔赫斯","王永年","浙江文艺出版社","2008-2","20.00元","9.2"
"26848972","这里是没有我们存在的地方","","[日] 白石一文","罗越","九州出版社","2016-9","32.00元","8.0"
"25724491","突然，响起一阵敲门声","","[以色列] 埃特加·凯雷特","楼武挺","上海文艺出版社","2013-10-25","25.00","8.3"
"1056023","鼠疫","插图修订本","[法] 阿尔贝·加缪","顾方济、徐志仁","译林出版社","2003-05","20.00元","8.5"
"1982427","大明王朝1566","","刘和平","","人民文学出版社","2007-1-1","59.00元","9.0"
"10746177","终结的感觉","","[英] 朱利安·巴恩斯","郭国良","译林出版社","2012-7","29.80元","8.4"
"26298590","出轨","","[爱尔兰] 威廉·特雷弗","杨凌峰","上海文艺出版社","2015-2","29.00元","8.4"
"1063401","精灵宝钻","魔戒起源","托尔金","李尧","译林出版社","2004-05","21.3","8.4"
"1856025","道连·葛雷的画像","","[英] 奥斯卡·王尔德","荣如德","上海译文出版社","2006-8","12.00元","8.9"
"1256406","苦炼","","[法] 玛格丽特·尤瑟纳尔","赵克非","东方出版社","2002-10","20.00元","8.8"
"1458164","她是女子，我也是女子","","黃碧雲","麥田出版有限公司","1994","10","HK$47","8.3"
"2136135","充满奇想的一年","","琼·狄迪恩","李继宏","吉林文史出版社","2007年6月","25.00元","7.3"
"20326626","少年Pi的奇幻漂流（插图珍藏版）","","[加拿大] 扬·马特尔","姚媛","译林出版社","2012-11-28","35.00元","8.6"
"4120475","加缪全集 （小说卷）","","加缪","柳鸣九 等","上海译文出版社","2010年1月","53.00元","9.3"
"26813101","暗杀大师：寻找伦勃朗","","[美] 丹尼尔·席尔瓦","万丽莹、陈磊","江苏凤凰文艺出版社","2016-7-29","42.00元","8.4"
"26855761","匣心记1","","伍倩","","江苏凤凰文艺出版社","2016-8","138.00","8.5"
"26957420","临高启明","","'伍倩'","''","'江苏凤凰文艺出版社'","'2016-8'","'138.00'","9.5"
"25716611","花街往事","","路内","","上海文艺出版社","2013-9","35","8.5"
"26659419","谋杀电视机","","大头马","","四川文艺出版社","2016-1","36.80元","7.7"
"10488563","宇宙尽头的餐馆","","[英] 道格拉斯·亚当斯","姚向辉","上海译文出版社","2012-5","26.00元","8.7"
"26921077","回望","","金宇澄","","广西师范大学出版社","2017-1-1","49.00元","8.7"
"2669319","Flipped","","'金宇澄'","''","'广西师范大学出版社'","'2017-1-1'","'49.00元'","9.0"
"3389984","俗世奇人","（修订版）","冯骥才","","作家出版社","2008-12","18.00元","8.6"
"1418999","银河英雄传说","","[日] 田中芳树","蔡美娟","西藏人民出版社","2004-7-1","19.80元","9.2"
"2050779","魔山","","托马斯·曼","钱鸿嘉","上海译文出版社","2007-1","27.00元","8.3"
"26648238","且将生活一饮而尽","","李座峰","","中国华侨出版社","2015-11-1","36.80","7.7"
"1030554","恶心","","[法] 让-保罗·萨特","杜长有","中国友谊出版公司","1999-3","16.00元","8.5"
"25870629","亲爱的生活","","[加]艾丽丝·门罗","姚媛","北京十月文艺出版社","2014-5-1","39.50元","7.7"
"24754316","最好的我们","","八月长安","","湖南文艺出版社","2013-8-5","55","8.7"
"26276279","苦妓回忆录","","加西亚·马尔克斯","轩乐","南海出版社","2015-3-1","25.00元","7.8"
"1529893","莲花","","安妮宝贝","","作家出版社","2006-3","25.00元","8.0"
"26934561","天子谋","","青垚","","百花洲文艺出版社","2017-1","32元","8.8"
"25699387","星辰时刻","","(巴西)克拉丽丝·李斯佩克朵","闵雪飞","上海文艺出版社","2013-10","18.00","8.6"
"2036561","城堡","","[奥地利] 卡夫卡","高年生","上海译文出版社","2007-3","14.00元","8.4"
"1015452","国境以南 太阳以西","","[日] 村上春树","林少华","上海译文出版社","2001-8","13.50元","8.2"
"1205370","羊脂球","","（法）莫泊桑","柳鸣九","北京燕山出版社","2007-6","13.50元","8.1"
"25959838","巴托比症候群","","[西班牙] 恩里克·比拉-马塔斯","蔡琬梅","上海人民出版社","2015-3","45.00元","8.0"
"4127527","厨房","","[日]吉本芭娜娜","李萍","上海译文出版社","2009-10","22.00元","8.2"
"26881067","我在伦敦买了一头狮子","","[澳] 安东尼·布尔克、[澳] 约翰·兰道尔","慕风","南海出版公司","2016-11","35.00元","8.7"
"26948168","无常店","","温酒","","湖南文艺出版社","2017-1","38.00","10.0"
"26938056","带艾伯特回家","一只鳄鱼的公路之旅","（美）霍默•希卡姆","吴勐","未读·北京联合出版公司","2017-3","45.00元","8.7"
"4881998","猜火车","","[英] 欧文·威尔士","石一枫","重庆出版社","2010-7-1","29.80元","8.4"
"26686803","葬礼竞技会","亚历山大三部曲之三","[英] 玛丽·瑞瑙特","郑远涛","上海人民出版社","2016-3","32.00元","9.0"
"1044547","射雕英雄传（全四册）","","金庸","","生活·读书·新知三联书店","1999-04","47.00元","8.9"
"1007433","红与黑","","司汤达","郭宏安","译林出版社","1993-7-1","20.00","8.1"
"26822709","聋哑时代","","双雪涛","","北京十月文艺出版社","2016-8","28.00元","8.7"
"26647727","手机里的男朋友","方慧首部短篇小说集","方慧","","北京联合出版公司","2015-10-1","CNY 38.00","7.8"
"2146279","心灵的焦灼","","斯台芬·茨威格","张玉书","上海译文出版社","2007-7","29.00元","9.0"
"1852700","神经外科的黑色喜剧","","[美]法兰克·佛杜锡克 著、吴程远 译","吴程远","湖南科学技术出版社","2006-5","21.80元","9.0"
"26848052","别爱上任何人","","[美] 玛丽·库比卡","朱其芳","北京联合出版公司","2016-11-1","42.00","8.8"
"5390091","人皮论语","中国文化第一历史悬案","冶文彪","","作家出版社","2011-1-1","28.00元","8.6"
"1007772","双城记","","查尔斯・狄更斯","石永礼","人民文学出版社","1996-08","14.10","8.2"
"26901311","血日苍茫","太平天国在南方的最后一个传奇","谢友祥","","广东人民出版社","2016-11-1","39","8.6"
"3075281","世界上所有的夜晚","","迟子建","","上海人民出版社","2008-5","25.00元","8.6"
"6811366","禅与摩托车维修艺术","","(美)罗伯特·M.波西格","张国辰","重庆出版社","2011-9","36.00元","8.3"
"3537590","朗读者","","[德] 本哈德·施林克","钱定平","译林出版社","2009-2","22.00","8.3"
"10583075","英国病人","","[加拿大] 迈克尔·翁达杰","丁骏","人民文学出版社","2012-10-1","29.00元","8.5"
"24715669","少数派报告","菲利普·迪克短篇小说精选","(美)菲利普·迪克","周昭蓉","译林出版社","2013-9","32.00元","8.9"
"1917078","风之影","","[西] 卡洛斯·鲁依斯·萨丰","范湲","人民文学出版社","2006-10","29.90元","8.6"
"4000908","金瓯缺","","徐兴业","","长江文艺出版社","2009-7-1","136.00元","8.8"
"26840502","翡翠城","","'徐兴业'","''","'长江文艺出版社'","'2009-7-1'","'136.00元'","8.1"
"1062991","北京法源寺","","李敖","","中国友谊出版社","2004-08","20.00元","8.4"
"2170030","白鲸","","[美]赫尔曼·麦尔维尔","曹庸","上海译文出版社","2007-7","30.00元","8.1"
"26320883","丈量世界","","[德] 丹尼尔‧凯曼","文泽尔","南海出版公司","2015-10","39.50","7.6"
"6041708","世上另一个我(修订版)","","[美] 萨拉·帕坎南","胡绯","湖南文艺出版社","2015-9","38.00元","8.4"
"1421484","The Poisonwood Bible","A Novel","Barbara Kingsolver","","Harper Perennial Modern Classics","2005-5-31","105.00元","8.9"
"10564102","单身（50周年典藏纪念版）","","[美] 克里斯托弗·艾什伍德","宋瑛堂","南方出版社","2014-10","36.00元","8.1"
"25897884","13．67","","陳浩基","","皇冠","2014-6-9","NT$350","9.1"
"2973335","微暗的火","","[美]弗拉基米尔·纳博科夫","梅绍武","上海译文","2008-1","26.00元","8.6"
"26798155","古拉格气象学家","","[法] 奥利维埃·罗兰","林苑","上海三联书店","2016-8-1","36.00元","7.9"
"10764363","是，大臣","","(英)乔纳森·林恩、(英)安东尼·杰伊 编著","王艺","生活·读书·新知三联书店","2012-8","49.00元","9.2"
"26881696","古文物专家的鬼故事","","[英] 蒙塔古·罗兹·詹姆斯","徐成","人民文学出版社","2016-11","52.00","7.9"
"26387640","忧伤的时候，到厨房去","","（土耳其）爱诗乐·沛克","韩玲","北京联合出版公司","2015-6","38.00","8.1"
"26728131","安尼尔的鬼魂","","[加拿大] 迈克尔·翁达杰（Michael Ondaatje）","陶立夏","人民文学出版社","2016-5","45.00元","8.0"
"1883353","野性的呼唤","","杰克·伦敦","刘荣跃","上海译文出版社","2006-8","25.00元","8.8"
"26844939","只有她知道","","[英] 菲欧娜·巴顿","","刘丽洁","广西科学技术出版社","2016-9-1","7.7"
"26461519","面包会有的","","苗炜","","译林出版社","2015-7-1","CNY 36.00","8.0"
"1025753","妻妾成群","","苏童","","上海文艺出版社","2004-8","23.00元","8.2"
"26925381","沉雪","","李晶、李盈","","浙江人民出版社·后浪出版公司","2016-12","36.00元","8.4"
"26742636","鸟人","","[美] 威廉·沃顿","赵元","北京时代华文书局","2016-5-5","49.00元","9.0"
"1038196","尤利西斯","","[爱尔兰] 詹姆斯·乔伊斯","萧乾、文洁若","译林出版社","2005-8","58.00元","8.4"
"26872990","余生，请多指教","","柏林石匠","","百花洲文艺出版社","2016-10","32.00元","7.7"
"3733083","你往何处去","","[波]显克维奇","林洪亮","南海出版公司","2009-5","29.80元","8.8"
"5321895","那些忧伤的年轻人","","F·S·菲茨杰拉德(Fitzgerald.F.S.)","姜向明、文光、蔡慧","上海译文出版社","2011-1","25.00元","8.3"
"3606570","鹤唳华亭","","雪满梁园","","北岳文艺出版社","2008-12","25.80元","8.3"
"4246979","窄门","","[法] 安德烈·纪德","桂裕芳","上海译文出版社","2010-04","18.00","8.1"
"2376336","未央歌","","鹿桥","","黄山书社","2007-12","58.00","8.4"
"1043485","檀香刑","","莫言","","作家出版社","2001-3","27.00元","8.1"
"20470849","神的九十亿个名字","","[英] 阿瑟·克拉克","邹运旗","江苏文艺出版社","2013-3","28.00元","8.3"
"26899538","长安十二时辰 下","","马伯庸","","湖南文艺出版社","2017-1","39.80元","8.4"
"4105444","复活节游行","","（美）理查德·耶茨、Richard Yates","孙仲旭","上海译文出版社","2009年11月","20.00元","8.5"
"10555486","分成两半的子爵","","[意大利] 伊塔洛•卡尔维诺","吴正仪","译林出版社","2012-4-1","20.00元","8.7"
"3783409","圣殿春秋（上）","","[英] 肯·福莱特","胡允桓","上海译文出版社","2009-7","29.00元","8.7"
"26286208","没有女人的男人们","","[日] 村上春树","竺家荣、姜建强、岳远坤、陆求实、林少华、毛丹青","上海译文出版社","2015-2","35.00元","7.7"
"1043815","骆驼祥子","","老舍","","人民文学出版社","2000-3-1","12.00","8.2"
"11511232","大师的盛宴","二十世纪最佳科幻小说选","奥森·斯科特·卡德 编","姚向辉 等","新星出版社","2012-9-30","45.00元","8.9"
"26861450","丹麦女孩","","大卫•埃贝尔舍夫","何雨珈","南海出版公司","2016-10-1","39.50","8.5"
"3138839","大师","","[爱尔兰] 科尔姆·托宾","柏栎","人民文学出版社","2008-7","26.00元","8.6"
"26756561","小谎言","","[澳]莉安·莫利亚提","黄瑶","广西科学技术出版社","2016-7","39.80","9.0"
"5502995","1Q84 BOOK 3","10月～12月","[日] 村上春树","施小炜","南海出版公司","2011-1","39.50元","7.6"
"1082150","白银时代","时代三部曲","王小波","","花城出版社","1997-5","10.00元","8.3"
"26853361","夜旅人","","赵熙之","","百花洲文艺出版社","2016-9","32.80元","8.6"
"10807374","浮生若梦1","最后的王公","缪娟","","湖南文艺出版社","2012-7","29.80元","8.7"
"26280924","看海的人","","'缪娟'","''","'湖南文艺出版社'","'2012-7'","'29.80元'","8.4"
"4869637","福楼拜的鹦鹉","","朱利安·巴恩斯","石雅芳","译林出版社","2010-5","23.00元","8.1"
"1091904","丰饶之海（上下）","","[日] 三岛由纪夫","许金龙 等","北京燕山出版社","2001-1","38.00元","9.1"
"26384985","我有个恋爱想和你谈下","","烟波人长安","","江苏凤凰文艺出版社","2015-6-1","36","7.4"
"1438394","更多的人死于心碎","","[美]索尔·贝娄(Saul Bellow)","李耀宗","中国文联出版公司","1992-2","5.90元","8.4"
"6890671","一天","","(英)大卫·尼克斯","王臻","南海出版公司","2012-1","29.80元","8.2"
"10763918","一路两个人","","(美)盖尔·考德威尔","许思悦","人民文学出版社","2012-9","16.00元","8.3"
"2340609","2001太空漫游","","[英] 阿瑟·克拉克","郝明义","上海人民出版社","2007-11","28.00元","9.0"
"1465007","生死疲劳","","莫言","","作家出版社","2006-1-1","39.00元","8.2"
"3765092","旧地重游","故园风雨后","[英]伊夫林·沃（Evelyn Waugh）","赵隆勷","译林出版社","2009-6","29.80元","8.6"
"2230208","我的前半生","","亦舒","","新世界出版社","2007-8","22.00元","8.1"
"2969263","跳房子","","[阿根廷] 胡利奥·科塔萨尔","孙家孟","重庆出版社","2008-1","32.00元","8.5"
"25796049","沙之书","","(阿根廷)博尔赫斯","王永年","上海译文出版社","2015-7","26.00","9.0"
"1317899","生死场","","萧红","","人民文学出版社","2005-5-1","11.00","8.1"
"20473089","有顶天家族","","[日] 森见登美彦","高詹燦","上海人民出版社","2013-3","35.00元","8.6"
"1088022","亮剑","","都梁","","解放军文艺出版社","2005-3","28.00元","8.9"
"3003258","阿莱夫","","[阿根廷]豪·路·博尔赫斯","王永年","浙江文艺出版社","2008-2","20.00","9.2"
"6861517","时时刻刻","","(美)迈克尔·坎宁安","王家湘","人民文学出版社","2012-1","25.00元","8.5"
"6085181","二号首长","","黄晓阳","","重庆出版社","2011-5-10","38.00元","8.1"
"25808977","全息玫瑰碎片","威廉·吉布森短篇杰作选","[加]威廉·吉布森","李懿、梁涵等","新星出版社","2014-3","29.00","8.4"
"26657701","若非此时，何时？","","'[加]威廉·吉布森'","'李懿、梁涵等'","'新星出版社'","'2014-3'","'29.00'","8.5"
"3506871","曾有一个人，爱我如生命","","舒仪","","中国画报出版社","2009-3","23.80","7.6"
"26276923","礼拜二午睡时刻","","[哥伦比亚] 加西亚·马尔克斯","刘习良、笋季英","南海出版公司","2015-3-1","29.50","7.9"
"3842847","深河","","远藤周作","林水福","南海出版公司","2009-7-1","25.00元","8.5"
"26789635","殡葬人的秘密","雷·布拉德伯里短篇自选集（第三卷）","[美] 雷·布拉德伯里","仇春卉、李懿、刘媛、徐黄兆 等","新星出版社","2016-6-1","40.00元","8.5"
"2061644","伤心咖啡馆之歌","麦卡勒斯中短篇小说集","[美] 卡森·麦卡勒斯","李文俊","上海三联书店","2007-7","15.00元","8.2"
"1827374","东方快车谋杀案","","[英] 阿加莎·克里斯蒂","陈尧光","人民文学出版社","2006-5","18.00元","9.0"
"1205054","悲惨世界（上中下）","","[法] 雨果","李丹、方于","人民文学出版社","1992-6","66.00元","8.9"
"4105411","第八日的蝉","","[日] 角田光代","刘子倩","江苏文艺出版社","2009-10","24.80元","8.1"
"4832553","侯卫东官场笔记","","小桥老树","","凤凰出版社","2010-6","29.80元","8.2"
"26856953","夏目友人帐","","村井贞之","廖雯雯","百花洲文艺出版社","2016-9-1","32.80元","7.7"
"6773643","橘生淮南·暗恋","","八月长安","","吉林出版集团有限责任公司","2011-8-30","28.80元","8.2"
"26922279","雨中你的自由泳非常美丽","","角男","中信出版集团","中信大方","2017-1","38","8.5"
"1986291","冰与火之歌（卷三）","冰雨的风暴（全三册）","[美] 乔治.R.R.马丁","屈畅、胡绍晏","重庆出版社","2007-1","88.00元","9.5"
"1024197","巴黎圣母院","","[法]雨果","陈敬容","人民文学出版社","1982-6","22.50元","8.3"
"1752755","第九个寡妇","","严歌苓","","作家出版社","2006-3","25.00元","8.6"
"1002299","笑傲江湖（全四册）","","金庸","","生活·读书·新知三联书店","1994-5","76.80元","8.9"
"2980471","赎罪","","[英] 伊恩·麦克尤恩","郭国良","上海译文出版社","2008-2","25.00元","8.3"
"26892801","华生手稿","罪恶的艺术","[美] 邦妮·麦克伯德","孙璐","未读·北京联合出版公司","2016-11","45.00元","8.5"
"1916726","鬼吹灯之龙岭迷窟","","天下霸唱","","安徽文艺出版社","2006-11","25.00元","7.9"
"26811966","无影人","","赵志明","","百花文艺出版社","2016-6","39.50元","8.0"
"20279665","“太空漫游”四部曲","","[英]阿瑟·克拉克","郝明义、张启阳、钟慧元、叶李华","上海人民出版社","2013-1","198.00元","9.2"
"2160230","细雪","","(日)谷崎润一郎","储元熹","上海译文出版社","2007-7","20.00元","8.5"
"1088418","死屋手记","","[俄] 陀思妥耶夫斯基","曾宪溥、王健夫","人民文学出版社","2011-5","20.00元","9.0"
"26844525","再见，萤火虫小巷","","[美] 克莉丝汀·汉娜","吴超","百花洲文艺出版社","2016-9-1","36.00元","8.5"
"26811147","月族","暗月之影","[美] 玛丽莎·梅尔","耿芳","北京联合出版公司","2016-8-1","39.90元","8.1"
"10563555","恐惧","茨威格小说精选","[奥]斯蒂芬•茨威格","韩耀成、沈锡良","陕西师范大学出版总社","2013-5","25.00元","8.9"
"26755625","妈妈走的那一年","","[美]威廉·麦克斯韦尔","程应铸","南海出版公司","2016-6","39.50元","8.2"
"3920144","春宵苦短，少女前進吧！","森見登美彥作品集1","森見登美彥","劉姿君","麥田出版","2009-9-3","NTD300元","8.6"
"26253801","一个市民的自白","","[匈] 马洛伊·山多尔","余泽民","译林出版社","2015-11","45.00","8.8"
"26412776","巴塞尔姆的60个故事","","[美] 唐纳德·巴塞尔姆","陈东飚","南海出版公司","2015-8","58","7.9"
"2036569","愤怒的葡萄","","[美]斯坦贝克","胡仲持","上海译文出版社","2007-3","19.00元","8.2"
"20392525","枯枝败叶","","[哥伦比亚] 加西亚·马尔克斯","刘习良、笋季英","南海出版公司","2013-1","25.00元","7.9"
"6518605","三体全集","地球往事三部曲","刘慈欣","","重庆出版社","2012-1-1","168.00元","9.3"
"25802944","大唐李白·少年游","","张大春","","广西师范大学出版社","2014-1-1","39.00元","8.2"
"5367304","城邦暴力团（上）","","张大春","","上海人民出版社","2011-1","36.00元","8.3"
"26848050","托马斯·伯恩哈德自传小说五部曲","","[奥地利] 托马斯·伯恩哈德","韩瑞祥 等","人民文学出版社","2016-12","56.00元","8.3"
"1165173","务虚笔记","","史铁生","","南海出版公司","2004-5-1","26.00元","8.8"
"24872210","无愁河的浪荡汉子·朱雀城","","黄永玉","","人民文学出版社","2013-8","138","9.2"
"24736899","雪国","川端康成作品01","[日] 川端康成","叶渭渠、唐月梅","南海出版公司","2013-9-15","32.00","8.0"
"4292149","龙文身的女孩","","[瑞典] 斯蒂格·拉森","颜湘如","人民文学出版社","2010-3","39.90元","8.5"
"5423775","隔壁女子","","[日] 向田邦子","张秋明","广西师范大学出版社","2011-3","29.00元","8.2"
"2193877","你在天堂里遇见的五个人","","[美] 米奇·阿尔博姆","赵晓春","上海译文出版社","2007-7","17.00元","8.1"
"3010130","悲观主义的花朵","","廖一梅","","新星出版社","2008-3","22.00","7.7"
"1434071","我们","","[俄] 尤金·扎米亚金","殷杲","江苏人民出版社","2005-10","18.00元","7.9"
"26375108","新手","","[美] 雷蒙德·卡佛","孙仲旭","译林出版社","2015-6-30","32.00元","8.4"
"3662594","荒人手记","","朱天文","","山东画报出版社","2009-5","25.00","8.1"
"25808056","纸牌屋","","迈克尔·道布斯","何雨珈","百花洲文艺出版社","2014-2-14","39.80元","8.1"
"3518332","绿毛水怪","","王小波","","时代文艺出版社","2009-1","30.00元","8.9"
"26841146","人间乐","","古里果","","作家出版社","2016-7","48.00元","8.3"
"1071241","哈利·波特与阿兹卡班的囚徒","","[英] J. K. 罗琳","郑须弥","人民文学出版社","2000-9","26.50元","8.9"
"26802228","寻找光的小女孩","","[法]Cyril Massarotto、[法]希里尔•马萨霍托、[法]马沙霍朵","梁若瑜","北京日报出版社","2016-6-1","34.80元","8.8"
"5940829","写在身体上","","[英] 珍妮特·温特森","周嘉宁","新星出版社","2011-4","25.00元","8.1"
"1016300","梦里花落知多少","","郭敬明","","春风文艺出版社","2003-11","20.00元","7.2"
"1069210","痴人之爱","","（日本）谷崎润一郎","郑明钦","中国文联出版社","2000-08","20.00元","7.6"
"3268399","上海堡垒","","江南","","万卷出版公司","2009-1","26.00","8.5"
"1016486","笑忘录","","[捷克] 米兰·昆德拉","王东亮","上海译文出版社","2004-1","21.00元","8.3"
"1433739","蜘蛛女之吻","","[阿根廷]普伊格","屠孟超","译林出版社","2004年10月","16.80","8.5"
"6879215","乌克兰拖拉机简史","","[英] 玛琳娜·柳薇卡","邵文实","吉林出版集团有限责任公司","2011-12","32.00元","7.6"
"26242908","如果世上不再有猫","你能看见自己内心的黑洞吗?","[日]川村元气","王蕴洁","长江文艺出版社","2014-11-20","38元","7.6"
"24319078","我心中尚未崩坏的部分","","白石一文","陈明姿、王忆云","上海人民出版社","2013-8","32.00元","7.7"
"1039487","哈利·波特与密室","","[英] J. K. 罗琳","马爱新","人民文学出版社","2000-9","22.00元","8.8"
"26756565","一加一","我的孤独只有你看得见","[英]乔乔·莫伊斯","张源","广西科学技术出版社","2016-8","38.00","8.6"
"4213981","好人难寻","","(美) 奥康纳","於梅","新星出版社","2010-3","28.00元","8.4"
"2331434","原来你还在这里","","辛夷坞","","朝华出版社","2007-10","25.00元","7.7"
"26642866","萤火虫小巷","","[美]克莉丝汀·汉娜","康学慧","百花洲文艺出版社","2015-11-1","36.00元","8.4"
"2139305","巴别塔之犬","","[美] 卡罗琳·帕克丝特","何致和","南海出版公司","2007-7","22.00元","7.7"
"1837654","审判","","弗兰茨·卡夫卡","曹庸","上海文艺出版社","2006-5","35.00元","8.7"
"6060418","年轻的心在哭泣","","[美] 理查德·耶茨、Richard Yates","陈新宇","上海译文出版社","2011-6","28.00元","8.3"
"1000856","我是猫","","[日]夏目漱石","于雷","译林出版社","1994-5-1","10.30","7.9"
"1960035","盲刺客","","玛·阿特伍德","韩忠华","上海译文出版社","2007-1","38.00元","8.8"
"1192090","球状闪电","","刘慈欣","","四川科学技术出版社","2005-6","22.00元","8.7"
"25841074","契诃夫小说全集","","[俄] 契诃夫","汝龙","人民文学出版社","2016-5","630.00","9.7"
"26880577","世界上到底有没有百分之百的异性恋","","方悄悄","","中信出版集团","2016-10","CNY 39.80","8.2"
"4874131","东霓","","笛安","","长江文艺出版社","2010-7-1","26.80元","8.1"
"1074155","骑兵军","全译插图本","（俄）伊萨克・巴别尔","戴骢","人民文学出版社","2004-09","25.00","8.8"
"10522844","游戏的终结","","[阿根廷] 胡利奥·科塔萨尔","莫娅妮","人民文学出版社","2012-5-30","20.00元","8.7"
"1124305","扶桑","","严歌苓","","春风文艺出版社","1998-10-1","13.00元","8.1"
"1464203","冰与火之歌（卷二）","列王的纷争","[美] 乔治.R.R.马丁","屈畅、胡绍晏、谭光磊","重庆出版社","2006-1","65.00元","9.4"
"26613724","余罪","我的刑侦笔记","常书欣","","海南出版社","2015-10-1","32.00元","7.6"
"21778349","苦水音乐","","(美)查尔斯·布考斯基","巫土、杨敬","广西师范大学出版社","2013-8","32.00","8.2"
"26738797","小说课（壹）","折磨读者的秘密","许荣哲","","中信出版社","2016-8","38.00","8.0"
"26110579","暗店街","","[法] 帕特里克·莫迪亚诺","王文融","上海文艺出版社","2015-1-1","25.00","7.6"
"3646172","恶意","","[日] 东野圭吾","娄美莲","南海出版公司","2009-6","18.00","8.4"
"26278687","皮囊","","蔡崇达","","天津人民出版社","2014-12-1","39.80元","7.8"
"1768642","博尔赫斯短篇小说集","","[阿根廷] 博尔赫斯","王央乐","上海译文出版社","1983","1.20元","9.2"
"2295163","哈利·波特与死亡圣器","","[英] J. K. 罗琳","马爱农、马爱新","人民文学出版社","2007-10","66.00元","8.9"
"24529235","刀背藏身","徐皓峰武侠短篇集","徐皓峰","","人民文学出版社","2013-1","39.00元","8.4"
"26674263","司藤（上下）","","尾鱼","","江苏文艺出版社","2015-12","56.50元","8.4"
"5448179","别的声音，别的房间","","[美] 杜鲁门·卡波特","李践、陈星","南京大学出版社","2011-2","26.00元","8.0"
"1043814","午夜凶铃2：复活之路","","铃木光司","许木兰","南海出版公司","2003-1","21.80","7.8"
"26574813","婚变","","[美] 杰弗里·尤金尼德斯","","吴其尧","上海译文出版社","2016-4","9.0"
"1004992","张爱玲文集","","张爱玲","","安徽文艺出版社","1992年","45元","8.8"
"20493367","爱伦·坡暗黑故事全集（上册）","","[美] 爱伦•坡","曹明伦","湖南文艺出版社","2013-1","32.00元","8.5"
"26735064","孤独小说家","","[日] 石田衣良","杨恋","北京联合出版公司","2016-4-1","36","7.3"
"26907263","全世界我只想和你在一起","","米西亚","","群言出版社","2016-11","32.00元","9.3"
"1050566","一地鸡毛","","刘震云","","长江文艺出版社","2004-03","18.00","8.0"
"26689989","余罪2","我的刑侦笔记","常书欣","","海南出版社","2016-1-1","38.00元","8.0"
"1394364","银河系漫游指南","","[英] 道格拉斯·亚当斯","徐百柯","四川科学技术出版社","2005-6","16.00元","8.8"
"20444771","血色子午线","","科马克·麦卡锡","冯伟、郑贤清（校对）","重庆出版社","2013-2","36.00元","8.9"
"11604737","芬尼根的守灵夜（第一卷）","","[爱尔兰] 詹姆斯·乔伊斯","戴从容","上海人民出版社","2012-9-1","128.00元","8.7"
"3246904","蒂凡尼的早餐","","[美] 杜鲁门·卡波特","董乐山、朱子仪","南海出版公司","2008-10","28.00","8.1"
"2567919","匆匆那年（上下）","","九夜茴","","东方出版社","2008-1","29.00","8.3"
"5395162","天人五衰","","(日)三岛由纪夫","林少华","上海译文出版社","2011-4","25.00元","9.0"
"26825826","同栖生活","","吉田修一","竺家荣","上海人民出版社","2016-8-1","CNY 35.00","7.6"
"26602780","乡村生活图景","","[以色列] 阿摩司·奥兹","钟志清","译林出版社","2016-6","35.00","8.4"
"26897973","中国特色的译文读者","","沈诞琦","","湖南文艺出版社","2016-10-1","45.00元","7.7"
"26896979","嫡谋","","面北眉南","","江苏凤凰文艺出版社","2016-11","75元","8.6"
"2042629","九三年","","[法]雨果","叶尊","上海译文出版社","2007-3","13.00","8.7"
"5391766","忽然七日","","[美] 劳伦·奥利弗","孙璐","湖南文艺出版社","2015-7","38.00元","7.5"
"10473355","木麻黄树","","[英] 毛姆","黄福海","上海译文出版社","2012-5","30.00元","8.6"
"1083429","爱伦·坡短篇小说集","","（美）爱伦・坡","陈良廷","人民文学出版社","1998-2-1","17.00","8.7"
"1220219","阴阳师","","[日] 梦枕貘","林青华","南海出版公司","2005-1","20.00元","8.6"
"26882668","金沙古卷1.青铜之门","","鱼离泉","","浙江文艺出版社","2016-10-1","38.00","9.3"
"4882013","异常","","桐野夏生","刘子倩","广西师范大学出版社","2010-9","35.0","8.1"
"1212080","奇鸟行状录","","[日] 村上春树","林少华","上海译文出版社","2002-11","30.00元","8.4"
"2228707","癌症楼","","[俄罗斯]亚历山大·索尔仁尼琴","姜明河","译林出版社","2007-8","29.50元","8.9"
"25890145","线","","〔英〕维多利亚·希斯洛普","王爱燕、郭莉","南海出版公司","2014-7","39.50元","8.4"
"1015584","看上去很美","","王朔","","云南人民出版社","2004-9","20.00元","8.0"
"1926103","鬼吹灯之云南虫谷","","天下霸唱","","安徽文艺出版社","2006-11","26.80元","8.0"
"26899141","千百种罪","","[美国] 理查德·福特","徐振锋","上海文艺出版社","2016-11","36.00","7.9"
"1261153","青蛇","","李碧华","","天津人民出版社","2005-1","16.00元","8.4"
"1020670","舞！舞！舞！","","[日] 村上春树","林少华","上海译文出版社","2002-6","25.00元","8.2"
"2251691","弗兰妮与祖伊","","(美)J.D.塞林格","丁骏","人民文学出版社","2007年9月","15.00元","8.7"
"3041463","时间回旋","","[加] 罗伯特·查尔斯·威尔森","陈宗琛","新星出版社","2008-4","29.00元","8.3"
"3406518","追随她的旅程","","路内","","中信出版社","2009-1","25.00","8.5"
"10473352","浮士德博士","一位朋友讲述的德国作曲家阿德里安·莱韦屈恩的生平","(德)托马斯·曼","罗炜","上海译文出版社","2012-5-1","58.00元","8.9"
"4891196","智血","","(美) 奥康纳","蔡亦默","新星出版社","2010.7","25.00元","7.7"
"4187411","万物有灵且美","","[英] 吉米·哈利","种衍伦","中国城市出版社","2010-1","28.80","8.8"
"7046857","长日留痕","","[英] 石黑一雄","冒国安","译林出版社","2011-12","28.00元","8.3"
"1228110","天使与魔鬼","","[美] 丹.布朗","朱振武、王巧俐、信艳","人民文学出版社","2005-2","29.80元","8.2"
"2214350","幻影书","","[美] 保罗·奥斯特","孔亚雷","浙江文艺出版社","2007-7","26.00元","8.4"
"5423772","西夏旅馆","","骆以军","","广西师范大学出版社","2011-6","78.00元","7.8"
"1958227","那些年，我们一起追的女孩","","九把刀","","花山文艺出版社","2007-1","20.00元","8.2"
"3259428","斜阳","","（日）太宰治","杨伟、张嘉林","重庆出版社","2008-10","23.80元","8.5"
"26943688","只记花开不记年","","艾小图","","江苏文艺出版社","2017-2","32元","10.0"
"3821057","搏击俱乐部","","[美]查克·帕拉纽克","冯涛","上海人民出版社","2009-7","24.00元","8.6"
"26914805","九幽","","逍遥兽","","河南大学出版社","2016-10","36.00元","8.8"
"26807576","赡养人类","","刘慈欣","","中国华侨出版社","2016-7","38.00元","8.4"
"5288327","鸟，看见我了","","阿乙","","文化艺术出版社","2010-09","25.00元","8.3"
"10608453","盲视","","[加] 彼得·沃茨","胡纾","四川科学技术出版社","2013-7","28.00元","8.7"
"3532347","金庸全集","","'[加] 彼得·沃茨'","'胡纾'","'四川科学技术出版社'","'2013-7'","'28.00元'","9.6"
"3394338","他的国","","韩寒","","万卷出版公司","2009-1","25.00元","7.5"
"3018339","万物生长","","冯唐","","云南美术出版社","2007-12","23.00元","7.7"
"24861167","一个人消失在世上","","[意]亚历山德罗·巴里科","陈英","湖南文艺出版社","2015-4","35.00元","8.3"
"6310320","人都是要死的","","[法] 西蒙娜·德·波伏瓦","马振骋","上海译文出版社","2012-2","32.00元","8.7"
"2568438","权力与荣耀","","[英] 格雷厄姆·格林","傅惟慈","上海译文出版社","2007","36.00元","8.6"
"1255624","神雕侠侣","","金庸","","三联书店","1994-5","76.8","8.8"
"2133254","流血的仕途","李斯与秦帝国","曹昇","","中信出版社","2007-7","29.80元","8.2"
"26584387","一个人的朝圣2","奎妮的情歌","蕾秋·乔伊斯","袁田","北京联合出版公司","2015-8-1","CNY 36.00","7.7"
"4116629","希区柯克悬念故事集","","（美）希区柯克","王强","中央编译出版社","2009-9","68.00元","8.9"
"3598313","西决","","笛安","","长江文艺出版社","2009-3","22.80元","8.0"
"26897494","香初上舞","","藤萍","","百花洲文艺出版社","2016-11-1","45元","9.4"
"24862771","熔炉","","（韩）孔枝泳","李牧春","江苏文艺出版社","2013-8-1","29.80","9.0"
"3391246","潮骚","","（日）三岛由纪夫","唐月梅","上海译文出版社","2009-1","15.00","8.2"
"26902564","岁月有张凶手的脸","","孙未","","江苏凤凰文艺出版社","2016-12-30","38","8.3"
"26349261","孤儿列车","","[英] 克莉丝汀娜·贝克·克兰","胡绯","湖南文艺出版社","2015-5","36.00元","8.2"
"2296687","纸牌的秘密","","(挪)乔斯坦·贾德","李永平","作家出版社","2007-10","23.00元","8.5"
"26666917","笼中的爱人","","[英] 蕾切尔·阿博特","李娟","百花文艺出版社","2016-5","39.50元","7.8"
"1400059","心","","夏目漱石","林少华","青岛出版社","2005-05-01","19.80","8.7"
"6885715","蓝另一种蓝","山本文绪作品01","(日) 山本文绪","张苓","南海出版公司","2012-10","25.00元","7.7"
"26929098","独白者","","向林","","江苏凤凰文艺出版社","2017-1","39.80元","8.9"
"4105424","恋爱中的男人","","[德] 马丁·瓦尔泽(Martin Walser)","黄燎宇","人民文学出版社","2009","17.00元","7.8"
"6041086","恋爱中的骗子","","[美] 理查德·耶茨","孙仲旭","上海译文出版社","2011-5","22.00元","7.9"
"26413027","虚无的十字架","","[日] 东野圭吾","王蕴洁","湖南文艺出版社","2015-6","39.80元","7.5"
"1468997","守望灯塔","","(英)詹妮特·温特森","侯毅凌","人民文学出版社","2005-12","17.00","8.6"
"2254615","西线无战事","","[德国]埃里希·玛丽亚·雷马克","李清华","译林出版社","2007-8","18.00元","8.9"
"2052049","海伯利安","","[美] 丹·西蒙斯","潘振华、官善明、李懿","万卷出版公司","2007-5","35.00元","9.0"
"5366440","禁色","","三岛由纪夫","陈德文","上海译文出版社","2011-4","32.00元","8.6"
"4238754","失恋33天","小说，或是指南","鲍鲸鲸","","中信出版社","2010-1","25.00元","8.0"
"26823150","脏工作","","'鲍鲸鲸'","''","'中信出版社'","'2010-1'","'25.00元'","7.6"
"4714018","青春咖啡馆","","[法] 帕特里克·莫迪亚诺","金龙格","人民文学出版社","2010-5","16.00元","7.5"
"1771464","微物之神","","[印度] 阿兰达蒂·洛伊","吴美真","人民文学出版社","2006-4","28.00元","8.6"
"1009257","哈利·波特与火焰杯","","[英] J. K. 罗琳","马爱新","人民文学出版社","2001-5","39.80元","8.9"
"3010128","剧院风情","","[英] 萨默塞特·毛姆","俞亢咏","南京大学出版社","2008-2","22.00元","8.6"
"1012637","牛虻","","伏尼契(爱尔兰)","李良民","中国青年出版社","1953-07","13.90","8.2"
"2255896","绿里奇迹","The Green Mile","[美] 斯蒂芬•金","张琼 张冲","上海译文出版社","2007.9","28.00元","8.8"
"4621099","死于威尼斯","","[德] 托马斯·曼","钱鸿嘉、刘德中","上海译文出版社","2010-5","20.00元","8.3"
"1254731","欧·亨利短篇小说选","","[美] 欧·亨利(O’Henry)","王永年","人民文学出版社","2003-01","15.00元","8.8"
"3920130","告白","","湊佳苗","丁世佳","時報文化","2009年8月31日","NT$250","8.6"
"4262685","戏梦巴黎","","(英) 阿代尔","冯涛","上海译文出版社","2010-3","20.00元","8.0"
"10581659","老妓抄","","冈本加乃子","萧云菁","重庆出版社","2012-6","32.00元","8.3"
"10483439","上升的一切必将汇合","","[美]弗兰纳里·奥康纳","仲召明","新星出版社","2012-3-15","36.00元","8.4"
"4151134","只爱陌生人","","[英] 伊恩·麦克尤恩","冯涛","上海译文出版社","2010年1月","24.00元","7.8"
"1315844","古拉格群岛（上中下）","","[俄] 亚历山大·索尔仁尼琴","田大畏 等","群众出版社","1996-12","96.00元","9.2"
"4191638","10 1/2章世界史","","[英]朱利安·巴恩斯","宋东升、林本椿","译林出版社","2010-5-1","25.00元","8.4"
"26284304","簪中录","春灯暗","侧侧轻寒","","江苏凤凰文艺出版社","2015-1-1","30.00","8.0"
"5921802","邮差总按两遍铃","","[美] 詹姆斯·M.凯恩","主万","上海译文出版社","2011-7","24.00元","7.6"
"24871651","爱达或爱欲","一部家族纪事","[美] 弗拉基米尔·纳博科夫","韦清琦","上海文艺出版社","2013-10","49.00","8.8"
"26321442","The Door","","Magda Szabo","Len Rix","NYRB Classics","2015-1-27","USD 16.95","8.3"
"3861531","荒野侦探","","[智利] 罗贝托·波拉尼奥","杨向荣","上海人民出版社","2009-8","35.00元","8.2"
"26303593","三个胡安在海边","","郑宸","","生活·读书·新知三联书店","2015-10","45.00元","8.4"
"1963310","大地之灯","","七堇年","","长江文艺出版社","2007-1","22.00元","8.2"
"1159939","一个陌生女子的来信","","[奥] 茨威格","李政","中国社会科学出版社","2004-5","20.00元","8.5"
"1972266","余欢","异旅人丛书","刘瑜","","上海文艺出版社","2007-01-01","19.00","7.7"
"20381804","冰与火之歌·卷五·魔龙的狂舞（全三册）","","[美]乔治·R. R. 马丁","屈畅、赵琳","重庆出版社","2013-1","150.00元","9.4"
"25737793","阳光劫匪","新经典文库·伊坂幸太郎作品03","(日)伊坂幸太郎","代珂","南海出版公司","2014-1-1","39.50","8.5"
"1848256","东京奇谭集","","[日] 村上春树","林少华","上海译文出版社","2006-7","13.00元","8.0"
"1767750","Infinite Jest","","David Foster Wallace","","Back Bay Books","1997-2-1","USD 19.95","9.0"
"26303995","飞毡","","西西","","广西师范大学出版社","2016-1","58.00","8.5"
"1010349","丰乳肥臀","","莫言","","中国工人出版社","2003-09","49.80元","8.0"
"6791412","炽焰燃烧","短经典系列之10","(美) 罗恩·拉什","姚人杰","人民文学出版社","2011-10-1","22.00元","8.8"
"3785741","死神的精确度","","[日] 伊坂幸太郎","星野空","当代世界出版社","2009-6","30.00","8.0"
"1432596","哈利·波特与混血王子","","[英] J. K. 罗琳","马爱农、马爱新","人民文学出版社","2005-10","58.00元","8.8"
"4149805","了不起的盖茨比","","[美]菲茨杰拉德","巫宁坤等","上海译文出版社","2009年11月","25.00元","8.5"
"26367367","宵待草夜情","","[日] 连城三纪彦","李盈春","新星出版社","2015-5","28.00","8.6"
"26576515","清明上河图密码 2","隐藏在千古名画中的阴谋与杀局","冶文彪","","北京联合出版公司","2015-9-30","49.90元","8.1"
"1082946","我弥留之际","","福克纳","李文俊","上海译文出版社","2004-4-1","19.00","8.8"
"26043287","我的拖延症女友","","Priest","","百花洲文艺出版社","2014-10-1","29.8","8.0"
"25924242","爱在黎明破晓前&爱在日落黄昏时","","理查德·林克莱特、金·克里桑","米粒","中信出版社","2014-9","28.00元","8.9"
"1926700","关于莉莉周的一切","","[日] 岩井俊二","张苓","天津人民出版社","2006-12","28.00元","7.7"
"1038656","我曾侍候过英国国王","","（捷克）赫拉巴尔","星灿等","中国青年出版社","2003-1-1","14.00元","8.8"
"2174410","名利场","","[英]萨克雷","荣如德","上海译文出版社","2007-7","33.00元","8.2"
"26707942","知更鸟女孩","","[美] 查克·温迪格","吴超","百花洲文艺出版社","2016-5","32.00元","7.1"
"6003394","爱，始于冬季","","[英] 西蒙·范·布伊","刘文韵","人民文学出版社","2011-4","20.00元","8.2"
"26838224","排队","","'[英] 西蒙·范·布伊'","'刘文韵'","'人民文学出版社'","'2011-4'","'20.00元'","8.5"
"1065970","彼岸花","","安妮宝贝","","南海出版公司","2001-9","20.00元","7.8"
"26900138","万万没想到","《西游记》可以这样读","李天飞","","陕西师范大学出版总社","2016-11-1","CNY 88.00","9.1"
"1358404","穿KENZO的女人","","錢瑪莉","","博益","2010-2","HKD20.00","7.5"
"2073481","城市与狗","","（秘鲁）略萨","赵德明","上海译文出版社","2009年8月","36.00元","8.6"
"3391245","假面自白","","[日] 三岛由纪夫","唐月梅","上海译文出版社","2009-1","18.00","8.4"
"26284529","群山之巅","","迟子建","","人民文学出版社","2015-1","35.00元","7.6"
"5394486","爱情没那么美好","","[法] 布里吉特·吉罗","周小珊","上海人民出版社","2011-1","26.00元","7.3"
"2149655","鬼吹灯Ⅱ之一·黄皮子坟","","天下霸唱","","安徽文艺出版社","2007-7","26.80元","7.7"
"1026425","三重门","","韩寒","","作家出版社","2000-5","16.00","7.4"
"1950154","小说鉴赏","","[美]克林斯·布鲁克斯（C. Brooks）、[美]罗伯特·潘·沃伦（R. P. Warren）","主万、冯亦代、丰子恺、草婴、汝龙","世界图书出版公司","2012-10-1","78.00","8.8"
"26346222","美好的事物无法久存","","[美] 罗恩·拉什","周嘉宁","上海文艺出版社","2015-6-20","28.00元","8.3"
"1014144","大卫·科波菲尔（上下）","","（英）狄更斯","庄绎传","人民文学出版社","2003-03","35.00","8.3"
"4191701","肉桂色铺子","","[波兰]布鲁诺·舒尔茨","施奇平","浙江文艺出版社","2011-9-1","22.00元","8.8"
"1873231","明朝那些事儿（壹）","洪武大帝","当年明月","","中国友谊出版公司","2006-9","24.80","8.8"
"2280027","自杀俱乐部","","[英] 尼克·霍恩比","张坤","人民文学出版社","2007-10","21.00元","7.6"
"3136267","小城畸人","","[美]舍伍德·安德森","吴岩","上海译文出版社","2008-7","13.00","8.5"
"4169424","蛙","","莫言","","上海文艺出版社","2009-12","27.00元","7.9"
"3290028","孤城闭","","米兰Lady","","新世界出版社","2008-11","22.80元","8.5"
"2062599","雪","","[土] 奥尔罕·帕慕克","沈志兴、张磊、彭俊、丁慧君","上海人民出版社","2007-5","28.00元","8.4"
"26717934","新年快乐","","[巴西] 鲁本·丰塞卡","符辰希","上海文艺出版社","2016-6","25.00","8.4"
"1427288","小妇人","","（美）路易莎・梅・奥尔科特","刘春英、陈玉立","译林出版社","2004-01","15.00","8.4"
"3061282","山月不知心底事","","辛夷坞","","朝华出版社","2008-5","39.00","7.6"
"1013380","茶花女","","小仲马","王振孙","外国文学出版社","1997-03-01","9.00","8.1"
"1874411","乞力马扎罗的雪","海明威短篇小说选","[美]海明威","汤永宽、陈良廷 等","上海译文出版社","2006-8","28.00元","8.5"
"5395724","华丽人生","","[日]伊坂幸太郎","张筱森","译林出版社","2011-2","28.00元","8.5"
"26686802","真幌站前狂骚曲","","'[日]伊坂幸太郎'","'张筱森'","'译林出版社'","'2011-2'","'28.00元'","8.7"
"25900687","夜","","[美] 埃利·威塞尔","袁筱一","南海出版公司","2014-8","32.00元","8.6"
"2079345","侠隐","","张北海","上海人民出版社","世纪文景","2007-05","26.00元","8.1"
"1321790","华氏451","","（美）雷·布雷德伯利","竹苏敏","重庆出版社","2005-6","20.00元","8.1"
"26742634","白昼的死角","","[日] 高木彬光","杨清淞","新星出版社","2016-4","48.00元","8.1"
"3297466","我的团长我的团（上部）","","兰晓龙","","新星出版社","2009-1","35.00","9.2"
"1083317","北回归线","","亨利・米勒","袁洪庚","中国人民大学出版社","2004-1","19.80","7.8"
"1316444","舞姬","","森鸥外","高慧勤","解放军文艺出版社","2005-3","16.00元","7.8"
"26853122","抢走我名字的人","为了所有的事情，我一直在扮演你","[英] 安·摩根","刘媛","北京联合出版公司","2016-10-1","42.00","8.2"
"21460732","秒速五厘米","","[日] 新海诚","季丽晔","上海译文出版社","2013-3","28.00元","8.3"
"19898714","偶发空缺","","[英] J. K. 罗琳","任战、向丁丁","人民文学出版社","2012-10","57.00元","7.6"
"26666023","睡美人与魔纺锤","","[英] 尼尔·盖曼、克里斯·里德尔","王雪纯","人民文学出版社","2016-10","48.00","8.5"
"25805143","他方世界","","[美]约翰·克劳利","魏靖仪","译林出版社","2014-5-20","68.00元","8.5"
"19950784","空荡荡的家","","(爱尔兰)科尔姆·托宾","柏栎","人民文学出版社","2012-11-1","26.00元","8.4"
"26743505","外星人在巴塞罗那","","[西班牙] 爱德华多·门多萨","查芳菲","上海文艺出版社","2016-4-1","24.00","8.1"
"1461987","桤木王","","米歇尔·图尼埃","许钧","上海译文出版社","2000年4月","15.70元","9.1"
"25996181","真相","","[瑞士]若埃尔·迪克","陈睿、杨通","湖南文艺出版社","2014-10-15","49.00元","8.3"
"26806567","高能预警","","[英] 尼尔·盖曼","王予润","重庆出版社","2016-10","46.80元","8.3"
"1818583","斯·茨威格中短篇小说选","","斯·茨威格","张玉书","人民文学出版社","2006-6","24.00元","9.1"
"3024497","天浴","天浴","严歌苓","","陕西师范大学出版社","2008-05","25.00元","8.4"
"3124386","大唐狄公案","","[荷兰] 高罗佩","陈来元、胡明 [等]","海南出版社","2008-6","98.00元","9.0"
"10345585","与往事说再见","","(法)菲利普·贝松","潘巧英","上海社会科学院出版社","2012-3","22.00元","7.3"
"2243213","山楂树之恋","","艾米","","江苏文艺出版社","2007-9","25.00元","7.9"
"1440243","索拉里斯星","","[波] 斯坦尼斯拉夫·莱姆","陈春文","商务印书馆","2005-10","20.00元","8.7"
"26793349","桃花债","","大风刮过","","中国文联出版社","2016-7-1","36.00元","8.5"
"3871911","大树","","[法] 贝纳尔·韦尔贝","戴露","中国城市出版社","2009-08-01","26.00元","8.4"
"1212893","鹿鼎记（全五册）","","金庸","","广州出版社 花城出版社","2008-3","108.00元","8.8"
"26781555","山海变1·指间错","","八月槎","","湖南少年儿童出版社","2016-6","28元","8.2"
"26890239","千门八将1","八将聚首","高阳","","江苏凤凰文艺出版社","2016-9-1","35.00","8.8"
"2131426","涅朵奇卡·涅茨瓦诺娃","","陀思妥耶夫斯基","陈林、沈序","上海文艺出版社","1959.10","0.64","9.0"
"4198469","轻舔丝绒","","[英]萨拉·沃特斯","林玉葳","百花洲文艺出版社","2010.1","30.00元","8.2"
"1805988","庆熹纪事","","红猪侠","","中信出版社","2006-6","25.00元","8.5"
"25852518","南方有令秧","","笛安","","长江文艺出版社","2014-11-1","34.80元","7.6"
"1052828","玩笑","","米兰 · 昆德拉","蔡若明","上海译文出版社","2003-6-1","24.00","8.4"
"26762116","疯癫老人日记","","[日] 谷崎润一郎","郑民钦、郑颖","南海出版公司","2016-5","39.50元","7.9"
"10604943","爱情半夜餐","","(法)米歇尔·图尼埃","姚梦颖","人民文学出版社","2012-6-1","28.00元","8.3"
"1807562","加西亚·马尔克斯中短篇小说集","","加西亚·马尔克斯","赵德明、刘瑛","上海译文出版社","1982年10月","1.95","9.2"
"1455933","你好，忧愁","","[法] 弗朗索瓦丝·萨冈","余中先、谭立德、金龙格","人民文学出版社","2006-1","24.00元","7.5"
"1449348","彷徨","","鲁迅","","人民文学出版社","1973年3月","0.37元","8.8"
"4934552","玩火的女孩","","[瑞典] 斯蒂格·拉森","颜湘如","人民文学出版社","2010-8","39.90元","8.8"
"5406557","夜色温柔","","[美]F·S·菲茨杰拉德","汤新楣","上海译文出版社","2011-1","39.00元","8.0"
"20425433","请你安静些，好吗？","","(美)雷蒙德·卡佛","小二","译林出版社","2013-6","32","8.1"
"26921701","岛王","","[英] 麦克·莫波格","林满秋","光明日报出版社","2016-11","29.80元","8.5"
"5348044","敦煌","新经典文库·井上靖作品02","[日]井上靖","刘慕沙","北京十月文艺出版社","2010-10","20.00元","8.0"
"1005521","伊豆的舞女","","[日] 川端康成","叶渭渠","广西师范大学出版社","2002-2","23.80元","8.1"
"11498200","寂寞的频率","","(日)乙一","杨爽、秦刚","译林出版社","2012-8","29.80元","8.3"
"6041089","家鸭与野鸭的投币式寄物柜","","(日)伊坂幸太郎","王华懋","译林出版社","2011-11","28.00元","8.3"
"25955474","坏小孩","推理之王2","紫金陈","浦睿文化","湖南文艺出版社","2014-9-1","36.00元","8.0"
"3888110","天使望故乡","","[美] 托马斯·沃尔夫","王建开、陈庆勋","上海译文出版社","2009-8","35.00元","8.7"
"3264642","似水流年","","王小波","","上海锦绣文章出版社","2008-10","20.00元","8.7"
"26894747","爷爷和我","","[美] 罗伯特·鲁瓦克","谢斌","广西师范大学出版社","2016-10","39.80","8.5"
"26771731","朱鹮","","[日] 阿部和重","丁丁虫","人民文学出版社","2016-10-1","32.00","8.0"
"1067293","青春","外省生活场景Ⅱ","[南非] J.M.库切","王家湘","浙江文艺出版社","2004-4-1","19.00元","8.5"
"26851547","软埋","","方方","","人民文学出版社","2016-8","30.00","8.1"
"6560651","雨必将落下","","(英)米歇尔·法柏","冯倩珠","新星出版社","2011-9","25.00元","7.9"
"4242406","达芬奇密码","","[美] 丹.布朗","","朱振武、吴晟","2009-5","26.00","8.5"
"1894740","猎人笔记","","屠格涅夫","冯春","上海译文出版社","2006-8","13.00元","8.5"
"26922895","其实你没那么爱他","","[美] 丽姿·塔西露（Liz Tuccillo）","高璇","江苏凤凰文艺出版社","2016-12","39.80","9.7"
"1484616","鱼王","","[苏]维·阿斯塔菲耶夫","夏仲翼、肖章、石枕川","上海译文出版社","1982年12月1日","1.60元","9.0"
"26666138","这是不是个人","","[意] 普里莫·莱维","沈萼梅","人民文学出版社","2016-3","39.00元","8.9"
"26844800","小镇忧郁青年的十八种死法","","魏思孝","","上海文艺出版社","2016-8","29.00元","7.3"
"26248587","美好古董衣店","","[美]斯特凡尼·莱曼","马颖","中信出版社","2015-1","39.00元","7.6"
"4152754","时生","东野圭吾作品08","〔日〕东野圭吾","徐建雄","南海出版公司","2010年1月","25.00","7.7"
"3210843","冰与火之歌·卷四·群鸦的盛宴（全两册）","","（美）乔治·R·R·马丁","屈畅、胡绍晏","重庆出版社","2008-09","68.0","9.2"
"19965972","我读书少，你可别骗我","","马伯庸","","浙江大学出版社","2012-12","29.80元","7.5"
"5269222","一朵桔梗花","","[日] 连城三纪彦","钟肇政、林新生","新星出版社","2010-10","29.00元","8.5"
"1083435","契诃夫短篇小说选","","契诃夫","汝龙","人民文学出版社","2003-01","14.00","8.7"
"7007231","房间","","(爱尔兰)爱玛·多诺霍","李玉瑶、杨懿晶","人民文学出版社","2012-2","29.80","7.9"
"26331014","怨氣撞鈴1·食骨","","尾魚","","聯合文學","2015-2-13","NTD 99","8.3"
"1008357","水浒传（全二册）","","[明] 施耐庵、罗贯中","","人民文学出版社","1997-1","50.60元","8.5"
"3324036","茫茫黑夜漫游","","[法] 路易·费迪南·塞利纳","沈志明","北京燕山出版社","2008-10","18.00元","8.5"
"1174721","丧钟为谁而鸣","","海明威","程中瑞","上海译文出版社","2004-6","28.00元","8.4"
"1290398","白蛇","跨区域华文女作家精品文库","严歌苓","","花城出版社","2005-3","20.00元","8.4"
"3003466","恶棍列传","","[阿根廷]豪·路·博尔赫斯","王永年","浙江文艺出版社","2008-2","22.00","8.7"
"26314932","言叶之庭","","[日] 新海诚","CLOVER","百花洲文艺出版社","2015-3-1","CNY 32.00","8.4"
"1144385","镜花缘","","李汝珍","","北京十月文艺出版社","2004-1","9.80元","7.8"
"4870150","44号孩子","一个如同俄罗斯狼一般残酷的故事","[英] 汤姆·罗伯·史密斯","杨凤妍","江苏文艺出版社","2010-6","29.80","8.3"
"26948966","日不西沉","","金丙","","江苏凤凰文艺出版社","2017-2","29.80元","8.5"
"26698665","夜晚属于恋人","","远子","","北京时代华文书局","2016-5","35","7.4"
"26878059","人若犯我（全二册）","","四十二吨","","百花洲文艺出版社","2016-10","49.8元","9.3"
"1919201","七夜雪","","沧月","","北京十月文艺出版社","2006-10","25.00元","8.5"
"20424609","妩媚航班","","笛安","","长江文艺出版社","2012-12-20","28.80元","8.1"
"6832303","别相信任何人","","[英]华特森","胡绯","中信出版社","2011-10","29.00元","6.9"
"1049477","一半是海水一半是火焰","","王朔","","时代文艺出版社","2000-08","18.00","8.0"
"4719265","逆天","","[法] 乔里-卡尔·于斯曼","尹伟、戴巧","上海文艺出版社","2010-4","22.00元","8.5"
"6527141","停车暂借问","赵宁静的传奇","钟晓阳","","新星出版社","2011-9","25.00元","8.2"
"24540864","第七天","","余华","","新星出版社","2013-6","29.50元","6.8"
"3264665","三十而立","","王小波","","上海锦绣文章出版社","2008-10","20.00元","8.6"
"4799445","太阳黑子","","须一瓜","","上海文艺出版社","2010-4","25.00元","7.9"
"1008074","失乐园","","渡边淳一","谭玲","文化艺术出版社","2005-4-1","25.00元","7.5"
"1082147","热爱生命","","(美)杰克·伦敦著","姬旭升","北京燕山出版社","2000-12-03","15.00","9.0"
"26578003","无心法师 第一卷","","尼罗","","长江出版社","2015-7-1","CNY 29.80","8.2"
"6010144","动物寓言集","","[阿根廷] 胡利奥·科塔萨尔","李静","人民文学出版社","2011-4","16.00元","8.3"
"1763806","万寿寺","","王小波","","北方文艺出版社","2006-3","19.80元","8.5"
"11554039","Winter of the World","Book Two of the Century Trilogy","Ken Follett","","Findaway World","2012-9-18","USD 69.99","8.9"
"25919825","大河湾","","[英] V. S. 奈保尔","方柏林","南海出版公司","2014-8-1","39.50元","8.4"
"1064828","好笑的爱","","米兰・昆德拉","余中先、郭昌京","上海译文出版社","2004-01","20.00","8.4"
"4922655","酥油","","江觉迟","","甘肃人民美术出版社","2010-8","32.00元","8.4"
"2061444","幽灵之家","La Casa de Los Espíritus","(智利)伊莎贝尔·阿连德","刘习良、笋季英","译林出版社","2007-4","28.00","8.6"
"25897763","周期表","","[意] 普里莫·莱维","牟中原","山东文艺出版社","2014-6-20","28.00","8.2"
"3774646","平面国","","[英]埃德温·A·艾勃特","朱荣华","江苏人民出版社","2009-6","26.00元","8.2"
"4074636","放学后","","[日]东野圭吾","赵峻","南海出版公司","2010-1-1","20.00元","7.6"
"1005918","堂吉诃德","","塞万提斯、屠孟超","屠孟超","译林出版社","2002-7-1","35.00元","7.9"
"4898551","四叠半神话大系","","(日) 森见登美彦","张智渊","上海人民出版社","2010-8","24.00元","8.2"
"2002992","爱，是不能忘记的","张洁文集","张洁","","作家出版社","1997","27.3","8.4"
"3079029","大秦帝国","","孙皓晖","","河南文艺出版社","2008-5-1","369.00元","8.8"
"24748615","天幕红尘","","豆豆","","作家出版社","2013-6-1","36.00元","8.4"
"3571559","驱魔人","","威廉•P•布拉蒂","姚向辉","上海译文出版社","2009-03","25.00","7.5"
"3191044","华莱士人鱼","","[日] 岩井俊二","孟海霞","南海出版公司","2008-8","25.00","7.8"
"26868921","新新日报馆：机械崛起","","梁清散","","湖南文艺出版社","2016-10","28.8","8.7"
"26870270","第十个人","","[英] 格雷厄姆·格林","李军","外语教学与研究出版社","2016-9","39","8.2"
"3266609","流浪地球","","刘慈欣","","长江文艺出版社","2008-11","28.00元","8.8"
"26915737","这一切并没有那么糟","","熊德启","","四川文艺出版社","2017-1","36","8.9"
"4233385","海上大教堂","","[西班牙] 伊德方索·法孔内斯(Ildefonso Falcones)","范湲","人民文学出版社","2010-02","45.00元","7.7"
"1105150","菲雅尔塔的春天","","纳博科夫","石枕川、于晓丹、等","浙江文艺出版社","2003-01-01","19.00元","9.0"
"20266046","走出非洲","","（丹麦）卡伦·布里克森","缪弋","陕西师范大学出版总社有限公司","2012-12","25.00元","8.4"
"3137289","姐姐的守护者","","[美] 朱迪·皮考特","林淑娟","南海出版公司","2008-6","28.00元","8.5"
"26377363","在你说“喂”之前","","[意] 伊塔洛·卡尔维诺","刘月樵","译林出版社","2015-8","38","8.4"
"1398395","狂人日记","","鲁迅","","京华出版社","2006-3","39.80元","8.6"
"1255288","复活","世界文学名著文库·普及本","[俄]列夫·托尔斯泰","汝龙","人民文学出版社","1979年03月","19.90元","8.0"
"1421975","只有你聽到 Calling You","","乙一","","青春文化","2005","HKD55 NTB220","8.7"
"1030789","爱因斯坦的梦","","[美] 阿兰·莱特曼","黄纪苏","接力出版社","2005-2-1","18.00元","8.6"
"1072334","魔戒前传","霍比特人","[英国] 托尔金","李尧","译林出版社","2002-4","15.00元","8.5"
"4121656","水之乡","","格雷厄姆·斯威夫特","郭国良","译林出版社","2009年10月","28元","8.4"
"20435635","里斯本夜车","","(瑞士)帕斯卡·梅西耶","赵英","重庆出版社","2013-4","36.00元","8.5"
"25881325","庆祝无意义","","[法]米兰·昆德拉","马振骋","上海译文出版社","2014-7-1","30.00元","7.0"
"26210607","时间移民","","刘慈欣","","江苏凤凰文艺出版社","2014-12","32.00","8.4"
"1200843","芙蓉镇","","古华","","人民文学出版社","2005-8-1","13.00元","8.1"
"26604034","真相推理师：嬗变","","呼延云","","江苏凤凰文艺出版社","2017-1-1","42.00","8.4"
"24871460","幻之光","","[日] 宫本辉","林青华","上海文艺出版社","2013-10","18.00元","8.4"
"26934539","长大后的世界","","[美]罗曼•阿拉姆","任小红","江苏凤凰文艺出版社","2017-1-1","38.00","9.4"
"26943560","我曾悄无声息爱过你","","'[美]罗曼•阿拉姆'","'任小红'","'江苏凤凰文艺出版社'","'2017-1-1'","'38.00'","8.8"
"6885341","别让我走","","(英)石黑一雄","朱去疾","译林出版社","2011-12","29.00元","8.1"
"21681263","大鱼","","【美】丹尼尔·华莱士","宁蒙","北方妇女儿童出版社","2013-4-1","29.80元","8.2"
"3174506","一个自行发完病毒的病例","","[英] 格雷厄姆·格林","傅惟慈","上海译文出版社","2008-8","39.00","8.5"
"4894979","已知的世界","","[美] 爱德华·P. 琼斯","曹元勇、卢肖慧","上海文艺出版社","2010年8月","32.00元","8.4"
"1013502","钢铁是怎样炼成的","","[苏] 尼·奥斯特洛夫斯基","曹缦西、王志棣","译林出版社","1996-10","20.00元","7.6"
"26870406","湖边小屋","","[加拿大]威廉·扬","朱子仪","北京十月文艺出版社","2016-10","39.50元","8.1"
"26879246","飘二代","","王若冲","","长江文艺出版社","2016-9","29.80元","8.7"
"6874612","孤独的池塘","","[法] 弗朗索瓦丝·萨冈","陈剑","人民文学出版社","2011-11","20.00元","8.1"
"3263006","飞越疯人院","","[美] 肯·克西","胡红","重庆出版集团","2008-11","25.00元","8.8"
"10774932","柠檬桌子","","[英] 朱利安·巴恩斯","郭国良","译林出版社","2012-9-2","32.00元","8.0"
"25887908","提堂","","[英] 希拉里·曼特尔","刘国枝","上海译文出版社","2014","53.00","8.6"
"1936756","诊疗椅上的谎言","","[美]欧文·亚隆Irvin D. Yalom","鲁宓","四川大学出版社","2006-11-14","39.00元","8.6"
"1460568","家變","家變（新版）","王文興","","洪範書店","2000-9","250TWD","8.7"
"25981277","抚顺故事集","","赵松","","广东人民出版社","2015-3","45.00","8.2"
"19950785","雨后","","[爱尔兰] 威廉·特雷弗","管舒宁","人民文学出版社","2012-11-1","25.00元","8.3"
"1040104","魔戒（第一部）","魔戒再现","[英国] 托尔金","丁棣","译林出版社","2001-11","22.60元","8.7"
"25736982","菲利普·迪克作品集（全5册）","","[美]菲利普·迪克","陈灼、许东华、金明、李广荣、周昭蓉","译林出版社","2013-10","145.6","9.4"
"2568067","中性","","[美] 杰弗里·尤金尼德斯","主万、叶尊","上海译文出版社","2008-1","38.00","8.1"
"1013129","哈利·波特与凤凰社","","[英] J. K. 罗琳","马爱农、马爱新、蔡文","人民文学出版社","2003-9","59.00元","8.7"
"2201813","藏地密码1","","何马","","重庆出版社","2008-4","24.80","7.5"
"6718314","晚来寂静","","李海鹏","","百花洲文艺出版社","2011-8-15","35.00元","8.0"
"10556006","状元媒","","叶广芩","","北京十月文艺出版社","2012-4-1","39.50元","8.9"
"4898547","祖与占","","[法]  亨利-皮埃尔·罗什","夏宇","上海译文出版社","2010-8","25.00元","8.1"
"26652086","你的一切好与坏我都眷恋","","杨西凝","","北京联合出版公司","2015-11","29.8","8.3"
"2267883","色，戒","","张爱玲","","北京十月文艺出版社","2007-10","25.00元","7.9"
"26717780","孤独旅店：收留无处安放的孤单心事","","石尹","","中信出版社","2016-2-1","36","7.2"
"6953273","盗墓笔记","","'石尹'","''","'中信出版社'","'2016-2-1'","'36'","8.6"
"2003092","波多里诺","","[意] 翁贝托·埃科","杨孟哲","上海译文出版社","2007-3","30.00元","8.3"
"1415226","奥兰多","吴尔夫文集","(英)弗吉尼亚﹒吴尔夫","林燕","人民文学出版社","2003年4月","11.00元","8.7"
"1470622","二十年目睹之怪现状","","吴趼人","","人民文学出版社","1959","2.25元","8.2"
"26685296","風格練習","","Raymond Queneau","周舟穎","一人出版社","2016-1-8","TWD 300.00","9.1"
"26617142","最后的猎巫人","","'Raymond Queneau'","'周舟穎'","'一人出版社'","'2016-1-8'","'TWD 300.00'","8.4"
"26920860","脱轨","","Priest","","北京联合出版公司","2017-1","38.00元","7.6"
"26823153","在一个陌生的房间","","'Priest'","''","'北京联合出版公司'","'2017-1'","'38.00元'","8.5"
"1069507","战争风云：1939－1941（上下）","","（美）赫尔曼・沃克","施咸荣","陕西师范大学出版社","2004-09","78.00","9.1"
"26787943","消失的殖民星球","","[美] 约翰·斯卡尔齐","姚向辉","江苏文艺出版社","2016-11-25","35.00元","8.3"
"26108007","我已经结婚了  我心情还不好","","[挪威]阿澜·卢","宁蒙","浙江文艺出版社","2014-11","35.00元","7.8"
"1828003","铁草","","[美] 威廉·肯尼迪","郭建中、林珍珍","中国文联出版公司","1987-10","1.85元","7.9"
"24523682","裸体午餐","","(美)威廉·巴勒斯","马爱农","作家出版社","2013-5","38.80元","7.6"
"2973325","纠正","","[美国]乔纳森·弗兰岑","朱建迅、李晓芳","译林出版社","2007-12","38.00","8.2"
"4732123","爸爸，我们去哪儿？","","[法] 让-路易·傅尼叶","李欣","人民文学出版社","2010-12","26.00元","8.5"
"2309689","圈子圈套1","战局篇","王强","","清华大学出版社","2006-1","28.00元","8.0"
"1035478","静静的顿河（全四册）","","[苏] 肖洛霍夫","金人","人民文学出版社","1988-9","96.00元","8.6"
"26921427","迷你","","btr","","重庆大学出版社","2016-12-10","129.00元","7.6"
"1316622","诛仙1","","萧鼎","","朝华出版社","2005-6","22.00元","8.4"
"2124556","黑书","","(土耳其)奥尔罕·帕慕克(Orhan Pamuk)","李佳姗","上海人民出版社","2007-06","29.00元","8.2"
"26641528","诺拉·韦伯斯特","","[爱尔兰] 科尔姆·托宾","柏栎","上海文艺出版社","2016-1","48.00元","8.8"
"3175259","锅匠，裁缝，士兵，间谍","","[英] 约翰·勒卡雷","董乐山","上海人民出版社","2009-2","28.00元","8.3"
"24153098","差分机","","(美)威廉·吉布森、(美)布鲁斯·斯特林","雒城","新星出版社","2013-5","45","7.5"
"26892084","降临","","'(美)威廉·吉布森、(美)布鲁斯·斯特林'","'雒城'","'新星出版社'","'2013-5'","'45'","8.1"
"3117244","陈映真自选集","","陈映真","","生活·读书·新知三联书店","2007-9","31.00元","8.5"
"4619135","押沙龙，押沙龙！","","[美] 威廉·福克纳","李文俊","上海译文出版社","2010-6","35.00元","9.0"
"4856199","而河马被煮死在水槽里","","(美)杰克·凯鲁亚克、(美)威廉·巴勒斯","牛皮狼","人民文学出版社","2012-1","20.00元","7.4"
"25756947","地狱","","(美)丹·布朗","路旦俊、王晓东","人民文学出版社","2013-12","39.00元","7.4"
"1962929","佳期如梦","","匪我思存","","新世界出版社","2007-2","20.00元","8.0"
"3816883","黑暗的左手","","（美）厄休拉•勒古恩","陶雪蕾","四川科学技术出版社","2009年","22.00元","8.3"
"1049189","1995-2005夏至未至","","郭敬明","","春风文艺出版社","2005-2","24.00元","7.4"
"1607478","巴黎伦敦落魄记","","'郭敬明'","''","'春风文艺出版社'","'2005-2'","'24.00元'","8.3"
"2016749","金陵十三钗","","严歌苓","","中国工人出版社","2007-1","17.00元","8.1"
"26575658","被掩埋的巨人","","[英] 石黑一雄","周小进","上海译文出版社","2016-2","39元","7.9"
"20501270","大唐明月1·风起长安","","蓝云舒","","上海文艺出版社","2013-1","27.00元","8.6"
"7063852","石泉城","短经典之14","(美)理查德·福特","汤伟","人民文学出版社","2012-2","27.00元","8.2"
"1819978","温莎墓园日记","","木心","","广西师范大学出版社","2006-6","29.00元","8.5"
"26305332","A Little Life","A Novel","Hanya Yanagihara","","Doubleday","2015-3-10","USD 30.00","8.6"
"6048071","七声","","葛亮","","作家出版社","2011-4","28.00元","8.6"
