1031526,一个广告人的自白,,（美）奥格威,林桦,中国物价出版社,2003-7-1,29.80,8.4
2223180,The Copy Book 全球32位顶尖广告文案的写作之道,,英国D&AD协会,赖治怡,滚石文化股份有限公司,1997.12,新台币 1800,8.6
26596778,计算广告,互联网商业变现的市场与技术,刘鹏、王超,,人民邮电出版社,2015-9-1,69.00元,8.7
24854628,文案创作完全手册,文案大师教你一步步写出销售力,罗伯特•布莱 (Robert W. Bly),刘怡女、袁婧,北京联合出版公司,2013-9-1,CNY 45.00,7.9
3127834,广告文案训练手册,目前最好的广告文案教程之一（the copy workshop workbook）,[美]布鲁斯·本丁格尔,谢千帆,中国传媒大学出版社,2008-5出版,158,8.4
1083444,文案发烧,20座ONE SHOW奖杯得主的广告心得,路克・苏立文、徐凤兰,徐凤兰,中国财政经济出版社,2004-8-1,39.80元,8.1
2081341,Neil French,前奥美全球创意执行总监自传,Neil French,,100PAGES PRESS,2004,120,9.1
6753830,文案训练手册,,[美] 约瑟夫·休格曼,杨紫苏、张晓丽,中信出版社,2011-8,48.00元,7.8
25779152,超级符号就是超级创意,席卷中国市场10年的华与华战略营销创意方法,华杉、华楠,,天津人民出版社,2014-1,46.00,8.3
1193831,创意,广告学教父的巅峰之作，所有生产创意的人的枕边书,（美）詹姆斯·韦伯·扬,李旭大,中国海关出版社,2004-10,24.00元,8.2
3853342,广告文案,,乐剑峰,,上海人民美术出版社,2009-6-1,48.00元,8.2
1074945,奥格威谈广告,,大卫・奥格威,曾晶,机械工业出版社,2003-6-1,98.00,8.5
3063888,我的广告生涯&科学的广告,,克劳德·霍普金斯,,邱凯生,2008-4,45.00元,8.5
1017180,定位,,[美] 艾·里斯、杰克·特劳特,王恩冕 等,中国财政经济出版社,2002-2,39.80元,8.3
6509957,洞见,世界最富创意的广告公司BBDO,[美] 菲尔·杜森伯里,宋洁,上海远东出版社,2011-5,32.00元,8.3
20395644,大量流出,,许舜英,,广西师范大学出版社,2012-12,98.00元,7.7
1484018,中兴百货广告作品全集,中兴百货与意识形态广告公司,许舜英,,湖南美术出版社,2001-10,138.00元,8.9
1011617,蔚蓝诡计,颠覆市场的广告创意智库,（美）乔治·路易斯（George Lois）、（美）比尔·匹兹（Bill Pitts）,刘家驯,海南出版社,1996-11-01,15.80元,8.2
26822490,我们在为什么样的广告买单,,[英]罗伯特·希思,,任永欣、郑昊沫,世界图书出版公司,2016-7,8.9
25818674,创意的生成,,[美]詹姆斯·韦伯·扬,祝士伟,中国人民大学出版社,2014-2-1,19.9,8.4
1454371,广告创意完全手册,世界顶级广告的创意与技巧,（德）普瑞根,初晓英,中国青年出版社,2005-7,138.00,8.5
2363651,十四堂人生创意课,,李欣频,,电子工业出版社,2008-1,26.00,8.2
2294740,诚品副作用,,李欣频,,电子工业出版社,2007-10,39.80元,7.7
2364723,洞人心弦,一个广告人的洞见与事件,菲尔·杜森伯里,宋洁,上海远东,2008-1,35.00元,8.4
6843244,广告人手记,,叶茂中,,朝华出版社,2011-10,45.00元,7.7
3035175,乔治·路易斯大创意,,[美] 乔治·路易斯、[美] 比尔·皮茨,何辉,中国人民大学出版社,2008-3,49.80元,8.4
2324366,广告拜物教,,李欣频,,电子工业出版社,2008-1,49.80元,7.6
20395651,我不是一本型录,,许舜英,,广西师范大学出版社,2012-12,48.00元,7.7
1053420,广告的艺术,,许舜英,,广西师范大学出版社,2012-12,48.00元,8.4
2063723,小丰现代汉语广告语法辞典,,丰信东,,中国青年出版社,2004-9,70,8.1
1396512,广告创意与文案,,乔治·费尔顿,,中国人民大学出版社,2005-5,39.80元,8.4
3192038,广告心理,,[日]仁科贞文,,外语教学与研究出版社,2008-7,30.00元,7.8
25958166,吸金广告,史上最赚钱的文案写作手册,[美] 德鲁·埃里克·惠特曼,焦晓菊,江苏人民出版社,2014-8-1,38.00元,7.6
26108557,洞见远胜创意,世界最富创意的广告公司BBDO,菲尔·杜森伯里,宋洁,上海远东出版社,2014-10-1,38,8.5
24738953,疯狂的简洁,,【美】肯·西格尔,王岑卉,北京联合出版公司,2013-7,42,7.1
25783682,营销的16个关键词,,叶茂中,,机械工业出版社,2014-1-1,CNY 98.00,8.2
1481803,广告文案写作,美国广告界奉为圭臬的方案写作全攻略（第7版）,（美）菲利普·沃德·博顿,程坪、丁俊杰,世界知识出版社,2006,46.00元,8.1
26895181,贵圈,,陈野,,北京联合出版公司,2016-10-1,39.8,7.3
10355207,Damn Good Advice,How To Unleash Your Creative Potential by America's Master Communicator, George Lois,George Lois,,Phaidon Press,2012-3-12,USD 12.95,8.4
26596248,写给非广告人的广告常识,,鬼鬼,,湖北人民出版社,2015-8,50,7.6
1041003,少数派广告,,王铮,,电子工业出版社,2004-03,30.00,8.2
1361766,增加19倍銷售的廣告創意法,,John Caples,劉怡伶、柯理詮,滾石文化,20010530,NT$ 470,9.0
1033488,公关第一 广告第二,,[美] 阿尔·里斯、劳拉·里斯,罗汉、虞琦,上海人民出版社,2004-04,32.00元,6.9
1781918,广告媒体策划,,[美] 杰克•西瑟斯、[美] 罗杰•巴隆,,中国人民大学出版社,2006-5,88.00元,7.8
3558783,小强广告100招,教你从新人到创意总监,林永强,,中信出版社,2009,48.00元,7.8
26655503,那些让文案绝望的文案,“80篇甲壳虫经典广告原图、原文”+“戛纳广告节铜狮奖获得者、前奥美,小马宋,,北京联合出版公司,2015-10,45,6.2
3065982,打开创意的脑,,韦恩·罗特林顿,刘盈君,中国市场出版社,2008,29.80元,8.2
26919762,畅销的原理,为什么好观念、好产品会一炮而红？,[爱尔兰] 马修·威尔科克斯（Matthew Willcox）,包云波,北京联合出版公司·后浪出版公司,2016-12,45.00元,8.5
1843327,当代广告学（上下册）,（第8版·上下册）,[美] 阿伦斯（Arens、W.F.）、、丁俊杰、程坪、钟静、康瑾,,人民邮电,2006-6,58.00元,8.6
5966160,許舜英購物日記,,許舜英,,漫遊者文化事業股份有限公司,2011-1-27,NT$340,8.1
1952242,美国广告设计实用教程,,罗宾·蓝达,,上海人民美术出版社,2006-11,78.00元,8.6
3744558,奥美的数字营销观点,新媒体与数字营销指南,[美] 肯特·沃泰姆、[美] 伊恩·芬威克,台湾奥美互动营销公司,中信出版社,2009-6,45.00元,7.1
1024932,奥美的观点（Ⅰ）,,宋秩铭 等,,企业管理出版社,2000-10,32.00元,7.4
10456111,从零开始做AE,广告客户代表职业手册,魏海涛,,中信出版社,2012-1,45.00元,7.7
10428900,创意的秘密,,【英】史蒂夫•哈里森（Steve Harrison）,杨凯、赵雯婧,世界图书出版公司·后浪出版公司,2012-1,32.00元,7.8
26663738,一个广告人的自白（纪念版）,,[美]大卫·奥格威,林桦,中信出版社,2015-7-1,CNY 35.00,8.4
1895758,广告与促销,整合营销传播视角,[美]乔治·贝尔奇 等,,中国人民大学出版社,2006-07-12,89.00元,8.4
1970573,泛广告时代的幻象,,陈小云,,复旦大学出版社,2006-12,40.00元,8.1
1013916,大卫·奥格威自传,,大卫.奥格威,,海南出版社,1998-09,16.80元,7.9
1136648,很久很久以前,以神话原型打造深植人心的品牌,玛格丽特・马克、卡罗・S・皮尔森,许晋福、戴至中、袁世珮,汕头大学出版社,2003-9-1,38.00,8.9
1007377,整合行销传播,21世纪企业决胜关键,[美] 唐·舒尔茨 等,吴怡国、钱大慧、林建宏,中国物价出版社,2002-8,36.00元,8.0
5285375,传播媒体策略,,陈俊良,,北京大学,2010-8,56.00元,8.7
1262491,智威汤逊的智,,唐锐涛，劳双恩等,,机械工业出版社,1998-12,39.80元,7.6
26716085,文案力,如果沒有文案，這世界會有多無聊？,盧建彰,,天下文化,2016-2-1,NT330,8.3
1082355,广告大师奥格威,未公诸于世的选集,（美）大卫·奥格威,庄淑芬,机械工业出版社,2003-7-1,29.80元,7.9
6819534,金牌文案,学校不教的四十三堂文案课,金牌文案联盟,,辽宁科学技术出版社,2011-9-1,48.00元,7.5
3233400,如何成为创意人,——4A公司创意部解密,成锐,,中国建筑工业,2008-8,59.00元,7.9
1320188,￥19.99,顶尖广告高手自爆行业内幕,弗雷德里克·贝格伯德,孔丽荭,二十一世纪出版社,2005-05-01,19.99,7.7
26286068,包益民与大明星聊什么？,,包益民,,广西师范大学出版社,2015-1,88.00,7.5
1907487,Perfect Pitch,The Art of Selling Ideas and Winning New Business (Adweek Books),Jon Steel,,Wiley,2006-10-30,USD 29.95,8.0
4746273,十四堂人生创意课III,一个创意人的人生蓝图&笔记本圆梦学,李欣频,,广西科学技术出版社,2010,25.00元,7.6
26927666,毛线九日谈第一季,9位中国实力派广告人的实战经验,鬼鬼,,广东经济出版社,2016-11,59,7.9
1083653,孙大伟的异想世界,,孙大伟,,国际文化出版公司,2003-04,38.00,7.2
1486759,形象的修辞,广告与当代社会理论,罗兰·巴尔特、让·鲍德里亚 等,吴琼、杜予,中国人民大学出版社,2005-12,21.80元,7.6
1209080,国际4A广告公司基本操作流程,,朱海松 编著,,广东经济出版社,2002-3,18.00元,6.9
1289157,至爱品牌,,（美）罗伯茨,丁俊杰,中国人民大学出版社,2005-04,188.00,7.7
1417377,It's Not How Good You Are, Its How Good You Want to Be,The world's best selling book,Paul Arden,,Phaidon Press,2003-5-31,GBP 5.95,8.4
1018654,转身看策划,,Paul Arden,,Phaidon Press,2003-5-31,GBP 5.95,8.3
6047919,感官品牌,,[美] 马丁·林斯特龙,赵萌萌,天津教育出版社,2011-3,35.00,7.4
2047886,叶茂中的营销策划,,叶茂中,,中国人民大学出版社,2007-3,36.80元,7.3
26631548,十年,给创意人的一百封信,陈耀福,,中信出版社,2015-9-1,88.00元,7.7
1339140,廣告副作用,,李欣頻,,晶冠,2007年10月03日,152,8.2
3311930,日本創意文案,すごい！,李欣頻,,晶冠,2007年10月03日,152,7.7
1037737,如何做创意,,（美）劳伦斯・明斯基，爱米，爱米莉・桑顿・卡尔沃,钱锋,企业管理出版社,2000-10,29.60,7.6
26921845,尖叫感：互联网文案创意思维与写作技巧,,马楠,,北京理工大学出版社,2016-7-20,CNY 56.00,7.3
1084686,广告：艰难的说服,广告对美国社会影响的不确定性,(美)迈克尔·舒德森,陈安全,华夏出版社,2003-1,27.00元,7.9
5920342,诚品副作用,,李欣频,,电子工业出版社,2011-1-1,45.00元,7.7
25794720,传播的法则,,[日]伊藤直树,高森  赵晨,江苏美术出版社,2014-1,39.00元,7.6
4149745,從Brand到Icon，文化品牌行銷學,看世界頂尖企業如何創造神話、擦亮招牌,[日]伊藤直树,高森  赵晨,江苏美术出版社,2014-1,39.00元,7.7
26579377,超文案,微时代的创意文案指南,朱冰,,中信出版社,2015-7-14,48.00,6.2
25836351,广告-牛津通识读本,,[英国] 温斯顿•弗莱彻,张罗 陆赟,译林出版社,2014-2-1,25.00元,7.3
1223822,丰裕的寓言,美国广告文化史,（美）杰克逊・李尔斯,任海龙,上海人民出版社,2005-01,39.80,7.8
1005499,肥皂剧、性和香烟,美国广告200年经典范例,[美] 朱丽安·西沃卡,周向民、田力男,光明日报出版社,1999-4,32.80元,7.8
25866968,疯狂哲学课：《广告狂人》与哲学盛宴,,[美] 朱丽安·西沃卡,周向民、田力男,光明日报出版社,1999-4,32.80元,7.2
1902558,天才文案的白痴哲学,国内十年来唯一的本土广告文案专业书,[美] 朱丽安·西沃卡,周向民、田力男,光明日报出版社,1999-4,32.80元,7.9
6890457,从象牙塔到广告圈,从象牙塔到广告圈,[美] 朱丽安·西沃卡,周向民、田力男,光明日报出版社,1999-4,32.80元,7.6
1766060,Ogilvy on Advertising,on Advertising,David Ogilvy,,Vintage,1985-03-12,USD 24.95,8.5
1488517,叶茂中策划.上卷·做,,叶茂中营销策划机构,,机械工业出版社,2006-1,49.80元,7.2
3228767,The Advertising Concept Book,Advertising Concept Book,叶茂中营销策划机构,,机械工业出版社,2006-1,49.80元,9.2
26272144,那些全球最强悍的广告语,一位哈佛教授的广告语笔记,[法]莱昂纳尔·萨利姆,万洁,世界图书出版公司,2015-1,58.00,7.3
3910220,十四堂人生创意课Ⅱ,推翻李欣频的创意学,李欣频,,广西科学技术出版社,2009-9,25.00,7.5
1011884,国际广告商务译丛――增加19倍销售的广告创意法,,（美）卡普斯,孟庆姝,内蒙古人民出版社,2000-08,25.80,8.2
6892003,打破界限,电通式跨媒体沟通策略,电通跨媒体开发项目组,苏友友,中信出版社,2011-10,35.00元,7.8
4090199,广告销售老鸟成长记,(闭上你的鸟嘴系列),余夕仁,,电子工业出版社,2009-10,28.00元,7.6
1799166,奥美的观点IV,,奥美公司,,中国人民大学出版社,2006-6,68,7.4
25973285,这个设计好在哪,,日 kumiko tanaka等,谢薾镁,旗标出版股份有限公司,2014-6,NT280,7.8
5325859,天下没有怀才不遇这回事,,包益民,,中信出版社,2010-10,26.00元,7.4
26393802,廣告表示：╴╴╴。,老牌子．時髦貨．推銷術，從日本時代廣告看見台灣的摩登生活,陳柔縉,,麥田,2015-7,NT$990,7.9
1001972,奥美有情,,庄淑芬,,企业管理出版社,2000-10,29.60,7.4
1069193,广告痴人说梦话(上下),,林俊明,,国际文化出版公司,2002-10,48.00元,7.8
1419470,誠品副作用,55种上瘾的文字欲,李欣频,,新新闻文化,1998,320 NT,8.1
5920214,广告拜物教,,李欣频,,电子工业,2011-1,49.80元,7.5
3795567,丑小鸭,奥美的创意观点,谭启明、奥美公司,何辉,中信出版社,2009,39.00元,7.4
5269231,广告创意与表现-方法与案例解析,方法与案例解析,尹小龙,,山东文艺出版社,2010,25,8.9
1319369,国际4A广告公司媒介策划基础,,朱海松,,广东经济出版社,2005-5,25.00元,7.3
1106333,广告企划的艺术,,乔恩・斯蒂尔,,中国三峡出版社,2003-1-1,35.00元,8.0
1474184,A Technique for Producing Ideas,,James  Young,,McGraw-Hill,2003-01-21,USD 6.95,8.6
26639443,广告创意笔记,,James  Young,,McGraw-Hill,2003-01-21,USD 6.95,7.2
1329553,如何做广告,,肯尼斯・罗曼、简・马斯、詹正茂,詹正茂,新华出版社,2005-5,38.00元,7.6
1043322,拉斯克尔的广告历程,,[美]  阿尔伯特·拉斯克尔,焦向军、韩骏,新华出版社,1998-1,13.80元,8.1
1072154,360度品牌传播与管理,,马克・布莱尔、迈克・墨菲、胡波、理查德・阿姆斯特朗,胡波,机械工业出版社,2004-9,28.00,7.3
10804422,电通“鬼十则”,全球最大独立广告公司的DNA,[日] 柴田明彦,郑燕、王婕、马洪月,中信出版社,2013-5,32.00元,7.3
26773835,设计师不读书,,奥斯汀·豪,一熙,重庆大学出版社,2015-7-24,35,6.3
25733106,奥美的观点7,,奥美集团,,中信出版社,2013-10,50.00元,7.9
3015751,創意筆記本-思考力,思考力,高橋宣行,,三采文化出版事業有限公司,20080312,NTD250.00,7.6
3789728,广告档案2008合订本,广告档案2008全年6期合订本,德国ARCHIVE,,ARCHIVE,2008,720,8.8
10550565,不做总统就做广告人,现代广告之父”拉斯克尔和他创造的广告世纪,阿瑟.舒尔茨、杰弗里.库鲁圣,王晓鹂,中信出版社,2012-4-6,58.00元,7.5
1448962,克莱普纳广告教程,,J·托马斯·拉塞尔,王宇田,中国人民大学,2005-8,99.80元,8.2
1188951,广告摄影技术教程,,刘立宾,,中国摄影出版社,1995-1,138.00元,9.1
1263944,广告文案传真,,杨梨鹤,,汕头大学出版社,2003-1,18.0,7.6
6082116,不说话就赢的企划术,打造必胜商用文本,（日）天野畅子,李 青,世界图书出版公司·后浪出版公司,2011-7-1,28.00元,7.9
1080338,方法,际著名广告公司操作工具,文武文,,中国线装书局,2003-10,39.80元,7.4
26744139,软文营销实战108招：小软文大效果,,苏航,,人民邮电出版社,2016-2,49.80元,8.9
1919502,Truth, Lies, and Advertising,The Art of Account Planning,Jon Steel,,Wiley,1998-3-13,USD 50.00,8.9
3060825,創意筆記本 工作力,工作力,Jon Steel,,Wiley,1998-3-13,USD 50.00,8.3
1045683,爱看书的广告,,范用,,三联书店,2004-04,24.00元,7.3
1363807,摘星的人,,瓊安•庫芙林，譯／林渭富,,滾石文化,20040901,NT$ 280,8.0
4152454,广告与促销,,瓊安•庫芙林，譯／林渭富,,滾石文化,20040901,NT$ 280,8.7
2223677,老莫煲汤,,瓊安•庫芙林，譯／林渭富,,滾石文化,20040901,NT$ 280,7.9
1370246,十個廣告九個醜,,曾錦程、陳大仁,,一本堂 (博益),2000年8月,HKD 78,7.9
10945471,像设计师那样思考2,品牌思考及更高追求,DEBBIE MILLMAN,百舜,山东画报出版社,2012-7,37.00元,7.2
3082973,大卫·奥格威自传,,[美]   大卫•奥格威   (David Ogilvy) 著,,高志宏 徐智明   译,2008-5,35.00元,7.6
1096579,广告策划与策划书撰写,,陈培爱,,厦门大学出版社,2001-5-1,32.00元,7.2
1226795,亚太地区最成功的广告策略,,艾奇逊,闾佳,机械工业出版社,2005-2,48.0,7.6
19962913,亲吻销售,用文字温柔地俘获顾客,[美] 罗伯特 · 索耶（Robert Sawyer）,蔡春华,广西美术出版社,2012-7,128.00元,7.5
1050348,不守规则创意Book,,[美] Bob Gill,邱顺应,湖南美术出版社,2002-1,29.00元,8.1
1008385,广告传奇与创意妙招,,詹姆士.韦伯.扬,林以德,内蒙古人民出版社,1998-10,24.00,7.7
6507059,10堂量子创意课,北大爆棚公开课，揭秘创意原点,李欣频,,云南美术出版社,2011-5-1,25.00元,8.1
1039678,关于创意我有意见,,黄文博,,企业管理出版社,2002-8,25.00元,7.2
1131442,电通鬼十则,,植田正也,刘锦秀,广东汕头大学,2003-1,15.00元,7.1
3245082,奥美有情Ⅱ,奥美CEO庄淑芬职场78悟,庄淑芬,,中信出版社,2008,35.00,6.9
1082303,创意就是权力,,叶茂中营销策划机构,,机械工业出版社,2003-06-10,98.00元,7.9
25785187,实战第三屏：移动营销实务十讲,,【美】Brad Geddes(布兰德.盖兹),宫鑫、康宁、王娜,电子工业出版社,2015-9,99.00元,8.0
3288675,阿伦斯广告学,,（美）阿伦斯，（美）夏尔菲,丁俊杰,中国人民大学出版社,2008-11,98.00元,8.2
2272065,广告公司的秘密,,穆健,,清华大学出版社,2007-10,85.0,7.7
6080846,企划圣经,,黄治苹,,电子工业出版社,2011-4,29.90元,6.9
10825552,创意之道,12位日本当代设计大师的创意现场,石原义久,,中国青年出版社,2012-8-1,45.00元,7.7
25785369,广告狂人,奇迹之子理查德·克什鲍姆自传,[美]理查德·克什鲍姆,赵鲲,北京联合出版公司,2014-1-1,39.8元,6.5
1101268,新定位,,[美] 杰克·特劳特、史蒂夫·瑞维金,李正栓、贾纪芳,中国财政经济出版社,2002-10,39.80元,7.6
1083414,关于策略我有看法,,黄文博,,机械工业出版社,2004-5,29.80元,7.7
4010182,奥美创意解密,,余宜芳,,中信出版社,2009,35.00元,7.0
1145925,视觉说服－形象在广告中的作用,,保罗.梅萨里[美],,新华出版社,2004-1,35.00元,7.7
1594609,台湾创意百科—广告创作·1,,杨宗魁,,湖南美术出版社,2000-10-01,98,7.5
26476872,爱看书的广告,,范用 编,,生活·读书·新知三联书店,2015-9,38.00,7.5
1039876,奥美的观点(2),,宋秩铭 庄淑芬,,企业管理出版社,2000-10,36.00,7.4
24530309,一个媒体推手的自白,揭露营销神话背后的真相,瑞安·霍利迪,潘丽君,广东人民出版社,2013-6,38.00元,7.4
25733348,欧洲广告之王,广告大师雅克·塞盖拉自传,[法] 雅克·塞盖拉,,中信出版社,2013-10-1,35.00元,7.2
1979132,此乃广告书,,林永强,,华夏出版社  2007-1出版；龙媒选书；,2007-1-23上架    简体中文,39.00元,7.7
1316014,广告创意法则,22位超凡广告人解析成功广告奥秘,(澳)迈克尔·纽曼|译者,,电子工业出版社,2005-5,28.00元,6.9
1051580,奥美的观点Ⅲ,,奥美公司,,中国物价出版社,2003-10,36.00,7.3
6391182,創意CEO,行銷、廣告、媒體、設計的創意管理,馬里奧．普瑞肯 Pricken, Mario,周芳苑,繆思出版有限公司,2011-4-28,NT$450,7.8
1524558,创新启示录,超越性思维,王健,,复旦大学出版社,2003-9,30.00元,8.4
2875749,亿万市场,洞察中国新兴消费群,[美]唐锐涛 (Thomas D. Doctoroff),张渊、程瑞芳,东方出版中心,2008-1-18,39.00元,7.7
26704160,定位：争夺用户心智的战争（精装）,,艾·里斯（Al Ries、）［美］杰克·特劳特（Jack Trout）,顾均辉、苑爱冬,机械工业出版社,2015-8,45.00,7.1
26328689,商业设计,通过设计思维构建公司持续竞争优势,罗杰·马丁 (Roger Martin),李志刚 (译者), 于晓蓓 (译者),机械工业出版社,2015-1-5,45.00,8.1
2024626,叶茂中策划想（下卷）,,叶茂中营销策划机构，，，,,机械工业出版社,2007-2,45.00元,7.5
1081291,广告武林秘笈外一章,,张乐山,,国际文化出版公司,2003-03,38.00元,8.1
3068384,小丰广告檄文选,,张乐山,,国际文化出版公司,2003-03,38.00元,7.8
26434651,软文营销从入门到精通,,苏高,,人民邮电出版社,2015-2-1,48.00元,7.6
1039174,再见老广告,,由国庆,,百花文艺出版社,2004-01,27.00,7.3
1082256,广告文案名人堂,,丹尼斯・希金斯,顾奕,中国财政经济出版社,2004-1-1,29.80元,7.5
1143568,广告心理学,,沃尔特·D·斯科特,李旭大,中国发展出版社,2004-1,25.00元,6.8
4074927,完美陈述,推介理念和赢得商机的艺术,[英] 乔恩·斯蒂尔,田丽霞 韩丹、刘寅龙,重庆出版社,2009年10月,28.00,7.4
10772650,创建强势品牌,创建强势品牌,戴维•阿克(David A.Aaker),,机械工业出版社,2012-6-1,49.00元,7.9
6746174,佐藤可士和的创意思考术,,佐藤可士和,时江涛,北京科学技术出版社,2011-8-1,39.00元,7.7
1083866,快感制造,,创意快枪手,,台海出版社,2004-11,19.80元,7.8
1503568,卓越广告,如何创造最优秀的平面广告,吉姆·艾奇逊 (Aitchison.J.),,北京大学出版社,2005-12-1,68.00元,7.6
26713384,广告的超越,中国4A十年蓝皮书,丁俊杰、陈刚,,中信出版社,2016-1-1,CNY 48.00,7.3
3905255,设计与你有关,企业家品牌设计读本,魏来,,中信出版社,2009,29.00元,7.6
1763400,世界广告巨擘,,魏炬,,中国人民大学出版社,2006,29.8,7.7
6426360,广告大师的告诫,,（美）鲍勃·加菲尔德（Bob Garfield）,闾佳,机械工业,2011-6,36.00元,7.8
1053924,怎样创作广告,,汤姆.狄龙(美)、等,刘毅志,中国友谊出版公司,1991-12,8.00,8.2
3841715,广告攻心战略-品牌定位,,艾﹒里斯、唐忠朴、刘毅志,唐忠朴、刘毅志,中国友谊出版公司,1991,8.8,7.6
10531533,管理品牌资产,管理品牌资产,戴维·阿克,吴进操、常小虹,机械工业出版社,2012-3,42.00元,7.8
19985614,这就是广告,,伊莱扎·威廉姆斯,,徐焰,2012-9,89.00元,7.8
4926117,奥美的观点6,,奥美公司,,中信出版社,2010-8,50.00元,7.2
1878216,美国的广告,,詹姆斯·特威切尔,屈晓丽,凤凰出版传媒集团,2006年08月第一版,25.00元,7.1
3004295,美国伟大广告人,,林升梁,,中国经济出版社,2008-2,49.80元,6.7
1889450,赖声川的创意学,,赖声川,,中信出版社,2006-9,36.00元,7.8
5274953,媒介即讯息及其他50条荒谬的广告法则,,盖伦 编,,王黎辉,2010-8,29.50元,7.0
3841250,奥美观点精选公关卷,,盖伦 编,,王黎辉,2010-8,29.50元,6.7
25976086,忠诚度革命：用大数据、游戏化重构企业粘性,,[美]拉杰特·帕哈瑞亚,,中国人民大学出版社有限公司,2014-8-1,CNY 49.00,7.4
2047482,中国广告图史,,黄升民,,南方日报出版社,2006-11,336.00元,7.8
1027122,广告界无冕女王,,玛丽·韦尔斯·劳伦斯,宋苗,机械工业出版社,2003-01,36.0,7.6
25880721,原创工作者要具备的能力,,[日] 高桥宣行,,中信出版社,2014-4-1,32.00元,7.3
1083644,广告媒体研究,,陈俊良,,中国物价出版社,1997-5,19.80元,7.2
1129681,创意人,创意思考的自我训练,詹宏志,,人民交通出版社,2003-9-1,18.00,7.9
3100605,跨界,,蓝色创意跨界创新实验室，中国蓝色创意集团,,广东经济出版社,2008-5,45.00元,8.0
2981035,品牌标识创意与设计,,(美)惠勒,姜晓渤 王毅,上海人民美术出版社,2008-1,128.00元,8.2
3312639,匿名的香蕉为什么不热销,PERSONALITY NOT INCLUDED,(美)罗希特.巴尔加瓦,贺颖彦,中国人民大学出版社,2008,36.00元,7.4
3539606,設計人的第一本行銷書,The Graphic Designer`s Guide,(美)罗希特.巴尔加瓦,贺颖彦,中国人民大学出版社,2008,36.00元,7.2
1044263,成功广告80例,,颜伯勤,,中国友谊出版公司,1991-12,8.90元,7.5
1482762,Whatever You Think, Think the Opposite,,Paul Arden,,Portfolio,2006-3,130.0,8.2
1531689,不同于奥美的观点,,耿一诚、张婷,,广州出版社,2002-9,28,7.0
3447742,孫大偉的菜尾與初衷,,孫大偉,,自轉星球,2009.2,NT$350,7.8
5966157,許舜英古著文本,,許舜英,,漫遊者文化事業股份有限公司,2011-1-27,NT$360,8.1
1040492,品牌领导,管理品牌资产塑造强势品牌,[美] 大卫·A. 艾克、爱里克·乔瑟米赛勒,曾晶,新华出版社,2001-4,29.80元,7.7
1320180,品牌组合战略,,戴维·阿克,,中国劳动社会保障出版社,2005-5,58.00元,7.5
26658035,会讲故事，让世界听你的,,卢建彰（Kurt Lu）,,中国友谊出版公司,2015-11-18,38.00,8.4
1261643,一位创意总监的告白,CD不易为,林永强,,华夏出版,2005-1,36.00元,7.4
1291915,广告媒体策划,,纪华强,,复旦大学出版社,2003-10-1,29.00元,6.1
10468092,动能,今日广告传播所需之力量,纪华强,,复旦大学出版社,2003-10-1,29.00元,8.0
1101267,营销战,,[美] 艾·里斯、杰克·特劳特,李正栓、贾纪芳,中国财政经济出版社,2002-8,39.80元,8.2
1082241,广告学,,[美]托马斯·C.奥吉恩[ThomasC.O,,机械工业,2002-5,358.00元,7.8
20413922,视觉锤,视觉时代的定位之道,（美）劳拉•里斯,王刚,机械工业出版社,2012-12,49.00元,7.4
4102204,广告学原理与实务-第7版,,威廉·维尔斯,桂世河、王长征,中国人民大学出版社,2009-10,65.00元,7.4
26698357,故事场景摩天楼,不再制造营销,开始创造体验的世界,加斯顿·莱戈布鲁 (Gaston Legorburu)、达伦·麦科尔 (Darren McColl),师蓉,中国人民大学出版社,2015-11-1,CNY 49.00,6.6
1044689,广告奏效的奥秘,,（德国）瓦尔特・玄纳特,肖健,民主与建设出版社,2001-01,22.00,7.9
1831356,营销论语,,李传屏,,中国市场出版社,2006-6,38.00元,7.5
1014118,广告创意解码,,沈吕百,,中国物价出版社,2003-9,38.00元,7.4
1178658,科特勒市场营销教程,,〔美〕加里・阿姆斯特郎,俞利军,华夏出版社,2004-10,75.00元,8.6
1416650,广告符码 中文版,,杰哈利,马姗姗,人民大学,2004-1,28.00元,7.8
25693097,品牌传播战略,数字时代的整合传播计划,杨东念,梁雨晨,科学出版社,2013-6-1,42.00,7.2
1083442,颠覆广告,推翻陈规·占领市场的广告营销创意）,让－马贺·杜瑞,,中国财政经济出版社,2002-11,40.00元,7.3
3841249,奥美观点精选品牌卷,,让－马贺·杜瑞,,中国财政经济出版社,2002-11,40.00元,7.2
1442997,炒作致胜,,魏剑美,,湖南人民出版社,2005-1,21.00元,7.3
2365117,THE ART DIRECTION BOOK,藝術指導手冊,D&AD,,D&AD,2007.12,280,8.4
4796746,房地产营销19讲,,D&AD,,D&AD,2007.12,280,8.8
1263759,国际4A广告公司媒介计划精要,,阿诺德·M.巴尔班,朱海松,广东经济出版社,2005-2,28.00元,7.1
1727034,通行广告界的9本护照,,陈月娥,,清华大学出版社,2006-1,39.0,7.2
4145697,廣告X媒體,廣告101 II,吳博林,,經濟日報出版社(香港),2009-11,88,8.3
1030127,小预算大广告,,(美)塞斯亚.S.史密斯,,新华出版社,2001-10,22.00,7.2
4174129,成年礼,一个广告公司的教科书,邱小石,,新星出版社,2010,45.00元,7.7
1043296,麦迪逊大道,不可思议的美国广告业和广告人,（美）马丁・迈耶,刘会梁,海南出版社,1999-05,23.80,6.6
5482329,How Brands Grow,what marketers don‘’t know,（美）马丁・迈耶,刘会梁,海南出版社,1999-05,23.80,8.8
1577466,广告学概论,,陈培爱,,高等教育出版社图书发行部（兰色畅想）,2004-8,20.90元,6.5
24295915,美国是一个商标,,[加]卡勒•拉森,李婵,新星出版社,2013-3,28.00元,7.9
1132027,文案设计30人,设计人丛书,泛克编,,湖北美术出版社,2003.6,26.00,7.6
1042441,懒人致富,,[美]乔.卡伯,李旭大,电子工业出版社,2003-08,18.00,7.2
1083654,百年麦肯,,麦肯·光明广告公司 编,,国际文化出版公司,2002-8,580.00元,7.1
5945462,现学现用企划书72例,,齐藤诚,杨雅清,中国华侨出版社,2011-2,32.00元,7.2
1047551,这书要卖100万,畅销书经验法则100招,（日）井狩春男,邱振瑞,广西师范大学出版社,2004-12,15.00,7.1
10796949,品牌领导,,（美）戴维•阿克、埃里克•乔基姆塞勒,耿帅,机械工业出版,2012-6,49.00元,7.8
5411160,海报设计,,（美）戴维•阿克、埃里克•乔基姆塞勒,耿帅,机械工业出版,2012-6,49.00元,6.7
4928590,2009年坎城广告奖结案报告,,赖治怡,,小鱼广告网杂志kleinerfisch.com,2010.6,960台币,7.9
2045593,现代广告通论,现代广告通论,丁俊杰,,传媒大学（原北广学院,2007-1,45.00元,8.0
1084683,分割美国:广告主与新媒介世界,,(美)约瑟夫.塔洛,洪兵,华夏出版社,2003-07-01,29.00元,7.6
4091976,别被office干掉,,崔晶,,广西师大,2009-9,24.00元,7.0
3245111,奥美的观点5,,奥美公司,,中国市场出版社,2008,66.00元,7.1
3621525,Photoshop+Illustrator完美创意设计,,[韩]全相炫,刘东,中国青年出版社,2009-4,96.00元,8.9
1169968,创建强势品牌,,戴维・阿克,,中国劳动社会保障出版社,2004-5-1,48.00,7.5
1424970,从广告新人到广告高手,,梅琳,,高等教育出版社,2005-8,25.0,7.2
3165260,时尚与广告,世界顶级摄影大师巅峰作品诞生记,玛格德琳·基尼,徐焰,浙江摄影出版社,2008-5,68.00元,7.9
3262687,廣告101,,吳博林,,etpress出版,08年7月,$88,7.9
6722584,广告创意哲学关键词,,吳博林,,etpress出版,08年7月,$88,8.5
3261605,广告文案创意教程,,沈虹,,北京大学出版社,2008-10-1,62.00元,7.5
1370248,繼續字戀,,李欣頻,,新新聞,1999年3月,NT$280,7.0
3802708,2.0营销传播,互动整合营销传播,赵洁、曹芳华,,厦门大学出版社,2009,20.00元,8.1
2178036,POP字体速成,,韦福利,,凤凰出版传媒集团,江苏美术出版社,2007-6,20.0,7.5
1189516,大师亚当斯,,吴凯雯、罗伯特・奥普迪葛瑞夫,吴凯雯,中国海关出版社,2004-9-1,16.80元,7.9
1220443,影视广告经典评析,,张家平、袁长青,,学林出版社,2005-1,45.00元,6.9
6560959,广告策划与创意,,蒋旭峰、杜骏飞,,中国人民大学出版社,2011-6,35.00元,7.1
19995886,广告,创意与文案-第11版,威廉•阿伦斯,丁俊杰,人民邮电出版社~新曲线,2012-9,68.00元,7.2
1056615,广告文案写作,,高志宏、徐智明,,国际文化出版公司,2002-01,29.80元,6.7
1510468,广告与品牌策划,,约翰.菲利普.琼斯,,机械工业,2000-4,24.00元,7.1
1127123,丑小鸭,奥美的创意观点,谭启明,,中国物价出版社,2003-7,60.00元,7.7
1065709,鸡蛋里挑骨头,黄文博的广告创意观点,[台] 黄文博,,企业管理出版社,2001-4,22.00元,6.8
1870373,奥美看奥美,,[美]奥美集团,何辉,中国人民大学出版社,2006-5,48.00元,6.6
10566301,上海生活 下海工作,一個台灣女生的偏見,陳佳芬,,遠景出版事業有限公司,2012-3,NTD260,7.9
1493709,顶尖视觉创意,,[德]马利奥·普里肯,夏赛辉,湖南美术出版社,2005年1月,138.00元,7.7
2105372,靠一行字卖翻天,,[德]马利奥·普里肯,夏赛辉,湖南美术出版社,2005年1月,138.00元,7.3
25788943,可口可乐内幕,,[德]马利奥·普里肯,夏赛辉,湖南美术出版社,2005年1月,138.00元,7.3
6982043,广告创意大解码,36位顶尖设计师的创意心路,[美] W.格兰•格瑞芬 [美] 黛博拉•莫里森,,丁婷,2012-1,58.00元,7.5
6526249,为广告插上翅膀,,[英] 马克·肖,杨雷,电子工业出版社,2011-6,68.00元,7.9
24849964,為什麼你的故事被打 ×,創意、編劇、文案魔力鍊金術,D. B Gilles,郭玢玢,典藏藝術家庭,2013-7,NT$360,7.5
1819395,广告策划,广告策划,黄升民,,中国传媒大学出版社,2006-7,36.00元,6.7
2340150,广告宣传的心理战术,,酒井利夫,陈刚,科学出版社,2007-11,25.00元,7.3
3802448,国际4A广告公司品牌策划方法,,宋杨,,黑龙江美术出版社,2006-3,88.00元,6.3
1365093,Bobos In Paradise,The New Upper Class and How They Got There,David Brooks,,Simon & Schuster,2001-3-6,USD 15.99,8.0
1016197,广告运动策略新论(上下),,丹.E.舒尔茨(美)、等,刘毅志,中国友谊出版公司,1991-12,15.40,7.9
1361770,人慾橫流－孫大偉的異想世界,,孫大偉,,天下文化,20010701,NT$ 270,7.7
1319837,电通如何成为第一,全球最大广告公司的智慧、经验、方法与技巧,何辉,,中国物价出版社,2005-5,39.80元,7.3
1213877,广告游戏,,黄文博,,汕头大学出版社,2003-1-1,23.00,8.0
2160911,文案就该这样写,,中山真人,,商周文化事业股份有限公司,2007年6月,TWD230,7.4
4946046,聚合营销,,曹芳华,,人民邮电出版社,2010-9-1,35.00元,8.1
1465891,Absolut Book.,The Absolut Vodka Advertising Story,Richard W. Lewis,,Tuttle Publishing,1996-10-15,$ 34.95,8.6
26116524,口碑的力量,沃顿商学院最受欢迎的营销课,［美］安迪·赛诺维兹,陆小斌,台海出版社,2014-9-1,39.8,7.0
10756679,1001个广告法则,来自全球最成功的广告宣传创意和策略,路克·杜邦,,赵静,2012-5,20.00元,6.5
1676855,房地产营销的100个细节,,张晓光,,广东经济出版社,2005-1,80.00元,7.7
3841247,奥美观点精选（广告卷）,,奥美公司,,中国市场,2009-7,28.80元,7.2
1950981,与古人一起读广告,,由国庆,,新星出版社,2006-12,29.80元,6.9
3408846,平台上的舞蹈,,由国庆,,新星出版社,2006-12,29.80元,7.3
26686549,首席内容官,解密英特尔全球内容营销,【美】帕姆•狄勒,孙庆磊,中国人民大学出版社,2016-1,45.00元,7.1
3036230,恋物百科全书,,李欣频,,当代中国出版社,2008-4,36.00元,6.8
1014224,营造名牌的21种模式,,(德)安德雷亚斯・布霍尔茨 沃尔夫兰・维德曼,肖健 樊渝杰,中信出版社,1999-1,19.80,7.8
2271836,創意雞飛狗跳,,纽曼,赖治怡,滚石文化,2007-3,148元,7.8
1357098,天下沒有懷才不遇這回事,,纽曼,赖治怡,滚石文化,2007-3,148元,7.7
3129452,有效的品牌传播,,纽曼,赖治怡,滚石文化,2007-3,148元,7.3
3244500,小强在上海,一个香港广告人的上海经验,林永强,,滚石文化,2008,NT$159,7.7
1070779,广告管理(第五版),,林永强,,滚石文化,2008,NT$159,8.4
4729692,廣告講義,「廣告101」系列別注入門工具版：廣告行業基礎知識全事典,吳博林、廣告Playgroup,,經濟日報出版社,2010年3月,港幣$188,8.5
2132261,中興百貨的意識形態,中興百貨廣告作品全集1988－1999,曾玉萍,,滚石文化股份有限公司,2000,NT $790,7.8
24816689,活动策划实战全攻略,一本拿来就能用的活动策划案头宝典,欧阳国忠,欧阳国忠,清华大学出版社,2013-7,38.00,6.4
26431302,入口,营销还能去哪儿?,叶茂中,,机械工业出版社,2015-5-1,CNY 49.90,6.8
1924585,广告与整合营销传播原理,,汤姆·邓肯,,机械工业,2006-9,65.00元,7.6
6437053,创意者说,与顶级创意人谈创意,广告门网站,,中信出版社,2011-7,38.00元,6.5
1199717,建于果岭的上层建筑,,红鹤广告,,中国轻工业出版社,2005-1-1,178.00元,8.1
1653780,广告心理学,,黄合水,,高等教育出版社（蓝色畅想）,2005-4,25.00元,6.4
26611868,移动互联网时代国际4A广告公司基本操作流程,,黄合水,,高等教育出版社（蓝色畅想）,2005-4,25.00元,6.4
1191162,广告符号学,,李思屈,,四川大学出版社,2004-7,19.00元,7.4
6757255,偷窺設計人的筆記,,伊達千代,陳亦苓,旗標出版股份有限公司,2011-4-25,NT$450,7.6
1261559,与众不同,极度竞争时代的生存,（美）特劳特,屈陆民,华夏出版社,2005-01,20.00元,7.4
26686952,声浪传播,互联网+品牌新思维,（美）特劳特,屈陆民,华夏出版社,2005-01,20.00元,7.4
3519867,广告文案写作教程,,罗伯·鲍德瑞,,许旭东,2009-4,55.00元,7.5
1083441,整合营销传播,,汤姆・邓肯、周洁如,周洁如,中国财政经济出版社,2004-8-1,298.00元,7.2
10567450,《廣告@日本．ad@jp》,,吳博林、徐緣、羅莉、胡若藍,,經濟日報出版社,2012-3,198,7.8
1490551,广告也幽默,中外幽默广告鉴赏,刘世英,,中国时代经济出版社,2006-1,25.00元,6.4
1014248,国际广告商务译丛,第一辑 3册·第二辑 3册·第三辑 5册,刘立宾 主编,,内蒙古人民出版社,1998-03,23,7.9
3047704,广告档案2007合订本,,广告档案杂志社,,广告档案杂志社,2008,800,8.0
3612400,广告战争,一部教你如何处理中国式人际关系的小说,马宇彤,,中信出版社,2009年4月,25.00元,6.7
1083649,不抹口红的广告,,伦洁莹,,中国物价出版社,2003-1,48.00元,6.5
1083784,小鱼吃大鱼,战胜一线品牌的八大法则,亚当·摩根,刘元琪,中国财政经济出版社,2004-10,45.00元,7.6
20261695,广告人生,,姜弘,,中信出版社,2012-11,58.00元,7.1
2977552,谁的生意被策划照亮,,叶茂中,,中国人大,2008-2,39.80元,7.3
4228453,激发购物欲的3秒钟,,[日]喜山庄一,,王薇,2009-12,25.00元,7.0
1156631,情感品牌,,马克・戈贝,向桢,海南出版社,三环出版社,2004-2-1,45.00元,7.1
2109795,欲望的想像,1920-1930年代《申报》广告的文化史研究,王儒年,,上海人民出版社,2007-03-01,25.00元,7.2
4874625,房地产优秀广告文案创作与鉴赏大全,,余源鹏 编,,机械工业,2010-6,68.00元,6.7
26282757,微信朋友圈：这么玩才赚钱！,,Denis Higgins,,McGraw-Hill,2003-1-21,USD 14.95,7.3
2371787,瞬间的真实,首席执行官品牌管理规划之再定义,(德)安德雷斯·鲍尔,王书斌,辽宁画报,2008-2,50.00元,8.4
2359262,广告人告白,,黄霑,,明窗出版社,2004-12,HK$54,7.5
10831076,不懂流行文化就不要谈创新,,Grant,McCracken 格兰特．麦奎肯,,贾晓涛,2012-6,28.00元,6.4
25917524,创意笔记本4,企划书源于你的一张手写稿,高桥宣行,曹逸冰,中信出版股份有限公司,2014-5-1,CNY 32.00,8.1
6991245,创意总监,,梁佐林,,新世界出版社,2011-12,32.00元,7.3
3820857,公关造势与技巧,通向21世纪的桥梁,彭星凱,,李彥儀,可口智造有限公司,2014-1,7.6
1492798,卓越广告2,如何创造最优秀的媒体广告,吉姆·艾奇逊,李志宏,北京大学出版社,2006-1,68.0,7.5
3038329,奢侈品品牌管理,,米歇尔·舍瓦利耶（Michel Chevalier）、热拉尔德·马扎罗夫(Gerald Mazzalovo),卢晓,格致出版社,上海人民出版社,2008,45.00元,7.6
1357609,品牌管家,奥美360度品牌传播管理,,,未定义出版社,2005-09-01,135.0,7.2
5977133,营销革命3.0,从产品到顾客,再到人文精神（社会化媒体必看10本书之一）,（美）菲利普·科特勒（Philip Kotler）、（印度尼西亚）何麻温·卡塔加雅（Hermawan Kartajaya）、伊万·塞蒂亚万（Iwan Setiawan）,毕崇毅,机械工业出版社,2011-3-1,36.00元,7.5
6877139,激活消费者心理需求,,佘贤君,,机械工业出版社,2011-10,39.80元,6.6
4893258,电视节目策划笔记,,张绍刚,,新星出版社,2010-06,36.00元,8.2
4895658,Google 广告优化与工具,,宫鑫,,电子工业出版社,2010-7,60.00元,7.8
24318957,广告设计10原则,,罗伯特·肖,,宋逸伦,2013-5,45.00元,7.0
7163319,一个广告人的江湖,,黄大,,华夏出版社,2012-2,29.00元,6.7
1619155,世界广告经典案例,,胡晓云 编,,高等教育出版社,2004-12,42.00元,7.5
1035565,张爱玲的广告世界,,魏可风,,文汇出版社,2003-09,13.00,6.9
26748317,有机营销术,,因为策略,,中国经济出版社,2016-1-1,49.80元,7.6
3681562,玩转广告-创意的游戏精神,,李剑飞,,首都师范大学出版社,2009-4-16,38.00元,7.7
1697066,冈特•兰堡(精装) (平装),汉、德、英对照,冈特·兰堡、林家阳、车其,洪启志,河北美术出版社,2000年05月,258.0,8.4
1162400,世界经典广告案例评析,,张金海,,武汉大学出版社,2000-10,14.00元,7.2
1361785,該生素質太差,孫大偉的成績單,王梅,,天下文化,20010720,NT$ 300,7.5
1211871,真知灼见,,朱海松,,广东经济出版社,2002-11-1,28.00,7.6
1012858,品牌至尊,,汤姆·邓肯、桑德拉·莫里亚蒂,廖宜怡,华夏出版社,1999-12,20.00元,7.2
1603475,叶茂中谈品牌,,叶茂中,,中华工商联,1900-1,25.00元,7.2
1209034,麦肯的方法,,朱海松,,广东经济出版社,2002-4-1,28.00元,6.4
1325138,20世纪日本海报(1),,朱锷,,广西美术出版社,2001-12,35.00,8.4
3526116,买,,（美）马丁·林斯特龙（Martin Lindstrom）,赵萌萌,中国人民大学出版社,2009-3-1,35.00元,7.5
1136470,广告策划创意学,,（美）马丁·林斯特龙（Martin Lindstrom）,赵萌萌,中国人民大学出版社,2009-3-1,35.00元,6.5
1118912,中外广告史,站在当代视角的全面回顾,陈培爱,,中国物价出版社,2002-8-1,28.00元,6.0
1056001,策划学,,吴灿,,中国人民大学出版社,2004-1,39.80,6.6
2265087,我和我的恋爱诏书,,李欣频,,东观国际文化股份有限公司,2002-11,新台币220元,7.6
25917834,如何把握关键信息,,（日）高桥宣行,袁林,中信出版社,2014-5-30,32.00元,5.9
26213107,30支经典广告案例,,[英]伊莉莎•威廉姆斯 著,,北京美术摄影出版社,2014-7,98.00元,6.8
5954596,情感化的品牌,揭开品牌推广的秘密,[美]Mark Gobe马格·戈拜,王毅 王梦译,上海人民美术出版社,2011-1-1,48.00元,7.2
20392277,改变地产策划人命运的23堂课,从策划师到策划总监的蜕变,王涛,,清华大学出版社,2012-11-1,45.00元,6.8
4748710,品牌如何成为偶像,文化式品牌塑造的原理,道格拉斯·B.霍尔特,胡雍丰、孔辛,商务,2010-3,39.90元,7.4
4208608,老广告里的岁月往事,,由国庆,,上海远东出版社,2010-1,88.00元,7.4
1082768,品牌新世界,,斯科特·贝德伯里,,中信出版社,2004-3,21.00元,8.6
2056931,广告新思维,,普莱希斯,刘钟栋,中国人民大学出版社,2007-3,26.80元,7.0
4291906,麦迪逊大道之王,大卫·奥格威转,[美]肯尼斯·罗曼,张小琴,中信出版社,2010,38.00元,6.5
10759298,生活者发想,革新营销的新视点,日本博报堂生活综合研究所,,上海文汇出版社,2012-5,28.00元,7.0
3520832,什么是品牌设计,,马修·赫利,,胡蓝云,2009-2,88.00元,7.3
25976087,游戏化革命：未来商业模式的驱动力,,[美]盖布·兹彻曼、[美]乔斯琳·林德,应皓,中国人民大学出版社有限公司,2014-8-1,CNY 59.00,7.3
3433157,曲终人散,曲终人散,约书亚·弗里斯,李育超,人民文学出版社,2009-01,25.00元,7.3
25917826,领先一步的独创性思考,,（日）高桥宣行,刘谨毓,中信出版社,2014-5-5,32.00元,6.7
4725028,做生态的设计!-新绿色品牌战略,新绿色品牌战略,尤塔•娜赫特威、尤迪特•迈尔,王华萍,天津大学出版社,2010-1,260.00元,7.6
2333718,酷的征服,商业文化、反主流文化与嬉皮消费主义的兴起,(美)托马斯·弗兰克,朱珊、胡传胜、孙冬,南京大学出版社,2007-10,38.00元,6.5
1748244,电视收视率解析,调查、分析与应用,刘燕南,,北京广播学院出版社,2006-2,32.00元,7.2
25806796,内容营销,有价值的内容才是社会化媒体时代网络营销成功的关键,索尼娅•杰斐逊 (Sonja Jefferson) )、莎伦•坦顿 (Sharon Tanton),派力,企业管理出版社,2014-1-15,50.00,6.2
26415071,娱乐营销3.0,,中国娱乐营销传播研究中心,,机械工业出版社,2015-6-27,CNY 69.00,6.4
1414741,文脉品牌,让你的品牌形象与众不同,阿久津聪、石田茂、韩中和,韩中和,上海人民出版社,2005-6,20.00元,8.2
1732868,外国广告发展史,,文春英,,北京广播学院出版社,2006-1,35.00元,7.1
26704219,佐藤可士和的超沟通术,,[日]佐藤可士和,牛菁菁,江苏凤凰文艺出版社,2016-1-1,38.00,7.1
4898788,感動70億人心，才是好設計：好品牌的吸引力法則,好品牌的吸引力法則,Marc Gobe,何霖,原點出版 Uni-books,2010-5,NT$ 399,7.6
1059922,创意商机,,(美)施密特,冯晓东,知识出版社,2003-12,24.00元,7.3
11597915,解构logo设计,300例国际logo分析与解读,[美] 马修·赫利,凃维玮,电子工业出版社,2012-8,68.00元,7.7
6851648,迷恋,如何让你和你的品牌粉丝暴增,[美]莎莉·霍格斯黑德,邱璟旻,中华工商联合出版社有限责任公司,2011-11-1,39.90元,7.3
7015329,影响力（中小企业版）,中小企业低成本推广的20大策略,崔学良、杨光明,,中户工商联合出版社有限责任公司,2012-2-1,29.90元,7.5
1539719,东方智慧与符号消费,DIMT模式中的日本茶饮料广告,李思屈,,浙江大学出版社,2003-8,28.80元,7.6
3271678,奧美創意解密,,李思屈,,浙江大学出版社,2003-8,28.80元,7.0
3169586,广告、促销与整合营销传播,,李思屈,,浙江大学出版社,2003-8,28.80元,7.0
1062865,手绘POP广告,,张辉明编,,吉林美术出版社,2001-01,49.00,7.4
4245058,中国元素与广告创意,,Juliann Sivulka,,Wadsworth Publishing,2011-7-19,USD 99.95,7.1
4809262,搜索引擎广告,网络营销的成功之路,Kevin Lee、Catherine Seda,朱彤,电子工业出版社,2010-1,39.80元,7.2
1894695,营销管理,,[美] 菲利普·科特勒、[美] 凯文·莱恩·凯勒,梅清豪,上海人民出版社,2006-9,78.00元,9.0
2364721,交互广告学,,梁峰,,清华大学,2008-1,46.00元,7.2
5388490,网络营销应该这样做,,陈墨,,机械工业,2011-1,38.00元,6.5
20378799,品牌地图,关于品牌的60个关键词,[美国] 艾莉娜·惠勒、乔尔·卡茨,刘月影,上海人民美术出版社,2013-1,48.00元,5.3
25853922,图解营销策划,,[英]马尔科姆•麦克唐纳（Malcolm McDonald）、彼得•莫里斯（Peter Morris）,徐佳,电子工业出版社,2014-3,39.00,6.3
4748698,牛文案是怎样炼成的,广告文案写作八条潜规则,多米尼克·盖廷斯,,陈志娟,2010-6,58.00元,6.4
10749632,强关系,社会化营销制胜的关键,[加] 斯科特•斯特莱登,魏薇,中国人民大学出版社,2012-6,45.90元,6.8
5502654,光影巴黎,广告海报中的城市故事,李政亮,,南京大学出版社,2011-1,28.00元,7.7
1510869,广告策划,广告策划的全新范本,徐智明 高志宏,,中国物价出版社,1997-1,19.80元,6.2
6901449,房地产开发营销策划,房地产开发营销策划,丁祖昱,,中国经济,2011-10,58.00元,7.7
2015568,宣·讲,,张秀兵,,中国市场出版社,2007-1,39.80元,6.9
3988315,鲜榨橙汁,出奇制胜的广告创意,[美]帕特·法伦、[美]弗瑞德·森,,商务印书馆,2009-7,25.00元,8.2
19940971,邓超明创业笔记,奋斗者的心灵圣经,[美]帕特·法伦、[美]弗瑞德·森,,商务印书馆,2009-7,25.00元,7.5
3081984,天使看报纸,,[美]帕特·法伦、[美]弗瑞德·森,,商务印书馆,2009-7,25.00元,9.0
6722581,广告文案美学关键词,,[美]帕特·法伦、[美]弗瑞德·森,,商务印书馆,2009-7,25.00元,7.5
1176865,4A杰出人性创意96例,,张惠辛、张惠辛,,华夏出版,2004-8-1,58.00元,7.4
7916257,Mid Century Ads,Advertising from the Mad Men Era,Steven Heller,,Taschen,2012-3-30,USD 59.99,7.9
1259175,广告文案写作原理与技巧,,杨先顺,,暨南大学出版社,2004-12,28.00元,7.0
1118676,20世纪广告传播理论研究,,张金海,,武汉大学出版社,2002-11,19.00元,7.6
1061599,科特勒精选营销词典,,(美)科特勒(Kotler,P.),俞利军,机械工业出版社,2004-01,29.80,7.8
1049217,食物恋,,李欣频,,陕西师范大学出版社,2003-01,28.00,7.4
1031228,快乐广告人生,,雅春.塞盖拉著,李玫,（法）雅克・赛盖拉,2000-07,126.00元,7.6
1178705,创意设计元素,Ambrose. Harris. Yang Wenli),YING AN BU LUO SI HA LI SI BIAN ZHU YANG WEN LI YI,,China Textile Press,2000-1-1,78.00元,7.6
3841248,奥美观点精选（行销卷）,,YING AN BU LUO SI HA LI SI BIAN ZHU YANG WEN LI YI,,China Textile Press,2000-1-1,78.00元,7.0
1028534,广告社会学,,(法)热拉尔,拉尼奥,林文,商务印书馆,1998-01,7.5,7.3
24858412,破晓,以弱胜强之道,谢雨钢,,清华大学出版社,2013-7-1,48.80,5.3
1443349,策划人,商业活动策划与整合营销传播：第2版,谢伊·塞尔,,中国人大,2005-11,15.00元,6.3
3105685,新媒体激变,,谢伊·塞尔,,中国人大,2005-11,15.00元,6.8
1392446,搜索引擎广告,网络营销的成功之路,（美）赛达（Catherine Seda）,谢婷、周至,电子工业出版社,2005-6,45.0,6.9
1014885,宝洁品牌攻略,,（美）克莱夫·巴德、徐世明,徐世明,哈尔滨出版社,2003-10-1,29.80,6.5
5377414,榨干百度谷歌,搜索引擎广告大赢家,张志,,电子工业出版社,2011-1,28.00元,7.5
1913823,为叫花子做的策划,创新让你脱颖而出,宣钟  著,,中国档案出,2006-10,32.00元,7.7
5281255,黑底白字的绝对禁用及其他50条荒谬的设计法则,,[荷]盖伦 编,韩晓旭,天津大学出版社,2010-8,29.50元,7.7
3340736,郎咸平说,广告的是与非,[荷]盖伦 编,韩晓旭,天津大学出版社,2010-8,29.50元,8.0
1279276,震撼世界的20例广告,,詹姆斯・B・特威切尔,,上海人民美术出版社,2003-1-1,33.00元,7.0
1162105,平面广告经典评析,,张家平 编,,学林出版社,2004-5,48.00元,7.9
1290179,拳打策划脚踢广告,脚踢广告,熊大寻,,广东经济,2006-9,45.00元,7.1
4897428,Google AdSense实战宝典,,祁劲松,,电子工业出版社,2010 年6月,49.00元,6.7
23937785,创意,不守规则,跟着设计大师Bob Gill找点子,鲍勃·吉尔,窦珊珊,电子工业出版社,2013-4,48.00元,7.3
1970353,品牌成功链,,丁邦清,,机械工业,2007-1,38.00元,7.1
1010758,谁主鱼,,安德鲁·杰夫,王兰英、吴岩,知识出版社,2004-8,25.00,7.9
3841246,奥美观点精选（文化卷）,,安德鲁·杰夫,王兰英、吴岩,知识出版社,2004-8,25.00,6.6
2321827,宣 讲2(中国式公关写作的实战谋略),,黄明胜,,中国市场出版社,2007-8,39.80元,7.6
2255173,媒介心理学,,哈里斯,相德宝,中国轻工业,2007-9,42.00元,7.5
1128532,冷抽象,,朱海松编著,,广东经济出版社,2003-1,20.00元,7.5
6790585,转向,群邑论后大众传播时代制胜的营销策略,李倩玲,,中信出版社,2011-9,42.00元,6.8
1763736,Comedy Writing Secrets,The Best-Selling Book on How to Think Funny, Write Funny, Act Funny, And Get Paid For It,Mel Helitzer、Mark Shatz,,Writer's Digest Books,2005-10-1,USD 18.99,8.4
1223884,实力主张（上下）,,李志恒 等,,当代中国出版社,2005-01,88.00,7.6
4179381,Quotation．引號: 倫敦最新創意特輯,倫敦最新創意特輯,蜂賀亨,陳怡伶、林維泰,大家出版社,2009,NT$220,7.9
2881170,MUJI无印良品,,Peng Yangjun and Chen Jiaojiao,,Page One Publishing Private Limi,2007年12月,275.20,8.4
1225045,实战广告案例·全案,,穆虹 李文龙,,中国人民大学出版社,2005-1,108.0,6.5
3373597,网络广告媒体策略与效果评估,,宋安,,厦门大学出版社,2008-11,25.00元,6.3
1339094,廣告人手記,,莊永新,,時報文化,1997年11月05日,NT$ 180,8.2
1540065,20世纪广告,,戴夫·桑德斯,,中国青年出版社,2002-1,126.00元,7.7
19967694,增长力,如何打造世界顶级品牌,（美）吉姆•斯登格,,王幸、谭北平,2012-10,49.00元,7.8
1923946,十大品牌广告经典评析,,张家平,,学林出版社,2006-6,40.00元,7.3
25872454,每天都做好创造概念的准备,每天都做好创造概念的准备,高桥宣行,,刘谨毓、姜柏如,2014-4-1,32.00,6.8
2329830,从分析作品开始学做广告,,何辉,,中国传媒大学,2007-10,49.80元,6.9
5988271,佐藤可士和的经营术,,[日] 佐藤悦子,夏淑怡,甘肃人民美术出版社,2011-4-20,36.80元,7.3
6536786,职场风云之暗贱难防,,张霞,,新星出版社,2011-6-24,28.80元,7.6
5919492,销售一定要懂的心理学,金牌销售必知的100个心理营销策略,文义明、阎颖然,,中国经济出版社,2011-1-1,32.00元,6.8
10453266,创意-就是没有标准答案,,郝广才,,中信出版社,2012-4,38.00元,6.9
1500849,广告效果评估,广告何时、如何和为什么有效,特列斯,,中国劳动,2005-1,26.00元,6.7
2147254,经典广告案例新编,,钟静,,经济管理出版社,2007-3,30.00元,7.8
3283472,公关传播案例评析,,钟静,,经济管理出版社,2007-3,30.00元,6.7
1086793,日本广告百例,,内藤久幹,,湖北美术出版社,2001-2,60.00元,7.6
4150226,Crush It!,Why NOW Is the Time to Cash In on Your Passion,Gary Vaynerchuk,,Harper Studio,2009-10-01,USD 21.99,6.9
3198624,品牌全视角,,山田敦郎,,申胜花,2008-7,25.00元,6.2
3085382,创意海报版式设计,,斯科勒司,,姚香泓,2008-5,88.00元,8.6
20365782,版式设计+,给你灵感的全球最佳版式创意方案,王绍强,,李晓霞,2012-11,118.00元,8.6
6772445,李欣频的私房50,,李欣频,,中信出版社,2011-8-22,38.00元,7.2
2041672,东京创意故事,,肖虎,,传媒大学（原北广学院,2007-1,29.80元,7.5
1949581,The Golden Age of Advertising - The 70s,,Jim Heimann、Steve Heller,,Taschen,2006-02-28,$ 12.99,8.4
10468941,全球最佳图形设计 第11辑,全球最佳图形设计 （第11辑）,奇力工作室 编,,广西美术出版社,2011-11,180.00元,8.4
2985852,广告创意,,方茜,,上海交大,2008-1,50.00元,7.7
3268822,传播学总论,传播学总论,胡正荣、段鹏、张磊,,清华大学出版社,2008年10月,35.00元,7.2
2703299,看见·发现,,邵隆图、张宇凡,,上海文化出版社,2008-1,25.00元,8.1
3142974,给星期五的信,,招秉恒,,文化艺术出版社,2008,22.00元,8.1
1505333,广告英语教程,广告英语教程,张祖忻姜智彬朱晔,,复旦大学出版社,2005-12,20.00元,6.4
21362615,被新聞出賣的世界,「相信我，我在說謊」，一個媒體操縱者的告白,萊恩．霍利得,張嚴心,脸谱,2013-2-28,NT.320,7.1
26598800,十字路口,,[日] 新海诚 原作、[日] 桐山成人 著,枯山水,百花洲文艺出版社,2015-9-20,25.00元,7.2
2123969,广告策划实务与文案撰写,,王亚卓,,企业管理,2007-5,35.00元,6.9
3146570,創意筆記本: 概念力,概念力,高橋宣行,,三采文化出版事業有限公司,20080514,NTD250.00,7.9
4902491,市场细分,市场取舍的方法与案,高橋宣行,,三采文化出版事業有限公司,20080514,NTD250.00,7.1
24872319,理性的非理性,谁都逃不过的 10 大心理陷阱,郑毓煌、苏丹,,中国商业出版社,2013-8,39.9,8.1
1420710,广告箴言,,鲍勃·加菲尔德,曾晶,中国财经出版社,2005-8,29.80元,7.2
4240972,直打正着,,莱斯特·伟门,,特洛伊工作小组,2010-3,36.00元,8.0
3004307,帶著獅子在沙漠中行走,,莱斯特·伟门,,特洛伊工作小组,2010-3,36.00元,8.2
10432173,胶带营销,最实用的小企业营销指南,[美]约翰·詹斯奇,南溪,中华工商联合出版社有限责任公司,2012-3-1,36.00元,7.5
3299625,左公关 右广告,,[美]约翰·詹斯奇,南溪,中华工商联合出版社有限责任公司,2012-3-1,36.00元,6.6
1802721,广告策划创意,,张惠辛,,上海画报出版社,2006-3,45.00元,7.4
1013007,榜上客,全球28位顶级华文创意人谈广告,龙吟榜,,国际文化出版公司,2001-10,48.00,6.7
26263559,做個有梗的人,10步驟讓你的人生更有趣,潔西卡·哈吉,洪世民,寶鼎,2014-11-5,NT$300,8.4
26359217,商业创意2,从全球视角看中国商业创意,贺欣浩,,北京时代华文书局,2015-5-1,49.00,7.3
3525026,真是一个好创意!,,奇科·汤普森,黎涓,电子工业出版社,2009-1,29.00元,7.0
5354683,新媒体广告经典评析,,奇科·汤普森,黎涓,电子工业出版社,2009-1,29.00元,7.0
26598926,品牌是什么？——互联网时代品牌系统创新,,刘晓彬,,电子工业出版社,2015-9,60,7.2
20276049,奥美广告创意52条法则,,史蒂夫•兰斯、杰夫•沃尔,,东方出版社,2012-10-1,25.00元,7.1
3055609,1968,同名画册,张默闻,,机械工业出版社,2013-10-23,88.00 元,8.7
1368283,NT$280,,BEIGBEDER,FEDERIC著楊孟哲　譯,,皇冠,20030710,NT$ 280,7.4
3068387,紫台笔记,对万科·紫台的人文解读,BEIGBEDER,FEDERIC著楊孟哲　譯,,皇冠,20030710,NT$ 280,6.9
6892004,投放决定利润,广告主必须了解的投资机会,BEIGBEDER,FEDERIC著楊孟哲　譯,,皇冠,20030710,NT$ 280,5.5
2281087,营销策划,,孟韬,,机械工业,2008-1,38.00元,7.1
1988588,广告设计基础与创意,,王言升,,中国纺织,2007-1,34.00元,7.4
1283703,还有人看广告吗？,,(美)马克・奥斯汀,郑梭南,高等教育出版社,2005-05,28.00,7.0
26694864,中国新媒体事件话语研究,,苗艳,,四川大学出版社,2015-8,28,7.5
4208907,一读就懂的博弈论,,Scott McKain,,Thomas Nelson,2004-07-22,USD 14.99,7.8
24756847,地产策划,知识分享之旅,黄章林,,中国经济出版社,2013-5,58.00元,6.7
2056930,广告文案教程,,黄章林,,中国经济出版社,2013-5,58.00元,7.5
2970684,北京不向北,,李铁君,,鹭江,2008-1,32.00元,6.1
1253490,创造之岛,,索雷尔,王玮,东南大学出版社,2003-11,198.00元,7.6
4233764,广告创意的视觉表现,,孙涛,,清华大学出版社,2010年1月,28.00元,7.3
1189908,万科的主张,,清华大学建筑学院万科住区规划研究课题组 编,,东南大学出版社,2004-9,68.00元,7.1
2274653,地产新兵十天入门,,决策资源集团房地产研究中心,,建筑书店（原建筑社）,2007-8,68.00元,7.4
4018957,活动创造价值,活动运营实操手册,王伟、浮石,,湖南科学技术出版社,2009-9,35.00元,7.3
1314978,如何成为广告策划高手,,西等、荆红艳,荆红艳,北京大学出版社,2005-4,28.00元,6.8
1213751,市场营销原理(第9版),,菲利普·科特勒,王霞、赵平,清华大学出版社,2003-3-1,75.0,8.2
24747492,当代广告学,,［美］阿伦斯、［美］维戈尔德,丁俊杰、陈志娟、程坪,人民邮电出版社,2013-6-1,68.00元,7.8
4150285,买单,,罗布·沃克,尹莉莉,中信出版社,2009-11,29.00元,6.7
2304997,中国艾菲奖获奖案例集,中国艾菲奖获奖案例集,肖开宁 编,,中国经济,2007-10,59.80元,6.7
1701849,创意撩人,视觉行销力与品牌创见,江绍雄,,中国传媒大学出版社,2005-12,38.00元,6.4
1225329,中国广告猛进史(1979-2003),,IAI国际广告研究所、国际广告杂志社、北京广播学院广告学院,,华夏出版社,2004-9-1,98.00元,6.8
4246667,粘住,为什么我们记住了这些，忘掉了那些,[美] 奇普·希思、[美] 丹·希思,雷静,中信出版社,2010-1,29.00元,7.6
1710586,虚拟品牌社区研究,,畅榕,,,2007-8,34.00元,7.7
2988430,广告创意学,,金定海,,高等教育,2008-1,29.00元,6.8
1614552,广告创意教程,,王健,,北京大学,2004-11,66.00元,7.5
1448988,广告文案写作教程,,丁柏铨,,复旦大学,2005-9,32.00元,7.0
1225047,实战广告案例·活动,,穆虹等编,,中国人民大学出版社,2005-1,86.0,6.2
1780602,Kellogg on Branding,The Marketing Faculty of The Kellogg School of Management,Tybout, Alice M. (EDT),Calkins, Tim (EDT),Wiley,2005-9,USD 35.00,8.0
3893557,POP设计,POP设计,夏井芸华,,人民美术出版社,2009-5-1,35.00元,7.8
1086471,娱乐经济,,（美）沃尔夫,,光明日报出版社,2001-5-1,48.00,7.2
1490886,广告原理,选择、挑战与变革,卡茨,邓炘炘,世界知识出版社,2006-1,62.00元,7.2
1000065,公关圣经,公关理论与实务全书,(美)菲利普.莱斯礼,,汕头大学出版社,2004-03,98.00,7.6
3417149,江南春,,郭有献,,中国人民大学,2007-11,58.00元,6.7
10827630,金牌文案是怎样炼成的,一个房地产广告文案的自白,吴鸿雁,,同济大学出版社,2012-5,28.00元,6.2
4087848,中国奢侈品本土战略,,吴鸿雁,,同济大学出版社,2012-5,28.00元,6.4
1969449,互动广告创意与设计,,刘文沛、应宜伦,,轻工业出版社,2007-1,38.00元,7.0
1015244,国际广告商务译丛,,刘立宾 主编,,内蒙古人民出版社,1999-3,20.00元,7.5
1943825,广告策划与创意,,蒋旭峰 杜骏飞,,人民大学,2006-10,49.80元,6.1
1011031,卓越广告（赠广告作品多媒体一张）,,张秀贤,,中央编译出版社,2008-10,78.00元,7.7
1225044,实战广告案例(品牌) (平装),,穆虹等编,,中国人民大学出版社,2005-1,128.0,6.7
6521197,Hegarty on Advertising,,穆虹等编,,中国人民大学出版社,2005-1,128.0,7.5
10473480,互动营销案例100,,刘泓,,武汉大学出版社,2006-8,28.00元,7.1
1886488,平面设计图形男女05-中央美院设计教学现场,,肖勇,,福建美术,2006-1,38.00元,7.4
25728205,残酷极简思维,怎样改变世界,[英]M&C萨奇,btr,重庆大学出版社,2013-9,48.00元,6.4
1068479,创意的竞赛,,珀维斯,张树庭、张宁,中国财政经济出版社,2004-1,39.80元,7.3
25796843,商业创意,,贺欣浩,,北京联合出版公司,2013-11,32.00元,5.1
1225046,实战广告案例·创意,,穆虹等编,,中国人民大学出版社,2005-1,78.0,6.7
1281871,整合营销传播,广告.促销与拓展,特伦斯・A.辛普、廉晓红,廉晓红,北京大学出版社,2005-3,58.00元,7.5
2228256,美式营销战,美国行业营销经典案例,周环宇,,北京大学出版社,2007-8-1,39.00元,6.9
26865811,从I到WE,卓越品牌力的秘密,【德】 赫尔曼·瓦拉、【瑞士】罗兰·让内,陈瑛,四川人民出版社,2016-7,39.00元,7.6
3420891,谁躺在奥格威怀里,,【德】 赫尔曼·瓦拉、【瑞士】罗兰·让内,陈瑛,四川人民出版社,2016-7,39.00元,6.3
5353670,搜索引擎广告的机制设计理论与实践,,【德】 赫尔曼·瓦拉、【瑞士】罗兰·让内,陈瑛,四川人民出版社,2016-7,39.00元,7.5
1279939,美学原理,,张法 王旭晓,,人民大学,2005-3,19.00元,6.9
10679024,形录,全球最佳图形设计.第12辑,奇力文化,,广西美术出版社,2012-3,180.00元,8.1
1802767,文案力,,鹏程,,机械工业出版社,2006-4,29.80元,6.2
4001017,杜蕾斯公关小姐,,画上眉儿,,中国画报,2009-9,24.80元,5.7
1151845,做文化研究,索尼随身听的故事,保罗.杜盖伊 斯图尔特.霍尔[英],,商务印书馆,2003-12,16.00元,7.9
2989323,民国商业美术史,,林家治,,上海人美,2008-1,48.00元,6.6
6981899,房地产开发广告策划,,饶广祥,,重庆大学出版社,2015-1,27.00,6.9
1101512,100个成功的广告策划/企业营销智囊库丛书,,徐小娟,,第1版 (2002年1月1日),2002年1月1日,23.00,6.6
3283469,正在广告,中国品牌实效传播的非常观点,徐小娟,,第1版 (2002年1月1日),2002年1月1日,23.00,8.0
1139269,广告学原理,,陈培爱,,复旦大学出版社,2003-10-1,25.00元,6.5
2985523,造镇,,刘凯,,经济日报,2008-1,88.00元,6.7
23134237,香水指南,1200种香水的独立品鉴,（意） 卢卡·图林 （美） 塔妮娅·桑切茨,万之逸,南海出版公司,2013-5,49.80元,7.8
3000233,品牌维他命,,维传凯普传播机构,,中国市场出版社,2008-1,56.00元,7.1
3607881,Copywriting,Successful Writing for Design, Advertising, and Marketing,Mark Shaw,,Laurence King Publishers,February 18, 2009,$24.95,7.6
2283276,控脑,,陈辰,,新华出版社,2007-9,35.00元,7.6
20283577,中国广告大未来,,陈辰,,新华出版社,2007-9,35.00元,7.6
6710998,地产征途,,李旭东,,机械工业,2011-7,32.80元,7.0
4060618,实战广告案例（第四辑）,,李旭东,,机械工业,2011-7,32.80元,7.3
3624786,广告作品赏析,广告作品赏析,李旭东,,机械工业,2011-7,32.80元,7.2
1221408,有效传播,,特里・K.甘布尔、迈克尔・甘布尔、熊婷婷,熊婷婷,清华大学出版社,2005-1,49.00元,8.2
1933915,商业推广设计手册,,南云治嘉,张静秋,中国青年出版社,2006-11-01,42,8.1
6721237,设计的创造力,,[美]杰伊·格林,封帆,中信,2011-7,38.00元,7.0
1035691,市场就是谈话,,（美）列文等,周遵友等,中信出版社,2002-9,19.00元,7.2
1031988,明信片,明信片,陈秀石、叶 蕾,《明信片》编译组,中国轻工业出版社,2000-2-1,180.00,7.8
2013089,创意我独有-2005首届全国大学生广告艺术大赛获奖作品集,,首届全国大学生广告艺术大赛组委会,,高等教育出版社,2006-12,98.00元,7.1
5409526,李永铨与设计二十年,VISUAL DIALOGUE,熊文郁,,江苏美术,2007-8,48.0,8.8
1329581,广告学原理,,樊志育,,上海人民出版社,1999-1,25.00元,7.3
10435681,窥探大师的草图本,31位设计师的创意笔记,提摩西·欧·唐纳尔,金黎晅,上海人民美术出版社,2012-1,58.00元,8.0
1706575,中国广告史,,赵琛,,高等教育出版社,2005-10,46.00元,6.3
4222628,女人为什么喜欢买东西,,布里吉特·布伦南,,吕博,2010-1,32.80元,6.8
1211868,真没想到,中国当代广告精英沉思录,朱海松,,广东经济出版社,2002-11-1,18.00,7.2
1287927,广告心理学,,余小梅,,传媒大学（原北广学院,2003-9,28.00元,6.0
1028045,如何制作有效的广告影片,,（美）怀特,邱顺应,企业管理出版社,2001-06-01,35.0,7.1
1490845,什么样的广告最有效益？,,博顿,,世界知识出版社,2006-1,20.0,6.8
2128593,我为什么不行,从不怀疑：一位广告狂人的成功笔记,(美)唐尼·多伊奇,彭静,东方出版社,2007-6,29.00元,7.1
5338689,招贴设计,,(美)唐尼·多伊奇,彭静,东方出版社,2007-6,29.00元,8.3
10433774,创意传播管理,数字时代的营销革命,陈刚,,机械工业出版社,2012-1,55.00元,7.4
1083648,印刷的终结,戴维·卡森的自由版式设计,李维斯·布莱威尔,,中国纺织出版社,2004-1,98.00元,7.6
4934673,网络成功营销权威指南,,Frank J. Rumbauskas Jr.,赵俐、杨建军,机械工业出版社,2010-8,35.00元,6.9
2250298,广告企划,,Frank J. Rumbauskas Jr.,赵俐、杨建军,机械工业出版社,2010-8,35.00元,7.3
1986728,绝版 CLASSICS OF FORMAT,,马特斯尔斯·W·斯达切尔,,中国政法大学出版社,2004-12,26.00元,7.7
1754965,丹尼尔.肯尼迪思考工具,,[美]丹尼尔·肯尼迪,,国际文化出版公司,2003-2-1,18,7.8
1038903,龙吟榜精粹(共四册)-龙媒广告选书,,龙吟榜,,国际文化出版公司,2002-10,124.00元,7.5
1193658,机器新娘,工业人的民俗,马歇尔·麦克卢汉,何道宽,中国人民大学出版社,2004-10,39.80元,8.2
1448889,大比稿,如何做提案,武齐,,机械工业出版社,2005-9,22.00元,6.4
6874697,美学经济力,欧洲设计师谈设计管理与品牌经营,金宣我,,博硕文化,2011-9,62.80元,6.9
4005441,Google AdWords营销,网商成功之道,李鹏、王悦、缪晨卿,,电子工业出版社,2009-9,60.00元,6.8
20473412,品牌洗脑,世界著名品牌只做不说的营销秘密,[美] 马丁·林斯特龙,赵萌萌,中信出版社,2013-1,45.00元,7.9
2258204,品牌简单之道,,艾伦·亚当森,姜德义,中国人民大学出版社,2007-9,48.00元,7.7
1200642,平面设计原理实施步骤,,路易斯·奥塞派克 (OcepekLouisD.),冯文静,上海人民美术出版社,2004-6,48.0,7.1
6015809,其土石出,,路易斯·奥塞派克 (OcepekLouisD.),冯文静,上海人民美术出版社,2004-6,48.0,8.4
1110985,现代广告设计创意与表现,,杭海,,西安交通大学出版社,2003-06-01,39.0,7.4
26314393,自营销互联网方法,内容营销之父手册,乔.普立兹,,张晓青、王冬梅,机械工业出版社,2015-1-14,8.7
25745654,优势策略营销,顶级大师助你销量飙升、利润翻番,（美）杰•亚伯拉罕（Jay Abraham）,伍文韬、陈 书,世界图书出版公司,2013-10-1,58.00元,7.8
2005667,广告人面对面,,张丽君,,中国市场出版社,2007-1,29.80元,6.7
1174304,平面设计案例分析,,丁艺,,江西美术出版社,2004-6,20.0,5.4
1313383,一开始就不同凡响,在喧闹的世界里如何取得发言权,[美]琳达·卡普兰,陈玲玲、褚凌云,线装书局,2005-6,28.00元,7.3
1968549,新媒体与广告互动传播,,舒咏平,,华中科技大学出版社,2006-10,23.00元,6.5
5272408,151海报卷,,陈峰|主编:刘道广,,江苏美术,2010-8,48.00元,7.5
3265307,策划照我去战斗,,陈峰|主编:刘道广,,江苏美术,2010-8,48.00元,6.0
1870060,报纸分类广告经营管理,中国第一本分类广告著作,陈雨、谷虹,,南方日报出版社,2006,39.00元,7.6
1401561,25个词支撑的快乐日子,一位母亲靠写广告次抚养10个孩子的故事,Terry Ryan,,中国青年出版社,2005,17.00元,7.9
4235703,2008中国艾菲奖获奖案例集,,黄玉涛,,厦门大学出版社,2009-5,21.00元,7.4
1672646,房地产广告策划与创作,,余源鹏,,中国建筑工业出版社,2005-7,38.00元,5.9
10604655,植入式广告,操作路线图,喻国明、丁汉青、李彪、王菲、吴文汐,,人民日报出版社,2012-4-1,36.00元,7.6
1490242,营销策划技能案例训练手册,,郑方华,,机械工业出版社,2006-1,29.80元,7.5
1958148,快品牌,新晋品牌一飞冲天的“蓝海”法则,金错刀,,中信出版社,2007年1月第1版,32.00元,6.5
6893385,房地产开发前期策划,房地产开发前期策划,丁祖昱,,中国经济,2011-10,58.00元,6.8
6798478,未来创意客,德国汉堡DFI国际传媒艺术与新媒体学院教学理念与全球获奖作品,张宜平 Zhang Yiping、Michael Hoinkes、Gerrit Ahnen,Leigh Hoch,上海三联书店,2011-8-6,158.00元,7.5
1054096,许可行销,,张宜平 Zhang Yiping、Michael Hoinkes、Gerrit Ahnen,Leigh Hoch,上海三联书店,2011-8-6,158.00元,6.8
2383003,日本流行广告赏析,,杜松明,,人民美术,2007-10,63.00元,7.0
5920107,广告乌托邦,,Daniel Yadin、何琅、屈云波,何琅,企业管理出版社,2003-9,32.80,5.3
1177459,如何进入广告业,,安德雷·内德尔,金光辉,陕西师范大学出版社,2004-5-1,25.00元,6.9
2983375,情感营销,如何让消费者爱上你的品牌,李光斗,,北京大学出版社,2008-1,36.00元,6.7
3860452,TYPE PLAYER,,Shaoqiang Wang,,三度文化,2009.03,300元,7.4
6811854,想法日报,,Shaoqiang Wang,,三度文化,2009.03,300元,7.1
3658011,策划学精要,,Shaoqiang Wang,,三度文化,2009.03,300元,7.3
1173013,手绘POP常用字典,吉郎POP揭秘系列,丛斌,,辽宁科学技术出版社,2004,48.00元,8.5
4914396,第一次做企划就上手,,丛斌,,辽宁科学技术出版社,2004,48.00元,6.4
2152662,广告学原理与实务,,张红霞,,北京大学出版社,2007-7,128.00元,7.3
1227017,平面广告创意设计,,余雁,,福建美术出版社,2005-1,28.0,5.8
1157247,娱乐至上,体验经济时代的商业秀,伯德·H.施密特(BerndH.Schmitt),朱岩岩,中国人民大学出版社,2004-3,19.0,7.2
3129290,空间的分割,新媒体广告效果研究,郑欣,,中国传媒大学出版社,2008年6月,58.00元,6.9
1276646,媒体与广告,,钟以谦,,中国人民大学出版社,2001-1,19.00元,6.3
2992526,广告学原理,,陈培爱,,复旦大学,2008-1,32.00元,7.4
6049827,营销策划文案写作指要,,陈建中、吕波,,中国经济出版社,2011-3-1,38.00元,6.9
2008103,新闻标题制作100招,,冯印谱,,南方日报出版社,2006-12,18.00元,7.3
3088299,向明天提案,,陈颖心,,春风文艺,2008-4,28.00元,6.0
25710821,引爆关注,网络营销一线战记,廖恒,,机械工业出版社,2013-9-1,39.00元,7.2
1212649,广告案例教程,,何佳讯,,复旦大学出版社,2002-10-1,29.00元,6.9
4052773,广告学教程,,何佳讯,,复旦大学出版社,2002-10-1,29.00元,6.3
4060619,实战广告案例,,何佳讯,,复旦大学出版社,2002-10-1,29.00元,7.2
1449010,品牌路线图,,迈克·莫泽,,商务印书馆,2005-10,38.00元,7.6
1683563,再见吧，创意,,魏来,,中国建筑工业出版社,2005-8,76.00元,6.0
4132764,营销革命,新媒介时代营销案例精粹,魏来,,中国建筑工业出版社,2005-8,76.00元,7.3
2329855,思维与设计,,周至禹,,北京大学出版社,2007-11,68.00元,7.6
1107111,广告学教程,,张金海,,上海人民出版社,2003-5-1,30.00元,6.2
1197384,亚太广告精选赏析,,卢小雁 编,,四川大学出版社,2004-11,38.00元,7.0
1443213,大创意,与生俱来的戏剧性,鹏程,,机械工业,2006-1,27.00元,6.5
2982013,国际最新商业版式设计,,高色调图书有限公司,,湖南美术,2007-12,420.00元,7.8
1161448,广告调查与数据库应用,,黄京华、陈素白、谢俊,,中南大学出版社,2003-7,29.00元,6.7
1465892,Absolut Sequel.,The Absolut Advertising Story Continues,Richard W. Lewis,,Periplus Editions (HK) ltd.,2005-10-15,USD 30.00,7.8
1430802,媒体经济学,概念与问题,罗伯特.G.皮卡德,,中国人民大学出版社,2005-8,18.00元,6.9
3182042,营销批判,,杜雷顿·勃德,,陈虹妙,2008-7,32.00元,6.5
2010632,广告摄影攻略,,韩程伟,,浙江摄影出版社有限公司,2007-1,29.00元,6.4
1485329,公关造势与技巧,通向21世纪的桥梁,[美]弗兰·R.迈特,,中国人民大学,2005-6,38.00元,7.0
10524062,你其实不懂广告学,,刘伟,,南方出版社,2012-3-1,28.00元,4.9
1188728,广告心理学教程,,舒咏平主编,,北京大学出版社,2004-9,46.00元,6.7
6530484,与众不同,,（美）杰克·特劳特（Jack Trout）史蒂夫·里夫金（Steve Rivkin）,火华强,机械工业,2011-6,42.00元,7.9
1793589,整合营销沟通,Integrated Marketing Communications,(美)唐·E.舒尔茨、斯坦利·I.坦纳鲍姆、罗伯特·F.劳特伯恩,张斌艺、张丽君,上海人民出版社,2006,22,6.8
6722582,广告行销策划关键词,,(美)唐·E.舒尔茨、斯坦利·I.坦纳鲍姆、罗伯特·F.劳特伯恩,张斌艺、张丽君,上海人民出版社,2006,22,7.2
1987612,IdN十週年特刊（我的最愛）專輯,,程志方等编,,云南人民出版社,2000-03,298.00,8.0
1213537,广告人,,贺许・高登・路易斯、卡洛・尼尔森,杜伯衡,汕头大学出版社,2003-3-1,25.0,7.1
1493172,超越广告策划,,加里·达尔,,机械工业出版社,2006-1,39.80元,7.1
2116611,无线广告,手机广告的发布形式与应用标准,朱海松,,广东经济出版社,2007-5,30.00元,6.8
4238915,重整河山,王志纲工作室战略策划实录,王志纲工作室、吴鹏,执笔,北京大学出版社,2010-1,39.00元,8.2
1012599,传播学总论,,胡正荣,,北京广播学院出版社,1998-11,22.50元,6.8
1083647,龙吟榜精粹之服装饰物广告,,香港龙吟榜,,中国轻工业出版社,1899-12,78.0,7.5
3350931,2小时品牌素养,,香港龙吟榜,,中国轻工业出版社,1899-12,78.0,8.0
11525279,全球最佳图形设计第13辑,全球最佳图形设计 （第13辑）,Choi’s Gallery工作室,,广西美术出版社,2012-5,180.00元,7.4
1210784,现代广告学,,何修猛,,复旦大学出版社,2002-6-1,32.00,6.5
3731119,搜索引擎优化宝典,,莱特福特,,陈钢,2009-5,48.00元,7.2
2161254,现代广告学,,胡晓云，张健康著,,浙江大学,2007-3,39.00元,6.5
1118128,应用广告学,,吴建 编,,四川大学出版社,2003-2,20.00元,5.2
3878458,Waver_h’s华丽世界,Photoshop+Illustrator新锐思维与设计实录,胡一威,,清华大学出版社,2009-8-1,99.00元,8.3
1017552,新广告观,,黄升民,,国际文化出版社,2003-03,48.00,7.6
3858166,小心广告,,黄升民,,国际文化出版社,2003-03,48.00,7.1
1902076,为万科制造距离,万科17英里全程推广纪录,黄升民,,国际文化出版社,2003-03,48.00,6.7
2117403,市场营销学,市场营销学,吴健安,,高等教育出版社,2007-4,39.80元,6.2
3643192,金牌创意,低成本的实效营销和广告创意指南,Jay H.Heyman,,企业管理出版社,2009-4,35.00元,6.6
11526210,玩广告,广告娱乐传播革命,戎彦,,浙江大学出版社,2012-7-1,36.00元,7.2
3766604,谁说中国没创意,,辛默,,郭莉,2009-6,36.00元,6.8
2184494,广告美学,,赵惠霞,,人民出版社,2007-7,38.00元,7.0
3272346,GREATIVE ENGINE,,三度文化传媒,,台湾龙溪出版,2007年8月,380.00元,7.5
3621647,创意营销传播,,林景新,,辽宁科学技术出版社,2009年,34.80元,6.6
1141099,广告策划与创意,,饶德江,,武汉大学出版社,2003-11,29.00元,6.3
6811698,品类战略,定位理论最新发展,张云、王刚,,山西人民,2011-9,39.80元,8.2
2118628,广告心理战,,张云、王刚,,山西人民,2011-9,39.80元,5.9
3818281,关于广告学的100个故事,,张云、王刚,,山西人民,2011-9,39.80元,6.9
3391193,新闻公关广告之互动研究,,张云、王刚,,山西人民,2011-9,39.80元,5.7
3061365,有效的广告创意2,从个案解剖到行业解析,吳博林、胡若藍,,經濟日報出版社 三联书店,2011-7,88.00元,7.0
1955807,有法无天,,方立军 编,,中国市场出版社,2006-10,98.00元,7.5
3837306,紫牛,,赛斯·高汀,施诺,中信出版社,2009-10,29.00元,6.9
1328027,克里斯汀.迪奥,,玛丽-法兰西.波希娜(法),张显奎,海南出版社,1998-10,24.80元,7.1
2359882,港澳台广告行业解读与案例赏析,,阳翼、万木春,,暨南大学出版社,2007-11,39.80元,7.5
3910876,中国平面设计师必备手册,,冯家敏,,深圳报业集团出版社,2009年7月,38.00元,7.2
1105393,耐克营销,,武齐 彭程(),,中国经济,2003-1,20.00元,7.1
2970297,独特广告创意中的52个金点子,,史蒂夫·兰斯,,东方出版社,2008-1,25.00元,6.1
3992990,中外广告史新编,,Pincas, Stéphane,Loiseau, Marc,Taschen,2008-8-1,£ 24.99,7.0
4126253,职场情书,,劳博 编,,重庆,2010-1,26.00元,6.7
4165855,ONE SHOW中国青年创意实录,,董立津,,中南大学出版社,2003年8月1日,28.00元,7.0
1955992,品牌密码,,帕特里克·汉伦,冯学东,机械工业出版社,2007-1,32.00元,7.1
5044245,中国密码,An Interpretation of the 12 behavioral characteristics of people,tang rui tao (Tom Doctoroff),,东方出版中心,2010-7,26.00元,7.2
1661080,有效的广告创意,从实例分析到理论探索,张树庭,,中国传媒大学,2005-5,98.00元,6.7
1416583,跨文化传播,新闻与传播学译丛・国外经典教材系列,[美]拉里·A·萨默瓦等,,人民大学,2004-4,45.00元,7.5
3631561,当理想掉进茅房,,[美]拉里·A·萨默瓦等,,人民大学,2004-4,45.00元,4.7
3669688,NO LOGO,颠覆品牌全球统治,[加] 娜奥米·克莱恩,徐诗思,广西师范大学出版社,2009-5,45.00,7.6
1136480,巴黎的广告艺术,,樊哲,,中国美术学院出版社,2003-8-1,45.00元,6.9
4867870,国际广告摄影教程,,[英]罗杰·希克斯、[美]费朗西丝·舒尔茨,王逸飞,中国青年出版社,2010-6,89.90元,7.5
1312177,点亮你的创意灯泡,创造性思维的6种工具,韦恩·罗特林顿,,汕头大学出版社,2005年5月1日,15.00,6.9
1201120,广告枭雄,,张丽君,,华夏出版社,2005-1,36.00元,7.4
1164011,广告学导论,,丁俊杰,,中南大学出版社,2003-8,28.00元,7.4
1153355,广告文案写作,,,,,2003-8,26.00元,6.6
1961015,影视广告制作教程-从接单到成片的全程指导,从接单到成片的全程指导,和群坡,,北京广播学院出版社,2006-11,32.00元,6.8
1129661,大惊小怪,一个广告人的手记,黑马,,广东人民出版社,2003-7-1,13.00,6.7
10831313,移动营销的魔力,让你的客户无处可逃,克鲁姆(Cindy Krum),,电子工业出版社,2012-7-1,59.00元,6.4
4251152,手绘POP六体字典,,王猛,,辽宁科技,2010-1,48.00元,8.0
2145991,europe's premier creative awards,,苏启崇 编,,中国广播电视出版社,2000-8,19.00元,7.4
5264040,每天要懂的消费心理学,,跃青,,外文,2010-8,26.00元,7.2
1020066,叛逆者的步伐,,张雪,,重庆大学出版社,2003-02,26.00,6.9
1129229,户外广告,,樊志育,,第1版 (2005年3月1日),2003-8,40.0,7.0
19978561,广告创意职业指南,,西蒙·维克斯纳,,谢靖,2012-9,39.00元,7.0
1039007,市场营销导论,,菲利普・科特勒,俞利军,华夏出版社,2001-1,25.00,8.5
1269986,广告心理,,马谋超,,物价出版,2002-8-1,29.80元,6.2
20480676,职场小强漫画,,马谋超,,物价出版,2002-8-1,29.80元,7.3
25731150,广告设计 创意有道,不为人知的广告创意秘笈,王欣东,,中国铁道出版社,2013-8-1,78,7.6
2247776,超广告传播,,张惠辛,,东方出版中心,2007-8,25.00元,7.4
4011619,now 3&4,,张惠辛,,东方出版中心,2007-8,25.00元,7.8
3365531,Social Media Marketing,An Hour a Day,Dave Evans,,Sybex,2008-10,254.00元,7.2
1392182,广告理论与战略,,清水公一,,北京大学出版社,2005-5,36.00元,7.3
6109908,公关2010,中国企业舆论环境研究,马苏格 曾治,,南方日报出版社,2011-3,38.00元,7.2
3373595,世界广告案例精解,,陈培爱,,厦门大学出版社,2008-10,32.00元,6.1
1252840,海报百年,,邹加勉,,湖南美术出版社,2003-12,36.00元,7.9
5385350,品牌的起源,,[美]艾·里斯、[美]劳拉·里斯,寿雯,山西人民出版社,2010-12,39.80元,7.7
