26821461,北鸢,,葛亮,,人民文学出版社,2016-10-1,45.00元,8.6
3239549,夹边沟记事,,杨显惠,,花城出版社,2008-09,34.00元,9.1
3633461,一句顶一万句,,刘震云,,长江文艺出版社,2009-3,29.80,8.6
26927491,白夜照相馆,,王苏辛,北京联合出版公司,联合读创,2017-1,38,8.2
26757657,望春风,,格非,,译林出版社,2016-6,48.00,8.3
26854325,喜剧作家,,止庵,,中信出版社,2017-2-1,45,8.4
26803179,平原上的摩西,,双雪涛,,百花文艺出版社,2016-7,39.50元,8.4
1830445,阿城精选集,,阿城,,北京燕山出版社,2011-3,25.00元,9.0
26870462,细民盛宴,,阿城,,北京燕山出版社,2011-3,25.00元,8.6
1020961,棋王,,阿城,,作家出版社,1999-10,13.00,8.7
26853566,出家,,张忌,中信出版集团,中信·大方,2016-9,39.00,8.2
3311253,额尔古纳河右岸,,迟子建,,北京十月文艺出版社,2005-12,29.00元,9.0
26921077,回望,,金宇澄,,广西师范大学出版社,2017-1-1,49.00元,8.7
22714154,繁花,,金宇澄,,上海文艺出版社,2013-3-1,48.00元,8.7
1080309,尘埃落定,,阿来,,人民文学出版社,1998-3-1,22.0,8.4
1076654,孽子,孽子,白先勇,,花城出版社,2000-4-1,21.80元,8.7
26669243,慈悲,,路内,,人民文学出版社,2016-1,36.00,8.2
1418686,红拂夜奔,,王小波,,江苏文艺出版社,2005-1,28.00元,8.6
5269439,城门开,,北岛,,生活·读书·新知三联书店,2010-9,35.00元,8.4
3194071,少年巴比伦,,路内,,重庆出版社,2008-8,22.00元,8.6
1143694,动物凶猛,,王朔,,中国电影出版社,2004-2,15.5,8.2
3448867,采桑子,,叶广芩,,北京出版社,2009-1,32.00元,9.0
3013624,棋王.樹王.孩子王,,阿城,,大地,2007-1-1,NTD 200,9.0
26303224,说部之乱,,朱岳,,北京联合出版公司·后浪出版公司,2015-4-1,25.00元,8.1
26672441,收山,,常小琥,,译林出版社,2015-12,32.8,8.5
26944997,我的决胜21点,,唐宏安,,天津人民出版社,2017-2,39.00,9.2
26927492,追随他的记忆,,林为攀,北京联合出版公司,联合读创,2017-1,38,8.9
1082138,在细雨中呼喊,,余华,,南海出版公司,1999-1,18.00元,8.3
3012517,小姨多鹤,,严歌苓,,作家出版社,2008-4,28.00元,8.5
6742586,我不是潘金莲,,刘震云,,长江文艺出版社,2012-8,29.80元,7.8
1444077,汪曾祺小说经典,,汪曾祺,,人民文学出版社,2005-8-1,25.00元,9.2
3803820,人生,,路遥,,北京十月文艺出版社,2009-5,20.00元,8.4
3544376,顾城的诗 顾城的画,,顾城,,江苏文艺出版社,2009-1,22.00元,9.1
26874195,户口本,,史杰鹏,,广东人民出版社,2016-11,36.00元,9.6
26822709,聋哑时代,,双雪涛,,北京十月文艺出版社,2016-8,28.00元,8.7
3075281,世界上所有的夜晚,,迟子建,,上海人民出版社,2008-5,25.00元,8.6
1025753,妻妾成群,,苏童,,上海文艺出版社,2004-8,23.00元,8.2
26925381,沉雪,,李晶、李盈,,浙江人民出版社·后浪出版公司,2016-12,36.00元,8.4
1043485,檀香刑,,莫言,,作家出版社,2001-3,27.00元,8.1
1465007,生死疲劳,,莫言,,作家出版社,2006-1-1,39.00元,8.2
26870405,龙头凤尾,,马家辉,,四川文艺出版社,2016-10,39.50元,7.9
1752755,第九个寡妇,,严歌苓,,作家出版社,2006-3,25.00元,8.6
26791407,孤独深处,,郝景芳,,江苏凤凰文艺出版社,2016-8-1,CNY 35.00,6.5
10877051,顾城哲思录,,顾城,,重庆出版社,2012-8-1,30.00元,9.0
3662594,荒人手记,,朱天文,,山东画报出版社,2009-5,25.00,8.1
1050566,一地鸡毛,,刘震云,,长江文艺出版社,2004-03,18.00,8.0
26897973,中国特色的译文读者,,沈诞琦,,湖南文艺出版社,2016-10-1,45.00元,7.7
1015584,看上去很美,,王朔,,云南人民出版社,2004-9,20.00元,8.0
1010349,丰乳肥臀,,莫言,,中国工人出版社,2003-09,49.80元,8.0
26284529,群山之巅,,迟子建,,人民文学出版社,2015-1,35.00元,7.6
2079345,侠隐,,张北海,上海人民出版社,世纪文景,2007-05,26.00元,8.1
26303995,飞毡,,西西,,广西师范大学出版社,2016-1,58.00,8.5
3024497,天浴,天浴,严歌苓,,陕西师范大学出版社,2008-05,25.00元,8.4
26851547,软埋,,方方,,人民文学出版社,2016-8,30.00,8.1
21770836,八九十枝花,,沈书枝,,江苏文艺出版社,2013-4-30,29.80,8.5
1049477,一半是海水一半是火焰,,王朔,,时代文艺出版社,2000-08,18.00,8.0
1029791,许三观卖血记,,余华,,南海出版公司,1998-9,16.80元,8.7
1960287,蒙着眼睛的旅行者,,朱岳,,新星出版社,2006-12,16.00元,8.4
2002992,爱，是不能忘记的,张洁文集,张洁,,作家出版社,1997,27.3,8.4
1460568,家變,家變（新版）,王文興,,洪範書店,2000-9,250TWD,8.7
1200843,芙蓉镇,,古华,,人民文学出版社,2005-8-1,13.00元,8.1
25981277,抚顺故事集,,赵松,,广东人民出版社,2015-3,45.00,8.2
6718314,晚来寂静,,李海鹏,,百花洲文艺出版社,2011-8-15,35.00元,8.0
10556006,状元媒,,叶广芩,,北京十月文艺出版社,2012-4-1,39.50元,8.9
1760432,受戒,汪曾祺自选集,汪曾祺,,漓江出版社,1987-10,3.95元,9.2
2016749,金陵十三钗,,严歌苓,,中国工人出版社,2007-1,17.00元,8.1
6048071,七声,,葛亮,,作家出版社,2011-4,28.00元,8.6
1085799,白鹿原,,陈忠实,,人民文学出版社,1997年,28.00元,8.6
1393473,遍地风流,,阿城,,作家出版社,1998,12.00,8.8
1078566,桃之夭夭,,王安忆,,上海文艺出版社,2004-01,20.00,7.6
24878188,汪曾祺全集（全十六卷）,,汪曾祺,（编辑 ）季红真、刘伟 等,人民文学出版社,2014-3-5,2750,9.5
5288540,朱雀,,葛亮,,作家出版社,2010-9-1,35.00元,7.6
25696089,1980年代的爱情,,野夫,,湖南文艺出版社,2013-9-1,32,7.4
1417905,废都,,贾平凹,,北京出版社,1993,12.50,7.1
3623831,温故一九四二,,刘震云,,人民文学出版社,2009-3,28.00元,8.1
26801831,在宇宙间不易被风吹散,,冯唐,,北京联合出版公司,2016-7,45.00元,7.3
1734830,汪曾祺精选集,,汪曾祺,,北京燕山出版社,2011-5-1,20.0,9.2
1071921,现实一种,,余华,,上海文艺出版社,2004-01,12.00,8.0
1146304,日光流年,,阎连科,,春风文艺出版社,2004-1-1,28.00,8.6
2237621,十八岁出门远行,文学新星丛书,余华,,作家出版社,1989,3.90,8.4
25716611,花街往事,,路内,,上海文艺出版社,2013-9,35,8.5
26593903,洗牌年代,,金宇澄,,文汇出版社,2015-9-1,38.00元,8.5
3239913,推拿,,毕飞宇,,人民文学出版社,2008-9,20.00元,8.0
26774737,材料与注释,,洪子诚,,北京大学出版社,2016-9,58.00元,9.2
1053914,游园惊梦,游园惊梦,白先勇,,花城出版社,2000-04,22.80元,8.5
1136988,命若琴弦,,史铁生,,江苏文艺出版社,2003-10-01,28.00,8.9
1281653,秦腔,,贾平凹,,作家出版社,2005-4,38.00元,7.8
1021677,中国一九五七,,尤凤伟,,上海文艺出版社,2001-1,24.00元,9.1
1082349,长恨歌,,王安忆,,南海出版公司,2003-8,22.00元,8.2
25835907,天使坠落在哪里,“追随”三部曲03,路内,,北京十月文艺出版社,2014-4,36.00元,8.0
2349671,古桥头,,杨键,,上海文化出版社,2007-12,24.00元,8.6
1398441,汪曾祺散文,,汪曾祺,,人民文学出版社,2005-5,21.00元,9.1
23186549,我们家,,颜歌,,浙江文艺出版社,2013-5,32.80元,7.8
26561444,少女哪吒,,绿妖,,广西师范大学出版社,2015-7-1,35.00,7.7
25789686,相遇,格非中短篇小说精选集,格非,,译林出版社,2014-2-15,35.00元,8.3
26274801,沉默也会歌唱,一个人的大城漂泊记，一代异乡人的青春出走书,绿妖,,广西师范大学出版社,2014-12,35.00,7.5
26384375,平乐镇伤心故事集,,颜歌,,广西师范大学出版社,2015-5,35.00,7.8
1794267,朦胧诗选,,阎月君等编著,,春风文艺出版社,1985-11,2.35,8.8
1777932,寻找无双·东宫西宫,,王小波,,北方文艺出版社,2006-4,18.80元,8.6
4799445,太阳黑子,,须一瓜,,上海文艺出版社,2010-4,25.00元,7.9
1008660,马桥词典,,韩少功,,人民文学出版社,2004-05,20.00元,8.4
3464389,大淖记事,,汪曾祺,,江苏文艺出版社,2010-6,22.00元,9.1
26774892,我们爱过又忘记,,余秀华,,新星出版社,2016-5,35.00元,8.1
5975571,天香,,王安忆,,人民文学出版社,2011-5,30.00元,8.0
1083509,人面桃花,,格非,,春风文艺出版社,2004-9-1,28.00,8.1
24827456,万箭穿心,,方方,,重庆出版社,2013-7,28.00,8.6
6844469,走夜路请放声歌唱,,李娟,,湖南文艺出版社,2011-10,25.00元,8.1
26348835,大胆使用了绿色,,谈波,,回声书店,2014-8,35.00,9.1
1207819,过把瘾就死,,王朔,,云南人民出版社,2002-1,19.00元,8.1
1962885,山河入梦,,格非,,作家出版社,2007-1,25.00元,8.1
6880158,陆犯焉识,,严歌苓,,作家出版社,2011-10-1,35.00元,8.7
2071207,到黑夜想你没办法,温家窑风景,曹乃谦,,长江文艺出版社,2007-1-1,24.00元,8.4
24862876,黄雀记,,苏童,,作家出版社,2013-8-1,CNY 37.00,7.3
1883991,王小波全集,,王小波,,云南人民出版社,2006-7,288.00元(全十册),9.3
1080753,受活,,阎连科,,春风文艺出版社,2004-01,27.00,8.2
1456183,我的帝王生涯,,苏童,,上海文艺出版社,2005-12,16.00元,8.2
3264644,地久天长,,王小波,,上海文艺出版总社，上海锦绣文章出版社,2008-10,18.80元,8.8
2221690,晚饭花集,,汪曾祺,,人民文学出版社,1985-03-01,1.40,9.4
26586174,万物停止生长时,,赵志明,,上海文艺出版社,2015-8,27.00元,8.0
26662022,情史失踪者,,阿乙,,译林出版社,2016-6,36.00元,7.3
1089243,黄金时代,时代三部曲,王小波,,花城出版社,1999-3,19.00元,8.8
3662581,巫言,,朱天文,,上海人民出版社,2009-5,35.00,7.6
24872210,无愁河的浪荡汉子·朱雀城,,黄永玉,,人民文学出版社,2013-8,138,9.2
6783708,怒河春醒,,韩松落,,上海三联书店,2011-8-18,26.00元,8.1
26278884,文化不是味精,阿城文集 之六,阿城,,江苏凤凰文艺出版社,2016-3-1,CNY 436.00,8.5
1084078,钟鼓楼,,刘心武,,人民文学出版社,2005-1,20.00元,7.9
1881118,解密,,麦家,,人民文学出版社,2006-7,18.00元,7.6
1165173,务虚笔记,,史铁生,,南海出版公司,2004-5-1,26.00元,8.8
26598482,密林中,,周嘉宁,,广西师范大学出版社,2015-10,35.00,7.3
1397889,穗子物语,,严歌苓,,广西师范大学出版社,2005-4,18.80元,8.5
3395241,豆汁记,,叶广芩,,中国盲文出版社,2009-1,26.00元,9.1
26745463,米米朵拉,,虹影,,人民文学出版社,2016-4,48.00元,7.7
26602991,未来之书,,(法) 莫里斯·布朗肖,赵苓岑,南京大学出版社,2015-11-1,48.00,8.1
20394952,九篇雪,阿勒泰的柔软时光,李娟,,江苏文艺出版社,2013-1,29.80元,8.1
6902319,夜行记,,王小波,,北京十月文艺出版社,2011-10,29.80元,9.0
2375977,香椿树街故事,,苏童,,上海人民出版社,2008-1,28.00元,8.4
20452319,让“死”活下去,,陈希米,,湖南文艺出版社,2013-1-7,32.00元,8.0
3160327,无出路咖啡馆,,严歌苓,,陕西师范大学出版社,2008,25.00元,8.0
1006341,红粉,,苏童,,上海文艺出版社,2004-08,16.00元,8.0
1434480,你别无选择,,刘索拉,,文汇出版社,2005-10,22.00元,7.6
26851548,朝霞,,吴亮,,人民文学出版社,2016-8,48.00,7.8
6780861,春尽江南,,格非,,上海文艺出版社,2011-8,35.00元,7.7
26742811,兽性大发的兔子,,张敦,,上海文艺出版社,2016-3-1,29.5,8.3
1058360,红高粱家族,,莫言,,南海出版公司,1999-05,18.00元,8.3
1482322,绿化树,,张贤亮,,人民文学出版,2006-1,9.00元,8.0
1124305,扶桑,,严歌苓,,春风文艺出版社,1998-10-1,13.00元,8.1
26852526,甲骨时光,,陈河,,北京十月文艺出版社,2016-8-1,35.00,8.1
26281185,因为梦见你离开,,张怡微,,山东画报出版社,2015-1,28.00,7.9
20502674,异教时辰书,包慧怡诗选集（2010-2012）,包慧怡,,不是出版基金,2012-8,39,8.9
4169424,蛙,,莫言,,上海文艺出版社,2009-12,27.00元,7.9
26583471,蘑菇圈,,阿来,,长江文艺出版社,2015-7,28.00元,8.3
2377002,和我们的女儿谈话,,王朔,,人民文学出版社,2008-1,26.00元,7.8
1792984,一个女人的史诗,,严歌苓,,湖南文艺出版社,2006-5,22.00元,8.2
1006737,米,,苏童,,台海出版社,2000-1-1,18.00元,7.8
26600276,我的诗篇,当代工人诗典,秦晓宇,,作家出版社,2015-8-1,CNY 72.00,8.0
26846157,我们都是赶路人,,胡德夫,,北京联合出版公司,2016-7,58.00,8.7
1086466,北方的河,,张承志,,山东文艺出版社,2001-3,13.80元,8.4
1025103,伪满洲国（上下）,,迟子建,,人民文学出版社,2004-05,40.00元,8.5
26333998,少帅,,张爱玲,郑远涛,北京十月文艺出版社,2015-9,39.50,6.8
19967508,我开始轻视语言,,张家瑜,,新星出版社,2012-10,29.50元,6.7
1056927,在北大课堂读诗,,洪子诚,,长江文艺出版社,2002-10,23.00元,8.1
1046276,温暖和百感交集的旅程,,余华,,上海文艺出版社,2004-02,12.00元,8.1
1764991,我的阴阳两界·革命时期的爱情,,王小波,,北方文艺出版社,2006-3,18.80元,8.9
26301836,你的孤独，比这个世界更动人,,王云超,,湖南文艺出版社,2015-2,36.00元,7.3
1082154,活着,,余华,,南海出版公司,1998-5,12.00元,9.1
6127284,酒徒,,刘以鬯,,江苏文艺出版社,2011-6,20.00元,8.5
3264665,三十而立,,王小波,,上海锦绣文章出版社,2008-10,20.00元,8.6
1006691,年月日,,阎连科,,新疆人民出版社,2002-04,19.80元,8.8
1734828,苏童精选集,,苏童,,北京燕山出版社,2006-1,20.00元,8.5
1073253,闲话闲说,中国世俗与中国小说,阿城,,作家出版社,1998,13.80,8.8
25731990,我是落花生的女儿,,许燕吉,,湖南人民出版社,2013-10-1,39.80元,8.3
1209899,我与地坛,史铁生代表作,史铁生,,春风文艺出版社,2002-5,25.00元,9.0
5337248,台北人,,白先勇,,广西师范大学出版社,2010-10,38.00元,8.9
1067960,青衣,,毕飞宇,,长江文艺出版社,2001-8,20.00元,8.1
26280494,活着之上,,阎真,,湖南文艺出版社,2015-1,34.00元,7.3
1290398,白蛇,跨区域华文女作家精品文库,严歌苓,,花城出版社,2005-3,20.00元,8.4
2188233,中国当代文学史,,洪子诚,,北京大学出版社,2007-6,28.00元,8.2
1428004,羊的门,,李佩甫,,华夏出版社,1999-7,19.80,8.2
1753077,王小波文集,典藏小波【五册】— 黄金时代 白银时代 青铜时代 黑铁时代 理想国与哲,王小波,,陕西师大,2004-1,100.00元,9.3
3097837,汪国真经典诗文,,汪国真,,中国画报出版社,2010-4,28.00元,8.1
26359462,床畔,,严歌苓,,长江文艺出版社,2015-5,35.00元,7.6
3176760,革命时期的爱情,,王小波,,上海锦绣文章出版社,2008-09,19.80元,8.4
6139702,纸上王国,,纸上王国,,北方妇女儿童出版社,2011-5,26.80元,7.6
1038861,手机,,刘震云,,长江文艺出版社,2003-12,25.00元,7.8
1401425,兄弟（上）,,余华,,上海文艺出版社,2005-8,16.00元,8.3
1260251,茶人三部曲（全三册）,,王旭烽,,人民文学出版社,2004-5,77.00元,8.7
1086468,黑骏马,,张承志,,山东文艺出版社,2001-3,12.50元,8.5
3406518,追随她的旅程,,路内,,中信出版社,2009-1,25.00,8.5
3026876,少女小渔,,严歌苓,,陕西师范大学出版社,2008-05,25.00元,7.8
3121288,清水里的刀子,鲁迅文学奖·宁夏作家自选集,石舒清,,宁夏人民出版社,2008-05,25.80元,8.2
1029326,神木,,刘庆邦,,北岳文艺出版社,2000-10,12.00,8.5
1082334,穆斯林的葬礼,,霍达,,北京十月文艺出版社,1988-12-1,32.00,8.3
3036890,我爱我家,大型电视情景喜剧文学剧本,梁左、王朔、英达、英壮,,华艺出版社,1993年12月,10.50元,9.4
25850540,耶路撒冷,,徐则臣,,北京十月文艺出版社,2014-3,39.80元,7.6
1069754,红处方,,毕淑敏,,北京十月文艺出版社,2000-12,23.00,8.2
26051883,老生,,贾平凹,,人民文学出版社,2014-9-1,36.00元,7.6
26313932,批评的准备,,张定浩,,北岳文艺出版社,2015-1,35.00元,8.6
26734228,鬼吹灯全集,,天下霸唱,,青岛出版社,2016-1-1,CNY 248.40,8.0
10567171,生命册,,李佩甫,,作家出版社,2012-3-1,36.00元,8.0
1056055,罂粟之家,,苏童,,上海文艺出版社,2004-08,15.00元,8.2
1440490,王朔文集（纯情卷）,,王朔,,华艺出版社,1994,4.99,8.6
3339812,木心作品八种,,木心,,广西师范大学出版社,2009-1,160.00元,9.3
25909313,阳光猛烈，万物显形,,阿乙,,北京十月文艺出版社,2015-8-1,38.00,7.3
3662115,河岸,,苏童,,人民文学出版社,2009-4,29.00,7.6
1151873,我是你爸爸,,王朔,,云南人民出版社,2004-1,16.80元,8.2
1086449,男人的一半是女人,,张贤亮,,作家出版社,2000-07-01,12.00,7.6
26785210,在屋顶上牧云,路内短篇小说选,路内,,华东师范大学出版社,2016-7,32.00元,7.5
1078250,洗澡,,杨绛,,人民文学出版社,2004-01,16.00,8.2
1082150,白银时代,时代三部曲,王小波,,花城出版社,1997-5,10.00元,8.3
6529759,水蛇腰,,汪曾祺,,中国青年出版社,2011-6,33.00元,9.4
1054917,沧浪之水,,阎真,,人民文学出版社,2001-10,26.00元,8.5
1151876,顽主,,王朔,,云南人民出版社,2004-1,21.00元,8.1
25725064,炸裂志,,阎连科,,上海文艺出版社,2013-9-1,39.90元,7.2
1474793,王鼎钧散文,,王鼎钧,,浙江文艺出版社,2000-03-01,10.80,8.9
3812678,莫言自选集,,莫言,,海南出版社,2009-6,48.00元,8.4
1063418,没有一条道路是重复的,,余华,,上海文艺出版社,2004-01,13.00,7.7
1082236,我没有自己的名字,,余华,,云南人民出版社,2002-11,22.00元,8.4
1005411,透明的红萝卜,,莫言,,时代文艺出版社,2000-8-1,19.00,7.8
3389984,俗世奇人,（修订版）,冯骥才,,作家出版社,2008-12,18.00元,8.6
1801964,刘震云精选集,,刘震云,,北京燕山出版社,2011-4,20.00元,8.4
3015561,第二次握手,,张扬,,中国青年出版社,1979-07,0.84,8.1
1023000,常识与通识,,阿城,,作家出版社,1999-01,11.00,8.6
20499688,黄鸡白酒,迟子建最新小说集,迟子建,,湖南文艺出版社,2013-1-1,29.00元,8.1
5241280,革命/叙述,中国社会主义文学-文化想象(1949-1966),蔡翔,,北京大学出版社,2010年8月,42.00元,8.5
1002871,武则天,武则天,苏童,,上海文艺出版社,2004-08,15.00,8.0
1882428,东藏记、南渡记、西征记――野葫芦引（全三卷）,东藏记/南渡记,宗璞,,人民文学出版社,2004-5,33.00元,8.7
20381893,小镇奇人异事,一部自传性小说集,(美)哈金,王瑞芸,江苏文艺出版社,2013-1,26.00元,7.3
25913830,六个字母的解法,,刘禾,,中信出版社,2014-7-5,CNY 35.00,7.7
1055054,刺青时代,,苏童,,上海文艺出版社,2004-08,16.00,8.3
20563218,十三亿种活法,,宋石男,,湖南人民出版社,2013-2-1,32.00元,7.1
1443976,三寸金莲,,冯骥才,,新星出版社,2005-9,36.00元,8.2
26342533,新的一天,,许立志 著、秦晓宇 编选,,作家出版社,2015-3,32.00,8.2
5408346,九栋,,邹静之,,法律出版社,2010-10-1,25.00元,8.6
1064566,私人生活,,陈染,,作家出版社,2001-3,18.00元,7.6
20452802,带灯,,贾平凹,,人民文学出版社,2013-1-15,38.00元,7.8
23860457,躺下去会舒服点,,曹寇,,中国华侨出版社,2013-6,29.80元,7.7
26797702,独药师,,张炜,,人民文学出版社,2016-5,36.00元,6.5
1014374,东藏记,,宗璞,,人民文学出版社,2001-4,18.00元,8.4
1039060,玉米,,毕飞宇,,江苏文艺出版社,2009,17.80元,7.9
3546250,寄居者,,严歌苓,,新星出版社,2009-2,27.00,7.9
1069227,世事如烟,,余华,,上海文艺出版社,2004-01,12.00,7.9
3376687,苍河白日梦,,刘恒,,作家出版社,2009-1-1,22.00元,7.5
3880354,金山,,张翎,,北京十月文艺出版社,2009-7,29.80元,8.7
2054019,听听那冷雨,余光中散文精品选,余光中、林辛 编,,山东文艺出版社,1994,9.80元,9.2
24876757,俞心樵诗选,,俞心樵,,长江文艺出版社,2013-8-1,36.00,8.3
1059716,水乳大地,藏族、纳西族杂居的区域、多种文化的冲撞与融合,范稳,,人民文学出版社,2004-01,28.00,8.6
1200840,平凡的世界（全三部）,,路遥,,人民文学出版社,2005-1,64.00元,9.0
21716347,日夜书,,韩少功,,上海文艺出版社,2013-4,32.00元,7.4
5275073,白雪乌鸦,,迟子建,,人民文学出版社,2010-8,28.00元,7.9
4117261,赴宴者,,严歌苓,,陕西师范大学出版社,2009-11,20.00元,7.1
26692133,匿名,,王安忆,,人民文学出版社,2016-1-1,39.00元,6.6
1280291,云破处,,池莉,,华夏出版社,2000-01,22.00,8.2
25718134,女不强大天不容,,六六,,长江文艺出版社,2013-9-10,33.00元,7.3
6840152,甘南纪事,,杨显惠,,花城出版社,2011-9-1,25.00元,8.0
1052990,草房子,,曹文轩,,江苏少年儿童出版社,2009-6,18.00元,8.9
1312995,周国平作品精选,跨世纪文丛精华本,周国平,,长江文艺出版社,2005-04,22.00,8.5
2137818,伏羲伏羲,,刘恒,,作家出版社,1992-10-1,8.55,7.9
1054685,沉默的大多数,王小波杂文随笔全编,王小波,,中国青年出版社,1997-10,27.00元,9.0
1692648,一个人的村庄,,刘亮程,,春风文艺出版社,2006-1,28.00元,8.9
1866781,当代小说二十家,,王德威,,生活·读书·新知三联书店,2006-8-1,28.0,8.3
1026884,左手的掌纹,,余光中,,江苏文艺出版社,2003-10,20.00,8.5
1090109,红岩,,罗广斌、杨益言,,中国青年出版社,2000-07,22.00元,7.7
3222662,谁家有女初长成,,严歌苓,,陕西师范大学出版社,2008-10,25.00元,8.2
1043416,人有病  天知否,一九四九年后中国文坛纪实,陈徒手,,人民文学出版社,2000-09,22.00元,8.2
5423585,树枝的疏忽,,顾城,,江苏文艺出版社,2011-1,25.00元,8.6
6534894,我会像青草一样呼吸,顾城诗选,顾城,,北京十月文艺出版社,2011-7-1,28.00元,8.7
1018178,浮躁,,贾平凹,,春风文艺出版社,2004-1,26.00元,7.9
25976633,我自己的陌生人,,张怡微,,华东师范大学出版社,2014-10-1,35.00元,8.0
1438536,王小波经典作品,小说卷、杂文卷,王小波,,当代世界出版社,2005-11,37.80元,8.9
1276297,顾城诗全编,,顾城 著、顾工 编,,上海三联书店,1995-06,39.80元,9.0
1000696,饥饿的女儿,,虹影,,知识出版社,2003-04,20.00,8.2
1005242,古船,,张炜,,人民文学出版社,2004-5,20.00元,7.8
1084445,觅渡,,梁衡,,中国人民大学出版社,2004-4,29.80元,8.0
25922753,胡子有脸,,西西,,广西师范大学出版社,2016-1,42.00,8.2
26760360,轻描淡写,,张艾嘉,世纪文景,上海人民出版社,2016-4-30,42.00元,6.6
2027824,风景,方方文集,方方,,江苏文艺出版社,1996,15.8,8.7
5288327,鸟，看见我了,,阿乙,,文化艺术出版社,2010-09,25.00元,8.3
21370689,东岸纪事（上下）,,夏商,,上海文艺出版社,2013-1,49.00元,8.1
1085883,青铜时代,时代三部曲,王小波,,花城出版社,1997-5,29.00元,8.6
10794790,六人晚餐,,鲁敏,,北京十月文艺出版社,2012-6,32.00元,7.6
1468916,王朔文集 谐谑卷,,王朔,,华艺出版社,1992,12.50元,8.6
26820293,龙楼雀,,何袜皮,,南海出版公司·朗朗书房出版公司,2016-7,39.80元,7.8
1101677,问题与方法,中国当代文学史研究讲稿,洪子诚,,生活·读书·新知三联书店,2002-8-1,29,8.8
5910655,古炉,,贾平凹,,人民文学出版社,2011-1,53.00元,8.3
1962249,换位,,（英）戴维·洛奇,张楠,上海译文出版社,2007-1,20.00,8.3
1126440,妇女生活,,苏童,,江苏文艺出版社,2003-7-1,15.00元,8.1
2974038,迟子建散文,,迟子建,,人民文学出版社,2008-01,24.00元,8.2
3183810,酒国,,莫言,,上海文艺出版社,2008-08,22.00元,7.2
4919996,张枣的诗,,张枣,,人民文学出版社,2010-7,20.00元,8.7
1801804,王安忆精选集,,王安忆,贺绍俊编选,北京燕山出版社,2006-5,28.00元,8.0
4109197,最慢的是活着,,乔叶,,万卷出版公司,2009-9,28.00元,8.5
26690458,日熄,,閻連科,,麥田,2015-12-26,NTD360元,8.1
26301924,牙齿是检验真理的第二标准,,毕飞宇、张莉,,人民文学出版社,2015-1,33.00元,8.4
1078516,心灵史,长篇小说卷,张承志,,湖南文艺出版社,1998-12,15.00元,7.9
6784996,声音乐团,,颜歌,,天津人民出版社,2011-9,29.80元,8.3
1963368,青木川,,叶广芩  著,,太白文艺出版社,2007-1,28.00元,8.0
26717879,极花,,贾平凹,,人民文学出版社,2016-3-1,38,6.3
25857414,剩下的都属于你,,徐星,,广西师范大学出版社,2014-4,32.00,7.9
3154464,长夜,,姚雪垠,,人民文学出版社,1981年1月,3.77元,8.8
24540864,第七天,,余华,,新星出版社,2013-6,29.50元,6.8
3110731,风雅颂,,阎连科,,江苏人民出版社,2008-6,29.00元,7.3
6256440,我的阅读史,,洪子诚,,北京大学出版社,2011-4,38.00元,8.8
1143696,永失我爱,,王朔,,中国电影出版社,2004年02月,12.00元,7.9
26591589,来自邻人的光,,江汀,,译林出版社,2015-9,29.00元,8.6
1469266,冈底斯的诱惑,文学新星丛书,马原,,作家出版社,1992,4.70元,7.7
1076323,也是亚当，也是夏娃,严歌苓最新中短篇小说集,严歌苓,,华文出版社,2000-01-01,18.00,8.4
1028117,晚翠文谈新编,,汪曾祺,,三联书店,2002-7-1,16.00,8.7
25788888,我亲爱的精神病患者,,赵志明,,中国华侨出版社,2013-12,CNY 28.00,7.9
1005939,故乡天下黄花,,刘震云,,中国青年出版社,2004-6-1,20.00元,8.1
1398449,贾平凹散文,,贾平凹,,人民文学出版社,2005-5,21.00元,8.1
26610125,我想和你虚度时光,,李元胜,,重庆大学出版社,2015-9,39.80元,7.5
26270396,试验,,张怡微,,海豚出版社,2014-11,17.80元,8.3
26761291,人间草木,,汪曾祺,,现代出版社,2016-4-1,CNY 48.00,9.0
1089499,将军族,,陈映真,,解放军文艺,2000-7,15.30元,8.0
1440035,须兰小说选,,须兰,,上海文艺出版社,1995-7,12.70元,8.3
1767945,一只特立独行的猪,,王小波,,北方文艺出版社,2006-4,18.80元,8.8
26760888,暗夜里，还亮着灯,,周牧,,生活·读书·新知三联书店  生活书店出版有限公司,2016-3,34.00元,7.6
21359062,北去来辞,,林白,,北京出版社,2013-1,42.00元,7.6
1146287,淡绿色的月亮,,须一瓜,,春风文艺出版社,2004-01-01,15.0,8.0
1888581,我爱美元,,朱文,,作家出版社,1995,17.80,8.4
1055301,世界上最疼我的那个人去了,,张洁,,山东画报出版社,2006-2,16.00元,8.5
3264642,似水流年,,王小波,,上海锦绣文章出版社,2008-10,20.00元,8.7
1053331,王朔自选集,,王朔,,云南人民出版社,2004-09,45.00,8.5
3182667,异旅人,,倪湛舸,,上海文艺出版社,2008年8月,23.00元,8.2
1042633,梦也何曾到谢桥,,叶广芩,,华文出版社,2002-2,18.00元,8.7
26530414,边城,（纪念版）一首源自湘西边地的田园牧歌,沈从文,,江苏人民出版社,2015-7,25.00元,9.2
1011911,花腔,,李洱,,人民文学出版社,2004-05,16.00元,8.3
1791682,空中小姐,青年文学丛书,王朔,,中国青年出版社,1984,2.5,7.4
1262965,中国当代文学史教程,,陈思和 主编,,复旦大学出版社,2008年,36.00元,8.2
4742299,北极村童话,,迟子建,,黄山书社,2010-4,22.00元,8.5
26681350,神圣家族,,梁鸿,,中信出版社,2015-12-6,CNY 49.00,7.0
1072541,中国现当代文学名篇十五讲,,陈思和,,北京大学出版社,2004-06,35.00,8.4
10426917,回首我們的時代,,尉天驄,,印刻文學生活雜誌出版有限公司,2011-11-24,450台幣,9.0
4744011,“新启蒙”知识档案,80年代中国文化研究,贺桂梅,,北京大学出版社,2010-3-1,38.00元,8.4
1157019,那山那人那狗,,彭见明,,中国青年出版社,2004-1-1,29.80元,8.5
4109557,1980的情人,,于晓丹,,人民文学出版社,2009-9-1,19.00元,7.5
10563468,隐身衣,,格非,,人民文学出版社,2012-4-28,28.00元,7.5
1734833,余华精选集,,余华,洪治刚   编选,北京燕山出版社,2010-3,25.00元,8.2
3215462,白海参,,邓刚,,人民文学出版社,1987年6月,1.95元,9.2
1072368,我爱比尔,,王安忆,,南海出版公司,2000-1,18.00元,7.5
1316684,血色黄昏,,老鬼,,中国社会科学出版社,2005-03-01,35.00元,8.1
2983286,卡夫卡是谁,牛津通识读本,[英国]里奇·罗伯逊,胡宝平,译林出版社,2008-01,18.00元,8.0
1703544,兄弟（下）,,余华,,上海文艺出版社,2006-3,27.00元,7.5
2300636,我叫刘跃进,,刘震云,,长江文艺出版社,2007-11,25.00元,7.4
2226107,弟弟的演奏,,朱文,,上海人民出版社,2007-9,20.00,8.0
3627948,持灯的使者,,刘禾（编）,,广西师范大学出版社,2009-04,30.00元,8.4
1069420,为了忘却的集体记忆,解读50篇文革小说,许子东,,生活·读书·新知三联书店,2000-04,15.80元,7.7
24852749,浣熊,,葛亮,,南京大学出版社,2013-7,26.00,7.6
1930501,毕飞宇小说,,毕飞宇,,中国社会出版社,2006-9,20.00元,8.4
3623828,故乡相处流传,,刘震云,,人民文学出版社,2009-3-1,20.00元,8.2
6953461,一坛猪油,迟子建短篇小说编年卷四（2004-2010）,迟子建,,人民文学出版社,2012-2,26.00元,8.8
3075270,起舞,,迟子建,,上海人民出版社,2008-5,25.00元,8.6
3824350,天一言,Le dit de Tianyi,程抱一,杨年熙,人民文学出版社,2009-6,28.00元,8.3
2058479,史铁生散文,,史铁生,,人民文学,2007-3,21.00元,9.1
2068070,启蒙时代,,王安忆,,人民文学出版社,2007,20.00元,7.6
1018416,花忆前身,,朱天文,,上海文艺出版社,2001-1,14.00元,8.1
3518332,绿毛水怪,,王小波,,时代文艺出版社,2009-1,30.00元,8.9
1041912,黄昏里的男孩,,余华,,上海文艺出版社,2004-01,13.00元,7.9
10571973,你所不知道的夜晚,,张怡微,,上海文艺出版社,2012-3,27.00元,7.4
3002467,厚土,,李锐,,人民文学出版社,2008-1,16.00元,8.6
5411419,生命流泪的样子,5GT55RR,伍美珍,5C、5CY,CUHY,2010-12,16.00元,8.7
1122859,越过云层的晴朗,,迟子建,,上海文艺出版社,2003-4-1,18.00,8.6
19977690,天堂蒜薹之歌,莫言作品系列,莫言,,上海文艺出版社,2012-10-1,33.00元,8.3
1963124,看女人,,朱文,,上海人民出版社,2007-2,25.00元,8.3
2237615,无主题变奏,文学新星丛书,徐星,,作家出版社,1989,3.15,8.1
1421014,我和你,,韩东,,上海文艺出版社,2005-8,19.00元,7.2
10199131,似水柔情,似水柔情,王小波,,译林出版社,2012-1,32.80元,8.9
26924695,王城如海,,徐则臣,,人民文学出版社,2017-1,36.00元,6.6
6392676,我的爱如此麻辣,,张小娴,,北京十月文艺出版社,2011-5,22.00元,7.3
4120366,灵魂之旅,90年代以来中国文学的生存意境,邓晓芒,,上海文艺,2009-10-1,33.00元,8.6
1151872,玩的就是心跳,,王朔,,云南人民出版社,2004-1,15.00元,7.8
1151877,千万别把我当人,,王朔,,云南人民出版社,2004-1,19.80元,7.8
26348958,小镇姑娘,,李静睿,,上海三联书店,2015-3-31,35.00元,7.9
1858594,暗算,,麦家,,人民文学出版社,2006-7,18.00元,7.3
1013396,无字（第一部）,,张洁,,北京十月文艺出版社,2007-2,24.00元,8.0
24324978,这边风景（上下）,,王蒙,,花城出版社,2013-4,79.80元,6.8
1200849,李自成,,姚雪垠,,人民文学出版社,2005-1,200.00元,7.8
3058259,你不是一个俗人,,姚雪垠,,人民文学出版社,2005-1,200.00元,8.0
1214006,王朔文集,橡皮人,王朔,,云南人民出版社,2003-6,18.80元,7.9
1766120,褐色鸟群,荒诞小说选萃,格非,,北京师范大学出版社,1989.2,6.25,8.0
1415311,美食家,,陆文夫,,古吴轩出版社,2005-6-1,28.0,8.1
1011647,扎根,,韩东,,人民文学出版社,2003-7,19.80元,8.3
3415661,水在时间之下,,方方,,上海文艺出版社,2009,35.00元,8.1
24533414,涂自强的个人悲伤,,方方,,北京十月文艺出版社,2013-5,25.00元,7.4
20462955,此时众生,,蒋勋,,上海文艺出版社,2013-1,38.00元,7.7
10775763,补玉山居,当代中国的“新龙门客栈”,严歌苓,,陕西师范大学出版总社有限公司,2012-6,29.80元,7.2
26870357,希拉里、密和、我,,薛忆沩,,华东师范大学出版社,2016-8-1,CNY 36.00,8.1
25788738,现当代文学新论：义理·伦理·地理,,王德威,,生活·读书·新知三联书店,2014-1,35.00元,8.2
4710587,畜界，人界（修订版）,,钟鸣,,上海人民出版社,2010年5月,32.00元,8.5
1388460,倒淌河,,严歌苓,,三民書局,民國85 [1996],NT$ 190,8.3
5399267,北岛作品精选,,北岛,,长江文艺出版社,2011-1-1,26.00元,8.7
1317879,九月寓言,,张炜,,人民文学出版社,2005年5月1日,20.0,7.9
1962248,好工作,,[英]戴维·洛奇,蒲隆,上海译文出版社,2007-1,25.00,8.3
4747442,知青变形记,,韩东,,花城出版社,2010-4,28.00元,8.2
25981276,双行星与小卷兽,,二十月,,广东人民出版社,2015-3,29.00,8.2
26586469,篡改的命,,东西,,上海文艺出版社,2015-8,35.00元,8.0
1062148,我胆小如鼠,,余华,,上海文艺出版社,2004-01,12.00,7.6
1085777,贫嘴张大民的幸福生活,,刘恒,,华艺出版社,1999-1,8.80元,8.4
2030442,年轮,,梁晓声,,文汇出版社,2007-2,46.00元,8.3
2059360,人啊，人！,,戴厚英,,人民文学出版社,2007-1,17.00元,8.1
1025559,一个人的战争,,林白,,北京十月文艺出版社,2004-1,28.60,7.4
1022060,狼图腾,,姜戎,,长江文艺出版社,2004-4,32.00元,8.3
1418429,忠孝公園,陳映真小說集6　1995-2001,陳映真,,洪範,2001,HK$73,9.2
1763806,万寿寺,,王小波,,北方文艺出版社,2006-3,19.80元,8.5
7062628,许子东讲稿-张爱玲.郁达夫.香港文学-卷二,,许子东,,人民文学出版社,2011-11-1,38.00元,8.3
5321791,中文系,,李师江,,人民文学出版社,2010-10,33.00元,7.3
2131083,涉渡之舟,新时期中国女性写作与女性文化,戴锦华,,北京大学出版社,2007-5,38.00元,8.6
24636723,散装麻雀,张羞小说,戴锦华,,北京大学出版社,2007-5,38.00元,8.8
3105372,谈话录,,王安忆、张新颖,,广西师范大学出版社,2008-6,27.50元,8.0
1291718,残雪,,残雪,,人民文学出版社,2000-3-1,18.00,8.2
1273895,似水柔情,,王小波,,今日中国出版社,1998-10,19.50,8.9
1468918,王朔文集 挚情卷,,王朔,,华艺出版社,1992,10.70元,8.4
3723236,我与父辈,,阎连科,,云南人民出版社,2009-5,25.00元,8.0
1041414,威尼斯日记,,阿城,,作家出版社,1997-12,12.50,8.6
3851799,天行者,,刘醒龙,,人民文学出版社,2009-5,18.00元,8.1
1793990,早晨从中午开始,,路遥,,西北大学出版社,1992,5.80元,8.8
1460313,哥伦比亚的倒影,,木心,,广西师范大学出版社,2006-1,22.00元,8.4
1958071,求,,德兰,,北京出版社,1982,0.8,9.4
26650614,多湾,,周瑄璞,,浙江文艺出版社,2015-10,49.8,8.4
26892411,人类要是没有爱情就好了,一生不会只爱一次，你需要与欲望坦诚相见,邵艺辉（@红拂夜奔不复还）,,北京联合出版公司,2016-10-12,39.80元,8.7
1288888,半个我正在疼痛,王小妮的诗,王小妮,,华艺出版社,2005-1-1,18.00,8.4
5924683,阮郎归,,吕新,,中国华侨出版社,2011-2,26.00元,8.1
10578488,栖,,蒋一谈,,新星出版社,2012-5-31,26.00元,6.8
1734038,严歌苓自选集,,严歌苓,,山东文艺出版社,2006-1,28.00元,8.6
1017172,大浴女,,铁凝,,春风文艺出版社,2000-3,20.00,7.8
11586903,夏目漱石的百合,,江川澜,,上海三联书店,2012-9,28.00元,7.9
10566848,黑夜飞行,,苗炜,,浙江文艺出版社,2012-4-21,28.00元,7.8
1018584,青春念想,,白先勇,,广西师范大学出版社,2004-5,24.00元,8.5
1033825,顾城的诗,蓝星诗库,顾城,,人民文学出版社,1998-12,20.00,8.7
1022229,玫瑰门,,铁凝,,春风文艺出版社,2003-9,26.00,7.9
20444732,中国情人,,韩东,,江苏人民出版社,2013-3,32.00元,6.4
1822817,你是一条河,,池莉,,江苏文艺出版社,2007-1-1,19.00元,8.3
1052127,活动变人形,,王蒙,,人民文学出版社,2004-5,18.00元,7.7
1036613,茶馆,,老舍,,人民文学出版社,2002-1,9.80元,8.9
1437160,平原,,毕飞宇,,江苏文艺出版社,2005-1-1,25.80元,7.7
1018577,霸王别姬 青蛇,,李碧华,,花城出版社,2001-5,21.00元,8.9
1391644,方方作品精选,跨世纪文丛精华本,方方,,长江文艺出版社,2005-6,22.00元,8.5
1077474,舒婷的诗,,舒婷,,人民文学出版社,2003-01,15.40元,7.9
25878646,刘晓东,,弋舟,,作家出版社,2014-4-1,28.00元,8.4
1506468,喊山,,葛水平,,春风文艺出版社,2006-01-01,18.0,7.5
26320427,在天涯,诗选1989—2008,北岛,,生活·读书·新知三联书店,2015-6,52.00元,7.8
1889528,格非作品精选,,格非,,长江文艺出版社,2006,18.00元,8.4
1009381,少年血,,苏童,,江苏文艺出版社,1993-09,15.50,8.5
1200827,白门柳（全三册）,,刘斯奋,,人民文学出版社,2005-1,78.00元,8.1
1292354,空山,,阿来,,人民文学出版社,2005-05,25.00元,7.6
1132978,青春万岁,,王蒙,,人民文学出版社,2003-9,18.00元,7.1
1978928,永远有多远,,铁凝,,人民文学出版社,2006-12,21.00元,8.1
1200845,沉重的翅膀,,张洁,,人民文学出版社,1984-7,19.00元,7.3
1084631,什么是垃圾，什么是爱,,朱文,,华夏出版社,2004年1月1日,18.0,7.6
1962875,林海雪原,,曲波,,人民文学出版社,1978-1,1.10元,7.7
1096790,黑铁时代,,王小波,,中国青年出版社,2002-1,24.00元,8.6
20502629,黄连.厚朴,,叶广芩,,重庆出版社,2013-2,29.80元,8.6
3297888,云雀叫了一整天,,木心,,广西师范大学出版社,2009.1,34,8.3
2177833,再解读,,唐小兵,,北京大学,2007-5,32.00元,8.6
1132974,组织部来了个年轻人,,王蒙,,人民文学出版社,2003-9-1,22.50元,7.1
6081356,史铁生作品系列（纪念版）,全七册,史铁生,,人民文学出版社,2011-4,298.00元,9.2
1025562,城北地带,,苏童,,上海文艺出版社,2004-08,24.00元,8.1
1444078,林斤澜小说经典,,林斤澜,,人民文学出版社,2005-8,23.00元,8.2
11591743,白雪猪头,中国短经典,苏童,,上海文艺出版社,2012-8,30.00元,8.2
1077917,四十一炮,,莫言,,春风文艺出版社,2003-07,25.00,7.5
2999641,现实一种:余华中短篇小说集,,莫言,,春风文艺出版社,2003-07,25.00,8.2
1425007,玛卓的爱情,,北村,,长江文艺出版社,1994-1-1,13.00元,8.1
1070775,小城三月,,萧红,,经济日报出版社,2003-3-1,20.00,8.2
1033922,英格力士,,王刚,,人民文学出版社,2004-9,23.00元,8.0
1945579,波動,,王刚,,人民文学出版社,2004-9,23.00元,8.3
10588869,牛鬼蛇神,,马原,,上海文艺出版社,2012-5-1,42.00元,6.8
5302122,现代派文学辞典,关于小说的小说,贾勤,,新世界出版社,2010-11,22.00元,8.4
1490736,古典爱情,,余华,,人民文学出版社,2006-1,9.00元,7.7
1206319,我的遥远的清平湾,,史铁生,,广州出版社,2001-9,12.00元,8.7
4582465,铁梨花,,严歌苓,,陕西师范大学出版社,2012-11,29.80元,7.7
1086227,合欢树,,史铁生,,山东文艺出版社,2001-3,10.50元,9.1
26309861,摇摇晃晃的人间,余秀华诗选,余秀华,,湖南文艺出版社,2015-2-1,CNY 28.00,8.4
10508054,云中人,,路内,,浙江文艺出版社,2012-2,32.00元,7.6
26673118,扶桑,,严歌苓,,人民文学出版社,2015-1,39.00元,8.6
25812256,南方的诗学,苏童、王宏图对谈录,苏童、王宏图,,漓江出版社,2014-2,25.00元,7.8
1397659,国画,,王跃文,,人民文学出版社,1999-05-01,27.00,8.0
5293823,四喜忧国,,张大春,,广西师范大学出版社,2010-10,29.80元,7.9
1943703,一个红卫兵的自白,最新修订版,梁晓声,,文化艺术出版社,2006-10,32.00元,8.1
26695660,潮起潮落：新中国文坛沉思录,,严平,,人民文学出版社,2015-11-1,39,7.4
1468917,王朔文集 矫情卷,,王朔,,华艺出版社,1992,11.60元,8.4
3550069,哺乳期的女人,,毕飞宇,,上海锦绣文章出版社,2009-1,25.00元,8.0
1398448,张承志散文,插图珍藏版,张承志,,人民文学出版社,2005-5,21.00元,8.1
25800697,妈阁是座城,,严歌苓,,人民文学出版社,2014-1,36.00元,7.1
25731506,乱时候，穷时候,,姜淑梅,浙江人民出版社,铁葫芦图书,2013-10-16,32.80元,8.0
26701731,爱你就像爱生命,爱你就像爱生命,王小波,,中信出版社,2015-12,28.00元,8.3
1161387,无梦楼随笔,苦难中的孤独灵魂,张中晓,,上海远东出版社,2004-05-01,16.00元,8.7
25918783,苦菜花，甘蔗芽,《乱时候，穷时候》姊妹篇,姜淑梅,浙江人民出版社,铁葫芦图书,2014-8-1,34.80,7.3
6953464,亲亲土豆,迟子建短篇小说编年卷二（1992-1996）,迟子建,,人民文学出版社,2012-2,28.00元,8.6
26307908,野蛮生长,,盛可以,,北京十月文艺出版社,2015-1-1,32,7.7
2137802,杀夫,世纪台港及海外华人文学经典,李昂、施叔青,,花山文艺出版社,1994年1月,8.50,7.9
1908358,山南水北,八溪峒笔记,韩少功,,作家出版社,2006,26.00元,8.3
1851303,达马的语气,,朱文,,上海人民出版社,2006-8,23.00元,8.3
24752083,我们时代的写作,对话《酒国》《生死疲劳》,张旭东、莫言,,上海文艺出版社,2013-5,29.00元,9.5
3735996,西征记,,宗璞,,人民文学出版社,2009-5,19.00元,8.4
1732996,顾城,,顾城,,人民文学出版社,2006-02,20.0,8.9
4267117,严歌苓作品精选,,严歌苓,,长江文艺出版社,2010-2,28.00元,8.5
5300108,尾巴,,王若虚,,人民文学出版社,2010-10,25.00元,8.1
10742745,模范青年,,阿乙,,海豚出版社,2012-6-1,15.80元,8.1
1038744,来来往往,,池莉,,作家出版社,1998-08,12.00,7.2
3610681,海子诗全集,,海子 著、西川 编,,作家出版社,2009-3,88.00元,9.2
1660790,50-70年代中国文学经典再解读,,李杨,,山东教育出版社,2006-5,18.10元,8.7
1202550,地久天长,王小波小说剧本集,王小波,,时代文艺出版社,1998-02,19.00元,8.8
1480348,晚霞消失的时候,,礼平,,中国青年出版社,2002-01-01,13.50,8.0
1291345,我的世界下雪了,,迟子建,,山东画报出版社,2005-05,16.50,8.3
25786061,鱼王,,甫跃辉,,北京联合出版公司,2013-12-31,29.80,7.5
1205283,汪曾祺全集(1),小说卷,汪曾祺,,北京师范大学出版社,1998-8-1,28.00元,9.4
2279868,风声,,麦家,,南海出版公司,2007-10-01,23.00元,7.7
1839198,张承志精选集,世纪文学60家,张承志,,北京燕山出版社,2006-7-1,24.0,8.5
10607835,《读书》十年（二）,一九九一——一九九三,扬之水,,中华书局,2012-4,38.00元,7.7
1024733,鲜血梅花,,余华,,上海文艺出版社,2004-01,12.00元,7.7
6100947,刘氏女,,章诒和,,广西师范大学出版社,2011-5-15,26,7.6
1075457,伤口咚咚咚,,丁天,,文化艺术出版社,2001-05,17.00,7.6
7154690,王小波全集 第一卷,万寿寺,王小波,,译林出版社,2012-1,25.80元,8.3
1003986,病隙碎笔,史铁生人生笔记,史铁生,,陕西师范大学出版社,2006-3,25.00元,8.8
1023478,怀念声名狼藉的日子,,池莉,,云南人民出版社,2001-3,16.80元,7.9
3874387,河流的秘密,,苏童,,作家出版社,2009-7,28.00元,7.8
1398460,余秋雨散文,插图珍藏版,余秋雨,,人民文学出版社,2005-05,21.00元,7.9
1002400,城的灯,,李佩甫,,长江文艺出版社,2003-3-1,20.00,8.2
2138402,塔铺,,刘震云,,作家出版社,1989,2.90,7.8
25716757,移民,第一部全方位透视中国各阶层移民百态的当代小说,陈希我,,金城出版社,2013-10-1,32.00元,7.5
1071958,残雪自选集,中国当代著名作家自选集系列,残雪,,海南出版社,2004-05,48.00,7.7
24721546,悲恸之地,王安忆中篇小说集（卷六）,王安忆,,上海文艺出版社,2013-5,29.00元,7.9
25839997,文学史微观察,,李洁非,,生活·读书·新知三联书店,2014-8-1,38.00元,8.1
1205303,汪曾祺全集(2),小说卷,汪曾祺,,北京师范大学出版社,1998-8,28.00元,9.5
26236436,我们夜里在美术馆谈恋爱,,文珍,,中信出版社,2014-11,36.00元,7.2
1029375,纪实和虚构,Chuang zao shi jie fang fa zhi yi zhong,王安忆,,人民文学出版社,1993-6,20.00元,8.0
1477437,唐人故事,,王小波,,中国档案出版社,2006-1,18.00元,8.9
24877320,龙族Ⅲ,黑月之潮（中）,江南,,长江出版社,2013-7,29.80元,7.8
1448674,无处告别,,陈染,,江苏文艺出版社,2005-1,28.0,7.8
1866134,中国黑色幽默小说大观,,陈染,,江苏文艺出版社,2005-1,28.0,8.9
1014978,天鹅绒,,叶弥,,山东文艺出版社,2004-05,26.00,7.5
26294820,白蛇,严歌苓中短篇小说自选定本,严歌苓,,天津人民出版社,2014-7,32.00,8.1
3146656,五月女王,,颜歌,,重庆出版社,2008-7,28.00元,8.4
1819978,温莎墓园日记,,木心,,广西师范大学出版社,2006-6,29.00元,8.5
2237618,迷舟,,格非,,作家出版社,1989.12,3.35,8.0
1200841,许茂和他的女儿们,,周克芹,,人民文学出版社,2005-1,16.00元,7.2
1260250,抉择,,张平,,人民文学出版社,2005-5,27.00元,7.7
3561920,昆仑殇,,毕淑敏,,漓江出版社,2009-1,29.80元,8.4
3018339,万物生长,,冯唐,,云南美术出版社,2007-12,23.00元,7.7
1129261,格里格海的细雨黄昏,,迟子建,,江苏文艺出版社,2003-9-1,28.00元,8.9
5423777,睡觉大师,,朱岳,,生活·读书·新知三联书店,2011-4,22.00元,8.1
1062991,北京法源寺,,李敖,,中国友谊出版社,2004-08,20.00元,8.4
1319447,莫言作品精选,跨世纪文丛精华本,莫言,,长江文艺出版社,2005-5,25.00元,8.0
1029370,记忆与印象,,史铁生,,北京出版社,2004-5-1,26.80,9.1
1425004,访问梦境,,孙甘露,,长江文艺出版社,2001-05-01,25.8,8.1
1988700,马原自选集,中国当代名作家自选集大系,马原,,现代出版社,2006-12-01,30.00元,7.9
1050339,文化苦旅,,余秋雨,,东方出版中心,2001-4,22.00元,7.8
1072847,鱼和它的自行车,,陈丹燕,,上海文艺出版社,2002-4,16.00元,7.7
3618428,潜伏,,龙一,,百花洲文艺出版社,2009-3,32.00元,6.6
25996933,独坐,,汪曾祺,,中国青年出版社,2014-8,46.00元,8.5
3075279,秧歌,,迟子建,,上海人民出版社,2008-5,20.00元,8.2
21318646,迷冬,青春的狂欢与炼狱,胡发云,,人民文学出版社,2013-1-1,45.00元,8.0
4187232,当代文学的概念,,洪子诚,,北京大学出版社,2010-1,30.00元,9.2
25639223,身边的江湖,,野夫,,广东人民出版社,2013-9,32元,8.3
1011754,海子的诗,,海子,,人民文学出版社,1999-04,15.40,8.9
26766251,告别放映室,蔌弦近作选2014-2015,蔌弦,,杜弗书店,2016-4,12.00,9.7
1442455,王小波作品精选,跨世纪文丛精华本,王小波,,长江文艺出版社,2005-11,25.00元,8.8
1737431,白先勇精选集,,白先勇 著、刘俊 编选,,北京燕山出版社,2011-3,25.00元,8.7
1442237,中国崛起,通向大国之路的中国策,张剑荆,,新华出版社,2005-10,39.80元,8.0
25893458,空巢,,薛忆沩,,华东师范大学出版社,2014-5,36.00元,7.6
1084407,乌泥湖年谱,,方方,,人民文学出版社,2000-9-1,25.00元,8.4
3621542,蓝房子,,北岛,,江苏文艺出版社,2009-3,18.00,8.4
1083882,白先勇经典作品,,白先勇,,当代世界出版社,2007-9,22.80元,8.5
26574898,裸琴,,[法]山飒,王璐、李真,人民文学出版社,2015-7-1,23.6,6.9
1036864,余光中散文,,余光中,,浙江文艺出版社,2000-3-1,20.00元,8.5
26340272,我的旅行方式,,陈丹燕,,浙江文艺出版社,2015-3,39.00元,7.4
6756114,忧国,小人物在大时代的另类潜伏,黄士翔,,北岳文艺出版社,2011-7,38.00元,8.1
5337250,寂寞的十七岁,,白先勇,,广西师范大学出版社,2010-10,39.00元,8.3
3075276,逆行精灵,,迟子建,,上海人民出版社,2008-5,25.00元,8.6
2060640,潜在写作,1949-1976,刘志荣,,复旦大学出版社,2007-4-1,38.00元,8.3
1082577,黑铁时代,,王小波,,陕西师范大学出版社,2009-07-01,28.00元,8.7
1492425,张承志作品精选,跨世纪文丛精华本,张承志,,长江文艺出版社,2006-1,29.00元,8.9
1479588,三生石,九元丛书,宗璞,,人民文学出版社,2006-1,9.00元,8.0
5348123,班主任,,刘心武,,中国青年出版社,1979.6,0.50,6.2
26171370,浮出海面,,王朔、沈旭佳,,三联,2014-10-16,20,7.3
1084079,少年天子,,凌力,,人民文学出版社,2005-1,30.00元,7.9
1027989,爸爸爸,,韩少功,,山东文艺出版社,2001-3,10.90元,7.6
20419234,方方作品精选,方方作品精选,方方,,长江文艺出版社,2012-11-1,26.00元,9.0
3889680,坚硬如水,,阎连科,,云南人民出版社,2009-7-1,26.00元,7.4
25746682,落在纸上的雪,,刘春  王晓,,广西师范大学出版社,2013-10,58.00,7.7
3427190,生死场 呼兰河传,呼兰河传,萧红,,人民文学出版社,2009,16.00元,8.5
1067521,谁翻乐府凄凉曲,,叶广芩,,新世界出版社,2002-10,25.50,8.9
2224611,没有纽扣的红衬衫,,铁凝,,长春 : 时代文艺出版社,1992.5,7.00,8.0
1425034,虚构,,马原,,长江文艺出版社,1993年,9.5,7.9
1059113,与往事干杯,,陈染,,作家出版社,2001-3,16.00元,7.8
1032581,胭脂扣 生死桥,,李碧华,,花城出版社,2006-7,29.00元,8.4
1084077,黄河东流去,,李准,,人民文学出版社,2005-1,35.00元,8.2
1011527,刘震云自选集（上下卷）,,刘震云,,文化艺术出版社,2001-9-1,32.00,9.0
10522856,冬牧场,,李娟,,新星出版社,2012-6,29.80元,9.0
1801805,张贤亮精选集,,张贤亮,,北京燕山出版社,2006-5-13,29.00元,7.8
6952009,灰舞鞋,,严歌苓,,陕西师范大学出版社,2011-12,25.00元,8.1
21345926,感伤时代的文学,,张柠,,新星出版社,2013-1,42.00元,8.4
4833920,十八岁给我一个姑娘,,冯唐,,万卷出版公司,2010-4,20.00元,7.4
1061977,血色浪漫,,都梁,,长江文艺出版社,2004-03,36.00元,8.7
2258056,逍遥津,,叶广芩,,文化艺术出版社,2007-9,29.80元,8.7
1063443,全家福,,叶广芩,,北京出版社,2001-1,20.00元,8.4
6866113,周晓枫散文选集,,周晓枫,,百花文艺出版社,2011-7,37.00元,8.8
26312987,众妙之门,重建文本细读的批评方法,陈晓明,,北京大学出版社,2015-8-1,CNY 55.00,7.4
1311280,灵魂的事,,史铁生,,百花文艺出版社,2005-4,28.00元,9.0
5296499,4444,,李炜,张定绮,上海文艺出版社,2010-8,29.00元,8.9
4260927,鬼魅丹青,,迟子建,,云南人民出版社,2010-1,28.00元,8.0
1146285,瓦城上空的麦田,,鬼子,,春风文艺出版社,2004-1,18.00元,8.5
2044903,等你，在雨中,,余光中,,江苏文艺出版社,2007-1,25.00元,8.3
25722313,文革轶事,王安忆中篇小说集（卷二）,余光中,,江苏文艺出版社,2007-1,25.00元,8.1
1010995,二十世纪中国文学史论(第一卷),,王晓明,,东方出版中心,2003-4,25.00,8.8
1223753,上海的早晨（全四册）,,周而复,,人民文学出版社,2005-01-01,99.00,7.4
2287508,多余的素材,,陈丹青,,广西师范大学出版社,2007-9,28.00,8.0
1883990,白银时代/2010/黑铁时代,,王小波,,长江文艺出版社,2006-8,27.00元,8.8
1499588,桃花灿烂,,方方,,百花文艺出版社,1996,14.1,8.2
1334641,旋風,,姜貴,,九歌,2005-7-10,NT$ 420,8.3
2159124,高山下的花环,,李存葆,,北京出版社,1983年1月,0.47,8.4
11587407,过把瘾就死,,王朔,,北京十月文艺出版社,2012-8,29.00元,7.7
3202440,暴风骤雨,,周立波,,人民文学出版社,1956二版1980一印,0.91,7.5
26005623,吾血吾土,,范稳,,北京出版集团公司,北京十月文艺出版社,2014-10-1,36.00,8.2
1003664,深喉,,张欣,,春风文艺出版社,2004-1,24.00,7.5
2016626,王小波全集(第七卷):中篇小说,,王小波,,云南人民出版社,2007-01-01,18.0,8.9
1857446,碧奴,孟姜女哭长城的传说,苏童,,重庆出版社,2006-9,25.00元,6.6
2203532,李零自选集,,李零,,广西师范大学出版社,1998-2,26.00元,8.6
6308767,梅雨,,吕新,,中国华侨出版社,2011-5,26.00元,8.1
1676983,苏童,,苏童,,人民文学出版社,2001-04-01,25.00元,8.5
22226574,身体地图,,苏童,,人民文学出版社,2001-04-01,25.00元,8.8
19941513,方圆四十里,,王小妮,,中国华侨出版社,2012-11,35.00元,7.4
1005334,哀妇人,,舒芜,,安徽教育出版社,2004-05,36.00元,8.0
1023815,北京病人,,张弛,,中国社会科学出版社,2000-10,17.00,7.4
2150585,黑白,一个棋人的的前半生,储福金,,人民文学出版社,2007-6,28.00元,8.2
5988567,我的现实 我的主义,阎连科文学对话录,阎连科、张学昕,,中国人民大学出版社,2011-3,38.00元,8.0
5389759,Shit My Dad Says,,阎连科、张学昕,,中国人民大学出版社,2011-3,38.00元,8.4
19941416,古斯特城堡,,徐则臣,,新星出版社,2012-11,28.00元,8.1
1477232,乔家大院,,朱秀海,,上海辞书出版社,2005-12,30.00元,7.9
2363683,是谁在深夜说话,,毕飞宇,,春风文艺出版社,2007-10,12.00元,8.1
6519779,TEA FOR TWO,白先勇小说卷,白先勇,,作家出版社,2011-5-1,29.00元,8.6
1393894,白狗秋千架,,莫言,,上海文艺出版社,2005-6-1,36.0,7.8
2137809,老井,,郑义,,中原农民出版社,1992年10月,4.65,8.1
24226729,晚安玫瑰,—迟子建最新小说作品,迟子建,,人民文学出版社,2013-4,22.00元,7.1
1446710,豪猪的诗篇,,李亚伟,,花城,2006-1,20.00元,8.4
2047229,桑青与桃红,,聂华苓,,中国青年出版社,1980-08-01,0.46,7.3
3099625,郑小琼诗选,,郑小琼,,花城出版社,2008-4,14.00元,8.3
1162565,羽蛇,,徐小斌,,人民文学出版社,2004-5,18.00元,8.3
1080828,小城之恋,,王安忆,,中国电影出版社,2004-02,14.50,7.3
26291216,我们生活在巨大的差距里,,余华,,北京十月文艺出版社,2015-2,CNY 35.00,6.5
1847633,香港的情与爱,王安忆自选集之三,王安忆,,作家出版社,1996年2月,28.5,8.2
1608633,神鞭,,冯骥才,,文汇出版社,2003-2,20.00元,7.8
2154744,迟子建文集（全四册）,,迟子建,,江苏文艺出版社,1997,65.00元,8.8
1795716,今夜有暴风雪,,梁晓声,,博库公司,2002-1-14,24.80元,8.3
3578454,问苍茫,,曹征路,,人民文学出版社,2009-2,21.00元,8.7
25810522,1966年,,王小妮,,东方出版社,2014-1,35.00元,8.2
25733162,今夜星光灿烂,,王安忆,,新星出版社,2013-11,32.00元,7.5
2184297,佛的孤独,,曹乃谦,,中国广播电视出版社,2007-7,25.00元,8.2
3265311,乡愁,余光中卷,余光中,,长江文艺出版社,2008-10,20.00元,8.4
1370750,突然我記起你的臉,智慧田005,黃碧雲,,臺北大田,1998,NT$ 180,8.6
2015357,王小波全集（第六卷）,黄金年代,王小波,,云南人民出版社,2007-1,20.00元,9.1
1205571,于坚诗歌·便条集,1996-1999,于坚,,云南人民出版社,2001-9,12.00元,7.9
25780829,隐形的女人,小说月报百花奖、上海文学奖、2013年度小说排行榜最佳短篇获得者，当,孙频,,北京燕山出版社,2014-1-1,29.80,8.2
25909786,北极村童话,,迟子建,,人民文学出版社,2014-8,30.00元,8.7
25722228,香港的情与爱,王安忆中篇小说集（卷七）,王安忆,,上海文艺出版社,2013-8,35,7.6
1073873,荒山之恋,,王安忆,,中国电影出版社,2004-2,16.00,7.7
1054583,当代文学关键词,,洪子诚、孟繁华,,广西师范大学出版社,2002-02,19.80元,7.7
1008732,失败之书,北岛散文集,北岛,,汕头大学出版社,2004-10,28.00,8.4
1196141,新历史主义与文学批评,,张京媛 编,,北京大学出版社,1993-1,13.50元,8.7
2030664,我的千岁寒,,王朔,,作家出版社,2007-3,28.00元,6.7
26293007,穗子,,严歌苓,,天津人民出版社,2014-7-1,36.00元,8.5
2995375,天狗,,贾平凹,,人民文学出版社,2008-1,23.00元,8.1
4238144,岁朝清供,,汪曾祺,,生活·读书·新知三联书店,2010-1-1,25.00元,9.1
2250331,高兴,,贾平凹,,作家出版社,2007-9,29.00元,7.8
6101205,你们忘了这个世界吗,一个八岁女孩的文革记忆,卿卿,,云南人民,2011-5,28.00元,8.2
1005358,寻找家园,,高尔泰,,花城出版社,2004-11-03,20.00,9.2
1042863,向日葵,,苏童,,上海文艺出版社,2004-08,17.00,8.0
25998266,一切坚固的都烟消云散,,于一爽,,北京时代华文书局,2014-11,28.00元,7.1
20472036,众声喧哗,,王安忆,,上海文艺出版社,2013-1-1,23.00元,7.2
11601093,成为和平饭店,,陈丹燕,,上海文艺出版集团,上海文艺出版社,2012-8,30.00元,7.5
25903874,杨绛全集,,杨绛,,人民文学出版社,2014-8-10,580,7.6
6722956,十一味爱,,文珍,,广西师范大学出版社,2011-7,35.00元,7.9
1291021,狗日的粮食,,刘恒,,江苏文艺出版社,2003-1-1,29.80,7.9
1078244,青春之歌,,杨沫,,北京出版社,2004-08,26.00,7.0
1020520,林白文集（全四册）,,林白,,江苏文艺出版社,1997-1,58.00,8.0
2089279,我的非正常生活,,洪晃,,中国友谊出版公司,2010-1-1,25.00元,7.1
3274851,原谅我红尘颠倒,,慕容雪村,,珠海出版社,2008-10,25.00元,8.0
1042830,故乡面和花朵（全四册）,,刘震云,,华艺出版社,1998-09,118.00,7.9
1121284,无非男女,,严歌苓,,花山文艺出版社,2003-5-1,20.00,8.4
10453121,下面，我该干些什么,,阿乙,,浙江文艺出版社,2012-2,23.80元,7.3
1462101,北岛诗选,,北岛,,新世纪出版社,1986-5,1.35元,8.4
3010130,悲观主义的花朵,,廖一梅,,新星出版社,2008-3,22.00,7.7
25862312,我疼,我疼,陈希我,,人民文学出版社,2014-4-1,36.00元,7.6
6953465,花瓣饭,迟子建短篇小说编年卷三（1997-2003 ）,迟子建,,人民文学出版社,2012-2,28.00元,8.7
6967530,乔家的儿女,,未夕,,春风文艺出版社,2012-1,36.00元,8.3
1186209,张晓风经典作品,,张晓风,,当代世界出版社,2004-9,21.80,8.7
1130366,生活秀,,池莉,,云南人民出版社,2002-8,18.00元,7.8
7055241,我去钱德勒威尔参加舞会,,彭剑斌,,广东人民出版社,2012-2,32.00元,8.3
1398447,冯骥才散文,插图珍藏版,冯骥才,,人民文学出版社,2005-5,21.00元,7.9
4187235,作家姿态与自我意识,,洪子诚,,北京大学出版社,2010-1,23.00元,8.3
6440761,浮夸,,沈熹微,,时代文艺出版社,2011-7,25.00元,7.5
3037409,重庆性格之白沙码头,,莫怀戚,,人民文学出版社,2008-1,25.00元,8.3
1828111,最后一个匈奴,,高建群,,北京十月文艺出版社,2006-7,28.80元,7.3
1423192,路遥文集(全5卷),,路遥,,人民文学出版社,2005-5-1,198.00元,9.2
1014578,我的精神家园,王小波杂文自选集,王小波,,文化艺术出版社,1997,18.80元,9.0
1007212,断裂丛书第2辑,,楚尘 主编,,陕西师范大学出版社,2000-10,76.00（全四册）,8.6
1044786,蹉跎岁月,,叶辛,,人民文学出版社,2004-5,22.00元,7.6
1436716,黄金时代白银时代,,王小波,,中国青年出版社,2002-1,24.00元,9.1
1812895,东宫·西宫,调查报告与未竟稿精品集,王小波、李银河,,陕西师范大学出版社,2006-7,20.00元,8.2
1038010,血玲珑,,毕淑敏,,人民文学出版社,2001-3,21.00元,7.3
7175432,张枣随笔选,,张枣 著、颜炼军 编选,,人民文学出版社,2012-4,25.00元,8.9
1438470,我能否相信自己,余华著《我能否相信自己》,余华,中文,人民日报出版社,1998,18.00元,7.8
3154493,荷花淀,文学小丛书 第三辑 90,孙犁,,人民文学出版社,1959年6月北京第1版,0.14元,8.0
4918257,风语,,麦家,,金城出版社,2010-6-1,29.80元,6.4
23774736,春天在哪里,,阿乙,,中国华侨出版社,2013-5,29.80元,7.4
24532462,哭泣的耳朵,,苏童,,河南大学出版社,2013-5,32.00,8.2
4122941,锦瑟无端,,洁尘,,人民文学出版社,2009年10月,16.00元,7.6
1048411,战栗,,余华,,上海文艺出版社,2004-01,12.00,7.6
1069365,批评空间的开创--二十世纪中国文学研究,,王晓明,,东方出版中心,1998-07,20.00,8.9
1970620,林斤澜说,,程绍国,,人民文学出版社,2006-12,22.00元,7.5
3087995,异秉,人生小说选,汪曾祺,,甘肃文化出版社,1994年9月,13.80,9.4
25938049,天体悬浮,,田耳,,作家出版社,2014-8-1,38.00元,7.5
3075267,原始风景,,迟子建,,上海人民出版社,2008-5,25.00元,8.4
2978217,有话好好说,述平文学作品选集,述平,,中国电影出版社,1997,19.8,8.0
4218689,哀悼乳房,,西西,,广西师范大学出版社,2010-1,29.00元,8.2
1099206,“灰阑”中的叙述,,黄子平,,上海文艺出版社,2001-1,14.00元,8.9
20271210,留一个房间给你用,,盛可以,,北京燕山出版社,2012-12,29.80元,7.3
1260580,欲望的旗帜,,格非,,春风文艺出版社,2005-1-1,20.00元,7.7
1505559,上种红菱下种藕,,王安忆,,文汇出版社,2006-1,23.00元,8.1
4861750,中国当代新诗史,,洪子诚、刘登翰,,北京大学出版社,2010-06-01,60.00元,8.9
1222849,另一种妇女生活,,苏童,,江苏文艺出版社,2003-1-1,29.8,8.2
2568082,闯关东,,高满堂、孙建业,,山东文艺出版社,2008,32.00元,8.2
1045231,花儿与少年,,严歌苓,,昆仑出版社,2004-01,15.00,7.3
6794522,对抗语文,让孩子读到世界上最好的文字,叶开,,复旦大学出版社,2011-7,25.00元,7.7
2377008,小城好汉之英特迈往,,韩东,,上海人民出版社,2008-1,26.00元,7.7
24944326,旅人来自不同星球,吴苏媚旅行故事,吴苏媚,,湖南人民出版社,2013-9,36.00元,7.4
24318970,立春,,李樯,,北京联合出版公司,2013-5,28.00元,8.4
1278751,白夜,,贾平凹,,华夏出版社,1995-07,19.00,7.7
25768162,妻妾成群,,苏童,,广东花城出版社,2013-8-1,20.00,7.6
1119332,怀念狼,,贾平凹,,作家出版社,2000-6-1,16.00,7.4
4032981,通往天堂的最后那一段路程,,薛忆沩,,花城出版社,2009-8,12.00元,8.1
4709550,四棵杨,,寒川子,,河南文艺出版社,2010-1,58.00元,8.7
4065256,哈金诗选,“新诗”丛刊第13辑,哈金,,明迪,2009.9,35.00,8.0
1659233,1956:百花时代,,洪子诚,,山东教育出版社,1998-1,17.60元,8.4
2988943,青灯,,北岛,,江苏文艺出版社,2008-1,16.00,8.3
6529676,当代文学的“历史化”,,程光炜,,北京大学出版社,2011-6,32.00元,8.1
11443351,谁比谁傻多少,,王朔,,北京十月文艺出版社,2012-7,29.00元,7.7
1067070,米尼,,王安忆,,南海出版公司,2000-12,18.00元,7.3
6397056,到世界上去,,瓦当,,江苏人民出版社,2011-5,26.00元,8.0
1822767,凤凰琴,,刘醒龙,,武汉出版社,2006-1,24.00元,8.1
1457149,英儿,,顾城、雷米,,华艺出版社,1993年11月,8.20,7.8
2123069,玫瑰血,新女性体验小说,李轻松,,青海人民出版社,1995.09,16.8元,6.7
5944469,幸福来敲门,,严歌苓,,花山文艺出版社,2011-2,36.00元,7.4
1084628,无边的挑战,中国先锋文学的后现代性,陈晓明,,广西师范大学出版社,2004-1-1,24.80元,8.1
1223730,山乡巨变,,周立波,,人民文学出版社,2004-1,27.00元,7.0
1260663,日本故事,,叶广芩,,昆仑出版社,2005-1,20.00元,8.5
3546866,上海往事,,毕飞宇,,上海锦绣文章出版社,2009-1,25.00元,7.8
1060204,历史的天空,,徐贵祥,,人民文学出版社,2005-03,30.00,7.6
1079892,橘子红了,,[台湾] 琦君,,人民文学出版社,2001-10,10.00元,7.6
5295745,蒙古往事,,冉平,,新星出版社,2010-10,28.00元,8.6
1949195,有只鸽子叫红唇儿,,高行健,,北京十月文艺出版社,1984-5,1.05元,8.3
25723968,寻他千百度,,金庸 著、黄子平 选编,,中华书局,2013-8,36.00元,7.5
1201867,十面埋伏,,张平,,作家出版社,1999-9,25.00元,8.5
1068866,小鲍庄,,王安忆,,上海文艺出版社,2002-10,28.00元,7.6
2012685,废都,贾平凹小说选集评点本,贾平凹,,文化艺术出版社,2007-1,38.00元,7.3
3006109,一個人的微湖閘,,魏微,,寶瓶文化事業有限公司,20080201,NT270,7.9
20473670,斗鸡,,阎连科,,江苏文艺出版社,2013-1,25.00元,8.2
1003978,表意的焦虑,,陈晓明,,中央编译出版社,2004-01,28.80,8.1
2117303,大校的女儿,,王海鸰,,长江文艺出版社,2007-5,24.00元,7.8
6125474,艺妓芙蓉,阎连科中篇小说编年,阎连科,,浙江文艺出版社,2011-4-1,28.00元,8.4
10825206,代表作·新女性,,西门媚、盛可以、巫昂、绿妖、张惠雯、任晓雯、走走、叶三、叶扬、颜歌,,北京联合出版公司,2012-7,32.00元,6.7
1705507,胭脂扣,,李碧华,,新世界出版社,2006-1,18.00元,8.0
1003908,南渡记,,宗璞,,人民文学出版社,1988-9,16.00元,8.4
2069245,冯骥才分类文集（全16卷）,,冯骥才,,中州古籍出版社,2005-5,880.0,8.7
3511129,我的团长我的团（下部）,,兰晓龙,,新星出版社,2009-1,35.00,9.4
3002454,旧址,,李锐,,人民文学出版社,2008-1,17.00元,8.0
1737434,萧红精选集,,萧红,,北京燕山出版社,2011-6,25.00元,8.4
1001911,灵魂饭,,余华,,南海出版公司,2002-1,18.00元,7.3
1788257,归来的陌生人,,北岛,,花城出版社,1986,1.60,9.1
1220059,金牧场,,张承志,,春风文艺出版社,2005-1-1,25.00元,8.1
6743285,相爱的日子,,毕飞宇,重庆大学出版社,楚尘文化,2011-6,29.00元,7.9
25843055,花花朵朵坛坛罐罐,沈从文谈艺术与文物,沈从文,重庆大学出版社,楚尘文化,2014-3,149.00,9.1
25834799,阵痛,,张翎,,作家出版社,2014-3,29.80元,7.8
7065576,睡眠是条大河,顾城，诗歌之外的文字手工,顾城,,江苏文艺出版社,2012-7,28.00元,8.1
3179444,蒲柳人家,,顾城,,江苏文艺出版社,2012-7,28.00元,8.4
1040361,曾在天涯,,阎真,,人民文学出版社,1996-7,25.00元,8.1
26590901,一百年漂泊,台湾的故事,杨渡,,生活·读书·新知三联书店,2016-1,48.00,8.5
7175433,戈麦的诗,,戈麦,,人民文学出版社,2012-1,25.00元,8.4
3223683,方舟,,张洁,,北京出版社,1983,0.77元,8.3
2361644,Spinoza of Market Street,《市场街的斯宾诺莎》,Isaac Bashevis Singer,,Fawcett,1986-08-12,USD 3.50,8.9
11591741,一匹马两个人,中国短经典,迟子建,,上海文艺出版社,2012-8,30.00元,8.7
1433482,余华作品集（三卷本）,,迟子建,,上海文艺出版社,2012-8,30.00元,8.5
5946558,莲生与阿玉,关于信仰的事,陈丹燕,,广西师范大学出版社,2011-1-1,32.00元,8.3
6902317,革命时期的爱情,,王小波,,北京十月文艺出版社,2011-10,29.80元,8.6
1012241,朦胧诗新编,,程光炜、洪子诚,,长江文艺出版社,2004-06-01,26.00,8.3
10763466,中间代·代表作,,薛忆沩、冯唐、苗炜,,北京联合出版公司,2012-6,28.00元,7.1
1119305,汪国真诗文集（全三册）,,汪国真,,广东旅游出版社,2000-7,43.00元,7.9
5275104,典型文案,,李洁非,,人民文学出版社,2010-8,39.00元,8.2
4202250,再见，如果还会再见,-,苏枕书,,文化艺术出版社,2010-1-1,22.00元,7.4
1012110,玻璃虫,我的电影生涯:一部虚构的回忆录,林白,,作家出版社,2000-03,13.00,7.3
5337243,纽约客,,白先勇,,广西师范大学出版社,2010.10,32.00元,8.6
1987651,思凡,,须兰,,文汇出版社,1996-10,20.00元,8.0
4898659,牧夜手记,,徐钺,,知识出版社,2010,15.00元,8.6
3070554,人到中年,——百花中篇小说丛书,谌容,,百花文艺出版社,1980,0.33元,7.8
1200847,都市风流,,孙力、余小惠,,人民文学出版社,2005-1,25.00元,7.5
1077926,菩萨蛮,,苏童,,上海文艺出版社,2004-08,17.00元,7.6
3546266,有个女孩叫穗子,,严歌苓,,新星出版社,2009-2-1,36.00元,8.5
25876241,飘窗,,刘心武,,漓江出版社,2014-6-1,CNY 29.50,7.2
4212299,零度看張──重構張愛玲,重構張愛玲,王安憶、韓麗珠、也斯、黃子平、孫甘露、黃淑嫺、止庵、梁文道,,香港中文大学出版社,2009,108 HKD,8.0
1054403,耙耧天歌,,阎连科,,北岳文艺出版社,2001-09,16.00,8.3
1044619,暗示,,韩少功,,人民文学出版社,2002-9,19.80元,8.1
25735495,历炼精魂,新中国戏曲改造考论,张炼红,,上海人民出版社,2013-8-20,62.00元,8.5
1810990,白金的女体塑像,,穆时英,,百花文艺出版社,2006-1,15.00元,8.1
1026036,北岛诗歌集,,北岛,,南海出版公司,2003-1-1,20.00,8.6
4545291,二十四番花信,,宗璞,,江苏文艺出版社,2010-1-1,28.00元,7.7
2974027,韩少功散文,,韩少功,,人民文学出版社,2008-01,23.00元,8.6
25817366,褐色鸟群,格非中短篇小说集,格非,,上海文艺出版社,2014,35.0,7.7
1018881,穆旦诗全集,,穆旦,李方 编,中国文学出版社,1996-08,16.00元,9.0
1018747,中国当代文学关键词十讲,,陈思和,,复旦大学出版社,2002-10,16.00元,7.6
1785597,失眠人的艳遇,仲夏夜丛书,严歌苓,,四川文艺出版社,1996-8,12.00,8.3
6859746,我的罗陀斯,上海七十年代,吴亮,,人民文学出版社,2011-8,29.00元,7.9
2345727,蜗居,,六六,,长江文艺出版社,2007-12,25.00元,7.5
6138325,时光，请等一等,,张怡微,,上海文艺出版社,2011-4,25.00元,7.7
1084280,阎连科,,阎连科,,人民文学出版社,2004-2,30.00元,8.0
4891534,傅雷书信选,,傅雷著、傅敏编,,生活·读书·新知三联书店,2010-06,26.80元,8.5
26342613,罂粟之家,,苏童,重庆大学出版社,楚尘文化,2015-3,25.00元,7.8
1046267,走了一万一千里路,,顾城,,北京十月文艺出版社,2004-11,23.00,8.0
3802289,灵心,,亦舒,,中国妇女,2009-6,20.00元,7.5
1025533,玉观音,,海岩,,群众出版社,2000-08,22.00,7.7
1074258,女贞汤,,刘索拉,,海峡文艺出版社,2003-01,28.60,7.4
4837840,光年,光年之美国梦,春树,,文化艺术出版社,2010-5,25.00元,6.9
2177745,中国当代文学的叙事与性别,,陈顺馨,,北京大学出版社,2007-5,26.00元,7.6
20493284,寻欢者不知所终,,阿丁,,中国华侨出版社,2013-2,32.80元,7.6
2379354,李敖情书集,,李敖,,李敖出版社,2000年8月,280台币,7.7
6527141,停车暂借问,赵宁静的传奇,钟晓阳,,新星出版社,2011-9,25.00元,8.2
1073386,艾青诗选,,艾青,,人民文学出版社,1996-10,17.50,8.2
1081164,婚姻即景,,苏童,,江苏文艺出版社,1993-09,10.00,8.2
2032964,正红旗下,,老舍,,人民文学出版社,1980年6月,0.51,9.1
1029698,英国情人,,虹影,,春风文艺出版社,2003-10,24.00,7.6
1921338,灵与肉,,张贤亮,,百花文艺出版社,1981,0.52,7.5
1770953,写作的事,,史铁生,,东方出版中心,2006-4,20.00元,8.5
3605809,西藏，系在皮绳结上的魂,,扎西达娃,,百花文艺,1986,RMB 2.30,8.2
1061596,69届初中生,,王安忆,,北岳文艺出版社,2001-4,16.00元,8.3
6810540,红高粱,,莫言,,花城出版社,2011-8,15.00元,7.9
1004795,有了快感你就喊,,池莉,,中国青年出版社,2003-1-1,16.00,7.0
6877611,张马丁的第八天,,李锐,,江苏文艺出版社,2012-1,29.00元,7.6
25913504,邹氏女,,章诒和,,广西师范大学出版社,2014-7,30.00,7.2
1065263,逆水女人:世纪贼王张子强之妻罗艳芳自述,,罗石贤,,群众出版社,1999-01,16.00,7.1
1082556,白先勇自选集,,白先勇,,花城出版社,1996-6,22.80元,8.6
3604331,午夜之门,,北岛,,江苏文艺出版社,2009-3,22.00,8.4
1145495,毕飞宇文集,,毕飞宇,,江苏文艺出版社,2004,68,8.4
24876892,人字旁,,默音,上海人民出版社,世纪文睿,2013-8,25.00,8.8
19973737,永远的尹雪艳,,默音,上海人民出版社,世纪文睿,2013-8,25.00,7.8
20259784,大崩溃,,都梁,,北京联合出版公司,2012-11,49.80元,8.6
1095433,顽主,,王朔,,云南人民出版社,2002-1,19.00元,8.1
3076493,归去来,,韩少功,,人民文学出版社,2008-5,25.00元,8.5
25798973,触：台湾娘子上凉山,台湾娘子上凉山,张平宜,,上海文艺出版社,2014-1,36.00元,7.8
1709524,绝对隐私,当代中国人情感口述实录,安顿,,新世界出版社,1998-5,19.50元,7.3
6518250,武昌城,,方方,,人民文学出版社,2011-6,27.00元,7.9
2222711,我是少年酒坛子,,孙甘露,,上海书店出版社,2007,18.00元,8.0
26791930,生于一九八四,,郝景芳,,电子工业出版社,2016-6-1,49.00元,8.0
1314959,中国当代新诗史,,洪子诚，刘登翰,,北京大学出版社,2005-04,33.00,8.2
4054726,围城 / 人·兽·鬼,,钱锺书,,生活·读书·新知三联书店,2009-11,29.50元,9.2
1002130,他们曾使我空虚,王朔编选：影响我的十部短篇小说,王朔,,新世界出版社,1999-07,15.00,8.4
4091806,那五,,邓友梅,,作家出版社,2009-10,25.00元,7.7
1822820,不谈爱情,,池莉,,江苏文艺出版社,2006年4月1日,18.00元,7.6
3002457,万里无云,行走的群山,李锐,,人民文学出版社,2008-1,15.00元,8.7
3130181,编辑部的故事,,王朔,,花城出版社,1992-3,3.55元,8.1
1436892,杨绛作品集,,杨绛,,中国社会科学出版社,1993,35.00,8.7
2060051,为不高兴的欢乐,,顾湘,,上海人民出版社,2007-5,24.00元,7.9
3766512,中国当代文学主潮,,陈晓明,,北京大学出版社,2009-4,57.00元,8.2
24940983,严歌苓作品集：谁家有女初长成,,严歌苓,,江苏文艺出版社,2013-7,29.80,8.1
6534895,走了一万一千里路,顾城诗选,顾城,,北京十月文艺出版社,2011-7-1,25.00元,8.2
1949674,我纷纷的情欲,,木心,,广西师范大学出版社,2007-1,28.00元,8.1
1012703,林家铺子,,茅盾,,人民文学出版社,1958-9,6.40元,7.8
3554728,富貴窯,,茅盾,,人民文学出版社,1958-9,6.40元,8.6
1062346,王贵与安娜,,六六,,上海人民出版社,2004-09,19.80,8.0
26795190,春盏,,廖伟棠,,四川文艺出版社,2016-6-1,48.00元,4.8
4187237,中国当代文学概说,,洪子诚,,北京大学出版社,2010-1,25.00元,8.6
1065235,被当作鬼的人,,李傻傻,,东方出版中心,2004-08,18.00,8.1
1013157,成长如蜕,,程绍武主编,,北京十月文艺出版社,1998-01,29.00,8.6
25767500,女儿的台湾 父亲的大陆,,陈浩,,中华书局,2013-10-23,28.00,7.4
1047851,晃晃悠悠,,石康,,长春出版社,1999-11,18.00,7.7
3894842,格萨尔王,,阿来,,重庆出版社,2009-9,29.80元,7.5
20379521,萝卜菜籽结牡丹,,仙枝,,九州出版社,2013-1-1,29.80元,7.5
1098103,周渔的火车,,北村,,作家出版社,2002-4,23.00元,7.6
1771267,熬至滴水成珠,,池莉,,作家出版社,2006-5-1,29.00元,7.5
24155698,一号命令,,叶兆言,,江苏文艺出版社,2013-5,26.80元,6.8
2243213,山楂树之恋,,艾米,,江苏文艺出版社,2007-9,25.00元,7.9
1198498,清洁的精神,,张承志,,安徽文艺出版社,2000-01,15.8,8.3
1288913,半生为人,,徐晓,,同心出版社,2005-1-1,28.00,8.3
1433382,河边的错误,跨世纪文丛,余华,,长江文艺出版社,1992年12月,14,7.9
1036445,从未描述过的梦境（全两册）,,残雪,,作家出版社,2004-01,39.00,7.9
6100839,中国当代文学制度研究,,张均,,北京大学出版社,2011-4,38.00元,8.5
25923591,老师好美,,严歌苓,,天津人民出版社,2014-7-1,39.00元,5.7
1095667,中国国外获奖作家作品集.陈丹燕卷,,陈丹燕,,云南人民出版社,2001-12,23.10,8.8
1946554,最后的村庄,曹乃谦短篇小说选,曹乃谦,,中国广播电视出版社,2006-12-1,23.50元,7.9
3662230,七十年代,,北岛、李陀 主编,,生活·读书·新知三联书店,2009-7,42.00,8.5
26628289,一直爱下去,黄磊家庭相册,黄磊、孙莉,世纪文景,上海人民出版社,2015-9,59.00元,7.3
3518333,寻找无双,,王小波,,时代文艺出版社,2009-1,26.00元,8.8
1261153,青蛇,,李碧华,,天津人民出版社,2005-1,16.00元,8.4
1072248,永不瞑目,,海岩,,群众出版社,2003-06,24.00,7.9
1015166,流年,,魏微,,花山文艺出版社,2002-05,15.00,8.3
1016595,雍正皇帝（全三册）,,二月河,,长江文艺出版社,2001-2,80.00元,8.3
4087457,文学讲稿,“八十年代”作为方法,程光炜,,北京大学出版社,2009-9,42.00元,7.7
3432304,大江东去（共三部）,,阿耐,,湖北长江出版集团，长江文艺出版社,2009年01月,118.00元,9.1
25928646,生而為人,,鍾玲玲,,《字花》編輯部／水煮魚,2014-7,非賣品 （隨《字花》第五十期附贈）,8.5
1021141,流水三十章,,王安忆,,上海文艺出版社,2002-10,28.00元,7.8
3713398,左边,毛泽东时代的抒情诗人,柏桦,,江苏文艺出版社,2009-4,28.00元,7.8
3107983,花影,,叶兆言,,大众文艺出版社,2008-5,22.00元,7.1
5412795,我BOOK1,,张辛欣,,北京十月文艺出版社,2010-12,25.00元,8.3
1732993,余光中,,余光中,,,2006-1,20.00元,8.8
3354627,中国当代文学史作品选,,洪子诚 主编,,北京大学出版社,2008-11,36.00元,8.5
2307682,北京人在纽约,,曹桂林,,中国文联出版社,1991年8月,4.60元,7.5
2237535,烦恼人生,,池莉,,作家出版社,1989,3.00,7.7
1081206,作女,,张抗抗,,长江文艺出版社,2004-07,20.00,7.1
5367303,城邦暴力团（下）,,张大春,,上海人民出版社,2011-1,36.00元,8.4
1008062,后宫,,苏童,,江苏文艺出版社,1994-12,14.50,8.4
1915716,负暄琐话,,张中行,,中华书局,2006-9,24.00元,8.5
1982415,道德颂,,盛可以,,上海文艺出版社,2007-1-1,18.00元,6.9
3581499,月色撩人,,王安忆,,云南人民出版社,2009-3,25.00,6.6
1025968,二十世纪中国文学史论（第二卷）,,王晓明主编,,东方出版中心,1997-11,40.00,8.8
1580622,謫仙記,,白先勇,,水牛,1991年01月15日,NT$130,8.4
1083237,萧红,萧红,萧红,,上海文汇,2002-1,16.00元,8.1
6088153,人间,重述《白蛇传》,李锐、蒋韵,,长江文艺出版社,2011-5,26.80元,8.5
1660203,夜泊秦淮,,叶兆言,,浙江文艺出版社,2000-09-01,16.5,8.1
2996046,哦，香雪,,铁凝,,中国盲文出版社,2008-1-1,28.00元,7.8
2297786,北京，北京,,冯唐,,重庆出版社,2007-11,23.80元,7.6
1075430,水乳,,盛可以,,春风文艺出版社,2003-01,13.00,6.8
6729209,遣悲怀,,骆以军,,上海人民出版社,2011-8,32.00元,7.7
1049976,望着你,,北村,,东方出版社,2003-8,24.00,7.8
1084405,新星,,柯云路,,人民文学出版社,1985-5,25.00元,7.7
1084075,将军吟,,莫应丰,,人民文学出版社,2005-1,30.00元,7.5
3545884,牛天赐传,,老舍,,文汇出版社,2009-1,22.00元,8.8
2150589,赤脚医生万泉和,赤脚医生浮生记,范小青,,人民文学出版社,2007-7,26.00元,8.1
3336960,沧海明月·凝碧卷,,沧月,,２１世纪出版社,2008-12,20.00,8.5
3297466,我的团长我的团（上部）,,兰晓龙,,新星出版社,2009-1,35.00,9.2
10446306,靠谱,,田艺苗,,南京大学出版社,2012-8,36.00元,7.1
1075079,抗争宿命之路,,李杨,,时代文艺出版社,1993-06,7.90,8.0
6064282,满树榆钱儿,,马平来,,人民文学出版社,2011-4,50.00元,8.8
1426704,最后的情人,,残雪,,花城出版社,2005-9-1,25.00元,7.4
3120973,吉祥如意,鲁迅文学奖·宁夏作家自选集,郭文斌,,宁夏人民出版社,2008-05,25.80元,9.1
1975960,所以,,池莉,,人民文学出版社,2007-2,26.00元,7.1
1438954,米,,苏童,,江苏文艺出版社,1996-04-01,18.00元,8.1
1186661,人之窝,,陆文夫,,上海文艺出版社,1995-9,20.00元,7.7
4077909,重返八十年代,,洪子诚　等著，程光炜　编,,北京大学出版社,2009-9,28.00元,7.9
1200839,冬天里的春天（全二册）,,李国文,,人民文学出版社,2005-1-1,39.0,7.4
5397761,烦恼人生,,池莉,,北京十月文艺出版社,2010-11,29.80元,8.1
5373473,红豆,,宗璞,,花城出版社,2010-11-1,18.00元,6.9
4932570,埋,一本用罪恶写成的大善书,杨哲,,重庆出版社,2010.8,28.00元,8.0
1428106,双面胶,,六六,,上海人民出版社,2005-10,19.00元,7.7
1979111,冒犯书,,陈希我,,人民文学出版社,2007-2,26.00元,7.2
2296562,天空线下,,张北海,,上海人民出版社,2007,25.00元,7.5
4884218,我的阿勒泰,,李娟,,云南人民出版社,2010-7-1,22.00元,8.8
24737171,53种离别,,虹影,,江苏文艺出版社,2013-6,32.00元,6.7
1003264,韩少功自选集,,韩少功,,海南出版社,2004-05,48.00元,8.3
2186929,春天来到昙华林,,方方,,作家出版社,2007-7,25.00元,7.7
2327728,踏着月光的行板,,迟子建,,春风文艺出版社,2007-10-1,20.00元,8.4
3684926,动物凶猛,,阎连科、王朔、王安忆,,中国文联出版社,2009-5,36.00元,8.2
20428320,扶桑,,(美)严歌苓,,北京联合出版公司,2013-7,29.80元,7.9
1428428,灵地的缅想,,胡河清,,学林出版社,1994年12月第1版,8.8,9.0
2974036,周国平散文,,周国平,,人民文学出版社,2008-01,23.00元,8.4
1822866,王小波全集(第五卷),长篇说 剧本,王小波,,云南人民出版社,2006-6,16.80元,8.7
3266390,一九四九：傷痕書寫與國家文學,,王小波,,云南人民出版社,2006-6,16.80元,8.4
25761068,天桥上的魔术师,,吴明益,,新星出版社,2013-12,28.00元,8.5
1201830,小姐你早,,池莉,,作家出版社,1999-08,13.00元,7.2
3177130,席慕容诗歌精品,席慕蓉诗歌精品,席慕容,,海峡文艺出版社,1989年7月,2.00,9.0
10554312,英华沉浮录 3,,董桥,,海豚出版社,2012-7,40.00元,8.1
1946854,高女人和她的矮丈夫,,冯骥才,,江苏文艺出版社,1995.12,13.00,8.5
21668148,西藏秘密,1959年以前西藏到底发生了什么,刘德濒,,长江文艺出版社,2013-4,58.00元,8.4
1853457,美元硬过人民币,,韩东,,上海人民出版社,2006-8,25.00元,7.8
1274288,离婚指南,,苏童,,今日中国出版社,1995-10,16.80元,7.6
1019586,红瓦,,曹文轩,,作家出版社,2003-1-1,32.00元,8.6
24699038,我只在乎你,,郑执,,作家出版社,2013-6,29.00元,8.4
26811965,火不是我点的,,于一爽,,百花文艺出版社,2016-6,39.50元,6.6
1223754,艳阳天（全三册）,,浩然,,人民文学出版社,2005-1-1,78.00元,6.9
1010977,天下粮仓,,高锋,,作家出版社,2002-01,29.00,8.1
4137847,恋爱宝典,爱与文学不朽,蒋峰,,湖南人民出版社,2010-1,28.00元,8.3
1037951,食指的诗,,食指,,人民文学出版社,2000-12,12.00,8.3
3287883,糖,,棉棉,,珠海出版社,2009-1,20.00,7.3
2148199,现在让我们赞美富人,,棉棉,,珠海出版社,2009-1,20.00,8.1
1030470,香草山,,余杰,,长江文艺出版社,2002-1,24.00元,7.9
24295880,天上的白云真白啊,乌青诗选,乌青,,江苏文艺出版社,2013-5,28.00元,6.4
2249966,人莫予毒,,王朔,,天津人民出版社,2011-8,29.80元,7.3
1081971,拯救乳房,,毕淑敏,,人民文学出版社,2003-6-1,20.00,8.0
19987957,寡人有疾,,苗炜,,湖南文艺出版社,2012-10-1,29.00元,7.3
1987262,王小波全集(第十卷):未竟稿,,王小波,,云南人民出版社,2007-1,16.80元,8.3
1875581,西班牙三棵树,,木心,,广西师范大学出版社,2006-9,16.00元,7.8
1011428,塞壬的歌声,,格非,,上海文艺出版社,2001-11,18.00元,8.0
2984652,汪曾祺集,,汪曾祺,,花城出版社,2008-1,35.00元,9.3
10549793,古老的敵意,,北島,,牛津大學出版社,2012-3-19,HKD 75.00,8.0
1893879,张居正（全四册）,,熊召政,,人民文学出版社,2006-7,112.00元,8.5
1052477,中国式离婚,,王海鸰,,北京出版社,2004-09,22.00元,7.6
1438672,胡河清文存,,胡河清,,三联书店上海分店,1996,14.20,8.7
1088123,白蛇·橙血,,严歌苓,,春风文艺出版社,1998-10-1,23.00,8.4
