20271923,彼得·科恩木工基础,掌握木工技艺的精髓,彼得·科恩,王来、马菲,北京科学技术出版社,2013-1-1,49.80元,8.5
2130270,折纸大全,欧洲折纸协会推荐的最佳折纸用书,(英)瑞克·比奇,张舟娜 译,黑龙江科学技术出版社,2007-5,68.00元,8.7
23042516,橡皮章中毒,跟阿朴玩章子,阿朴,,黑龙江美术出版社,2013-4-1,25.00元,8.4
1335485,刺绣针法百种简史与示范,,粘碧華著,,雄獅圖書,2003年01月28日,NT$ 540,9.5
25767721,大人的科学：浪漫四季星空灯,,日本学研教育出版,马颖瑞,北京联合出版公司,2013-12,188.0,8.8
10729468,爱上有缝纫机的日子,,栗田佐穗子 编,李盛,河南科学技术出版社,2012-6-5,29.80元,8.5
24284213,最详尽的缝纫教科书,,河合公美子,杨彩群,河南科学技术出版社,2013-6,36.00元,8.8
4284900,手作族一定要会的缝纫基本功,,靓丽出版社,,书锦缘,2010-2,32.80元,8.2
25843211,大人的科学：流光幻彩折纸灯,,日本学研教育出版,武岳,北京联合出版公司,2014-4-1,199.00元,9.1
2015118,最简单的家庭木工,,木工编辑組,,朱雀文化事业有限公司,2006。10。01,280 TWD,7.6
6519166,皮革工藝. vol.9 基礎技法篇,基礎技法篇,高橋矩彥,李信伶,楓書坊文化出版社,2011-1-15,NT320,8.8
3765140,haru的橡皮章生活,台湾原版引进的中文简体版,haru 著、廖家威 摄影,,化学工业,2009-6,28.00元,8.1
10435675,最详尽的钩针编织教科书,,濑端靖子,何凝一,河南科学技术出版社,2012-2,32.80元,9.4
7064924,青木和子的唯美刺绣,玫瑰花园,青木和子,何凝一,河南科学技术出版社,2011-12,28.00元,8.8
3170062,缝纫基础知识,美开乐缝纫必备丛书,青木和子,何凝一,河南科学技术出版社,2011-12,28.00元,9.0
6515888,把刺绣变简单,超图解 100个关键技巧快速上手,邓美华,,河南科学技术出版社,2011-7,39.80元,9.1
26845243,手作铁丝小花园: 小而美的多肉微盆栽,,[日] 奥田由味子,沙子芳,未读·生活家 北京联合出版公司,2016-9,48,7.9
4175516,皮革工藝Vol.1,手縫皮革包,高桥矩彦,陆蕙贻,楓書坊,2009-10,80.00元,8.7
5323631,Cotton Time精选集：78款居家实用布杂货,,[日] 主妇与生活社,滕玉英,河南科学技术出版社,2010-10,29.80元,8.5
26910362,此刻花开,一本精美绝伦的手工纸雕书,徐静,,百花洲文艺出版社,2016-12,68元,8.9
4008187,自己裝訂手工書,,徐静,,百花洲文艺出版社,2016-12,68元,8.2
6013399,Cotton Time精选集：75款简单可爱的手作包包,,[日] 主妇与生活社,何凝一,河南科学技术出版社,2011-3,29.80元,8.9
22992362,从零开始学缝纫,,日本成美堂出版编辑部,赵怡凡,河南科学技术出版社,2013-5,36.00元,8.0
5391225,玩转手工100招,布艺、刺绣、编织全掌握,（日）主妇之友社,杨彩裙,河南科学技术出版社,2010-11,38.80元,8.4
6307972,半天就能做好的布艺小物,,（日）靓丽出版社,宋薇\书中缘\书锦缘,河南科学技术出版社,2011-5,26.80元,8.4
3566473,《木工DIY傢具》,打造一輩子的好夥伴
親手打造木榫傢具,Oak Village,陳秉魁,教育之友文化,2008,320,8.4
11610691,最详尽的棒针编织教科书,,濑端靖子,何凝一,河南科学技术出版社,2012-9,36.00元,9.6
2204463,我的第一本裁缝书,1天就能完成的生活服饰.杂货,真野章子,,覃嘉惠,朱雀文化,280台币,7.4
10546028,缝纫超活用技巧宝典100+,,台湾喜佳,,河南科学技术出版社,2012-3,39.80元,8.7
5917342,青木和子的十字绣,野花园,[日] 青木和子,霍光,河南科学技术出版社,2011-2,23.80元,8.9
3006563,极简风手缝皮革,,野谷久仁子,,積木,2005,NT$399,8.3
24859817,塔莎的传家宝,,(美)托娃·马丁 著、(美)理查德·布朗 摄,孙婷婷,中国城市出版社,2014-2,45.00元,8.2
5983623,英國風立體刺繡,スタンプワークでハーブと花を描く－イギリスの立体刺しゅう,森本幸子,潘舒婧,楓書坊文化出版社,2010-7,NT 300,8.9
5942543,女孩子的手编小饰品111款,,（日）靓丽出版社编著,张静,河南科学技术出版社,2011-1,25.00元,8.4
2286348,小可愛刺繡,enjoy my handmade life,小間敬子 等,,積木文化,2007-07-23,NTD280.00,8.7
6392695,钩出超可爱立体小物件100款,情迷玫瑰篇,[日] 美创出版,何凝一,河南科学技术出版社,2011-6,26.00元,9.0
2057694,在旅行中遇見手工藝術,,陳依凡,,麥浩斯資訊股份有限公司,2007-3-26,新台币280元,7.7
2192122,一周12小時的手作生活,,夏米,,台視文化事業股份有限公司,20070801,NTD250.00,7.8
4748408,情有独钟的钩针花样,,（日）村林和子,郑悦,河南科学技术出版社,2010-03-30,25.00元,9.2
4770405,羊毛毡手作速成班,,苹果绿,,河南科学技术出版社,2010-5,36.00元,8.4
26303026,手工皮艺基础,日本最受欢迎的手工皮具DIY书,[日]高桥创新出版工房,张雨晗,北京科学技术出版社,2015-1-1,48.00元,7.5
6958506,钩出超可爱立体小物件100款 创意花边篇,创意花边篇,（日）美创出版,李杨,河南科学技术出版社,2011-12,26.00元,9.2
25839740,服装制作基础事典,,郑淑玲,,河南科学技术出版社,2013-11-1,CNY 48.00,7.3
3073826,青木和子不思議刺繡,,青木和子,王慧娥,積木文化股份有限公司,20080414,NTD320.00,9.1
10519083,自己做100%保养级手工皂,,娜娜妈|摄影:廖家威,,华夏出版社,2012-3,49.00元,8.5
1333136,超簡單木工,,高野好造,,三悅文化,2004年01月01日,NT$ 250,7.7
2383005,巴黎手作创意人,,Editions de Paris 编著,叶子,山东人民出版社,2008-1,35.00,7.5
3714715,钩出超可爱立体小物件100款,,美创出版,戴丽,河南科学技术出版社,2009-5,26.00元,8.7
1018426,服装缝制图解大全,,美创出版,戴丽,河南科学技术出版社,2009-5,26.00元,9.0
25767723,大人的科学：复古双反照相机,,日本学研教育出版,吕晶,北京联合出版公司,2013-12,199.00,9.0
2072398,星期六的裁縫,,堀川波,,台灣國際角川書店股份有限公司,20070501,NT$250.00,7.4
4189956,初玩刺绣100招,靓丽女性手工21,小仓幸子,书锦缘,河南科学技术出版社,2010-1,19.80元,8.4
3222907,101个缝纫秘诀,美开乐缝纫必备丛书,小仓幸子,书锦缘,河南科学技术出版社,2010-1,19.80元,8.3
26434750,橡皮章中毒2,跟阿朴玩章子,阿朴,,黑龙江美术出版社,2015-7-1,35.00,8.8
25847209,缝纫机基础,全面掌握缝纫技艺的精髓,简·博索娃,高焓,北京科学技术出版社,2014-3-1,CNY 39.80,7.6
3027615,编织教科书,,韩国手工编织协会 主编,崔冬梅,南海出版社,2009-8,39.80元,8.2
6392672,布，你要这样玩,超乎想象的可爱布艺小花边100款,（日）美创出版,何凝一,河南科学技术出版社,2011-6,26.00元,8.6
5998944,剪纸·花语,,[日] 大原麻由美,李晓洋,河南科学技术出版社,2011-3,26.80元,9.3
4239684,魔法钩针,1天就能完成的围巾、帽子、小物件,[日] 主妇之友社 编著,书锦缘,河南科学技术出版社,2010-1,22.80元,8.7
1082359,实用手工图鉴,,木内胜、田中皓也,欧阳安,接力出版社,2003-4-1,29.00,8.6
2981384,玩手工,全球56位创作人手工创意,张婉菁　编著、张颖诗　编著,,中国轻工业出版社,2008.2,32.00元,7.3
6990182,组合折纸新玩法100招,,（日）北条敏彰,何凝一,河南科学技术出版社,2012-1,29.80元,9.7
3663230,中国结基础技法,,奇积中国结设计制作中心,,湖南美术,2009-4,38.00元,7.7
4742948,缝熊志,,西西,,江苏文艺出版社,2011-1,38.00元,8.4
5917341,世界花样剪纸,,[日] 上河内美和,张蓓蓓,河南科学技术出版社,2011-2,26.80元,8.6
2302098,女生玩木工,,[日] 上河内美和,张蓓蓓,河南科学技术出版社,2011-2,26.80元,7.9
25843212,大人的科学：牛顿天文望远镜,,日本学研教育出版,刘晓苹,北京联合出版公司,2014-4-1,188.00元,8.9
6393556,从零开始玩拼布,,（日）靓丽出版社,殷婧婷,河南科学技术出版社,2011-6,29.80元,8.9
25896081,陶艺制作圣经,从材料到制作工艺的完全指南,[英] 泰勒 著,,北京美术摄影出版社,2014-5,198,8.1
5441090,风靡北欧的针织小物,不可思议的编织技巧,[日] 林琴美,刘珊姗、李彦霞,河南科学技术出版社,2011-1,21.00,8.8
3271659,神谷哲史作品集,,神谷哲史,,Origami House, Tokyo. Copyright,2005,4000円,9.8
1785388,手工自創品牌,100% Hand-Made,曾秀鈴,,積木文化股份有限公司,20060427,HK$107,7.4
11507904,毛线球1·设得兰编织物语,,宝库社,梦工房,河南科学技术出版社,2012-7-1,49.00元,9.4
1336261,及川久美的娃娃屋,,及川久美,蔡姿淳,尖端,2005年06月17日,NT$ 298,9.2
6523737,3步骤做顶级护肤品,,石彦豪,,河南科技,2011-6,36.00元,7.9
2042173,橡皮章幸福物語,,小間敬子,謝佳芸,世茂出版社,20061214,NT$240.00,7.8
24733763,大塚绚子的优美立体刺绣,,大塚绚子,梦工房,河南科学技术出版社,2013-6,36.00元,8.5
11445019,手縫皮革技巧事典,,銀革皮業有限公司,,麥浩斯,2011-12-22,NTD 380,8.6
5399568,我的缝纫机笔记,,叶慈慧,,河南科学技术出版社,2011-1-1,39.80元,8.7
10564515,从平面到立体,设计师必备的折叠技巧,保罗·杰克逊,朱海辰,上海人民美术出版社,2012-3,50.00元,8.7
2242493,手工瘋雜貨 No.3,,DIY玩佈置編輯部,,麥浩斯資訊股份有限公司,20070824,NTD169.00,7.4
6857379,手作服缝纫基础,,坂上典子,韩慧英,化学工业出版社,2011-10,48.00元,7.6
25725995,尾上惠美的刺绣入门教科书,200种针法+纯美图案,[日]尾上惠美,,梦工房,河南科学技术出版社,39.00元,8.3
10545481,钩出蕾丝般美丽生活,唯美素雅篇,（日）美创出版,何凝一,河南科学技术出版社,2012-5,29.80元,9.1
2192105,自然風鄉村拼布,,王惠珍,,尚書文化事業有限公司,20070801,NTD320.00,7.5
7054201,我最喜欢的漂亮发饰DIY,,[日] 内田瑞惠,何凝一,河南科学技术出版社,2011-12-1,22.80元,9.1
6443376,开心的折纸过家家,一起来折纸吧,[日] 新宫文明,康艳梅,河南科学技术出版社,2011-6,32.80元,8.9
3012503,手工自创品牌,,曾秀玲文、庄明颖摄影,,三联书店,2008-1,36.00元,7.2
6124308,安徒生童话剪纸,,（日）太田拓美,李晓洋,河南科学技术出版社,2011-5,28.80元,8.3
3709561,瓦楞纸的创意生活,,株式会社主妇之友社,书锦缘,辽宁科技,2009-5,25.00元,8.3
1866784,友達的手做布包,,株式会社主妇之友社,书锦缘,辽宁科技,2009-5,25.00元,7.5
3156415,Cotton friend-精選超可愛手作服,,株式会社主妇之友社,书锦缘,辽宁科技,2009-5,25.00元,8.6
2707826,500 Handmade Books,Inspiring Interpretations of a Timeless Form (500 Series),Lark,,Lark Books,2008-07-01,160.00元,9.0
6875235,北欧风情的刺绣小样,,（日）靓丽出版社,何凝一,河南科学技术出版社,2011-11,26.80元,9.0
2251671,让你爱不释手的手作布包,,Hobbyra Hobbyre,,教育之友文化,20061101,NT$220.00,7.6
2251668,手創自由風: 包包x裙子,,熊津編輯部,,積木文化股份有限公司,20060814,NT$380.00,6.9
4742564,钩针的基础,,三丽鸥公司,北京凸版数字产品有限公司,青岛,2010-3,25.00元,8.4
26269697,大人的科学：风力双脚机器人,《大人的科学》系列中最不可思议的励志萌物,日本学研教育出版,编著,北京联合出版公司,2014-12-1,199.00元,9.7
19967686,简单折纸大百科,,主妇之友社,何凝一,河南科学技术出版社,2012-11,36.00元,9.9
4718382,生活中的实用绳结,,（日）小暮干雄,霍晓伟,辽宁科学技术出版社,2010-03-09,28.00元,8.5
1083008,DIY生活百科（第2辑 全8册）,,[英]杰弗·汉密尔顿（Geoff Hamilton）,许瑜菁,中国友谊出版公司,2004-4,38.00,8.1
6118578,純手感印刷‧加工DIY BOOK,省錢又有趣，讓DM、書冊、卡片＆包裝更具吸引力的變身術,大原健一郎、野口尚子、橋詰宗,黃瓊仙,良品文化館,2011-8-30,TWD 380,8.6
5504242,心意满满的节日鲜花包装,,（日）长谷惠,朱宁,河南科学技术出版社,2010-11,36.00元,9.2
6793964,快乐剪纸花样大全,,（日）成美堂出版编辑部,李晓洋,河南科学技术出版社,2011-9,32.80元,9.7
20429353,青木和子的刺绣之旅-绿山墙的安妮之岛,,青木和子,何凝一,江西科学技术出版社,2013-1,28.00元,9.3
24872141,手缝皮革技巧事典,,印地安皮革创意工场,,河南科学技术出版社,2013-7-1,CNY 48.00,8.1
24529131,自然野趣DIY,自然野趣D.I.Y.,黄一峰,,中信出版社,2013-5-10,39.80元,8.4
6384993,香皂雕花入门,,（日）森田美穗,滕玉英、书中缘、书锦缘,河南科学技术出版社,2011-5,28.00元,8.4
3344824,Cotton Friend──棉．麻．蕾絲讓妳的手作服不一樣！＊隨書附贈原寸紙型,,BOUTIQUE社,,雅書堂,20081212,NTD249.00,8.4
6969147,Cotton time精选集:布艺达人的居家创意DIY,,（日）主妇与生活社,杨彩群,河南科学技术出版社,2011-12,29.80元,9.2
6003719,鸡蛋花花手工课,,鸡蛋花花,,重庆大学,2011-2,49.80元,8.8
6969150,巴黎风格的布杂货,,（日）远藤亚希子,何凝一,河南科学技术出版社,2012-1,28.00元,8.6
4030538,看見夢想的1000個手作雜貨和飾品,,Kurikuri编辑部,陈文敏,朱雀文化,2009年8月20日,NT$280,8.2
7005452,全图解钩针编织入门,(附编织基础针法教程高清光盘),今泉史子,,河南科学技术出版社,2012-1,32.80元,8.8
5441091,风靡北欧的针织小物,暖意融融的围巾•披肩•手套•袜子,林琴美,刘姗姗 李彦霞,河南科学技术出版社,2011-1,21.00元,8.7
6560798,第一次玩草木染,,靓丽社 编,韩慧英,化学工业,2011-8,35.00元,8.0
1378586,純天然手工香皂.,,靓丽社 编,韩慧英,化学工业,2011-8,35.00元,9.1
19967680,钩针与棒针编织技法大全,,美香、优香,何凝一,河南科学技术出版社,2012-11,39.80元,9.8
6024131,布想说的事，Yuki告诉你,,Yuki,,重庆出版社,2011-3,30.00元,8.2
3127002,小巧刺繡圖案集,,Yuki,,重庆出版社,2011-3,30.00元,8.2
10495001,250陶瓷创意设计秘籍,,贾克奎•阿特金,,人民美术出版社,2011-12-1,58.00元,8.9
6392690,纽扣的游戏,,[日] 加藤真有里,李杨,河南科学技术出版社,2011-6,29.00元,8.3
4770409,钩针狗狗的每一天,,（日）星 光辉,滕玉英,河南科学技术出版社,2010-04-13,19.00元,9.1
1758568,橡皮章生活雜貨,,小間敬子,,積木文化股份有限公司,20060324,NTD260,7.9
3400882,平面设计中手工元素的应用艺术,,陈氏设计工作室,李慧娟,上海人民美术出版社,2009-1,68.00元,8.1
20275978,永不过时的祖母方格钩编,,陈氏设计工作室,李慧娟,上海人民美术出版社,2009-1,68.00元,8.3
10595877,皮革手工技法入门,轻松上手的基础技法大全,手工艺研究学院,,孟琰,2012-5,39.80元,7.5
24754995,刺绣花样图案365,,日本宝库社,金璐,江西科学技术出版社,2013-8,29.8,7.9
1119723,苏绣图案,,柳炳元,,上海人民美术出版社,1983-4-1,9.80元,9.0
22224249,尾上惠美的唯美刺绣,花朵集,尾上惠美,李倩,河北科学技术出版社,2013-5,32.00元,8.9
3036827,巴黎女生. 包包私設計,,Editions de Paris,黃碧君,麥田出版社,20080409,NTD260.00,7.6
6854604,剪纸山海经（上下）,(剪纸艺术家于平、任凭夫妇，二十年探索巨献。320副剪纸作品，再现《,于平、任凭 图文、黄仁发 译注,,新世界出版社,2011-9,168.00元,8.7
10749563,手心里的袖珍甜点,40余款超迷人的黏土作品,郭桄甄,,河南科学技术出版社,2012-5,32.80元,9.8
6519019,最简单的家庭木工,最简单的家庭木工,(日)地球丸木工编辑部,芙安,化学工业出版社,2011-6-1,38.00元,7.4
2049840,品味橡皮章,,津久井智子,陳玉華,世茂出版社,20070329,NT$250.00,7.8
2155225,世界雜貨散步,,簡佳璽,,尖端出版,20070530,NT$260.00,7.7
6012382,写给大家看的DIY设计书,,罗宾·威廉姆斯、卡门·谢尔顿,陈晶,上海人美,2011-3-1,58.00元,8.1
6790022,格子教你做自然好用的100款手工皂&护肤品,,格子,,河南科技,2011-8,38.00元,7.2
3835222,皂經－手工皂書,全方位的製皂方法: 讓你想玩就玩, 創意無限!,周嘉蘋,,中華色研出版社,2008,NT$520,7.8
4771463,中岛凯西的花样拼布,,中岛凯西,赵锦玉,河南科学技术出版社,2010-04-14,28.00元,9.5
6877709,布艺样的牛奶盒,,（日）靓丽出版社,何凝一,河南科学技术出版社,2011-11,25.00元,9.0
3858882,極簡風手縫皮革2,居家創意篇,野谷久仁子,沙子芳,積木文化股份有限公司,2009,NT$399,8.1
3170386,基礎裁縫BOOK：從工具、縫紉技法，到完成日常小物＆衣飾,從工具.縫紉技法, 到完成日常小物&衣飾,楊孟欣,,朱雀文化,2008 年 02 月 01 日,TWD280.00,7.2
6443377,能玩又能用的折纸,,（日）新宫文明,何凝一,河南科学技术出版社,2011-6,32.80元,8.7
7163420,手作族一定要会的钩针基本功,,小濑千枝,何凝一,浙江科学技术出版社,2012-1,25.00元,9.4
3993943,花草刺绣之旅,,小濑千枝,何凝一,浙江科学技术出版社,2012-1,25.00元,8.2
4222797,橡皮章,开门,,夏米,,山东人民出版社,2010-1,28.00元,7.4
26772919,爱上橡皮章,凯罗的橡皮章口袋,凯罗,,辽宁科学技术出版社,2016-2-1,29.80元,7.7
6946589,手作达人教室 每天一款靓包包,每天一款靓包包,日本主妇与生活,何凝一,河南科学技术,2011-12,28.00元,9.6
3127007,手感和風刺子繡,,日本主妇与生活,何凝一,河南科学技术,2011-12,28.00元,8.2
1379213,雜貨talk,,Fion 強,,時報文化,20040621,NT$ 220,7.8
3982646,Cotton friend 手工生活：秋号特集,特设法国风情篇,[日] 靓丽社（Boutique-sha）,何凡薇,化学工业出版社,2009-8-1,35.00元,8.0
2213545,更美好年代──手製文具創作筆記,The Making of "La Jeunesse",Benedict Leung,,kubrick,sunrise thunder storm,2007,8.0
25717022,唯美雅致的手编绳结,,（日）田中年子,王靖宇,河北科学技术出版社,2013-10,32.80,7.7
3101909,Ciao，客厅工场,造访汉堡19位手工创意人,曹子在,,上海人民出版社,2008,38.00元,7.2
2373030,丹塔的袜子娃娃,,丹塔（台）,,黄山书社,20080101,28.00,8.0
19961400,生活中的创意折纸,,小林一夫,关心,河南科学技术出版社,2012-10,29.80元,9.4
3636180,Cotton friend 手工生活：夏号特集,,[日] 靓丽社（Boutique-sha）,孙文静,化学工业出版社,2009-4-1,35.00元,8.0
6721382,一缝就成的拼布小物,,徐韦华,,河南科技,2011-7,25.00元,9.0
6840184,时尚花饰100例,,（日）美创出版,吕婷轩,河南科学技术出版社,2011-10,28.00元,9.3
6394692,好可爱！纸胶带妙手玩,,（日）美创出版,吕婷轩,河南科学技术出版社,2011-10,28.00元,6.5
5272131,DIY袖珍木工屋,,陈正樑,,河南科学技术出版社,2010-9,25.00元,7.9
1018775,图解服装缝制手册,,（美）康妮·阿玛登·克兰福德 著，刘恒等译,刘恒,中国纺织出版社,1999-04,38.00元,8.7
4913054,自己做立體手工書,,水野真帆,沙子芳,楓葉社文化事業有限公司,2010,NT250,7.7
5954636,小小剪纸2,,[日] 靓丽出版社 编著,李杨,辽宁科学技术出版社,2011-3,12.80元,9.1
10974782,爱上法式生活手作,40款纯净手感法式布杂货,宋貞姬(Evens),陳宇琪,博誌文化股份有限公司,2010-8-5,NT$280,9.1
4189118,首饰材料应用宝典,,宋貞姬(Evens),陳宇琪,博誌文化股份有限公司,2010-8-5,NT$280,8.5
10429183,手作中毒2,手作中毒2-紙膠帶篇：紙膠帶雜貨的30個創意點子,Editions de Paris,鄭淑慧,木馬文化,2011-11-3,NT$260,7.3
1886466,手工印染-扎染与蜡染的艺术,,鲍小龙,,中国纺织大学,2006-8,28.0,8.1
4736164,貓毛氈手作雜貨,,蔦谷香理,王俞惠,野人,2010-03-15,250台币,7.7
10468323,拼布教室 89: 青木和子的庭園刺繡筆記,,青木和子,潘舒婧,楓書坊文化出版社,2012-1-3,NT$320,7.4
3105516,Kellys私房口金包,,青木和子,潘舒婧,楓書坊文化出版社,2012-1-3,NT$320,8.6
6720881,从花片开始玩蕾丝钩编,从花片开始玩蕾丝钩编,风工房,,化学工业出版社,2011-7,36.80元,8.0
4307018,我要学编织：棒针篇,,（日）靓丽出版社,郑悦,河南科学技术出版社,2010-02-22,21.00元,9.4
6711856,创意达人的手作游记,,BNN新社,暴凤明,中国青年,2011-7,39.80元,7.5
10546027,我爱布杂货,自己做我的舒适衣,DIY玩布置编辑部,,河南科学技术出版社,2012-3,38.00元,8.9
4770398,橡皮章休闲时光,250 多种橡皮章图案和橡皮章制作的精巧小物件,（日）滨野厚子,韩丽红,河南科学技术出版社,2010-5-18,23.80元,7.6
11610699,精美的手编挂饰DIY,,金田惠子,何凝一,河南科学技术出版社,2012-1,24.00元,9.2
24284769,第一次玩刺绣,可爱的刺绣图案500款,日本美创出版,何凝一,河南科学技术出版社,2013-6,28.00元,8.7
2299690,小T大做,美国狂销百万本,日本美创出版,何凝一,河南科学技术出版社,2013-6,28.00元,6.9
6938940,書‧手作：山崎曜的製本書,,山崎 曜,夏淑怡,積木,2011-10-18,TWD320,8.6
1907571,Neighbourhood (时尚手工艺公仔制作图书 ),(时尚手工艺公仔制作图书 ),山崎 曜,夏淑怡,積木,2011-10-18,TWD320,7.8
4062468,用麻绳编织幸运小饰物2,,雄鸡社,刘翀,辽宁科技,2009-10,22.00元,8.1
6000282,巧手折一折,纸玩偶,[日] 中村开己,李杨,河南科学技术出版社,2011-3,26.00元,8.7
6429683,手作中毒: 令人愛不釋手的25個創意點子,令人愛不釋手的25個創意點子,Editions de Paris,鄭淑慧,木馬文化事業有限公司,2011-3-10,NT$260,7.6
19966705,旧物改造,,【韩】吴真英,李晓成,中国水利水电出版社,2012-10,39.00元,7.7
10480691,蓝带甜点师的纯手工果酱,,于美瑞,,河南科学技术出版社,2011-2-10,29.00元,8.2
11527593,最好用的折纸小玩意儿,,主妇之友社,揭雷蒙,河南科学技术出版社,2012-9,32.80元,9.6
3982645,Cotton friend 手工生活,特设圣诞手工,[日] 靓丽社（Boutique-sha）,何凡薇,化学工业出版社,2009-8-1,35.00元,7.9
6715087,橡皮章创意图案集,,靓丽社(Boutique-sha)组织,,化学工业,2011-8,35.00元,7.3
1062974,中国结艺  基础结  中国编织精品系列,,《中国结艺》编写组编著,,中国轻工业出版社,2002-01,14.80,7.7
3161385,是口金包耶！,43个你一定没见过的口金包,《中国结艺》编写组编著,,中国轻工业出版社,2002-01,14.80,8.4
3121347,愛上生活手作,,柚子編著,,藝風堂,20080527,NTD250.00,7.4
4211813,刺绣针法大全,,柚子編著,,藝風堂,20080527,NTD250.00,7.3
3669322,创意贺卡大全,,[英][希利尔]Malc,,中国农业,2000-9,125.00元,8.6
4179375,收集幸福的手作筆記,,杉浦爽、杉浦さやか,許晴舒,如果出版社,2009,NT$250,8.1
10732061,一缝就成的拼布小物2,,徐(韦华)祯,,河南科学技术出版社,2012-5,28.00元,9.0
6395357,不打板也能轻松做衣服,,赵世君,,辽宁科技,2011-4,23.00元,6.6
11606819,钩针编织基础,手作人典藏版,宝库社,,化学工业出版社,2012-9,29.80元,8.0
26451423,日和手帖005：日用即道,日用即道,苏静 主编,,中信出版社,2015-8-1,42.00元,7.2
4239681,魔法棒针,1天就能完成的围巾、帽子、小物件,主妇之友社,,河南科学技术出版社,2010-1-1,22.80元,8.7
10780885,钩出超可爱立体小物件100款,浪漫花饰篇,美创出版,,何凝一,2012-6,26.00元,9.6
10484291,钩出你的味蕾,好好吃的毛线小物,连小乃,,河南科学技术出版社,2012-2,25.00元,8.9
7067169,爱上口金包,,孙小叆,,河南科学技术出版社,2012-1,29.80元,9.0
1958052,愛上手作, 因為貓,,鄭慧荷,,台視文化事業股份有限公司,20061120,NT$250.00,8.1
3636154,Cotton friend 手工生活：春号特集,,[日] 靓丽社（Boutique-sha）,孙文静,化学工业出版社,2009-4-1,35.00元,8.0
11601574,我的押花生活,,[日] 靓丽社（Boutique-sha）,孙文静,化学工业出版社,2009-4-1,35.00元,8.4
3244717,用不织布做甜点小饰物,,靓丽出版社,书中缘,河南科技,2008-10,22.80元,8.9
3082244,漂亮的礼品包装,,长谷惠,陈潇,河南科学技术出版社,2008-5,26.00元,7.9
11623718,给设计以灵魂,当现代设计遇见传统工艺,喜多俊之,郭菀琪,电子工业出版社,2012-9,48.00元,7.4
1341435,青木和子の刺しゅうスタイル 愛しの庭をスケッチして,,青木 和子,,雄鶏社,2001-1,JPY 1470,8.6
24876853,最详尽的羊毛毡教科书,,（日）绪方伶香,郑乐英,河北科学技术出版社,2013-9,38.00元,8.9
2154969,曼谷市集手工瘋,,黃姝,,麥浩斯資訊股份有限公司,20070629,NT$299.00,7.1
24838950,私、手创书衣,100%想象力制造，35款书衣不私藏！,小白、猫宅日和、Heaven Tai、阿福、张心瑀、Min、黛小比,,新星出版社,2013-6,38,7.3
20475580,纸品设计的私房创意手作,,夏洛特·里弗斯,金黎晅,上海人民美术出版社,2013-1,56.00元,8.3
2130271,纸艺大全,,保罗.杰克逊,陈璐,黑龙江科学技术出版社,2007-5,38.00元,8.0
3422622,巴黎·私囊志,,日本Editions de Faris出版社 编著,吕凌燕,山东人民出版社,2009-1,35.00,7.4
6067586,用不织布做蔬果小饰物,,（日）靓丽出版社,曹蔼莉,河南科学技术出版社,2011-4,25.00元,9.3
3927914,羊毛氈時尚飾品DIY,項鍊、耳環、手鍊、戒指和胸針,小山明子 Akiko, Coyama,覃嘉惠,朱雀文化事業有限公司,2009,NT$280,7.2
21363120,主题花样刺绣750款,,日本美创出版,王玲玲,河北科技出版社,2013-4,35.00元,9.0
6308008,恋上刺绣,,（日）森丽子,何凝一\书中缘\书锦缘,河南科学技术出版社,2011-5,23.80元,8.4
10342955,不一样的居家钩织,25款床罩、披肩和盖毯,麦乐迪·格瑞夫斯,陶洪,河南科学技术出版社,2012-1,36.00元,9.2
3423561,布艺样的家,温馨家居布艺,托恩·芬南吉尔,王西敏、王慧敏,河南科学技术出版社,2008-12,36.00元,8.5
3995602,不可思议的纸飞机,,王勋邦,,航空工业,2009-8,25.00元,7.7
3214234,cotton friend-幸福滿倍的手作服&溫柔刺,幸福手作服＆溫柔刺繡,日本手作誌,,雅書堂,20080910,NTD249.00,8.8
7163419,手作族一定要会的棒针基本功,,小濑千枝,何凝一,浙江科学技术出版社,2012-1,25.00元,9.5
24745194,森本幸子的英式立体刺绣,,小濑千枝,何凝一,浙江科学技术出版社,2012-1,25.00元,8.4
1375516,手工書55招,,小濑千枝,何凝一,浙江科学技术出版社,2012-1,25.00元,6.9
10759203,手巧才能心灵,华德福学校的手工和实用艺术,小濑千枝,何凝一,浙江科学技术出版社,2012-1,25.00元,8.5
7005448,全图解棒针编织入门,(附编织基础针法教程高清光盘),今泉史子,,河南科学技术出版社,2012-1,34.80元,7.8
4208374,立体纸艺巧手做,,中泽圭子,韩辉,辽宁科技,2010-1,22.80元,8.6
4259649,一天学会做布艺,,中泽圭子,韩辉,辽宁科技,2010-1,22.80元,8.2
5281860,绽放的布艺花,,日本拼布通讯社,何凝一,河南科学技术出版社,2010-8,26.80元,9.0
4089819,零起点学刺绣,,日本拼布通讯社,何凝一,河南科学技术出版社,2010-8,26.80元,8.3
2042644,不織布手作小舖,,日本拼布通讯社,何凝一,河南科学技术出版社,2010-8,26.80元,7.7
20430523,钩针编织的花样&花样拼接,钩针编织的花样&花样拼接,稚子文化,张艳辉,化学工业出版社,2013-1,32.80元,7.6
3001509,橡皮章，開門！,OPEN THE DOOR!,夏米,,臺視文化,2008.01.11,NTD250.00,8.0
10749643,Cotton friend 布艺之友 Vol.1,,靓丽出版社,何凝一,江西科学技术出版社,2012-7,42.80元,9.3
1060563,生日礼物自己做,,晓玉、编,,中国轻工业出版社,2002-01,16.80,6.9
10536474,用自己的節奏過生活,15位女設計師與手創家的築夢故事,田川美由,邱喜麗,野人文化股份有限公司,2012-3-1,NT$300,7.2
5242739,笨笨兔教你做娃娃,,笨笨兔,,中国时代经济,2010-7,38.00元,7.6
24706793,青木和子的唯美刺绣：憧憬中的庭院,憧憬中的庭院,(日) 青木和子,吕婷轩,浙江科学技术出版社,2013-6,29.80,9.2
6840037,旅行回忆的杂货教室,,[日]菅泽佳代,廖舜茹,黄山书社,2011-9-1,35.00元,7.2
1589951,服装造型学.技术篇Ⅰ,,中屋典子,,中国纺织出版社,2004-10,45.00元,9.0
6516126,亲亲宝贝装,1周就能完成的钩针小物（俏皮篇）,河合真弓,吕婷轩,河南科学技术出版社,2011-6,27.00元,9.4
4179372,自己做100%無添加洗顏．沐浴．洗髮精,60款草木天然液體皂全收錄 (附教學DVD),糖亞 (Tonya),,蘋果屋,2009,NT$350,8.0
25663162,毛线球5——花样蕾丝编织物语（日本宝库社最畅销图书、风工房、志田瞳、横山纯子、广濑光治、野口光、北尾惠以子等编织大师合力推出、独一无二的手工编织）,,（日）宝库社,梦工房,河南科学技术出版社,2013-8,49.00,7.9
2007443,西班牙手作人,,尚品 编,,湖南科技,2011-6,24.00元,7.9
10748116,丝带花语,手作80款唯美饰物                 B,小仓幸子,何凝一,河南科学技术出版社,2012-6,25.00元,8.8
6307488,钩出超可爱立体小物件100款,(唯美植物篇),(日本)美创出版,何凝一,河南科学技术出版社,2011-5-10,26.00元,8.9
23705700,青木和子的十字绣,与玫瑰相伴的日子,青木和子,何凝一,河南科学技术出版社,2013-6,26.00元,9.3
1131594,实用绳结200例,,朱仰慈、郑菡萍,,上海文化出版社,2003-8-1,18.00元,7.7
3090529,若山雅子簡單×可愛拼布,,朱仰慈、郑菡萍,,上海文化出版社,2003-8-1,18.00元,7.8
10594145,闷闷族无法自拔的手作笔记,,朱仰慈、郑菡萍,,上海文化出版社,2003-8-1,18.00元,6.9
11527767,创意剪纸风铃,,岩见花衣,马潇,河南科学技术出版社,2012-8,28.00元,9.5
10345399,悠游编织生活,趣味钩针小物,[日] 下田直子,郑悦,河南科学技术出版社,2011-12,21.00元,9.7
3642051,恋上不织布-手工制作迷你小饰物,,松村千惠,程鹤,河南科技,2009-4,26.00元,8.3
5962856,Making Handmade Books: 100+ Bindings, Structures &amp; Forms,,Alisa Golden,,Lark Crafts,2011-1,145.00元,8.0
25857193,青木和子的刺绣日记,四季庭园生活刺绣,[日]青木和子,,河南科学技术出版社有限公司,2014-3-1,36.00元,8.2
2049835,橡皮章創意生活: 擁有幸福魔力的生活雜貨,,小間敬子,王欣梅,非馬出版企畫所,20061001,NT$260.00,7.9
2134546,COTTON TIME 2007年 07月号,,小間敬子,王欣梅,非馬出版企畫所,20061001,NT$260.00,8.6
4062467,用麻绳编织幸运小饰物1,,雄鸡社,赵淼,辽宁科技,2009-10,22.00元,8.0
26805331,荻山和也的手作面包,,【日】荻山和也,马婷婷,江苏凤凰科学技术出版社,2016-6,29.80元,8.0
6859535,风靡亚欧的手编小饰物119款,,（日）靓丽出版社,杨克旭,河南科学技术出版社,2011-10,25.00元,8.8
1342929,樂在手工皂,,詹玲瑾　劉嘉蕙,,培根,20031006,NT$ 250,7.8
6966091,丝带绣的花样世界,图案与技巧,安·考克斯,李小平,河南科学技术出版社,2012-1,36.00元,9.4
24283461,看了就會做的超質感手工書,,井上夏生,,賴惠鈴,楓書坊,2013-4-1,7.5
4845844,皮革工藝Vol.4─隨身皮件篇,隨身皮件篇,高橋矩彥,,楓書坊,2010-4,80.00元,7.9
3130768,手工达人,,小怪怪,,重庆出版社,2008-6,28,7.3
3925809,一学就会布艺包包和小物件100款,,靓丽出版社,,谢雨佳,2009-9,25.00元,8.6
3642678,我的手作布書衣,任何尺寸的書籍、筆記本都適用的超實用書套,up-on factor,覃嘉惠,朱雀文化,20090327,NTD280.00,7.4
6794099,小布头大有玩头，手作小物100款,,[日] 靓丽出版社 编著,何凝一,河南科学技术出版社,2011-8,23.00元,9.0
4287855,扎染艺术设计教程,,杨建军,,清华大学,2010-1,60.00元,7.7
3874371,一学就会的手作小布包,,杨建军,,清华大学,2010-1,60.00元,7.6
2131009,這麼可愛, 不可以!,,海蒂 (Heidi）,,朱雀文化事業有限公司,20070515,NT$280.00,7.4
24714821,最详尽的刺绣教科书,,日本新星出版社,吕婷轩,河南科学技术出版社,2013-7,32.80元,8.0
21322512,手工皂终极指导书,,日本新星出版社,吕婷轩,河南科学技术出版社,2013-7,32.80元,7.7
6877617,送给宝宝的可爱刺绣图案集,,靓丽出版社,何凝一,河南科学技术出版社,2011-11,25.00元,9.9
1874043,Advanced Paper Aircraft Construction,Easy-to-follow Instructions for 14 Flyable Models (A Cornstalk Book),靓丽出版社,何凝一,河南科学技术出版社,2011-11,25.00元,9.2
25744071,職人誌,52個頂真職人，認真打拚的故事報乎恁知,靓丽出版社,何凝一,河南科学技术出版社,2011-11,25.00元,7.9
19930659,超人气拼布包包112款,,日本主妇与生活社,,赵怡凡,2012-10,48.00元,9.1
4158868,心灵手巧学编绳丛书 编绳饰物,,新颜,,湖南美术,2009-10,15.00元,6.9
4175500,皮革技法入門,皮雕．皮染．皮件製作．皮革工藝輕鬆上手的基礎技法！,手工藝研究學院,陸蕙貽,楓書坊,2008-9,75.00元,7.5
20418216,Hello！mt 我的幸福故事，就從mt膠帶開始,,鴨井(KAMOI)加工紙株式會社,林雅萩,英屬維京群島商高寶國際有限公司台灣分公司,2012-11-28,NT280,7.3
6778020,动手又动脑 三角组合折纸,,周赏涛,,辽宁科学技术出版社,2011-8,28.00元,9.0
2151915,折纸建筑,,茶谷正洋,,中国电力,2007-6,16.80元,8.1
1804656,服装造型学.理论篇,,三吉满智子,,中国纺织出版社,2006-4,48.00元,8.9
2057695,红.白.蓝拼布,,若山雅子,,沙子芳,20061206,106.4,7.8
24704694,回归自然,植物染料染色设计与工艺,王越平,,中国纺织出版社,2013-4-1,59.80,7.6
3583385,享受拼布时光-115款居家小品巧手做,,靓丽出版社,赵锦玉,河南科技,2009-3,23.80元,7.4
6437138,不織布就是裝可愛！,Yuki教你做35款Q到不行的不織布雜貨,靓丽出版社,赵锦玉,河南科技,2009-3,23.80元,7.9
4137348,我的第一朵手作布花,,吕宥瑧,,河南科技,2009-10,33.00元,7.5
6794113,用碎花布手缝创意小杂货,,[日] 日本拼布通信社,邓楚泓,河南科学技术出版社,2011-8,28.80元,8.6
19930660,钩出超可爱立体小物件100款 魅力花边篇,,日本美创出版,,何凝一,2012-10,28.00元,9.8
4307015,我要学编织：钩针篇,,（日）靓丽出版社,何凝一,河南科学技术出版社,2010-02-22,21.00元,9.3
26733844,抟物（壹）,201601,周公度  主编,,国际文化出版公司,2016-2,39.80元,6.9
10787090,半天完成的心动褶皱绣,,邓美华,,河南科学技术出版社,2012-6,38.00元,9.3
4743145,跟我这样捏大家都想要∶小胖猫黏土,,高桥理佐,萧雅文,三采文化,2010年,NT$250,7.8
6901526,折纸飞机大全,放飞童年的梦想,范范,,武汉大学出版社,2011-11,36.00元,7.9
10594589,DIY梦幻娃娃屋,,黄诗涵,,河南科学技术出版社,2012-5,36.00元,8.4
5026734,SD娃娃的魔法衣橱,9款SD娃衣步骤详解20款拍绝版娃衣美图,周菁,,重庆出版社,2010-10,28.00元,7.0
3323082,手工生活志,,周菁,,重庆出版社,2010-10,28.00元,7.4
4882788,钩针狗狗的每一天 2,,星光辉,,腾玉英,2010-7,19.00元,8.5
1331010,服装造型学。技术篇Ⅱ,,Michael, Valerie,,Sterling Pub Co Inc,2006-3,$ 22.54,8.6
26302517,衍纸的艺术,,朱立群纸艺术馆,,中国画报出版社,2015-2,98.00元,7.8
6029193,生牛奶糖與手工糖果,,朱立群纸艺术馆,,中国画报出版社,2015-2,98.00元,8.8
1799457,仙人掌的自由时光,SABOTEN STYLE 手作的创意幸福生活,羽兼直行,,蔡依青,果实,96.00元,8.3
1807217,服装造型学,礼服篇,(日),,中国纺织出版社,2006-3,36.00元,8.8
24876102,美丽的梭编蕾丝:180款唯美作品大集锦,,藤重 澄,,河南科学技术出版社有限公司,2013-7-1,58.00元,8.0
10828853,KaKa手工生活38,,藤重 澄,,河南科学技术出版社有限公司,2013-7-1,58.00元,8.6
4257369,唯美折纸,罗曼·迪亚兹折纸作品集,罗曼·迪亚兹（Román Díaz）,杨俊东、郑展鸿,河南科学技术出版社,2010-01,27.00元,8.8
1910020,毛衣编织花样5000,,阿瑛,,第1版 (2006年10月1日),2006-10,39.8,7.5
11026500,拼布配色事典,色彩成功搭配的13堂课,阿瑛,,第1版 (2006年10月1日),2006-10,39.8,8.8
25882958,设计人&手工达人必备的 1272个森林动物图案（全彩）含DVD光盘,私·素材工艺盒,Tsuchinoko（野槌蛇）、Qoonana（酷娜娜）,陈亚玲,电子工业出版社,2014-4,¥69.80,7.2
4232180,铝线做的创意杂货,,Tsuchinoko（野槌蛇）、Qoonana（酷娜娜）,陈亚玲,电子工业出版社,2014-4,¥69.80,7.2
19967697,小小十字绣500款,,鸣川和世、鸣川纯世,刘晓冉,112,2012-11,29.80元,9.1
3211199,實用裁縫的32堂課：最短時間、最省布料製作服飾和雜貨,,楊孟欣,,朱雀,20080801,NTD280.00,7.4
3146584,舊衣物．新雜貨34+,,馬妹．巫,,品鑑文化,20080610,NTD250.00,7.0
1083549,马赛克绝色杂货DIY,,快乐ㄊㄠノ兵,,汕头大学出版社,2003-5-1,18.00,7.7
6087485,手缝皮革文具,,高橋矩彥,林麗秀,三悅文化,2010-11-5,NT$320,7.5
2327180,服装面料与辅料手册,,刑声远,,化学工业出版社,2011-3-17,66.00元,8.1
6516101,亲亲宝贝装,1周就能完成的钩针小物（可爱篇）,(日)河合真弓 著,吕婷轩,河南科学技术出版社,2011-6,25.00元,9.6
10757237,青木和子的自然風花草刺繡圖案集,,Nydia、Mia、Page、美麗花、潘幸侖、雜糧麵包,,野人文化股份有限公司,2012-10-31,NT$320,7.6
3449937,Marabout ROUGE,,Nydia、Mia、Page、美麗花、潘幸侖、雜糧麵包,,野人文化股份有限公司,2012-10-31,NT$320,8.7
5326633,和爸爸妈妈一起玩剪纸,,石川真理子,李杨,辽宁科学技术出版社,2010-10,25.00元,8.6
1346052,我和我的手作包包,,青木和子,,積木文化,20041112,NT$ 280,7.1
21371638,杉野未央子的布艺小物,,杉野未央子,杨彩群,河南科学技术出版社,2013-4,32.00元,8.1
4768094,手感生活: 用照片手作雜貨,用照片手作雜貨,Saorin,,麥田出版社,20100413,NTD200.00,7.3
1805188,巧手制作小手袋,happynest.taobao.com,濑裕美,,江苏科学技术,2006-1,20.0,7.1
6508247,巴黎女生·包包私设计,,日本Editions de paris出版社,孙萌萌,山东人民出版社,2011-5,35.00元,7.0
3121336,鋁線雜貨生活手作,,柚子,,藝風堂,20080213,NTD250.00,7.8
1327257,中国蓝印花布纹样大全,,吴元新,,上海人民出版社,2005-5,360.00元,8.2
5961646,钩出我的贴心小物,,（日）深尾幸世,李杨,河南科学技术出版社,2011-3-1,23.80元,8.5
6011922,手縫皮革包 Lesson 1,2,,[日] 江面旨美,楊鴻儒,瑞昇文化事業股份有限公司,2011-1-25,NT$350,7.5
1213534,手工香皂百变造型,,快乐ㄊㄠノ兵,,汕头大学出版社,2003-3-1,12.00元,6.9
3030873,手掌大小的布娃娃,,靓丽出版社,赵征环,河南科技,2008-4,25.00元,7.6
20429356,中山富美子的异国风刺绣,,中山富美子,中森,浙江科学技术出版社,2013-1,26.80元,9.4
3073834,純手工縫製環保包: 善待地球的35個Bag!,好看、好揹、好提、好做水易攜帶的35個BAG,Boutique社,,雅書堂文化事業有限公司,20080401,NTD280.00,7.4
10574913,恋上手作花饰,,日本拼布通讯社,何凝一,河南科学技术出版社,2012-5,23.80元,8.9
10763061,趣味立体剪纸乐园,,大原麻由美,马骁,河南科学技术出版社,2012-6,32.00元,9.9
3156406,在家學縫紉,裁缝教室不传的秘技,劉靜玲,,麥浩斯資訊股份有限公司,20080624,NTD320.00,7.9
3441508,Marabout BLEU,,劉靜玲,,麥浩斯資訊股份有限公司,20080624,NTD320.00,8.4
20270768,Cotton friend 布艺之友 Vol.2,,日本靓丽出版社,何凝一,中国民族摄影艺术出版社,2012-12,48.00元,9.5
2040651,可愛的不織布雜貨,,大和千廣,,教育之友文化,20061201,NT$250.00,7.9
4062547,亲手缝制的温暖家居服&布艺小物,,靓丽社,贺林衎,化学工业,2009-7,28.00元,7.8
5418739,日式立体押花DIY,,靓丽社,贺林衎,化学工业,2009-7,28.00元,7.2
1537363,木工雕刻技术与传统雕刻图谱,,路玉章,,中国建筑工业出版社,2000-1-1,59.00元,6.9
10749649,我和宝贝的手作亲子装,,日本靓丽出版社,何凝一,江西科学技术出版社,2012-7,29.80元,8.6
4850342,娜娜妈教你做超滋养天然修护手工皂（赠打皂教学DVD-ROM）,,娜娜妈,,木马文化事业有限公司,2010年4月9日,80,7.6
3237104,内田彩仍さんのちょっとだけおめかし。私の暮らし―Dear,sweet home,Dear,sweet home,内田 彩仍,,主婦と生活社,2005-12,JPY 1365,8.1
20382426,服裝製作基礎事典,打版、縫製技巧全圖解，做衣服一本就夠！,内田 彩仍,,主婦と生活社,2005-12,JPY 1365,7.2
4898905,跟著1000個飾品和雜貨來趟夢想旅行,集合復古、華麗、高雅和夢幻跨越時空的好設計,Kurikuri 編輯部編,陳文敏,朱雀,2010年06月15日,NTD:320元,7.8
6800768,我的超可愛橡皮章,一塊橡皮擦×一把美工刀,日本靓丽出版社,王慧,王慧,2014-9-1,38.8,7.2
6839278,折纸入门,,（日）靓丽出版社,何凝一,河南科学技术出版社,2011-10,32.80元,9.8
4257542,一天学会做布艺,给宝贝的礼物,,,中国城市出版社,2003-1,25.00元,8.1
3373699,英国陶艺设计基础教程,,奎因,沈少雩,上海人美,2008-11,68.00元,8.0
5275391,フェルト羊毛でめぐる: 小さな世界旅行,,須佐沙知子,,日本ヴォーグ社,2010-4-30,JPY 1050,8.1
1797291,就是爱生活,,强雅贞,,上海文艺出版社,2006-6,20.00元,7.5
11631619,超简单北欧剪纸旋转吊饰,北欧剪纸旋转吊饰,强雅贞,,上海文艺出版社,2006-6,20.00元,8.1
6088013,从零开始学做宝宝服,,高桥惠美子,段育文,华文,2011-4,35.00元,7.3
4928329,美丽永驻的鲜花饰品DIY,,（日）靓丽出版社,刘佳琢,河南科学技术出版社,2010-07-15,23.80元,8.8
6021299,实用妙趣染色,低碳环保的新潮理念，妙趣横生的简便操作，用四季蔬果为你的生活染出,（日）SETSUKO ISHII,武湛,中国青年出版社,2011-1-1,29.80元,7.5
4175531,皮革工藝Vol.2-男用皮製品,男用皮製品,高橋矩彥,陸蕙貽,楓書坊,2009-12,80.00元,8.0
5958482,手做布包的26堂课,,彭莉娟,,河南科技,2011-1,29.80元,8.3
10604826,KaKa手工生活37,,首逸世纪,,河南科学技术出版社,2012-5,25.00元,8.5
25870117,木工全书,,英国DK出版社,张亦斌、李文一,北京科学技术出版社,2014-5-1,95.00元,8.7
2058849,歡迎來到岩井家,,英国DK出版社,张亦斌、李文一,北京科学技术出版社,2014-5-1,95.00元,7.9
1061884,雪宧绣谱图说,传统刺绣书籍,(清)沈寿口述,,山东画报出版社,2004-06-01,30.00,8.7
24714871,钩出超可爱立体小物件100款17,北欧传统经典篇,日本美创出版,何凝一,河北科学技术出版社,2013-7,29.80元,8.5
3838989,戳戳我的羊毛氈,10分鐘就可學會的羊毛氈玩偶、飾品、生活雜貨,卉琳,,福人居出版社,2009,NT$280,7.5
11630302,风工房经典钩针编织花片150,,[日] 风工房,芙安、新平,化学工业出版社,2012-9,35.00元,7.7
2250081,布家巧手做,,孙锦玲,,吉林科学技术出版社,2007-9,35.00元,7.4
3617808,花样包装,,包装工坊,,殷艳,2009-4,28.00元,8.5
20435944,钩针编织的可爱小花样&小物-手作人典藏版,钩针编织的可爱小花样&小物,松本道子,,沙子芳,積木文化,2014-2-9,7.2
11026580,手作之书,手作之书,松本道子,,沙子芳,積木文化,2014-2-9,7.0
4224272,一周12小时的手作生活,,松本道子,,沙子芳,積木文化,2014-2-9,7.5
25800390,7号人轻松粘土魔法书,开心农场篇,7号人、糖果猴,,中国青年出版社,2014-1,29.8,7.5
4845842,皮革工藝Vol.3-騎士用品篇,騎士用品篇,高橋矩彥,陸蕙貽,楓書坊,2010-2,80.00元,8.2
2117977,手作泰迪熊家族,,福村弘美,李俊秀,積木文化股份有限公司,20050919,NT$280.00,8.2
6711943,最想要的拼布教科书,,（日）木村公子,何凝一,河南科学技术出版社,2011-8,26.00元,9.3
3185858,猫猫的精彩手作生活,,乔安,,吉林科学技术出版社,2008年07月,28.90元,7.7
1855741,娃娃屋装饰技法小百科,,(英)威廉·戴维斯,吴妍蓉,果实出版,2005,TWD650.00,7.5
3519885,时尚首饰DIY,,保罗·杰克逊,,印刷工业出版社,2015-4-1,CNY 59.00,6.7
3107877,锻炼脑力的折纸,,加藤珠湖．繭子、日端奈奈子,,漢欣,2011-9-20,63.00元,8.2
22992355,糕点装饰大全,,杉本都香咲,徐泽华,河南科学技术出版社,2013-5,48.00元,9.1
25746403,中国最美手工私游地,,中华手工杂志社,,重庆大学出版社,2013-10,39.80元,7.4
24714809,cotton time手作时光1,,日本主妇与生活社,何凝一,河北科学技术出版社,2013-6,46.00元,9.0
1512385,折出我的心,,王或华,,中国时代经济出版社,2002-5,24.0,8.1
1796689,中国乡土手工艺,,高星,,陕西师大出版社,2006-6-1,48.00元,7.7
1027125,中国乡土手工艺,,高星,,陕西师范大学出版社,2004-1-1,48.00,7.8
6753011,让喜欢的事情成为工作,,矢崎顺子,,中国青年,2011-8,39.80元,7.3
10465938,我和宝宝的快乐烘焙,29款可口可爱的小面包,荻山和也,樊丁萍,河南科学技术出版社,2012-3,29.80元,9.3
1002297,生活美劳DIY 7,杂货篇,三采文化 编著,,吉林美术出版社,1998-01,49.80元,9.1
1271210,宝贝的礼物,贴心DIY,周迎美,,农村读物,2005-1,29.8,7.9
4875647,Cotton friend手工生活,,靓丽社 编,,化学工业出版社,2010-6,58.00元,8.4
7051784,超级小厨师,小巧手游戏书,(日)竹下文子 文、(日)铃木守 图,崔维燕,教育科学出版社,2011-11,19.80元,9.3
6822595,纸张创意与折纸大全,,肖玲玲 编,,中国华侨出版社,2011-9,39.80元,8.1
11606837,棒针编织基础,手作人典藏版,宝库社,,化学工业出版社,2012-10,29.80元,7.8
5026735,女孩私房手工,,廖娟,,重庆,2010-10,28.00元,7.8
10465939,1天就能完成的宝贝装,,靓丽出版社,何凝一,河南科学技术出版社,2012-3,28.00元,9.0
21729891,托特包,创意手提袋设计,基特什·帕特尔,奇力文化,广西美术出版社,2013-1,68.00元,7.7
4250499,激情折纸,尼古拉斯特里折纸作品集,尼古拉斯·特里（Nicolas Terry）,李俊,河南科学技术出版社,2010,27.00元,8.7
11631268,一缝就成的餐厨拼布小物,,尼古拉斯·特里（Nicolas Terry）,李俊,河南科学技术出版社,2010,27.00元,8.4
3590233,玩创意,来自疯果创意集市的原创手工,疯果网,,中国轻工业出版社,2009-3,32.00元,7.1
4203899,手把手教你制作小盆栽,,小林健二,,吉林科学技术出版社,2010-1,19.90元,7.7
6725130,纸手工店铺,日本超级儿童益智纸艺游戏,大原麻由美,张靖,河南科学技术出版社,2011-8,32.00元,8.7
4086798,Re-Bound: Creating Handmade Books from Recycled and Repurpos,Creating Handmade Books from Recycled and Repurposed Materials,Jeannine Stein,,Quarry Books,July 1, 2009,$16.49,7.4
19967674,钩针狗狗的每一天3,,星光辉,何凝一,河南科学技术出版社,2012-11,19.00元,9.1
4257360,折纸新世代,世界折纸新作选萃,尼古拉斯·特里（Nicolas Terry）,王海明、王兆健,河南科学技术出版社,2010-01,27.00元,8.6
5385831,手作雜貨賣家養成手冊,,火柴娃娃製作所,游韻馨,野人,2010-11-5,NT$300,7.6
2341858,DIY首饰基本技法,,林美芳,,河南科技,2007-10,24.00元,6.7
26685572,简单彩线钩出时尚小物,,【日】寺西惠里子,宋天涛,江苏凤凰科学技术出版社,2015-12,26.00元,8.0
25881094,创意手工生活,,自由的猞猁、张予,,清华大学出版社,2014-4-1,39.00,7.4
6840107,折一折，玩一玩 趣味折纸,趣味折纸,（日）主妇之友社 编著,李扬,河南科学技术出版社,2011-9,28.00元,9.8
3012444,男的民俗學: 職人篇,,遠藤敬,孫玉珍,遠流出版事業股份有限公司,2008,240元新臺幣,8.7
3766507,布书衣,,苏真,,长江文艺,2009-4,28.00元,7.4
3074316,纯手感布书衣,,Kelly,,雅書堂,2007.12.12,300.00TWD,7.6
4833661,中国蓝染艺术及其产业化研究,,Kelly,,雅書堂,2007.12.12,300.00TWD,7.7
3270264,最新结绳技法百科,,杰弗里·布德沃斯,梁云滢,黑龙江科技,2008-10,43.50元,8.1
2042651,ワンポイント刺しゅう図案３６５,Design collection for kids,杰弗里·布德沃斯,梁云滢,黑龙江科技,2008-10,43.50元,7.8
3085942,魔法小线偶,,日本美丽社,于慧丽 张德玉 张凯,青岛出版社,2008,18.00元,7.8
24706842,简单玩刺绣,花朵主题刺绣500款,日本美创出版,,何凝一,河北科学技术出版社,29.80,8.5
3030874,可爱的毛毡小饰物,,立花美代子,,罗晓曼,2008-4,23.80元,8.7
1227007,原木坊,糙木家具的风格派与制作工艺,丹尼尔·迈克,吴娟、周玲、刘燕,福建美术出版社,2005-1,68.00元,7.8
10480694,玩转组合折纸 绚丽多面体,绚丽多面体,布施知子,,王先进,2012-1,32.80元,8.6
10794486,中岛凯西夏威夷拼布小物1,阳光夏威夷,中岛凯西,梦工房,河南科学技术出版社,2012-6,38.00元,9.8
2983346,ＹＥＬＬＯＷ ＥＡＧＬＥ―ＴＨＥ ＬＥＧＥＮＤ ＳＴＯＲＹ ＆ ＳＰＩＲＩＴＳ ＯＦ ＧＯＲＯ’Ｓ,,中岛凯西,梦工房,河南科学技术出版社,2012-6,38.00元,7.9
2254818,折纸建筑-世界名建筑,,茶谷正洋,,中国电力,2007-9,23.80元,8.9
25777381,轻松编织薄线衫,,日本靓丽出版社,郑乐英,河北科学技术出版社,2013-12,29.8,8.2
4872957,北欧杂货私设计,,黄姝妍,,重庆出版社,2010-4,32.00元,7.4
10742271,Pattern Magic,Stretch Fabrics,Tomoko Nakamichi,,Laurence King,2012-3,240.00元,9.3
4062469,用麻绳编织幸运小饰物3,,雄鸡社,,滕玉英,2009-10,22.00元,7.8
26718535,易学就会贴心手作宝宝服,易学就会贴心手作宝宝服,Lisa,,化学工业出版社,2016-1-1,49.80元,8.0
25709117,户冢贞子的绝美刺绣:当亚麻遇上香草(上),,户冢贞子,江川澜,河南科学技术出版社,2013-8-1,35.00元,8.0
3131886,我的第一本手縫書 (新裝版),,高野紀子,王海,雅書堂,2008年5月26日,NT380,7.3
25831572,和孩子一起做玩具,,[德] 弗莱娅雅福克,,漓江出版社,2014-1,26,8.0
6557129,可爱的花式巧克力甜点,,（日）成美堂出版编辑部,李珊,河南科学技术出版社,2011-7,29.80元,9.1
5906941,零起点学刺绣2,,苏珊·奥康纳,崔鹤,中国纺织,2011-1,26.80元,7.6
2154236,旅行-為了雜貨,,曾欣儀,,朱雀文化,2006-8-5,NTD280.00,7.2
20444489,冬日温暖手工,围巾、披肩编织,日本靓丽出版社,于春佳,中国民族摄影艺术出版社,2013-2,26.80元,9.6
1083551,魔法银土手捏流行饰品,,李豫芬,,汕头大学出版社,2003-5-1,18.00,7.5
10787091,手缝零钱包,新手进入拼布世界的零失败手作,李爱田，王雯霞,,河南科学技术出版社,2012-6,38.00元,8.5
4927111,中岛凯西的居家拼布88款,,中岛凯西,邓楚泓,河南科学技术出版社,2010-8,32.00元,8.8
6049298,花的手作簿,,倪靖,,吉林出版集团有限责任公司,2011-3,28.00元,7.8
3270935,红、白、蓝拼布,手作芸城创意生活系列,（日）若山雅子,金月,吉林科学技术出版社,2008-10-1,24.00,7.5
14234915,河合真弓的钩针编织衣橱,河合真弓的钩针编织衣橱,河合真弓,,化学工业出版社,2012-9,29.80元,7.6
10555474,超简单的生活折纸,,文化出版局,揭蕾蒙,河南科学技术出版社,2012-4,22.80元,9.7
11632218,零起步钩出甜蜜宝贝装,,川路祐三子,何凝一,辽宁科学技术出版社,2012-10,27.00元,9.8
25910574,今森光彦的魅力剪纸,,[日]今森光彦,曲鹤,河北科学技术出版社,2014-8-1,39.80,7.7
11391403,Making an Impression,Designing & Creating Artful Stamps,Geninne Zlatkis,,Lark Crafts,2012-10-2,USD 21.95,7.9
4089818,零起点学珠绣,,休·加德纳,,崔鹤,2009-10,26.80元,7.4
11630312,法式手作布盒,,[日] 佐藤由美子,芙安,化学工业出版社,2012-9,36.80元,7.8
3301834,品味橡皮章2,小小的可愛，大大的有質感,[日] 佐藤由美子,芙安,化学工业出版社,2012-9,36.80元,8.6
25857192,青木和子的花朵刺绣笔记,,[日]青木和子,,河南科学技术出版社有限公司,2014-3-1,36.00元,8.5
6969149,宝贝最爱玩的折纸游戏,,（日）靓丽出版社,何凝一,浙江科学技术出版社,2012-1,28.00元,9.8
10519085,在家做100%超抗菌清洁液体皂,,糖亚|摄影:廖家威,,华夏,2012-3,49.00元,7.7
1964420,雜貨@東京,,糖亚|摄影:廖家威,,华夏,2012-3,49.00元,8.3
10782650,皮革工藝vol.6皮雕技術篇,皮雕技術篇,有木昭久,付明明,南海出版公司,2011-12,33.60元,8.0
1167049,让生活多姿多彩的布艺,,丸美津子,黄薇,农村读物出版社,2004-1,35.00元,7.1
26418322,文具手帖Season 08：插畫家筆下的色彩人生,,Hally, 柑仔, 黑女, 陳心怡 等著, 王正毅,攝影  追蹤作者,野人,2015-5-27,NT350,7.2
2969371,时尚家居布艺,,廖娟,,成都时代出版社,20080101,29.80元,6.8
3006584,皮革小物DIY,,佐佐木純子,,楓書坊,2006,台幣300,7.1
1213536,迷恋手工蜡烛,,快乐ㄊㄠノ兵,,汕头大学出版社,2007-6,12.00元,7.0
7162935,来玩轻手作！可爱小刺绣,,张心瑀,,河南科学技术出版社,2012-1,28.00元,7.9
20472724,最心动的钩针花饰238款,,日本美创出版,何凝一,浙江科学技术出版社,2013-2,49.80元,9.7
25719315,梦想花园,,朱泓默,,中国电力出版社,2013-10-1,48.00,7.9
1741660,服装造型学(技术篇Ⅲ特殊材质篇日本文化女子大学服装讲座),,中屋典子、三吉满智子|译者,,中国纺织出版社,2005年,30.0,8.3
2205344,我的布置风,,本社,,麥浩斯資訊股份有限公司,20061011,NTD250.00,7.4
3441525,Marabout BLANC,,本社,,麥浩斯資訊股份有限公司,20061011,NTD250.00,8.5
3800871,手作幸福布艺,,本社,,麥浩斯資訊股份有限公司,20061011,NTD250.00,8.2
4863338,夏天衣服亲手做,,日本美丽社编辑部,张丽,吉林科学技术出版社,2010-5,28.00元,6.5
6982042,玩转创意,用创造力和技艺展开创意灵感的翅膀,（美）凯莉·蕾·罗伯茨,陈宇捷,上海人民美术出版社,2012-1,38.00元,7.6
20440951,恋上橡皮章,,mizutama,李友君,臺灣東販,2014-2-24,NT300,8.2
4077856,布,该这样玩,和布艺达人玩转个性小布艺,小窗,,重庆大学出版社,2009,28.00元,7.8
10531804,一针一线,贵州苗族服饰手工艺,鸟丸知子,,蒋玉秋,2011-12,98.00元,9.4
2049819,當偶們同在一起: 阿桂的生活布偶,,阿桂,,遠流出版事業股份有限公司,20070201,NT$350.00,8.1
1348191,武部妙子拼布禮物,,阿桂,,遠流出版事業股份有限公司,20070201,NT$350.00,7.6
10808049,卧室-最私密的拼布空间-巧手易-NO.49,卧室最私密的拼布空间,首翌股份有限公司,,河南科学技术出版社,2012-6,38.00元,8.5
3545378,藤村雅子生活刺绣,,首翌股份有限公司,,河南科学技术出版社,2012-6,38.00元,7.3
6557137,皮革工藝Vol.12,手縫涼鞋&便鞋,高橋矩彥,李信伶,楓書坊,2011-5-1,HKD $107,7.5
2337192,時光慢慢．小皮器--手縫皮革小物DIY日,手縫皮革小物DIY日誌,莊錦秀,,時報文化,20070528,NTD280.00,6.3
4744049,可爱刺绣风,,莊錦秀,,時報文化,20070528,NTD280.00,8.0
21358050,钩出超可爱立体小物件100款,节日主题花样篇,日本美创,王玲玲,中国民族摄影艺术出版社,2013-4,29.80元,8.4
4743090,第一次学刻橡皮章,600个让布作更IN的橡皮章,Boutique,,雅书堂,2009年8月5日,NT$280,7.1
20507443,尾上惠的浪漫十字绣,花之物语,尾上惠,李倩,江西科学技术出版社,2013-3,32.00元,8.7
6481784,我的入门裁缝书,,真野章子,韩慧英,化学工业,2011-6,38.00元,7.4
6388379,花笺日志,,真野章子,韩慧英,化学工业,2011-6,38.00元,7.3
25893913,文具手帖Season 05,引爆紙膠帶小宇宙！,Denya、Dai、Hally、Tiger、Sam、吉、魚丸、柑仔、黑女、潘幸侖、鄧小熊、漢克、王正毅,,野人文化股份有限公司,2014-4-9,NT$350,7.2
3012449,男的民俗學: 山林篇,,遠藤敬,孫玉珍,遠流出版事業股份有限公司,2008,240元新臺幣,9.0
2741671,The Pop-Up Book,Step-by-Step Instructions for Creating Over 100 Original Paper Projects,Paul Jackson,,Holt Paperbacks,1993,USD 25.00,8.0
1001226,中国结：技法篇,,陆元林,,中国轻工业出版社,2001-08,19.80元,7.3
3702275,贵金属材料与首饰制作,,大谷祥子,陳燕華,楓葉社文化事業有限公司,2010-12-28,NT$280,7.2
4322779,布に描く糸模様,,大谷祥子,陳燕華,楓葉社文化事業有限公司,2010-12-28,NT$280,7.7
3703767,過日子像扮家家酒-不花錢的生活美學,不花錢的生活美學,齊云,,時報文化出版企業股份,2009-5,112.00元,7.6
24734045,爱上制作特别版,120个绝妙的制作项目,[美] MAKE杂志编辑　Instructables网站编辑,,刘蒙阕 田力 曾学明,2013-6,79.00元,7.5
4885172,生活風精巧刺繡圖案500,,eyemo、hiroko、寺澤佳余子、Komurata Noriko、moco＊moco、powa＊powa＊、石塚始子、小野理絵、川上成子、笹尾多恵、出羽律子,,三悅文化,2010-03-08,台幣：280元,7.7
25726240,我的手工时间:橡皮章,你好!:橡皮章初体验,,[日]津久井智子,韩慧英,化学工业出版社,2013-9-1,35.00,6.7
6557131,玩美钩针,,（日）了戒加寿子,何凝一,河南科学技术出版社,2011-8,23.80元,8.8
4426357,Origami Art,15 Exquisite Folded Paper Designs from the Origamido Studio,Michael G. LaFosse、Richard L. Alexander,,Tuttle Publishing,2008-11-15,USD 24.95,8.0
4839896,家具制作/中国手工艺,家具制作,吕军、王秀林、华觉明、李绵璐,,大象出版社,2010-3,38.00元,7.2
25743090,乐在原木生活,,吕军、王秀林、华觉明、李绵璐,,大象出版社,2010-3,38.00元,7.3
14278391,最亲切的手工家居布艺,,金高云,,边铀铀,2012-6,78.00元,8.0
11601573,羊毛毡戳戳乐,,金高云,,边铀铀,2012-6,78.00元,8.5
2251673,陽台好好玩,,My Garden 花草遊戲編輯部,,麥浩斯資訊股份有限公司,20060809,NTD250.00,7.9
4741773,羊毛毡甜点Easy作,,福田理绪,饶丽真,首翊,2009年7月20日,NT$290,7.5
1377432,舒適·貼心超可爱動物抱枕,,木村惠美,,未定义出版社,2003-12-01,60.00元,7.3
20429344,布艺之友-Cotton time-3-附录实物等大纸样,,日本靓丽出版社,何凝一,中国民族摄影艺术出版社,2013-1,48.00元,8.4
3131042,旅行,,（英）克莱门茨,,河南科学技术出版社,2014-10,68.00,6.8
1972192,染作江南春水色,,金成熺,,云南人民出版社,2006-11,68.00元,8.6
10484292,巧手易47 巧用图案布,,首翊股份有限公司,,河南科学技术出版社,2012-1,38.00元,8.4
4229043,3分钟剪纸练习册,,[日] 大原麻由美,朱宁,河南科学技术出版社,2010-1,26.80元,7.3
4903261,Cotton friend手工生活,,靓丽社 编,,化学工业出版社,2010-7,38.00元,8.1
4087409,动物村的钩针小玩偶,,孙熊,,上海科学技术出版公司,2006-10,29.80元,8.0
6712837,和爸爸妈妈一起玩的折纸游戏,,（日）靓丽出版社 编著,何凝一,河南科学技术出版社,2011-8,29.80元,8.3
10529106,四猫的手作物语,,YUKI,,重庆出版社,2012-4,29.80元,7.7
5908555,婴幼儿手作服,,MIKIYO ISO,,化学工业,2011-2,35.00元,7.6
1212956,美丽的棉饰物制作,,野原恰克、藤田久美子、丸美津子、远藤真澄,,山东科学技术出版社,2003-3-1,29.00,7.2
6903646,妈妈爱缝纫给宝贝的可爱布手作,给宝宝的可爱布手作,躲猫猫玩布工房,,河南科学技术出版社,2010-1,28.00元,7.7
6891938,零起步钩出贴心宝贝装,,（日）川路祐三子,何凝一,河南科学技术出版社,2011-10,25.00元,9.0
2251675,我幸福部屋,,金契妍,全贊靜,漢宇國際文化有限公司,20070831,NTD280.00,7.6
6312478,极致缎带绣,,李淑贞|摄影:廖家威,,中国纺织,2011-4,25.00元,8.6
6954040,Handmade巧手易7年精选拼布作品集,,首翌股份有限公司,,河南科学技术出版社,2011-12,45.00元,8.3
4906105,スクラップホリックの本,,永岡 綾,エディシォンドゥパリ,2010,02,1200E,8.7
25757473,可单片使用的100种北欧风棒针编织花样,,apple mints,赵净净,化学工业出版社,2014-1-1,CNY 29.80,7.4
3049777,あみぐるみの本―編んで、見て、触って、飾って、癒されるかわいい仲間がいっぱい! (レディブティックシリーズ―ニット (2487)),,apple mints,赵净净,化学工业出版社,2014-1-1,CNY 29.80,7.8
2251676,創意雜貨市集902,,三采文化,,三采文化出版事業有限公司,20070911,NTD299.00,7.6
3601391,Cotton Friend手作誌：讓你愛上棉、麻的自然風手作,讓您愛上棉、麻の自然手作,三采文化,,三采文化出版事業有限公司,20070911,NTD299.00,7.9
4178934,我的手工时间,,王棉|摄影:詹建华,,化学工业,2010-1,28.00元,7.8
10970660,超级菜鸟学拼布,,王棉|摄影:詹建华,,化学工业,2010-1,28.00元,8.7
3127005,溫柔手作．室內鞋,,王棉|摄影:詹建华,,化学工业,2010-1,28.00元,7.1
10782656,皮革工藝vol.7皮夾製作篇,皮夾製作篇,大桥利枝子,,芙安,2012-1,38.00元,7.5
10775006,《我来折》（全5册）,,阿思曼,,王甜甜,2012-6,98.00元,8.7
22224365,钩出超可爱立体小物件100款11,绚丽花朵篇,日本美创出版,何凝一,河南科学技术出版社,2013-4,28.00元,8.5
21364596,175种爱意小甜饼DIY,甜蜜礼物送给最重要的人,安成美,,金善敏,2013-3,59.90元,8.0
1512694,巧手折礼盒,,王或华,,中国时代经济出版社,2002-5,24.00元,7.5
11515007,青木和子的花草刺繡之旅（新装版）,與英國原野動人的相遇,志村富美子,張金蘭,世茂出版有限公司,2008,NT$320,7.8
3400888,设计D.I.Y,,埃伦·勒普顿,李慧娟,上海人民美术出版社,2009-1,65.00元,7.6
10574915,巧手妈咪教你做,宝贝最爱的95款布艺小物,靓丽出版社,宋微,河南科学技术出版社,2012-5,29.80元,8.9
11445422,215款简单好玩的剪纸,,靓丽出版社,宋微,河南科学技术出版社,2012-5,29.80元,8.1
4890558,福村弘美的手工泰迪熊,,福村弘美,酱紫,化学工业,2010-5,28.00元,8.5
1179217,手工实物制作解说 好玩的橡皮图章,,(日)株式会社世界文化社编、叶琳译,叶琳,南京师范大学出版社,2000-10,18.00元,6.8
1082347,实用趣味实验图鉴,,有泽重雄,蔡山帝,接力出版社,2003-5,28.00,9.0
2649362,500 Beaded Objects,New Dimensions in Contemporary Beadwork,Krautwurst, Terry; Wells, Carol Wilcox; Lark Books,,Lark Books,2004-9,USD 24.95,8.1
2277182,一花一葉的簡單生活,,陳姿蘭,,麥浩斯,20070606,NTD299.00,8.0
25811493,乐高创意手册,,[英] 莎丽·拉斯特,毛光明、陈红杰,科学普及出版社,2014-1,138.00元,7.4
6003678,钩出我的花花饰界,,[英] 莎丽·拉斯特,毛光明、陈红杰,科学普及出版社,2014-1,138.00元,8.5
4907947,不织布美味小铺,,陈春金,,河南科学技术出版社,2010-6,23.00元,7.9
11610064,2小時製本教室：我的夢幻手工書,我的夢幻手工書,西川順子、齋藤珠美,,PCuSER電腦人文化,2012-8-2,300NT,7.1
3679179,Papercraft,Design and Art with Paper,apple mints,韩慧英、金玲,化学工业出版社,2014,29.80元,8.4
10868029,宅着就要折腾,简单创意生活修行手册,STEPHENO'KEEFFE陳國珍譯,,視傳文化,20040501,NT$ 500,7.1
5411174,剪纸的故事,,赵希岗,,人民美术出版社,2011-4,90.00元,9.1
2155831,日本雜貨散步,,晴空 藍,,墨刻出版MOOK 城邦集團,20070124,NT$220.00,7.5
25709116,户冢贞子的绝美刺绣:当亚麻遇上香草(下),,户冢贞子,黄辉,河南科学技术出版社,2013-8-1,35.00,7.4
2050617,福村弘美の動物たちのぬいぐるみ,,户冢贞子,黄辉,河南科学技术出版社,2013-8-1,35.00,8.0
24706691,Cotton time精选集,妙用50CM小布制作的时尚包包和小物件,日本主妇与生活社,金璐,河北科学技术出版社,2013-6,35.00元,8.3
7005450,全图解蕾丝钩织入门,(附编织基础针法教程高清光盘),北尾惠以子,,河南科学技术出版社,2012-1,32.80元,7.5
10749647,玩美钩针,—甜蜜多彩的编织小物,了戒加寿子,何凝一,江西科学技术出版社,2012-7,26.80元,8.7
3813211,缤纷创意剪纸（上）,,[日] 大原麻由美,韩辉,河南科学技术出版社,2009-7,29.80元,8.1
23705258,昆虫剪纸,昆虫剪纸,大原麻由美,尤斌斌,河南科学技术出版社,2013-6,32.80元,8.8
3831473,女红,中国女性闺房艺术,潘健华,,人民美术出版社,2009-5,98.00元,8.0
3271013,每天享受拼布乐趣,,向野早苗,金月,吉林科学技术出版社,2008-10,24.00元,8.0
6784426,风华绝袋,悠游机缝拼布,陈宝华,,河南科学技术出版社,2011-8,33.00元,9.5
6716577,传统拼布图案140,,詹妮弗·其亚佛尼 (Jennifer Chiaverini),,化学工业,2011-7,49.80元,7.9
6018677,精美围裙自己做,,罗布·莫瑞特,杨晓峰,河南科学技术出版社,2011-3,34.80元,8.3
2162218,折纸建筑-现代名建筑,,茶谷正洋,,中国电力出版社,2007-6,22.00元,8.5
7175224,玩美钩针,色彩绚丽的编织小物,(日) 了戒加寿,何凝一,河南科学技术出版社,2012-2,23.80元,8.8
20429352,亲亲宝贝装,1周就能完成的钩织小物（贴心篇）,河合真弓,何凝一,江西科学技术出版社,2013-1,28.00元,10.0
4770439,布的主打包,,肖竹芋,,化学工业出版社,2010-5,48.00元,8.1
26293580,文具手帖Season 07: 旅行中, 寄明信片給自己。,,肖竹芋,,化学工业出版社,2010-5,48.00元,7.7
3023710,日本的手工艺,百年的技艺 千年的造型,[日]陆田幸枝（著）、[日]大桥弘（摄影）,沈彩虹、时晓阳,上海文化出版社,2007,28.00元,8.6
5417130,我最想要的编织书,木兰阁手做王晶辉专集,织美堂,,辽宁科学技术出版社,2010-12,39.80元,8.0
20312330,不可思议的口金包,多款口金与拼布技法的华丽演绎,织美堂,,辽宁科学技术出版社,2010-12,39.80元,7.9
5405097,Cotton friend 手工生活 2010秋号:手作族的秋日私人衣柜,,玛丽恩·埃里奥特,马冬丽,河南科技,2011-4,29.80元,7.3
2975521,创意手工染,,凯特·布鲁顿,,中国纺织,2008-1,58.00元,7.7
3813212,缤纷创意剪纸（下）,,[日] 大原麻由美,韩辉,河南科学技术出版社,2009-7,29.80元,8.2
20444483,Cotton time精选集,简单可爱的居家创意拼布,日本主妇与生活社,何凝一,中国民族摄影艺术出版社,2013-2,36.00元,8.3
3180439,我的居家手艺书,丛书名： 咔咔生活手工,日本主妇与生活社,何凝一,中国民族摄影艺术出版社,2013-2,36.00元,7.6
5248453,羊毛毡创意小饰物DIY,,王荷瑄 编,,江苏科技,2010-6,24.80元,7.3
4828853,手作布鞋,自分で作るルームシューズ,英文漢聲,,英文漢聲出版股份有限公司,1994-9,NT$810,7.2
4057074,The Art of Bead Embroidery,Techniques, Designs & Inspirations,Heidi Kummli、Sherry Serafini,,Kalmbach,2007-08-02,USD 21.95,7.7
4770395,实用礼品包装,,（日）成美堂出版编辑部,赵怡凡,河南科学技术出版社,2010-5-18,32.00元,8.0
2638073,Animal Origami for the Enthusiast,,Montroll, John,,Dover Pubns,1985-3,$ 16.89,7.9
6026102,富坚由美子的串珠首饰秀,,日本美丽社编辑部,徐艺嘉,吉林科学技术出版社,2011-3,28.00元,7.2
3640345,自由刺绣与十字绣,,雄鸡社,,曹亚男,2009-3,15.00元,7.5
2978980,巴黎．色彩魔法空間,,Editions de Paris,蔡欣芸,田園城市文化,2008-1-10,TWD 260,8.0
20507377,永恆如新的日常設計,,小林和人,邱喜麗,野人文化股份有限公司,2013-1-4,NT$420,8.1
20378871,玩转47款拼布包,,柯布小姐手工庄园,,河南科学技术出版社,2012-11,32.00元,8.3
5957529,捏造好手藝！仿真甜點黏土夢工廠,,Ecole十東京製果研究室,NANA,台灣東販股份有限公司,2010-11-27,77.49元,7.9
4743243,我的手作名牌包,,哀淑芳,,艺风堂,2009年8月20日,NT$280,7.3
1261478,袜子娃娃DIY,,林宜静,,中国纺织出版社,2005-1,11.00元,7.8
5408913,DIY纸相机,个性相机的创造与应用(附光盘1张),贾斯汀·昆内尔,于东东,中国摄影出版社,2011-1,48.00元,8.1
1354035,Elements of Pop Up,Elements of Pop Up,James Diaz、David A. Carter,,Little Simon,1999-10-1,USD 39.99,9.1
3028483,实用鲜花折纸,,久保满里子,,青岛出版社,2008-1,19.00元,8.1
3233360,格子教你做自然，無毒親膚皂,,久保满里子,,青岛出版社,2008-1,19.00元,7.5
10740847,小可爱刺绣,,大塚绚子,,廖娟,2012-4,28.00元,7.4
1931520,曹雪芹扎燕风筝图谱考工志,,汉声编辑室,,北京大学出版社发行部（电子）,2006-7,198.00元,9.6
1988587,趣味丝袜造花插花教程,趣味丝袜造花插花教程,陈海燕,,广州出版社,2007-2,18.00元,7.3
5327814,中国结一本通,,犀文资讯,,中国纺织,2010-10,29.80元,7.5
4851827,友达的手作布包,,(日) 山内优希子,张佳雯,山东人民出版社,2010-7,35.00元,8.5
11526136,爱上制作精选版,75个最棒的制作项目,奥莱理 编,,人民邮电出版社,2012-8,69.00元,8.2
3806411,ブックカバーの本,,奥莱理 编,,人民邮电出版社,2012-8,69.00元,8.2
22224278,77款时尚简单的布艺包包,77款时尚简单的布艺包包,日本主妇与生活社,何凝一,河南科学技术出版社,2013-5,36.00元,8.1
5291815,儿童手工大百科,,靓丽出版社,孟会君,河南科学技术出版社,2010-10,29.80元,8.0
1034717,贺卡缘分――贺卡折叠技巧,,王嘉萌,,广州出版社,2000-12,18.00,7.1
3107879,塑料瓶中的创意生活,,靓丽出版社　编著,灵思泉,河南科学技术出版社,2008-6-1,22.00元,8.1
24706083,44款连袖编织的四季手工毛衫,,宝库社,梦工房,河南科学技术出版社,2013-6,39.80元,8.0
10480693,玩转组合折纸 七彩花球,七彩花球,布施知子,王先进,河南科技,2012-1,32.80元,8.7
10746506,京都器皿散步,京都うつわさんぽ,澤田眉香子,博偉晨,如何出版社有限公司,2012-4-25,NT290,8.0
4248023,はじめてのドール・コーディネイト・レシピ お人形服作りの基本とコツ,,関口妙子,,グラフィック社,2009年01月,1,575円,9.3
24755012,儿童创意手工：装扮自己的房间,,日本成美堂出版,陈娟,河南科学技术出版,2013-7,36.80,8.4
6510174,装点世界,钩针花样贴花,[日] 村林和子著,卢淼  译,辽宁科技,2011-6,23.00元,8.3
6534502,我想变成彩色鱼,我想变成彩色鱼,陈晓苹,,广州出版社,2005-1,12.00元,7.8
10520388,轻松缎带饰,,金裕林,徐万进,中国纺织出版社,2012-3,36.00元,8.1
2256016,哇哩咧-我是襪子娃娃!,,金裕林,徐万进,中国纺织出版社,2012-3,36.00元,7.6
6840134,动动手，动动脑 创意折纸,,（日）主妇之友社,李珊,河南科学技术出版社,2011-10,28.00元,8.9
3300911,我的第一个手作娃娃,,（日）主妇之友社,李珊,河南科学技术出版社,2011-10,28.00元,7.7
1348993,安徒生童話－創意手工皂,,（日）主妇之友社,李珊,河南科学技术出版社,2011-10,28.00元,6.5
3697968,第一本教你做口金包的书,,（日）主妇之友社,李珊,河南科学技术出版社,2011-10,28.00元,6.8
6526296,零起步玩手工,,靓丽社 编,芙安,化学工业,2011-6,28.00元,7.4
4089817,零起点学丝带绣,,休·加德纳,兰莹,中国纺织出版社,2009-10,26.80元,7.4
25742331,零基础面包制作教科书,,（日）栗山有纪,王昕昕,辽宁科学技术出版社,2013-10,48.00,7.7
4175067,薰衣的黏土花园,,薰衣,,湖北科技,2009-11,30.00元,7.4
20444481,Cotton time精选集,送给亲亲宝贝的手作小物,日本主妇与生活社,何凝一,中国民族摄影艺术出版社,2013-2,36.00元,8.5
4175416,经典十字绣大全,,简·格林诺夫,童银燕、周财林、常洛闻,吉林科技,2009-11,39.00元,8.1
3191573,Big Bag：麻布大包包拎著就走,,日本□□□□社,,雅書堂,20080826,NTD280.00,7.2
2172666,戀上手工皂,,日本□□□□社,,雅書堂,20080826,NTD280.00,7.1
10763067,快乐折纸小掌柜,,石川真理子,何凝一,河南科学技术出版社,2012-6,26.00元,8.9
22224334,钩出超可爱立体小物件100款10,迷你串珠篇,日本美创出版,何凝一,河南科学技术出版社,2013-4,28.00元,8.0
6845299,我爱编织,第一次玩爱尔兰立体蕾丝钩编,[日]河合真弓,芙安,化学工业出版社,2011-10,36.80元,7.7
20429351,亲亲宝贝装,1周就能完成的钩织小物 快乐篇,河合真弓,何凝一,江西科学技术出版社,2013-1,26.00元,10.0
6000485,天然又好吃的健康果酱,,萝拉,,重庆,2011-5,28.00元,7.3
20438559,钩出蕾丝般美丽生活,时尚情趣篇,日本美创出版,揭雷蒙,江西科学技术出版社,2013-2,29.80元,9.7
5327815,零起点学花朵绣,,日本美创出版,揭雷蒙,江西科学技术出版社,2013-2,29.80元,7.6
6834431,Shinne的手作兔乐园,(附35款原大纸型和Shinnie独家设计可爱图案集),Shinne,,河南科学技术出版社,2011-9,33.00元,8.4
3422341,简单家居小布艺,,小窗,,中国纺织出版社,2009-1-1,19.80元,7.3
6756085,剪纸游戏,帮孩子打造全方位的视觉和思维空间,（日）大原麻由美,马骁,河南科学技术出版社,2011-9,29.80元,8.3
3082240,我的贴心玩偶,,北京咔咔文化发展有限公司,,河南科学技术出版社,2008,35.00元,7.6
20429345,动物剪纸风铃,,岩见花衣,郑乐英,中国民族摄影艺术出版社,2013-2,29.80元,8.8
22992581,零针线也能玩的创意手工,零针线也能玩的创意手工,长谷惠,刘小冉,河南科学技术出版社,2013-6,23.80元,8.5
24739038,毛线球4,超柔软马海毛编织之旅,日本宝库社,梦工房,河南科学技术出版社,2013-6,49.00元,8.2
6834434,“非”玩不可:我的拼布旅行簿,(附原大纸型),Yamei,,河南科学技术出版社,2011-9,33.00元,8.4
21332451,3天就能织好的温暖小物件,梦幻女孩篇,日本美创出版,何凝一,中国民族摄影艺术出版社,2013-3,26.00元,8.2
1317633,纸盒精致家饰,纸盒箱精致家饰,郭素钗,,中原农民出版社,2007-2,25.00元,7.1
10604816,我爱布杂货,爱上北欧风布作,DIY玩布置编辑部,,河南科学技术出版社,2012-5,38.00元,8.8
1436225,手指编织初级教程,,筱原邦子,袁乐怡,北岳文艺出版社,2005-10,22.00元,5.6
3038536,超可爱的礼品包装,,株式会社主妇之友社 编,,河南科技,2008-4,22.00元,7.8
25742337,面包制作大全,,日本辻料理教育研究所,于春佳,福建科学技术出版社,2013-11-1,CNY 49.80,9.1
24706825,钩出超可爱立体小物件100款15,可爱迷你饰物篇,日本美创出版,何凝一,河北科学技术出版社,2013-6,29.80,8.3
1047597,环保篇-生活美劳DIY(5),,三采文化,,吉林美术出版社,1998-01,49.80元,8.2
25861637,恋上法式十字绣,童年的记忆,维罗尼卡·安吉涅,,华夏出版社,2014-3-1,59.80,7.9
4087410,从包包开始玩拼布,,日本拼布通信社,唐晓艳,河南科技,2009-10,28.00元,8.1
1290834,西点面包烘焙,,许洛晖、郑桑妮,,,2004-4-1,48.00元,7.5
25882959,设计人&手工达人必备的 1208个巴黎风图案（全彩）含DVD光盘,私·素材工艺盒,[日]双木,陈亚玲,电子工业出版社,2014-4,¥ 69.80,7.3
20429347,零起步钩出贴心宝贝装,情趣盎然篇,川路祐三子,王玲玲,江西科学技术出版社,2013-1,28.00元,9.8
22224498,若山雅子的旅行拼布,,若山雅子,杨彩群,河南科学技术出版社,2013-5,32.00元,7.8
23706074,人人都想知道的事物的构造,人人都想知道的事物的构造,日本科丝摩比亚,尤斌斌,辽宁科学技术出版社,2013-6,25.00元,9.6
6508246,东京可爱手作,,日本EDP出版社,尹宁,山东人民,2011-5,35.00元,6.3
1421329,玩意儿,,卞太,,人民文学出版社,2005年8月,32.00元,8.0
6041578,Mia老师的手作小铺爱上橡皮章丂丂刻,幸福手感生活15,【台湾】Mia（林孜育）,,三采文化出版事业有限公司,2011-2-10,NT$280,7.9
4721874,折纸大全,,柴少飞,,华文,2010-2,29.80元,7.3
4075849,英国黑白木刻,,柴少飞,,华文,2010-2,29.80元,7.9
10458981,我爱布杂货 布作配件百搭超活用,布作配件百搭超活用,DIY玩布置编辑部,,河南科学技术出版社,2012-2,38.00元,8.6
23231031,钩出超可爱立体小物件100款14,,日本美创出版,何凝一,河南科学技术出版社,2013-6,28.00元,8.7
2741722,Cover To Cover,Creative Techniques for Making Beautiful Books, Journals & Albums,Laplantz, Shereen,,Sterling Pub Co Inc,1998-6,124.00元,7.6
26616450,时间庭院（散页版涂色书）,不要因为成长而丢失了内心的诗意,(韩) 金善贤 绘著,,潘晓君 译,九州出版社,49.80元,9.4
4830450,48款可爱居家拼布小物,我的手工时间,[韩] 任亭男、[韩] 崔希暻、[韩] 黄静姬,传神,化学工业出版社,2010-5,48.00元,7.4
3028484,实用生活折纸,,BOUTIQUE-SHA,,青岛出版社,2008-1,18.00元,7.7
4875635,Cotton Life玩布生活,,Cotton Life编辑部,,化学工业,2010-6,39.80元,7.6
2979354,中国传统蓝印花布,中国传统手工艺文化书系,于雄略,,人民美术出版社,2008-01,20.00元,7.5
24706834,钩出超可爱立体小物件100款,情趣花样素材篇,日本美创出版,,何凝一,2013-6,29.80元,8.1
21332448,3天就能织好的温暖小物件,北欧风格篇,日本美创出版,何凝一,中国民族摄影艺术出版社,2013-3,26.00元,8.1
21363097,Cotton friend 布艺之友-4-附实物大图纸4张,,日本靓丽出版社,何凝一,中国民族摄影艺术出版社,2013-4,48.00元,8.4
10600552,巴黎女人 饰品私设计,,日本EDP出版社,,山东人民,2012-4,35.00元,6.5
25717021,钩出超可爱立体小物件100款21,生活小物篇,日本美创出版,何凝一,河北科学技术出版社,2013-10,29.8,8.0
6745005,洛塔创意印花,,詹斯多特,,化学工业,2011-7,48.00元,7.6
6821104,我的缝纫时间,天然素材手作服,靓丽社（Boutique sha）组织 编,,化学工业,2011-8,36.80元,7.0
20438447,钩针猫咪和它的小伙伴们,,星光辉,何凝一,江西科学技术出版社,2013-1,28.00元,9.1
3327505,交流东西书籍设计,,赵健,,岭南美术出版社,2008年,42.00元,7.7
24851670,Cotton time精选集,最简单的布艺、刺绣、编织小物,日本主妇与生活社,何凝一,中国民族摄影艺术出版社,2013-8,45.00,7.7
4903258,Cotton friend 手工生活,,靓丽社 编,,化学工业出版社,2010-7,38.00元,7.6
4137351,我的第一次折布手作,,靓丽社 编,,化学工业出版社,2010-7,38.00元,7.8
4881248,钩出超可爱立体小物件100款,浪漫之心篇,日本美创出版,何凝一,河南科学技术出版社,2013-8,29.80元,8.2
2581370,Amazing Origami,,Kunihiko Kasahara,,Sterling,2002-03-28,USD 9.95,8.7
6852794,森女生活,复古手作风潮,森活工作室,,山东美术出版社,2011-9,36.00元,6.4
3521196,娜塔莎的机缝拼布包-超图解,,（日）E&G CREATES,盛莉,河南科学技术出版社,2015-6-1,35.00元,8.1
4062579,3天就能钩出围巾·披肩·短上衣,,美创出版,,何凝一,2009-10,23.80元,7.3
20275972,黑羽志寿子的经典拼布作品与技法,,黑羽志寿子,,于勇,2012-10,39.80元,8.3
6443390,隨手畫插畫,第一筆就可愛!,,Hiromi SHIMADA,王岑文,英屬維京群島商高寶國際,2011-5,70.00元,8.4
4022851,巴黎市集手作创意50人,,Hiromi SHIMADA,王岑文,英屬維京群島商高寶國際,2011-5,70.00元,7.1
3138108,家居饰品缝纫知识,美开乐缝纫必备丛书,Hiromi SHIMADA,王岑文,英屬維京群島商高寶國際,2011-5,70.00元,7.7
1798695,食玩不思议,食玩達人祕藏大公開,葉怡君,,遠流,2006-3-1,NT$350,7.7
6990098,我爱咖啡,美国第一咖啡书 雕刻时光咖啡学院协作,苏珊·吉玛,何文,北京科学技术出版社,2012-2,48.00元,7.6
6736103,零起步玩手工,成人手作服下装,靓丽社 编,孟琰,化学工业出版社,2011-8,29.90元,7.2
23706267,悠游编织生活,雅致钩针小物,日本美创出版,何凝一,河南科学技术出版社,2013-6,26.00元,8.5
21337824,毛线球3.来自冰岛的温暖编织,来自冰岛的温暖编织,宝库社,梦工房,河南科学技术出版社,2013-1,49.00元,7.9
6903385,25款预约幸福的手作,,小白,,河南科学技术出版社,2012-1,29.80元,7.5
2251679,小住宅收納設計事件書,,漂亮家居編輯部,,麥浩斯資訊股份有限公司,20070319,NTD280.00,6.8
1184295,制作真人大小的模型,,艾什曼,,晨光出版社,2004-6,24.00元,7.8
3359838,夏威夷拼布精选52款,,靓丽出版社,,杨彩群,2009-1,25.80元,8.0
24751250,世界编织3 最美的蕾丝花片钩织——世界时尚前沿的编织款式，可与品牌时装媲美的手工编织,,日本宝库社,,河南科学技术出版社,2013-6,49.00元,8.0
1489691,服装裁剪实用手册,领型篇,杨玉平、鲍卫君,,东华大学出版社,2005-8-1,20.00元,7.6
6722910,快乐的折纸动物园,,（日）主妇之友社,张静,河南科学技术出版社,2011-8,26.00元,8.9
5245525,妙家的孩子是怪兽,当红玩偶设计与制作,苏小妙,,重庆大学出版社,2010,35,7.9
1389519,内田彩仍さんのDear,sweet home―おうちがいちばん,,内田 彩仍,,主婦と生活社,2005-2,JPY 1365,8.2
10594154,一起玩会飞的折纸,,内田 彩仍,,主婦と生活社,2005-2,JPY 1365,8.5
1058793,我的居家拼布书――生活用品进阶篇,,胡莉娟,,湖南科学技术出版社,2001-01,19.80,7.0
3359869,半天的魔法,,胡莉娟,,湖南科学技术出版社,2001-01,19.80,7.8
3520401,牛奶盒实用手工布艺,,柳珏,,中国纺织出版社,2007-5,19.80元,7.1
26293436,碧山06：民艺复兴,,左靖,,中信出版社,2015-1,49.00,8.2
25746677,钩出超可爱立体小物件100款,立体边饰篇,日本美创出版,何凝一,河南科学技术出版社,2013-12,28,8.4
1045651,创意篇-生活美劳DIY(9),,三采文化,,吉林美术出版社,1998-01,49.80元,8.2
6430245,钩针编织,,靓丽社 编,韩慧英,化学工业,2011-6,28.00元,7.4
1349427,緞帶花的幸福物語,,小倉幸子,,7-09999,2005-12-1,117.60元,7.3
4843483,帶1枝筆去旅行,從挑選工具、插畫練習到親手做一本自己的筆記書,王儒潔,,朱雀文化,2010-05-15,250.00,7.8
4071759,kraso 2009-10年秋冬號,,日本色彩研究所 编,南开大学色彩研究中心,人民美术出版社,2012-5,38.00元,8.2
1731577,悠游拼布中,,陈宝华,,中国纺织出版社,2006-1,12.8,7.3
3426061,巧手系列,,暖暖 等,,珠海出版社,2009-1,18,6.8
10558866,巧手易48 厨房女人的拼布创意天地,厨房女人的拼布创意天地,首翊股份有限公司,,河南科学技术出版社,2012-3,38.00元,8.6
4248849,手把手教你超实用手工家居小布艺,,boutique编辑部,崔杨,汕头大学,2010-1,25.00元,7.2
10463370,布艺样的家 冬情夏趣居家布艺,,托恩·芬南吉尔,王西敏、毛杰森,河南科学技术出版社,2012-1,32.00元,8.4
3084183,仲夏之梦·女孩钩针饰品,,日本美丽社,于慧丽,张德玉,张凯,青岛出版社,2008-5,18,7.7
1287997,纸盒包装设计指南,,萧多皆,,辽宁美术出版社,2003-9-1,48.00元,7.9
3047795,爱上铝线杂货,,靓丽社 编,传神,化学工业,2011-1,35.00元,6.9
