"26704403","二手时间","","[白俄] S.A.阿列克谢耶维奇","吕宁思","中信出版社","2016-1","55.00元","9.0"
"6082808","百年孤独","","[哥伦比亚] 加西亚·马尔克斯","范晔","南海出版公司","2011-6","39.50元","9.2"
"26698660","巨人的陨落","世纪三部曲","[英] 肯·福莱特","于大卫","江苏凤凰文艺出版社","2016-5-1","129.80元","9.0"
"1770782","追风筝的人","","[美] 卡勒德·胡赛尼","李继宏","上海人民出版社","2006-5","29.00元","8.8"
"26657570","活着为了讲述","","[哥伦比亚] 加西亚·马尔克斯","李静","南海出版公司","2016-4-1","CNY 55.00","9.0"
"26889848","山海经全译","","袁珂 译注","","北京联合出版公司·后浪出版公司","2016-10","49.80元","9.1"
"26821461","北鸢","","葛亮","","人民文学出版社","2016-10-1","45.00元","8.6"
"26425831","斯通纳","","'葛亮'","''","'人民文学出版社'","'2016-10-1'","'45.00元'","8.8"
"10594787","霍乱时期的爱情","","[哥伦比亚] 加西亚·马尔克斯","杨玲","南海出版公司","2012-9-1","39.50元","8.9"
"1858513","月亮和六便士","","[英] 毛姆","傅惟慈","上海译文出版社","2006-8","15.00元","8.9"
"1082154","活着","","余华","","南海出版公司","1998-5","12.00元","9.1"
"4820710","1984","","[英] 乔治·奥威尔","刘绍铭","北京十月文艺出版社","2010-4-1","28.00元","9.3"
"26900889","佛罗伦萨的神女","","[英] 萨曼·鲁西迪","刘凯芳","北京燕山出版社","2017-1-1","45.00元","9.0"
"26701959","我脑袋里的怪东西","","[土耳其] 奥尔罕·帕慕克","陈竹冰","上海人民出版社","2016-1","49.00元","8.6"
"26831234","不属于我们的世纪","","[美] 马修·托马斯","黄瑶","广西科学技术出版社","2016-9-1","46.00元","8.7"
"26889236","我的职业是小说家","","[日] 村上春树","施小炜","南海出版公司","2017-1-1","45.00元","8.4"
"1023045","我们仨","","杨绛","","生活·读书·新知三联书店","2003-7","18.80元","8.6"
"26896859","当呼吸化为空气","美国天才医师的生命笔记","[美] 保罗·卡拉尼什","何雨珈","猫头鹰文化·浙江文艺出版社","2016-12","48.00元","9.0"
"1008145","围城","","钱锺书","","人民文学出版社","1991-2","19.00","8.9"
"1007305","红楼梦","","[清] 曹雪芹 著、高鹗 续","","人民文学出版社","1996-12","59.70元","9.5"
"1054685","沉默的大多数","王小波杂文随笔全编","王小波","","中国青年出版社","1997-10","27.00元","9.0"
"6781808","杀死一只知更鸟","","[美] 哈珀·李","高红梅","译林出版社","2012-9","32.00元","9.2"
"1200840","平凡的世界（全三部）","","路遥","","人民文学出版社","2005-1","64.00元","9.0"
"26657740","再度觉醒","","'路遥'","''","'人民文学出版社'","'2005-1'","'64.00元'","9.0"
"20440644","文学回忆录（全2册）","1989—1994","木心 口述、陈丹青 笔录","","广西师范大学出版社","2013-1-10","98.00元","9.2"
"1084336","小王子","","[法] 圣埃克苏佩里","马振聘","人民文学出版社","2003-8","22.00元","9.0"
"26921971","时间之书","余世存说二十四节气","余世存、老树","铁葫芦","中国友谊出版公司","2017-1-1","65.00","8.9"
"26928770","打开文学的方式","","王敦","","厦门大学出版社","2017-1","49.00元","9.2"
"26905360","夜莺","","[美] 克里斯汀·汉娜","黄瑶","四川人民出版社","2016-11","38.00元","9.3"
"1068920","飘（上下）","","[美国] 玛格丽特·米切尔","李美华","译林出版社","2000-9","40.00元","9.3"
"26826605","加缪手记","第一卷","[法] 阿尔贝·加缪","黄馨慧","浙江大学出版社","2016-7","35.00元","9.2"
"2035162","刀锋","","[英]毛姆","周煦良","上海译文出版社","2007-3","18.00","9.0"
"1017143","不能承受的生命之轻","","[捷克] 米兰·昆德拉","许钧","上海译文出版社","2003-7","23.00元","8.4"
"26935435","大裂","","胡迁","","九州出版社","2017-1","35.00元","8.5"
"26787935","夜色人生","","[美] 丹尼斯·勒翰","尤传莉","江苏凤凰文艺出版社","2016-10-15","49.90元","8.6"
"1856494","卡拉马佐夫兄弟","","[俄]陀思妥耶夫斯基","荣如德","上海译文出版社","2006-8","25.00","9.3"
"4203630","鳄鱼街","","[波] 布鲁诺·舒尔茨","杨向荣","新星出版社","2010-1","28.00元","8.5"
"4908885","局外人","","[法] 阿尔贝·加缪","柳鸣九","上海译文出版社","2010-9","22.00元","9.0"
"26890281","漫长的中场休息","","[美] 本·方登","张晓意","南海出版公司","2016-11-1","45.00元","8.1"
"2035171","人生的枷锁","","[英] 毛姆","张柏然、张增健、倪俊","上海译文出版社","2007-3","32.00元","9.0"
"26340138","岛上书店","","[美] 加布瑞埃拉·泽文","孙仲旭、李玉瑶","江苏凤凰文艺出版社","2015-5","CNY 35.00","7.7"
"26451351","爱情和其他魔鬼","","[哥伦比亚] 加西亚·马尔克斯","陶玉平","南海出版公司","2016-1","35.00","8.6"
"26944471","一个女孩的镜像世界","","[英] 加文·伊克斯坦","许靖烯","广西科学技术出版社","2017-1-1","38.00","9.1"
"26931507","罗曼蒂克消亡史","","程耳","","江西人民出版社","2016-12-15","36元","7.5"
"1361264","撒哈拉的故事","","三毛","","皇冠出版社","1976","160 TWD","9.0"
"1863930","看不见的城市","","[意大利]伊塔洛·卡尔维诺","张宓","译林出版社","2006-8","16.00元","8.8"
"1316648","查令十字街84号","","[美] 海莲·汉芙","陈建铭","译林出版社","2005-05-01","18.00元","8.3"
"4187411","万物有灵且美","","[英] 吉米·哈利","种衍伦","中国城市出版社","2010-1","28.80","8.8"
"6388661","这些人，那些事","","吴念真","","译林出版社","2011-9","28.00元","8.8"
"22714154","繁花","","金宇澄","","上海文艺出版社","2013-3-1","48.00元","8.7"
"4011670","人间失格","","太宰治","许时嘉","吉林出版集团有限责任公司","2009年9月","16.00元","8.3"
"26883447","在人群中消失的日子","","沈熹微","","人民文学出版社","2016-10-10","36","9.2"
"1062343","昨日的世界","一个欧洲人的回忆","[奥］斯蒂芬・茨威格","舒昌善、孙龙生、刘春华、戴奎生","广西师范大学出版社","2004-5","32.00元","9.2"
"26672693","一个叫欧维的男人决定去死","","[瑞典] 弗雷德里克·巴克曼","宁蒙","四川文艺出版社","2015-12","35.00元","9.0"
"26676528","如何阅读一本文学书","","[美] 托马斯·福斯特","王爱燕","南海出版公司","2016-2","39.50元","8.6"
"3608208","牧羊少年奇幻之旅","","[巴西]保罗·柯艾略","丁文林","南海出版公司","2009-3-1","25.00元","8.6"
"1089243","黄金时代","时代三部曲","王小波","","花城出版社","1999-3","19.00元","8.8"
"1088581","浮生六记","","（清）沈复","","人民文学出版社","1999-1","5.70元","8.9"
"3633461","一句顶一万句","","刘震云","","长江文艺出版社","2009-3","29.80","8.6"
"26939261","时光列车","","[美] 帕蒂·史密斯","非尔","理想国 | 广西师范大学出版社","2017-1","58.00","8.6"
"3406401","悉达多","","[德] 赫尔曼·黑塞","杨玉功 译、丁君君 校","上海人民出版社","2009-3","20.00","9.0"
"26210487","强风吹拂","","(日)三浦紫苑","林佩瑾、李建铨、杨正敏","广西师范大学出版社","2015-1-1","39.00元","9.1"
"26927491","白夜照相馆","","王苏辛","北京联合出版公司","联合读创","2017-1","38","8.2"
"26931701","长安十二时辰","","马伯庸","","湖南文艺出版社","2016-11-21","79.60元","8.7"
"2035179","动物农场","","[英] 乔治·奥威尔","荣如德","上海译文出版社","2007-3","10.00元","9.2"
"26840830","爱德华·巴纳德的堕落","毛姆短篇小说全集1","[英] 毛姆","陈以侃","理想国 | 广西师范大学出版社","2016-10-1","56.00元","8.9"
"1767945","一只特立独行的猪","","王小波","","北方文艺出版社","2006-4","18.80元","8.8"
"26882320","嗨，好久不见","","顾前","","北京十月文艺出版社","2016-11","36","8.8"
"3345595","猫城记","","老舍","","人民文学出版社","2008-11","12.00元","8.5"
"1092168","追忆似水年华（上下册）","","[法国] 马塞尔·普鲁斯特","李恒基、徐继增、桂裕芳、袁树仁、潘丽珍、许渊冲","译林出版社","2001-4","68.00元","9.1"
"26819479","小说药丸","","[英] 埃拉·伯绍德、[英] 苏珊·埃尔德金","汪芃","上海人民出版社","2016-10","59.00元","8.3"
"26278687","皮囊","","蔡崇达","","天津人民出版社","2014-12-1","39.80元","7.8"
"1090043","倾城之恋","","张爱玲","","花城出版社","1997-3-1","11.00","8.5"
"1865089","瓦尔登湖","","[美] 梭罗","徐迟","上海译文出版社","2006-8","11.00元","8.4"
"26710042","多莱尔的希腊神话书","","[美] 英格丽·多莱尔、[美] 爱德加·帕林·多莱尔","熊裕","江苏教育出版社","2016-6-1","88","9.1"
"1431870","源泉","","[美] 安·兰德","高晓晴、赵雅蔷、杨玉","重庆出版社","2005-11","49.80元","9.1"
"6789605","树上的男爵","","(意)卡尔维诺","吴正仪","译林出版社","2012-4","30.00元","9.0"
"1254588","城南旧事","纪念普及版","林海音 文、关维兴 图","","中国青年出版社","2003-7","16.00元","8.9"
"26797395","夏日启示录","罗什福尔家杀人事件","[日] 笠井洁","简之","新星出版社","2016-8","45.00元","8.1"
"2154960","一个陌生女人的来信","","[奥] 斯台芬·茨威格","张玉书","上海译文出版社","2007-7","20.00元","8.7"
"1046265","挪威的森林","","[日] 村上春树","林少华","上海译文出版社","2001-2","18.80元","8.0"
"1400705","情人","","[法] 玛格丽特·杜拉斯","王道乾","上海译文出版社","2005-7","20.00元","8.1"
"1085799","白鹿原","","陈忠实","","人民文学出版社","1997年","28.00元","8.6"
"25985982","遥远的星辰","","[智利] 罗贝托·波拉尼奥","张慧玲","上海人民出版社","2016-1","32.00元","8.5"
"26899220","生活，是很好玩的","","汪曾祺","","江西人民出版社","2016-11","52元","8.8"
"6811366","禅与摩托车维修艺术","","(美)罗伯特·M.波西格","张国辰","重庆出版社","2011-9","36.00元","8.3"
"1119839","王尔德童话","","[英] 王尔德","王林","译林出版社","2003-6","6.00元","9.1"
"3888123","写作这回事","创作生涯回忆录","[美]斯蒂芬·金","张坤","上海译文出版社","2009.08","28.00","8.6"
"1253310","人间草木","","汪曾祺","","江苏文艺出版社","2005-01","20.00元","8.9"
"25884880","我不知道该说什么，关于死亡还是爱情","来自切尔诺贝利的声音","'汪曾祺'","''","'江苏文艺出版社'","'2005-01'","'20.00元'","8.9"
"1440972","博尔赫斯小说集","","[阿根廷] 博尔赫斯","王永年、陈泉","浙江文艺出版社","2005-12","26.00元","9.1"
"1424741","心是孤独的猎手","","[美] 卡森·麦卡勒斯","陈笑黎","上海三联书店","2005-8","25.00元","8.5"
"1083428","傲慢与偏见","","[英] 奥斯丁","张玲、张扬","人民文学出版社","1993-7","13.00元","8.8"
"10774752","毛姆短篇小说精选集","","(英)威廉·萨默塞特·毛姆","冯亦代、傅惟慈、陆谷孙","译林出版社","2012-11","36.00元","9.1"
"4742918","1Q84 BOOK 1","4月～6月","[日] 村上春树","施小炜","南海出版公司","2010-5","36.00元","8.3"
"3071717","爱你就像爱生命","","王小波、李银河","","上海锦绣文章出版社","2008-5","18.00元","8.8"
"26264154","悲伤与理智","","[美] 约瑟夫·布罗茨基","刘文飞","上海译文出版社","2015-4","58.00","8.6"
"26357614","海风中失落的血色馈赠","","[加拿大] 阿利斯泰尔·麦克劳德","陈以侃","上海文艺出版社","2015-6","20.00元","9.0"
"26921077","回望","","金宇澄","","广西师范大学出版社","2017-1-1","49.00元","8.7"
"1057244","边城","","沈从文、黄永玉 卓雅 插图.","","北岳文艺出版社","2002-4","12.00元","8.6"
"26394018","生活与命运","","[俄罗斯] 瓦西里·格罗斯曼","力冈","广西师范大学出版社","2015-8-20","118.00元","9.1"
"1960287","蒙着眼睛的旅行者","","朱岳","","新星出版社","2006-12","16.00元","8.4"
"1083762","人类的群星闪耀时","","[奥] 斯蒂芬·茨威格","舒昌善","广西师范大学出版社","2004-8","18.00元","8.7"
"26606366","布达佩斯往事","冷战时期一个东欧家庭的秘密档案","[美] 卡蒂·马顿","毛俊杰","广西师范大学出版社","2016-1","59.00","8.3"
"26757657","望春风","","格非","","译林出版社","2016-6","48.00","8.3"
"25862578","解忧杂货店","","(日)东野圭吾","李盈春","南海出版公司","2014-5","39.50元","8.6"
"26640439","死缓","","[法] 路易-费迪南·塞利纳","金龙格","漓江出版社","2016-1","60.00元","8.8"
"6781794","过于喧嚣的孤独","","(捷克) 赫拉巴尔","杨乐云","北京十月文艺出版社","2011-10","22.00元","8.8"
"26854325","喜剧作家","","止庵","","中信出版社","2017-2-1","45","8.3"
"1203426","人间词话","","王国维","","上海古籍出版社","1998-12-01","9.80元","9.0"
"26791998","山中的糖果","","邓安庆","","人民文学出版社","2016-6","39.00元","8.3"
"3836566","玫瑰的名字","","[意] 翁贝托·埃科","沈萼梅、刘锡荣","上海译文出版社","2010-03","33.00元","8.6"
"1029791","许三观卖血记","","余华","","南海出版公司","1998-9","16.80元","8.7"
"1008988","了不起的盖茨比","","菲茨杰拉德","姚乃强","人民文学出版社","2004-06","12.00元","8.3"
"5337248","台北人","","白先勇","","广西师范大学出版社","2010-10","38.00元","8.9"
"1045818","苏菲的世界","","（挪威）乔斯坦·贾德","萧宝森","作家出版社","1999-04","26.80","8.5"
"1082334","穆斯林的葬礼","","霍达","","北京十月文艺出版社","1988-12-1","32.00","8.3"
"10763902","偷影子的人","","(法)马克·李维","段韵灵","湖南文艺出版社","2012-6-20","29.80元","7.9"
"4010969","当我们谈论爱情时我们在谈论什么","","[美] 雷蒙德·卡佛","小二","译林出版社","2010-1","22.00元","7.8"
"1086249","荆棘鸟","","[澳] 考琳·麦卡洛","曾胡","译林出版社","1998-7","28.00元","8.6"
"25883305","阿拉伯的劳伦斯","战争、谎言、帝国愚行与现代中东的形成","[美] 斯科特·安德森","陆大鹏","社会科学文献出版社","2014-9-1","72.00元","9.1"
"26382433","无声告白","","[美] 伍绮诗","孙璐","江苏凤凰文艺出版社","2015-7","35.00元","8.2"
"4124727","孤独六讲","","蒋勋","","广西师范大学出版社","2009-10-1","36.00元","8.1"
"1060852","呼兰河传","1947年版本・原版珍藏","萧红","","百花文艺出版社","2005-01","19.00","8.8"
"6857344","夜莺与玫瑰","","[英] 王尔德 著、查尔斯·罗宾逊 绘","林徽因","辽宁教育出版社","2011-9","34.00元","8.5"
"26669243","慈悲","","路内","","人民文学出版社","2016-1","36.00","8.2"
"26940446","DK福尔摩斯百科","","英国DK出版社","","电子工业出版社","2017-1-1","128.00元","7.5"
"4105446","十一种孤独","","（美）理查德·耶茨","陈新宇","上海译文出版社","2010-1","20.00元","8.1"
"3339812","木心作品八种","","木心","","广西师范大学出版社","2009-1","160.00元","9.3"
"1321789","美丽新世界","","[英] 阿道司·赫胥黎","王波","重庆出版社","2005-6","20.00元","8.5"
"6797396","焚舟纪","","[英] 安吉拉·卡特","严韵","南京大学出版社","2012-3-29","100.00元","8.5"
"20428302","失明症漫记","","(葡)若泽·萨拉马戈","范维信","南海出版公司","2014-2","29.50","9.1"
"1085860","基督山伯爵","","大仲马","周克希、韩沪麟","上海译文出版社","1991-12-1","43.90元","8.9"
"26598807","人鼠之间","","[美] 约翰·斯坦贝克（John Steinbeck）","李天奇","上海文艺出版社","2016-1-1","29.00元","9.0"
"26916204","飞灰","","'[美] 约翰·斯坦贝克（John Steinbeck）'","'李天奇'","'上海文艺出版社'","'2016-1-1'","'29.00元'","8.8"
"11584574","万物静默如谜","辛波斯卡诗选","[波] 维斯拉瓦•辛波斯卡","陈黎、张芬龄","湖南文艺出版社","2012-8","26.00元","8.5"
"10560798","面纱","","[英] W.萨默塞特·毛姆","阮景林","重庆出版社","2012-5","32.00元","8.7"
"26853742","疯子的自由","菲利普·皮内尔医生在1789—1795","[法] 弗朗索瓦·勒洛尔","郑园园","生活·读书·新知三联书店","2016-9","40.00元","8.5"
"26794598","过去的痛","梅·萨藤独居日记","[美] 梅·萨藤","马永波","广西师范大学出版社·理想国","2016-5","57.00元","8.2"
"26808761","试刊号","","[意] 翁贝托·埃科","魏怡","上海译文出版社","2017-1-1","CNY 38.00","8.5"
"1082387","一九八四·动物农场","","[英] 乔治·奥威尔","董乐山、傅惟慈","上海译文出版社","2003-4","23.00元","9.2"
"3014444","自深深处","","[英国] 奥斯卡·王尔德","朱纯深","译林出版社","2008-4","28.00元","8.7"
"26888764","寂然的狂喜","叶芝的诗与回声","'[英国] 奥斯卡·王尔德'","'朱纯深'","'译林出版社'","'2008-4'","'28.00元'","8.2"
"4011440","最初的爱情 最后的仪式","","[英] 伊恩·麦克尤恩","潘帕","南京大学出版社","2010-2","22.00元","8.0"
"25880365","小红狼","","[法] 艾美莉·弗雷珊 著绘","潘宁","世界图书出版公司","2017-2","60.00元","9.2"
"26759579","事物的味道，我尝得太早了","石川啄木诗歌集","[日] 石川啄木","周作人","上海人民出版社","2016-5-1","45.00元","8.7"
"1438816","给青年诗人的信","","[奥] 莱内·马利亚·里尔克","冯至","上海译文出版社","2005-10","15.00元","9.1"
"20441569","被淹没和被拯救的","","'[奥] 莱内·马利亚·里尔克'","'冯至'","'上海译文出版社'","'2005-10'","'15.00元'","9.1"
"26431326","所有我们看不见的光","","[美] 安东尼·多尔","高环宇","中信出版社","2015-8","42.00元","8.9"
"1141406","简爱","","[英] 夏洛蒂·勃朗特","","世界图书出版公司","2003-11","18.00元","8.5"
"1014561","古文观止","","吴楚材、吴调侯","","中华书局","1987-1-1","21.00","9.0"
"26944313","青鸟故事集","","李敬泽","","译林出版社","2017-1","68.00","9.2"
"26120130","天才的编辑","麦克斯·珀金斯与一个文学时代","[美] A.司各特·伯格","彭伦","广西师范大学出版社","2015-6","69.80元","9.1"
"1692648","一个人的村庄","","刘亮程","","春风文艺出版社","2006-1","28.00元","8.9"
"1014578","我的精神家园","王小波杂文自选集","王小波","","文化艺术出版社","1997","18.80元","9.0"
"1003000","悟空传","修订版","今何在","","光明日报出版社","2001-4","14.80元","8.4"
"3391248","金阁寺","","[日] 三岛由纪夫","唐月梅","上海译文出版社","2009-1","24.00","8.6"
"26882355","去别处","","顾前","","北京十月文艺出版社","2016-11","39.5元","8.1"
"1019568","三国演义（全二册）","","[明] 罗贯中","","人民文学出版社","1998-05","39.50元","9.2"
"26802388","自在独行","贾平凹的独行世界","贾平凹","","长江文艺","2016-6","39.00","7.6"
"3578470","德米安","埃米尔·辛克莱的彷徨少年时","[德] 赫尔曼·黑塞","丁君君、谢莹莹","上海人民出版社","2009-3","25.00元","9.0"
"1393473","遍地风流","","阿城","","作家出版社","1998","12.00","8.8"
"6800379","2666","","[智利] 罗贝托·波拉尼奥","赵德明","上海人民出版社","2012-1-1","98.00元","8.6"
"26890188","大师们的写作课：好文笔是读出来的","","舒明月","","江苏凤凰文艺出版社","2016-10","32.00","8.5"
"24382569","一桩事先张扬的凶杀案","","[哥伦比亚] 加西亚·马尔克斯","魏然","南海出版公司","2013-6","25.00","8.6"
"1528482","声律启蒙","声律启蒙撮要
附：声律发蒙、笠翁对韵、时古对类","车万育","","岳麓书社","2002年6月第2版","6.20","9.2"
"26356948","摆渡人","","[英]克莱儿·麦克福尔","付强","百花洲文艺出版社","2015-6-1","36.00","6.9"
"26808364","四季红","民国素人志","蒋晓云","","新星出版社","2016-8","35","8.1"
"3369793","亲爱的安德烈","","龙应台、[德] 安德烈","","人民文学出版社","2008-12","26.00","8.7"
"26631867","现实与欲望","塞尔努达流亡前诗全集（1924—1938）","[西班牙] 路易斯·塞尔努达","汪天艾","四川文艺出版社","2016-1","58.00","9.0"
"3610681","海子诗全集","","海子 著、西川 编","","作家出版社","2009-3","88.00元","9.2"
"1291809","世界尽头与冷酷仙境","","[日] 村上春树","林少华","上海译文出版社","2002-12","23.00元","8.5"
"26607924","午夜之子","","[英] 萨曼·鲁西迪","刘凯芳","北京燕山出版社","2015-9","56.00元","8.4"
"5043454","盛开的樱花林下","","坂口安吾","袁斌","吉林出版集团有限责任公司","2010年8月","22.00元","7.9"
"26765928","屠夫十字镇","","'坂口安吾'","'袁斌'","'吉林出版集团有限责任公司'","'2010年8月'","'22.00元'","8.4"
"1883245","诗经","","孔丘 编订","","北京出版社","2006-7","19.90元","9.4"
"26838873","伍迪·艾伦谈话录","","[美] 埃里克·拉克斯","付裕、纪宇","河南大学出版社","2016-9","68.00","8.5"
"26642648","美好的七年","","[以色列] 埃特加·凯雷特","方铁","上海文艺出版社","2016-3-31","25.00元","8.4"
"3597825","我的孤独是一座花园","阿多尼斯诗选","[叙利亚] 阿多尼斯","薛庆国","译林出版社","2009-3","28.00","8.6"
"26916781","当下四重奏","","刘大任","","深圳报业集团出版社","2016-12","45.00","9.4"
"2136484","如果在冬夜，一个旅人","","[意大利] 伊塔洛·卡尔维诺","萧天佑","译林出版社","2007-6","25.00元","8.7"
"3673771","项塔兰","","[澳] 格里高利·大卫·罗伯兹","黄中宪","华文出版社","2009-4","58.00","9.0"
"26791930","生于一九八四","","郝景芳","","电子工业出版社","2016-6-1","49.00元","8.0"
"1917972","在路上","","[美] 杰克·凯鲁亚克","王永年","上海译文出版社","2006-10","28.00元","7.8"
"2302217","阿特拉斯耸耸肩（上下）","","安·兰德","杨格","重庆出版社","2007-10","98.00元","8.8"
"26866448","皮囊之下","","[英] 米歇尔·法柏","杨蓓","中国友谊出版公司","2016-10","38.00","8.6"
"1082518","麦田里的守望者","","[美国] J. D. 塞林格","施咸荣","译林出版社","1997-2","7.80元","7.9"
"10345560","离别之音","","(日)青山七惠","竺家荣","南海出版公司","2012-3","28.00元","7.8"
"1013225","生活在别处","","[捷克] 米兰·昆德拉","袁筱一","上海译文出版社","2004-5","25.00元","8.3"
"1830445","阿城精选集","","阿城","","北京燕山出版社","2011-3","25.00元","9.0"
"1465324","洛丽塔","","[美] 弗拉基米尔·纳博科夫","主万","上海译文出版社","2005-12","27.00元","7.7"
"6027733","因为孤独的缘故","","蒋勋","","新星出版社","2011-4","30.00元","7.5"
"1209899","我与地坛","史铁生代表作","史铁生","","春风文艺出版社","2002-5","25.00元","9.0"
"1013469","战争与和平（全四册）","","[俄] 列夫·托尔斯泰","刘辽逸","人民文学出版社","1997-12","59.00元","8.6"
"26791617","大好河山可骑驴","中国之美在宋朝","王这么","","长江文艺出版社","2016-6-1","39.50元","7.9"
"26892737","亚辛的世界","独角兽之日","[西] 曼·阿尔纳斯 著绘","潘宁","世界图书出版公司","2017-1","55.00元","8.8"
"26269845","唯有孤独恒常如新","伊丽莎白·毕肖普诗选","(美) 伊丽莎白·毕肖普","包慧怡","湖南文艺出版社","2015-3","39.00","8.1"
"10569619","自由","","[美] 乔纳森·弗兰岑","缪梅","南海出版公司","2012-5","49.50元","8.4"
"26275572","奥克诺斯","","[西班牙] 路易斯·塞尔努达","汪天艾","人民文学出版社","2015-1","29.00元","9.1"
"1963684","半生缘","","张爱玲","","北京十月文艺出版社","2006-12","28.00元","8.6"
"26864983","思家小馆的晚餐","","[美] 安·泰勒","刘韶方","百花文艺出版社","2016-11-1","39.50","8.2"
"1205054","悲惨世界（上中下）","","[法] 雨果","李丹、方于","人民文学出版社","1992-6","66.00元","8.9"
"26924030","柏辽兹回忆录","狂飙之子与十九世纪西欧文艺","[法] 埃克托尔·柏辽兹","冷杉、佟心平","后浪丨北京联合出版公司","2017-1","78.00元","9.8"
"26916869","去他的戒律","","[法] 弗朗索瓦·齐博","沈志明","北京联合出版公司·后浪出版公司","2016-12","36.00元","8.7"
"5366382","夜航西飞","","[英] 柏瑞尔·马卡姆","陶立夏","人民文学出版社","2010-12","29.00元","8.7"
"1760432","受戒","汪曾祺自选集","汪曾祺","","漓江出版社","1987-10","3.95元","9.2"
"1006991","一个无政府主义者的意外死亡","达里奥·福戏剧作品集","（意大利）达里奥·福","吕同六","译林出版社","1998-10-01","29.80元","8.6"
"1883991","王小波全集","","王小波","","云南人民出版社","2006-7","288.00元(全十册)","9.3"
"2257283","唐人小说","","汪辟疆 校录","","上海古籍出版社","1978年1月","0.95元","9.1"
"1082584","追忆似水年华 Ⅰ","在斯万家那边","[法] M·普鲁斯特","李恒基、徐继曾","译林出版社","1989-6","5.80元","8.6"
"26587564","我已与一万亿株白桦相逢","西伯利亚铁路纪行","胡成","","广东人民出版社","2015-8-1","68.00元","8.3"
"26911045","陌生的女儿","","[美] 金伯莉·麦克奎格（Kimberly McCreight）","胡绯","中信出版社","2016-12-1","48.00元","8.4"
"1949679","素履之往","素履之往","木心","","广西师范大学出版社","2007-1","26.00","8.7"
"26821459","茧","","张悦然","","人民文学出版社","2016-8-1","45.00元","7.7"
"11528350","哈扎尔辞典（阳本）","一部十万个词语的辞典小说","(塞尔维亚)米洛拉德·帕维奇","南山、戴骢、石枕川","上海译文出版社","2013-1-1","45.00元","8.8"
"1066165","卡尔维诺文集（第三卷）","我们的祖先","[意大利] 卡尔维诺","吴正仪","译林出版社","2001-9","21.00元","9.3"
"26837789","不存在的父亲","","[英] 迈克尔·道布斯","雷素霞","百花洲文艺出版社","2016-9","36.00元","8.6"
"2070844","梦里花落知多少","","三毛","","北京十月文艺出版社","2007-6","28.00元","8.8"
"26685539","有鹿来","京都的日常","苏枕书","","北京联合出版公司","2016-1","49.8","8.1"
"1147193","世说新语","","<南朝宋>刘义庆 著","里望 译注","山西古籍出版社","2004","9","9.0"
"26053771","小于一","","[美] 约瑟夫·布罗茨基","黄灿然","浙江文艺出版社","2014-9-1","CNY 45.00","8.6"
"26682066","我的奋斗1","父亲的葬礼","[挪威] 卡尔·奥韦·克瑙斯高","林后","广西师范大学出版社·理想国","2016-1","68.00","8.5"
"1059419","海边的卡夫卡","","[日] 村上春树","林少华","上海译文出版社","2003-4","25.00元","8.1"
"10512236","时间的针脚","","[西] 玛丽亚·杜埃尼亚斯","罗秀","南海出版公司","2012-3","39.50元","8.4"
"20392523","没有人给他写信的上校","","[哥伦比亚] 加西亚·马尔克斯","陶玉平","南海出版公司","2013-5","19.50元","8.5"
"26580084","烛烬","","[匈] 马洛伊·山多尔","余泽民","译林出版社","2015-11","35.00","8.7"
"1020961","棋王","","阿城","","作家出版社","1999-10","13.00","8.7"
"5958726","质数的孤独","","[意] 保罗·乔尔达诺","文铮","上海译文出版社","2011-3","26.00元","8.0"
"26835827","想象地名私人词典","","[加] A.曼古埃尔、[意] G.盖德鲁培","赵蓉","华东师范大学出版社","2016-8","148.00元","8.9"
"26892733","长城","","[阿尔巴尼亚] 伊斯梅尔·卡达莱","孙丽娜","重庆出版社","2016-12-1","39.80元","8.5"
"1082349","长恨歌","","王安忆","","南海出版公司","2003-8","22.00元","8.2"
"1005358","寻找家园","","高尔泰","","花城出版社","2004-11-03","20.00","9.2"
"26853566","出家","","张忌","中信出版集团","中信·大方","2016-9","39.00","8.2"
"1060117","不朽","","米兰·昆德拉","王振孙、郑克鲁","上海译文出版社","2003-06","24.00","8.5"
"1038196","尤利西斯","","[爱尔兰] 詹姆斯·乔伊斯","萧乾、文洁若","译林出版社","2005-8","58.00元","8.4"
"10522595","在緬甸尋找喬治歐威爾","","艾瑪．拉金","黃煜文","衛城出版社","2012-3-9","TWD 320","8.4"
"21360827","朱生豪情书全集","朱生豪情书全集","朱生豪、宋清如","","中国青年出版社","2013-2","68.00元","9.0"
"26866851","半面维纳斯","","BENJAMIN","","江苏凤凰文艺出版社","2016-9","98.00","8.3"
"1315844","古拉格群岛（上中下）","","[俄] 亚历山大·索尔仁尼琴","田大畏 等","群众出版社","1996-12","96.00元","9.2"
"1014278","红玫瑰与白玫瑰","","张爱玲","","花城出版社","1996-06","12.80元","8.4"
"4238144","岁朝清供","","汪曾祺","","生活·读书·新知三联书店","2010-1-1","25.00元","9.1"
"1022060","狼图腾","","姜戎","","长江文艺出版社","2004-4","32.00元","8.3"
"26657573","眼前","漫游在《左传》的世界","唐诺","","广西师范大学出版社","2016-2","39","8.3"
"26864237","爱欲与哀矜","","张定浩","","新星出版社","2016-7-1","38.00元","8.7"
"4881850","阿勒泰的角落","","李娟","","万卷出版公司","2010-6","25.00元","9.0"
"26890264","不畏风雨","","[日] 宫泽贤治 文、[日] 山村浩二 图","[美] 阿瑟·比纳德 英译、程璧 中译","北京联合出版公司·后浪出版公司","2016-10","52.00元","9.0"
"1119522","呼啸山庄","","艾米莉·勃朗特","张扬、张玲","人民文学出版社","1999-1","27.30元","8.4"
"26394876","小说机杼","","[英] 詹姆斯·伍德","黄远帆","河南大学出版社","2015-8-1","28.00元","8.9"
"3369600","当我谈跑步时我谈些什么","","[日] 村上春树","施小炜","南海出版公司","2009-1","25.00","8.1"
"26802170","科雷马故事","","（俄）瓦尔拉姆·沙拉莫夫","黄柱宇、唐伯讷","广西师范大学出版社","2016-9","118.00元","9.3"
"26883960","伊比库斯的预言","","[法] 帕斯卡尔·拉巴泰","魏清凤","北京联合出版公司·后浪出版公司","2016-12","128.00元","8.8"
"26937000","山河袈裟","","李修文","","湖南文艺出版社","2017-1","42.00","8.3"
"1017334","没有个性的人","","(奥地利)罗伯特·穆齐尔","张荣昌","作家出版社","2001-1","60.00元","9.0"
"25952961","博尔赫斯谈话录","","[阿] 豪尔赫·路易斯·博尔赫斯 著、[美] 威利斯·巴恩斯通 编","西川","广西师范大学出版社","2014-11","49.00元","8.8"
"3826293","教授与疯子","","[英]西蒙·温切斯特","杨传纬","上海世纪出版集团 北京世纪文景","2009-8","22.00元","8.1"
"26933142","让美好现在发生","","毕淑敏","","云南人民出版社","2016-11","35.00","9.2"
"26928435","语言的第七功能","谁杀死了罗兰·巴特","[法] 洛朗·比内","时利和、黄雅琴","海天出版社","2017-1","48.00元","7.6"
"26895254","雪中的印记","","[英] 特蕾西·里斯","","佘玺","广西科学技术出版社","2016-11-11","9.0"
"1292416","香水","一个谋杀犯的故事","[德] 帕·聚斯金德","李清华","上海译文出版社","2005-5","20.00元","8.5"
"1080309","尘埃落定","","阿来","","人民文学出版社","1998-3-1","22.0","8.4"
"3826899","布鲁克林有棵树","","贝蒂·史密斯（Betty Smith)","方柏林","译林出版社","2009-7","28.00元","8.6"
"25829693","永恒的终结","关于时间旅行的终极奥秘和恢宏构想","[美] 艾萨克·阿西莫夫","崔正男","江苏文艺出版社","2014-9-1","CNY 32.00","9.0"
"3899039","刺猬的优雅","","[法] 妙莉叶·芭贝里","史妍、刘阳","南京大学出版社","2010-02","25.00元","8.1"
"26376049","阿兰的战争","","[法]埃曼努埃尔·吉贝尔（Emmanuel Guibert）","孟蕊","北京联合出版公司·后浪出版公司","2015-8","128.00元（全三册）","9.2"
"26772667","我坐在火山的最边缘","","包慧怡","","河南大学出版社","2016-8","36.00","8.7"
"1449351","呐喊","","鲁迅","","人民文学出版社","1973年3月","0.36元","8.8"
"1418058","小径分岔的花园","博尔赫斯小说","[阿根廷] 博尔赫斯","王永年","浙江文艺出版社","2002-7","13.00元","9.1"
"26756030","时间之间","","[英] 珍妮特·温特森","于是","未读·北京联合出版公司","2016-4","49.80元","8.4"
"5993314","安吉拉·卡特的精怪故事集","","[英] 安吉拉·卡特","郑冉然","南京大学出版社","2011-9","48.00元","8.0"
"1022632","罪与罚","","[俄] 陀思妥耶夫斯基","朱海观、王汶","人民文学出版社","1982-10","22.00元","8.7"
"26923541","一定要给你个惊喜","谈波短篇小说选","谈波","","深圳报业集团出版社","2016-11-18","38","8.5"
"11504802","众声","","郭玉洁","","人民文学出版社","2017-1-1","39.00","9.1"
"26920198","里尔克传","鸣响的杯子","[英] 唐纳德·普拉特","张兴文","浙江大学出版社·启真馆","2016-12-17","108.00","9.2"
"26305561","如何阅读一本小说","A Jaunty Exploration of the World's Favorite Literary form by Thomas C. Foster","[美] 托马斯·福斯特","梁笑","南海出版公司","2015-4","39.5","8.0"
"3136271","罗生门","","[日]芥川龙之介","林少华","上海译文出版社","2008-7","12.00元","8.6"
"1398441","汪曾祺散文","","汪曾祺","","人民文学出版社","2005-5","21.00元","9.1"
"1456692","金瓶梅","张竹坡批评第一奇书","兰陵笑笑生","","齐鲁出版社","1991","268.00元","8.5"
"26716997","隐秘的幸福","","[巴西] 克拉丽丝·李斯佩克朵","闵雪飞","上海文艺出版社","2016-6","25.00","8.4"
"1064275","老人与海","","海明威","吴劳","上海译文出版社","1999-10","8.20元","8.3"
"20473505","山月记","","[日]中岛敦","韩冰、孙志勇","中华书局","2013-5","28","8.7"
"5275059","1988：我想和这个世界谈谈","","韩寒","","国际文化出版公司","2010-9","25.00元","7.9"
"2056749","时间旅行者的妻子","","[美] 奥德丽·尼芬格","夏金、安璘","人民文学出版社","2007-4","29.90元","8.1"
"3402999","到灯塔去","","(英)弗吉尼亚·伍尔夫","瞿世镜","上海译文出版社","2009-1-1","22.00","8.6"
"26662600","哈佛非虚构写作课","怎样讲好一个故事","马克•克雷默 (Mark Kramer)、温迪•考尔 (Wendy Call)","王宇光","中国文史出版社","2015-12-1","CNY 48.00","8.2"
"1070272","子不语","","(清)袁枚","","陕西人民出版社","1998-05","10.50","8.4"
"6712407","巴黎评论·作家访谈Ⅰ","第一卷","《巴黎评论》编辑部","黄昱宁 等","人民文学出版社","2012-2","38.00元","8.9"
"26940569","2084","","[阿尔及利亚] 布阿莱姆·桑萨尔","余中先","海天出版社","2017-1","38.00元","8.2"
"2245449","爱与黑暗的故事","","(以色列)阿摩司·奥兹","钟志清","译林出版社","2007-8","35.00元","8.7"
"26276924","梦中的欢快葬礼和十二个异乡故事","","[哥伦比亚] 加西亚·马尔克斯","罗秀","南海出版公司","2015-5-1","CNY 35.00","8.6"
"1061242","写在人生边上","","钱锺书","辽宁人民出版社","辽海出版社","2000-05","6.90元","8.8"
"3608235","失物之书","","[爱尔兰] 约翰·康诺利","安之","人民文学出版社","2009-4","29.90","8.5"
"3769738","万火归一","","[阿根廷] 胡里奥·科塔萨尔","范晔","人民文学出版社","2009-6","22.00","8.7"
"26906750","关于我父母的一切","","南帆","","东方出版中心","2016-11","35元","9.8"
"26794876","一日谈","","[巴西]法比奥·穆恩(Fábio Moon)、加布里埃尔·巴(Gabriel Bá)","王怡婧","北京联合出版公司·后浪出版公司","2016-8","128.00元","9.1"
"4884218","我的阿勒泰","","李娟","","云南人民出版社","2010-7-1","22.00元","8.8"
"1073349","写在人生边上 人生边上的边上 石语","","钱锺书","","生活·读书·新知三联书店","2002-10","27.00元","8.8"
"26920390","自由的夜行","","史铁生","","百花洲文艺出版社","2016-12-1","CNY 39.90","9.3"
"26309691","月光落在左手上","余秀华诗集","余秀华","","广西师范大学出版社","2015-2-1","29.00元","8.3"
"3017857","金锁记","","张爱玲","","哈尔滨出版社","2005年6月","13.5元","8.5"
"26849123","厚积落叶听雨声","","朱光潜","","江苏凤凰文艺出版社","2016-9","39.80元","9.1"
"26431618","君士坦丁堡最后之恋","一部算命用的塔罗牌小说","[塞尔维亚]  米洛拉德·帕维奇","曹元勇","上海译文出版社","2016-9-1","128元","8.7"
"1045352","二十首情诗与绝望的歌","","聂鲁达","李宗荣","中国社会科学出版社","2003-1","20.00","8.7"
"1092335","教父","","[美]马里奥·普佐","周汉林","译林出版社","1997.8","23.30元","8.9"
"26810629","岁月如风小少年","","曾良君","","万榕书业发展有限责任公司","2016-7-1","CNY 36.00","8.4"
"25733470","没有色彩的多崎作和他的巡礼之年","","村上春树","施小炜","南海出版公司","2013-10-1","CNY 39.50","8.3"
"3284547","文心","","夏丏尊、叶圣陶","","三联书店","2008年","29.00元","9.0"
"3616310","小团圆","","张爱玲","","北京十月文艺出版社","2009-4","28.00","7.6"
"26895125","北大国学讲座","","胡适、章太炎、闻一多","","哈尔滨出版社","2016-12","39.80","9.3"
"1794620","芒果街上的小屋","","[美国] 桑德拉·希斯内罗丝","潘帕","译林出版社","2006-6","24.50元","7.8"
"1007433","红与黑","","司汤达","郭宏安","译林出版社","1993-7-1","20.00","8.1"
"4313207","致D","情史","[法] 安德烈·高兹","袁筱一","南京大学出版社","2010-5","20.00元","8.5"
"5299768","希腊左巴","","（希腊）尼科斯·卡赞扎基","王振基、范仲亮","万卷出版公司","2010-10","25.00元","8.6"
"26300508","万物的签名","","[美]伊丽莎白·吉尔伯特（Elizabeth Gilbert）","何佩桦","中信出版社","2015-2","42.00元","8.6"
"26261735","编舟记","","三浦紫苑","蒋崴","上海文艺出版社","2015-3","28.00元","8.5"
"4207781","孩子你慢慢来","","龙应台","","生活·读书·新知三联书店","2009-12-1","28.00元","8.8"
"1792668","苏东坡传","","林语堂","张振玉","陕西师范大学出版社","2006-5","24.80元","8.5"
"26962295","我们终将被遗忘","","李唐","","湖南文艺出版社","2017-1-1","32.00","8.3"
"26262141","毛姆传","毛姆的秘密生活","[英]塞琳娜· 黑斯廷斯","赵文伟","安徽文艺出版社","2015-1","48.00","8.3"
"26877850","你就适可而止吧","一群日语系青年的成长故事集","孙爵（豆瓣ID：日租界傀儡）","","北京日报出版社","2016-10-1","39.8","8.2"
"3669671","我们在此相遇","","[英] 约翰·伯格","吴莉君","广西师范大学出版社","2009-7","24.00元","8.5"
"4714015","万物既伟大又渺小","","[英] 吉米·哈利（James Herriot）","林滢、林慰君","中国城市出版社","2010-05","32.80","9.0"
"1052074","喧哗与骚动","","(美)威廉﹒福克纳","李文俊","上海译文出版社","2004-08","25.00","8.7"
"1077492","大师和玛格丽特","","[俄] 布尔加科夫","钱诚","人民文学出版社","2004-06","21.00元","9.0"
"1058661","飞鸟集","","[印] 罗宾德拉纳德·泰戈尔","徐翰林","哈尔滨出版社","2004-6","16.80元","8.8"
"26776393","故乡，心里的风景","","[日]原田泰治","金晖","南海出版公司","2016-6-1","88.00元","9.2"
"4151117","阴翳礼赞","","[日] 谷崎润一郎","陈德文","上海译文出版社","2010-6","18.00元","8.5"
"26910978","蓝色笔记本","","[俄] 丹尼尔·哈尔姆斯","张猛","四川人民出版社","2016-12","40.00元","9.0"
"3987362","春雪","","[日] 三岛由纪夫","唐月梅","上海译文出版社","2010年8月","32.00","8.8"
"1859108","白痴","","[俄]陀思妥耶夫斯基","荣如德","上海译文出版社","2006-8","20.00元","8.8"
"25924242","爱在黎明破晓前&爱在日落黄昏时","","理查德·林克莱特、金·克里桑","米粒","中信出版社","2014-9","28.00元","8.9"
"5446490","宇宙奇趣全集","","伊塔洛·卡尔维诺","张密、杜颖、翟恒","译林出版社","2011-4","28.00元","8.7"
"1186392","约翰·克利斯朵夫","","（法）罗曼·罗兰","傅雷","人民文学出版社","1957-1-1","74.00元","8.7"
"25897707","沈从文的后半生","","张新颖","","广西师范大学出版社","2014-6-1","CNY 59.00","9.0"
"2165063","纳尔齐斯与歌尔德蒙","","[德]赫尔曼·黑塞","杨武能","上海译文出版社","2007-7","23.00","9.2"
"26752646","天意","","安妮塔·布鲁克纳","锡兵","作家出版社","2016-8-15","40","7.8"
"5269439","城门开","","北岛","","生活·读书·新知三联书店","2010-9","35.00元","8.4"
"3393056","流动的盛宴","","[美] 海明威","汤永宽","上海译文出版社","2009-1","28.00","8.2"
"26844525","再见，萤火虫小巷","","[美] 克莉丝汀·汉娜","吴超","百花洲文艺出版社","2016-9-1","36.00元","8.5"
"26870405","龙头凤尾","","马家辉","","四川文艺出版社","2016-10","39.50元","7.9"
"1418686","红拂夜奔","","王小波","","江苏文艺出版社","2005-1","28.00元","8.6"
"10768068","寻欢作乐","","[英] 威廉·萨默塞特·毛姆","叶尊","译林出版社","2013-2","29.80元","8.4"
"4885241","1Q84 BOOK 2","7月～9月","[日] 村上春树","施小炜","南海出版公司","2010-6","36.00元","8.4"
"26704178","我们飞","","[瑞士] 彼得·施塔姆","苏晓琴","上海文艺出版社","2016-1","22","8.3"
"1016429","毛姆读书随笔","","毛姆","刘文荣","上海三联书店","1999-12","20.00","8.6"
"1075371","马丁·伊登","","（美）杰克・伦敦","殷惟本","人民文学出版社","2004-01","18.00元","8.7"
"4908872","都柏林人","","[爱尔兰] 詹姆斯·乔伊斯","王逢振","上海译文出版社","2010-9","26.00元","8.6"
"26602467","我是女兵,也是女人","2015年诺贝尔文学奖获奖作品","S.A.阿列克谢耶维奇","吕宁思","九州出版社","2015-9","55.00","9.0"
"1029111","哭泣的骆驼","","三毛","","哈尔滨出版社","2003-6","15.80元","8.9"
"3228779","出埃及记","","（美）里昂·尤里斯","高卫民","中国青年出版社","2008-10","50.00元","8.7"
"26932735","从尊敬一事无成的自己开始","","闫红","","人民文学出版社","2017-1","39","9.7"
"26798156","哀伤的墙","","[法] 雅斯米纳·卡黛哈","缪咏华","上海三联书店","2016-7","35.00元","8.3"
"1417385","博尔赫斯诗选","","（阿根廷）博尔赫斯","陈东飚、陈子弘等","河北教育出版社","2003-1","19.0","8.9"
"1469878","日瓦戈医生","","〔苏〕鲍里斯·帕斯捷尔纳克","蓝英年、张秉衡","人民文学出版社","2006-1-1","28","8.6"
"1437488","群魔","","[俄] 费·陀思妥耶夫斯基","臧仲伦","译林出版社","2002-5","36.50元","9.2"
"26593670","天鹅绒监狱","","[匈牙利] 米克洛什·哈拉兹蒂","戴潍娜","中央编译出版社","2015-10-1","38.00元","8.2"
"4882023","万物既聪慧又奇妙","","[英] 吉米·哈利","戴国光、种衍伦","中国城市出版社","2010-7","32.80元","9.2"
"26723433","冬日笔记","","[美] 保罗·奥斯特","btr","人民文学出版社","2016-6","35.00","7.7"
"3448867","采桑子","","叶广芩","","北京出版社","2009-1","32.00元","9.0"
"25913612","给孩子的诗","","北岛  选编","","中信出版社","2014-7-1","30.00元","8.1"
"26628811","世上最美的溺水者","","[哥伦比亚] 加西亚·马尔克斯","陶玉平","南海出版公司","2015-11-1","35.00元","8.7"
"26894367","尘土","","贾行家","","理想国丨广西师范大学出版社","2016-10","39.00","8.4"
"6397275","此生未完成","一个母亲、妻子、女儿的生命日记","于娟","","湖南科技出版社","2011-5","26.00元","9.0"
"4154988","纯真博物馆","","[土耳其] 奥尔罕·帕慕克","陈竹冰","上海人民出版社","2010-1","36.00元","8.0"
"1005521","伊豆的舞女","","[日] 川端康成","叶渭渠","广西师范大学出版社","2002-2","23.80元","8.1"
"25752955","来自新世界 （上下）","","[日] 贵志祐介","丁丁虫","上海译文出版社","2014-4","88.00","9.0"
"2212371","先知","","卡里·纪伯伦","林志豪","天津教育出版社","2007-8","26.00元","9.0"
"2165076","玻璃球游戏","","[德]赫尔曼·黑塞","张佩芬","上海译文出版社","2007-07-01","31.00元","9.0"
"1442720","鲁迅全集（2005最新修订版）","","鲁迅","","人民文学出版社","2005-11-1","990.0","9.4"
"4737325","维罗妮卡决定去死","","[巴西] 保罗·柯艾略","闵雪飞","南海出版公司","2010-8","22.00元","8.2"
"26924863","没有办法一直努力的人生","","曾良君","","人民文学出版社","2016-11","42.00元","8.9"
"1418180","思维的乐趣","","王小波","","中国人民大学出版社","2005-7","16.80元","8.9"
"26610864","浮生六记","","'王小波'","''","'中国人民大学出版社'","'2005-7'","'16.80元'","8.1"
"3013624","棋王.樹王.孩子王","","阿城","","大地","2007-1-1","NTD 200","9.0"
"1049957","浮士德","","歌德","绿原","人民文学出版社","2003-01","18.00","8.6"
"4882159","橘子不是唯一的水果","","[英] 珍妮特·温特森","于是","新星出版社","2010-7","25.00元","7.6"
"26735085","奇迹","","[日] 是枝裕和、[日] 中村航","毛叶枫","北京联合出版公司","2016-5-20","32.00","7.7"
"26315820","火花","","'[日] 是枝裕和、[日] 中村航'","'毛叶枫'","'北京联合出版公司'","'2016-5-20'","'32.00'","8.5"
"11586903","夏目漱石的百合","","江川澜","","上海三联书店","2012-9","28.00元","7.9"
"26594676","古典传统","希腊—罗马对西方文学的影响","[美]吉尔伯特·海厄特（Gilbert Highet)","王晨","北京联合出版公司·后浪出版公司","2015-10","78.00元","9.3"
"1091904","丰饶之海（上下）","","[日] 三岛由纪夫","许金龙 等","北京燕山出版社","2001-1","38.00元","9.1"
"26431617","天黑前的夏天","","[英]多丽丝·莱辛","邱益鸿","译林出版社","2016-1","35.00","8.7"
"25751763","语言与沉默","论语言、文学与非人道","'[英]多丽丝·莱辛'","'邱益鸿'","'译林出版社'","'2016-1'","'35.00'","9.1"
"26701098","骄傲之塔","战前世界的肖像，1890-1914","''[英]多丽丝·莱辛''","''邱益鸿''","''译林出版社''","''2016-1''","''35.00''","9.1"
"1063401","精灵宝钻","魔戒起源","托尔金","李尧","译林出版社","2004-05","21.3","8.4"
"1391191","京华烟云","","林语堂","张振玉","陕西师范大学出版社","2005-7","43.00元","8.5"
"26577690","伪装成独白的爱情","","[匈] 马洛伊·山多尔","郭晓晶","译林出版社","2015-10","48.00","8.5"
"4245064","冷血","","杜鲁门·卡波特","夏杪","南海出版社","2010-1","28.00元","8.5"
"25985126","迷宫中的将军","","[哥伦比亚] 加西亚·马尔克斯","王永年","南海出版公司","2014-11","39.50元","8.6"
"2295912","佩德罗·巴拉莫","","[墨西哥]胡安·鲁尔福","屠孟超","译林出版社","2007-10","18.00","8.9"
"5406559","鼠疫","","（法）加缪","刘方","上海译文出版社","2011-1-1","15.00元","8.7"
"20501761","地球上最后的夜晚","","[智利] 罗贝托·波拉尼奥","赵德明","上海人民出版社","2013-4-1","45.00元","8.2"
"3673651","岛","","[英] 维多利亚·希斯洛普","陈新宇","南海出版公司","2009-4","28.00","7.7"
"2042633","金蔷薇","","[俄]康·帕乌斯托夫斯基","戴骢","上海译文出版社","2007-3","15.00","9.0"
"1213546","变形记","卡夫卡小说","[奥] 卡夫卡","叶廷芳、赵登荣 等","浙江文艺出版社","2003-4","16.00元","8.3"
"3627948","持灯的使者","","刘禾（编）","","广西师范大学出版社","2009-04","30.00元","8.4"
"26303224","说部之乱","","朱岳","","北京联合出版公司·后浪出版公司","2015-4-1","25.00元","8.1"
"2161892","九故事","","[美] J.D.塞林格","李文俊、何上峰","人民文学出版社","2007-8","17.00元","8.5"
"1088065","阿Q正传","","鲁迅、丰子恺","","上海书店出版社","2003-7-1","14.50","8.6"
"26889424","爱是地狱冥犬","","[美] 布考斯基","徐淳刚","华东师范大学出版社","2017-1","60.00","8.3"
"26895400","镜像人之末世如你","","小托","","北京联合出版公司","2016-11","32.00","9.2"
"1050339","文化苦旅","","余秋雨","","东方出版中心","2001-4","22.00元","7.8"
"1400059","心","","夏目漱石","林少华","青岛出版社","2005-05-01","19.80","8.7"
"1015767","门萨的娼妓","伍迪·艾伦幽默文集","[美] 伍迪·艾伦","孙仲旭","生活·读书·新知三联书店","2004-12","25.00元","8.0"
"6746290","奥丽芙·基特里奇","","(美)伊丽莎白·斯特劳特","张芸","南海出版公司","2011-9-1","29.50元","8.9"
"1006113","源氏物语","","紫式部(日)","丰子恺","人民文学出版社","1999-07","55.00","7.8"
"26272073","一生里的某一刻","关于爱与生命的勇气之书","张春","","人民文学出版社","2015-1","38.00元","8.1"
"25744944","既见君子","过去时代的诗与人","张定浩（waits）","","华东师范大学出版社","2014-1","29.80","8.5"
"24755048","当Bob来敲门","伦敦街猫记","[英]詹姆斯·波文(James Bowen)","檀秋文、许伟伟","北京联合出版公司·后浪出版公司","2013-10","29.80元","8.2"
"1083477","包法利夫人","","福楼拜","李健吾","人民文学出版社","2003-01","12.00","7.8"
"1024197","巴黎圣母院","","[法]雨果","陈敬容","人民文学出版社","1982-6","22.50元","8.3"
"1051193","麦琪的礼物","欧·亨利短篇小说经典","[美] 欧·亨利","张经浩","上海社会科学院出版社","2003-7","25.00元","8.6"
"1007772","双城记","","查尔斯・狄更斯","石永礼","人民文学出版社","1996-08","14.10","8.2"
"26760537","给孩子的动物寓言","","黄永玉","","中信出版集团","2016-4-15","45.00元","8.8"
"1851385","我的名字叫红","","[土耳其] 奥尔罕·帕慕克","沈志兴","上海人民出版社","2006-8","29.00元","7.8"
"1078250","洗澡","","杨绛","","人民文学出版社","2004-01","16.00","8.2"
"26823134","困扰种种","莉迪亚·戴维斯小说集II","'杨绛'","''","'人民文学出版社'","'2004-01'","'16.00'","8.1"
"3005076","再活一次","----用写作来调心","纳塔莉·戈德堡","韩良忆","南方出版社","2008年3月","24.00元","8.7"
"1082138","在细雨中呼喊","","余华","","南海出版公司","1999-1","18.00元","8.3"
"7916069","被禁锢的头脑","","(波兰)切斯瓦夫·米沃什","乌兰、易丽君","广西师范大学出版社","2013-3","35.00元","8.8"
"26653000","金翅雀","","[美] 唐娜·塔特","李天奇、唐江","人民文学出版社","2016-1-1","59.00","8.1"
"1029553","西游记（全二册）","","吴承恩","黄肃秋 注释","人民文学出版社","2004-8","47.20元","8.7"
"5040220","蒋勋说红楼梦（第一辑）","","蒋勋","","上海三联书店","2010-9","35.00元","9.0"
"6789551","不存在的骑士","","[意] 伊塔洛·卡尔维诺","吴正仪","译林出版社","2012-4","22.00元","8.8"
"26899836","不如，重新开始","","刘玮 编绘、刘玮、董源 绘","","北京联合出版公司·后浪出版公司","2016-11","42.00元","8.4"
"26927492","追随他的记忆","","林为攀","北京联合出版公司","联合读创","2017-1","38","8.9"
"1011754","海子的诗","","海子","","人民文学出版社","1999-04","15.40","8.9"
"26872968","宋词背后的秘密","","林玉玫","","后浪出版公司·北京联合出版公司","2016-9","36.00元","9.0"
"10759466","地下室手记","","[俄] 陀思妥耶夫斯基","臧仲伦","漓江出版社","2012-5-1","15.00元","9.0"
"26774091","唐草物语","","[日]涩泽龙彦","林青","广西师范大学出版社","2016-6","42.00","8.4"
"25762598","尽头","","唐诺","","广西师范大学出版社","2013-11","88.00","8.8"
"26672441","收山","","常小琥","","译林出版社","2015-12","32.8","8.5"
"26798331","醒来觉得甚是爱你","朱生豪情书集","朱生豪","","哈尔滨出版社","2016-8-1","CNY 39.80","8.8"
"1069059","雪国","","[日] 川端康成","叶渭渠","人民文学出版社","2002-1","7.90元","8.1"
"26900138","万万没想到","《西游记》可以这样读","李天飞","","陕西师范大学出版总社","2016-11-1","CNY 88.00","9.1"
"3866885","沉默","","（日）远藤周作","林水福","南海出版公司","2009-8","22.00元","8.5"
"26666138","这是不是个人","","[意] 普里莫·莱维","沈萼梅","人民文学出版社","2016-3","39.00元","8.9"
"1039752","且听风吟","","[日] 村上春树","林少华","上海译文出版社","2001-8","11.80元","7.8"
"4120475","加缪全集 （小说卷）","","加缪","柳鸣九 等","上海译文出版社","2010年1月","53.00元","9.3"
"25831096","梦书之城","","[德]瓦尔特·莫尔斯","赖雅静","南海出版公司","2014-4","39.50元","8.9"
"26911011","名丽场","","周宏翔","中信出版集团","中信·大方","2017-1-1","38.00","8.3"
"21346008","米格尔街","","(英)V.S.奈保尔","张琪","南海出版公司","2013-7","28.00","8.5"
"26864850","香蕉的低语","","[土耳其] 伊切·泰玛尔库兰","李娟","北京联合出版公司","2016-10-15","39.90元","8.1"
"2209098","致我们终将逝去的青春","","辛夷坞","","朝华出版社","2007-8","25.00元","7.9"
"4202422","云图","","(英) 大卫·米切尔","杨春雷","上海文艺出版社","2010-1-1","33.00元","8.3"
"1058679","人·兽·鬼","","钱锺书","","生活·读书·新知三联书店","2002-5","10.00元","8.7"
"1073744","四世同堂（上下）","","老舍","","人民文学出版社","1999-06","49.00","9.0"
"1872158","蝇王","","[英] 威廉·戈尔丁","龚志成","上海译文出版社","2006-8","13.00元","8.2"
"3090810","五号屠场","","(美)库尔特·冯内古特","虞建华","译林出版社","2008-8","19.80元","8.8"
"1023000","常识与通识","","阿城","","作家出版社","1999-01","11.00","8.6"
"26677797","里尔克诗全集 珍藏版（全四卷）","","[奥] 里尔克","陈宁、何家炜","商务印书馆","2016-1","660.00","9.2"
"26591790","我还是想你，妈妈","","[白俄]S.A.阿列克谢耶维奇","晴朗李寒","九州出版社","2015-9","45.00","8.6"
"1081422","卡夫卡小说全集（全三册）","","[奥] 卡夫卡","韩瑞祥 [等]","人民文学出版社","2003-08","60.00元","8.9"
"26280924","看海的人","","'[奥] 卡夫卡'","'韩瑞祥 [等]'","'人民文学出版社'","'2003-08'","'60.00元'","8.4"
"3297888","云雀叫了一整天","","木心","","广西师范大学出版社","2009.1","34","8.4"
"3131626","荒原狼","","[德]赫尔曼·黑塞","赵登荣、倪诚恩","上海译文出版社","2008-7","13.00","8.9"
"26902259","南瓜花","士兵的故事","'[德]赫尔曼·黑塞'","'赵登荣、倪诚恩'","'上海译文出版社'","'2008-7'","'13.00'","9.0"
"26863353","贩罪","","三天两觉","","江苏凤凰文艺出版社","2016-10","158.00元","8.9"
"7014927","中国神话传说","从盘古到秦始皇","袁珂","","世界图书出版公司·后浪出版公司","2012-1-1","49.80元","8.8"
"3194071","少年巴比伦","","路内","","重庆出版社","2008-8","22.00元","8.6"
"1085883","青铜时代","时代三部曲","王小波","","花城出版社","1997-5","29.00元","8.6"
"25779593","族长的秋天","","加西亚·马尔克斯","轩乐","南海出版公司","2014-6","CNY 39.50","8.5"
"3640067","革命之路","","[美] 理查德·耶茨","侯小翊","重庆出版社","2009-4","28.00","8.7"
"1079252","爱情笔记","","（英）阿兰·德波顿","孟丽","上海译文出版社","2004-04-01","16.00","8.2"
"20515828","傅科摆","","(意)翁贝托·埃科","郭世琮","上海译文出版社","2014-1","69.00","8.6"
"2158684","象棋的故事","","[奥] 斯台芬·茨威格","张玉书","上海译文出版社","2007-7","23.00元","9.0"
"3926717","雷蒙德·卡佛短篇小说自选集","","[美] 雷蒙德·卡佛","汤伟","人民文学出版社","2009-9","29.80","8.5"
"4175473","波斯少年","","[英] 玛丽·瑞瑙特","郑远涛","上海人民出版社","2010-8","29.80元","8.6"
"26747206","人生忽如寄","跟梁实秋品味雅致人生","梁实秋","","天津人民出版社","2016-4","42.00元","8.7"
"1849791","铁皮鼓","","[德] 格拉斯","胡其鼎","上海译文出版社","2006-8","20.00元","8.5"
"26297872","北美殉道者花园","","[美] 托拜厄斯·沃尔夫","孙仲旭","译林出版社","2016-10","35.00","8.2"
"26308505","杂草的故事","","[英] 理查德·梅比","陈曦","译林出版社","2015-6","49.80","8.3"
"26948547","《三国志》讲义","","戴燕","","生活·读书·新知三联书店","2017-1","39.00","8.6"
"10764013","克罗诺皮奥与法玛的故事","","[阿根廷] 胡里奥·科塔萨尔","范晔","南京大学出版社","2012-11","25.00元","8.8"
"3316438","孤独及其所创造的","","[美] 保罗·奥斯特","btr","浙江文艺出版社","2009-1","20.00","8.3"
"1015864","惶然录","","[葡萄牙]费尔南多·佩索阿","韩少功","上海文艺出版社","1995年5月第一版","35.0","9.0"
"3831788","逃离","","艾丽丝·门罗","李文俊","北京十月文艺出版社","2009-1-7","28.00元","8.0"
"6742586","我不是潘金莲","","刘震云","","长江文艺出版社","2012-8","29.80元","7.8"
"1460313","哥伦比亚的倒影","","木心","","广西师范大学出版社","2006-1","22.00元","8.4"
"1119590","老残游记","","[清] 刘鹗","陈翔鹤 校、戴鸿森 注","人民文学出版社","1982-4","13.50元","8.0"
"26940987","文章自在","","张大春","","广西师范大学出版社","2017-1","36.00元","7.8"
"3277199","多田便利屋","","[日] 三浦紫苑","田肖霞","人民文学出版社","2008-10","20.00元","8.1"
"1088812","第二十二条军规","","[美] 约瑟夫·海勒","扬恝、程爱民、邹惠玲","译林出版社","2006-6","23.50元","8.3"
"26591590","巴黎评论·作家访谈2","作家访谈2","《巴黎评论》编辑部","仲召明 等","上海文艺出版社","2015-11-1","45.00","8.7"
"3335362","大教堂","","[美] 雷蒙德·卡佛","肖铁","译林出版社","2009-1","25.00","8.5"
"1529893","莲花","","安妮宝贝","","作家出版社","2006-3","25.00元","8.0"
"3643270","新千年文学备忘录","","(意)伊塔洛·卡尔维诺","黄灿然","译林出版社","2009-3","15.00元","9.1"
"3327495","万有引力之虹","","[美国] 托马斯·品钦","张文宇、黄向荣","译林出版社","2009-1","48.00","8.3"
"5383804","酒吧长谈","","[秘] 马里奥·巴尔加斯·略萨","孙家孟","人民文学出版社","2011-4","39.80元","9.0"
"10607710","世间的盐","","高军","","中国华侨出版社","2012-5","32.00元","8.0"
"1026036","北岛诗歌集","","北岛","","南海出版公司","2003-1-1","20.00","8.6"
"1033825","顾城的诗","蓝星诗库","顾城","","人民文学出版社","1998-12","20.00","8.7"
"25744411","被嫌弃的松子的一生","","[日] 山田宗树","王蕴洁、刘珮瑄","万卷出版社","2013-10-1","CNY 35.00","8.6"
"1291199","过于喧嚣的孤独 底层的珍珠","","[捷] 博·赫拉巴尔","杨乐云、万世荣","中国青年出版社","2003-01-01","16.00","8.7"
"26860296","亲爱的日历","","楚尘文化","中信出版集团","楚尘文化","2016-9-15","88.00元","9.0"
"1791664","千江有水千江月","","萧丽红","","人民文学出版社","2006-5","22.00元","8.8"
"26264210","几乎没有记忆","莉迪亚·戴维斯小说集","[美] 莉迪亚·戴维斯","吴永熹","重庆大学出版社","2015-1","39.50元","7.8"
"26667282","见信如晤","致已然消逝的书信时光","[英]肖恩·亚瑟","冯倩珠","湖南美术出版社","2016-3","68.00元","8.6"
"1982427","大明王朝1566","","刘和平","","人民文学出版社","2007-1-1","59.00元","9.0"
"4143051","荆棘之城","","[英]萨拉·沃特斯","林玉葳","百花洲文艺出版社","2009-11","32.00元","8.6"
"1401425","兄弟（上）","","余华","","上海文艺出版社","2005-8","16.00元","8.3"
"26765930","努门诺尔与中洲之未完的传说","","[英]J.R.R.托尔金 著、[英]克里斯托弗·托尔金 编","石中歌、邓嘉宛","上海人民出版社","2016-8","89.00元","9.3"
"1076654","孽子","孽子","白先勇","","花城出版社","2000-4-1","21.80元","8.7"
"26342182","天堂之火","亚历山大三部曲首部","[英] 玛丽·瑞瑙特","郑远涛","上海人民出版社","2015-10-1","39元","8.7"
"1444077","汪曾祺小说经典","","汪曾祺","","人民文学出版社","2005-8-1","25.00元","9.2"
"1083089","博尔赫斯全集","","[阿根廷] 豪·路·博尔赫斯","王永年、林之木","浙江文艺出版社","1999-11","150.00元","9.3"
"4903692","东京梦华录","","孟元老","","中州古籍出版社","2010-6-1","20.00元","9.0"
"6529759","水蛇腰","","汪曾祺","","中国青年出版社","2011-6","33.00元","9.4"
"1059040","雅舍小品","","梁实秋","","文化艺术出版社","1999-11","28.80元","8.6"
"1013267","唐诗三百首","","蘅塘退士、陈婉俊","","中华书局","1984-07-01","0.65","9.3"
"26892962","声律启蒙：注音朗读版","","[清]车万育 著、吴冠中 绘、李三鹏 注","","中信出版集团","2016-11","39.8","9.9"
"1054917","沧浪之水","","阎真","","人民文学出版社","2001-10","26.00元","8.5"
"26935198","诗经绘","","林帝浣","","当代中国出版社","2016-12-1","39.80元","8.8"
"26647054","小王子（纯美珍藏绘本）","","[法] 安东尼·德·圣-埃克苏佩里","梅思繁","中央广播电视大学出版社.国开童媒","2015-10","45.00元","9.2"
"1874411","乞力马扎罗的雪","海明威短篇小说选","[美]海明威","汤永宽、陈良廷 等","上海译文出版社","2006-8","28.00元","8.5"
"3151990","达摩流浪者","","[美] 杰克·凯鲁亚克","梁永安","上海译文出版社","2008-7","26.00","8.5"
"3803820","人生","","路遥","","北京十月文艺出版社","2009-5","20.00元","8.4"
"3649661","说吧，记忆","自传追述","[美] 弗拉基米尔·纳博科夫","王家湘","上海译文出版社","2009-4","28.00元","8.7"
"26879325","杜拉斯谈杜拉斯","悬而未决的激情","[法] 玛格丽特·杜拉斯","缪咏华","广西师范大学出版社","2016-11","36.00","8.4"
"3003477","虚构集","","[阿根廷]豪·路·博尔赫斯","王永年","浙江文艺出版社","2008-2","20.00元","9.2"
"1318126","雪国","","[日] 川端康成","叶渭渠、唐月梅","天津人民出版社","2005-5","25.00元","8.3"
"26815874","给大家看的国学常识","","朱自清、胡适、李叔同","","哈尔滨出版社","2016-9-30","39.8","9.6"
"1205370","羊脂球","","（法）莫泊桑","柳鸣九","北京燕山出版社","2007-6","13.50元","8.1"
"1939182","美国众神","","[英] 尼尔·盖曼","戚林","四川科学技术出版社","2006-12","36.00元","8.0"
"1010472","安娜·卡列尼娜（上下）","","[俄罗斯] 托尔斯泰","草婴","上海文艺出版社","2004-7","120.00元","8.4"
"6864307","像我这样笨拙地生活","","廖一梅","","中信出版社","2011-10-1","29.80元","7.4"
"1256406","苦炼","","[法] 玛格丽特·尤瑟纳尔","赵克非","东方出版社","2002-10","20.00元","8.8"
"6813370","雾中回忆","","[澳]凯特·莫顿","廖素珊","南海出版公司","2011-9","32.00元","8.2"
"1056023","鼠疫","插图修订本","[法] 阿尔贝·加缪","顾方济、徐志仁","译林出版社","2003-05","20.00元","8.5"
"26704405","树敌","","[意] 翁贝托·埃科","李婧敬","上海译文出版社","2016-10","42","8.3"
"10746177","终结的感觉","","[英] 朱利安·巴恩斯","郭国良","译林出版社","2012-7","29.80元","8.4"
"1004992","张爱玲文集","","张爱玲","","安徽文艺出版社","1992年","45元","8.8"
"26657701","若非此时，何时？","","'张爱玲'","''","'安徽文艺出版社'","'1992年'","'45元'","8.5"
"1013380","茶花女","","小仲马","王振孙","外国文学出版社","1997-03-01","9.00","8.1"
"20326626","少年Pi的奇幻漂流（插图珍藏版）","","[加拿大] 扬·马特尔","姚媛","译林出版社","2012-11-28","35.00元","8.6"
"1856025","道连·葛雷的画像","","[英] 奥斯卡·王尔德","荣如德","上海译文出版社","2006-8","12.00元","8.9"
"1143694","动物凶猛","","王朔","","中国电影出版社","2004-2","15.5","8.2"
"26785701","月童度河","","庆山","新经典文化","北京十月文艺出版社","2016-6-28","45.00","7.5"
"1441980","特朗斯特罗姆诗全集","","[瑞典] 托马斯·特朗斯特罗姆","李笠","南海出版公司","2001-3","20.00元","9.0"
"20279665","“太空漫游”四部曲","","[英]阿瑟·克拉克","郝明义、张启阳、钟慧元、叶李华","上海人民出版社","2013-1","198.00元","9.2"
"1428463","文学理论","","[美] 勒内·韦勒克、[美] 奥斯汀·沃伦","刘象愚 [等]","江苏教育出版社","2005-8","36.00元","8.9"
"26430928","如何独处","","[美] 乔纳森·弗兰岑","洪世民","南海出版公司","2015-8-1","CNY 39.50","7.4"
"26855761","匣心记1","","伍倩","","江苏凤凰文艺出版社","2016-8","138.00","8.5"
"1041366","管锥编（全五册）","","钱钟书","","中华书局","1979-08","88.00","9.3"
"3740431","灵魂只能独行","","周国平","","人民文学出版社","2009-5","28.00元","8.4"
"25724491","突然，响起一阵敲门声","","[以色列] 埃特加·凯雷特","楼武挺","上海文艺出版社","2013-10-25","25.00","8.3"
"26384735","致未来的诗人","","[西班牙] 路易斯·塞尔努达","范晔","华东师范大学出版社","2015-8","34.00","9.0"
"1030554","恶心","","[法] 让-保罗·萨特","杜长有","中国友谊出版公司","1999-3","16.00元","8.5"
"1038476","小说稗类","","张大春","","广西师范大学出版社","2010-10","33.00元","8.7"
"2050779","魔山","","托马斯·曼","钱鸿嘉","上海译文出版社","2007-1","27.00元","8.3"
"26659419","谋杀电视机","","大头马","","四川文艺出版社","2016-1","36.80元","7.7"
"25870629","亲爱的生活","","[加]艾丽丝·门罗","姚媛","北京十月文艺出版社","2014-5-1","39.50元","7.7"
"2036561","城堡","","[奥地利] 卡夫卡","高年生","上海译文出版社","2007-3","14.00元","8.4"
"26276279","苦妓回忆录","","加西亚·马尔克斯","轩乐","南海出版社","2015-3-1","25.00元","7.8"
"26353607","为你，耶路撒冷（上下册）","“这本书会让你无限接近耶路撒冷”","'加西亚·马尔克斯'","'轩乐'","'南海出版社'","'2015-3-1'","'25.00元'","8.5"
"25699387","星辰时刻","","(巴西)克拉丽丝·李斯佩克朵","闵雪飞","上海文艺出版社","2013-10","18.00","8.6"
"26806702","阿尔贝·加缪","一个生命的要素","'(巴西)克拉丽丝·李斯佩克朵'","'闵雪飞'","'上海文艺出版社'","'2013-10'","'18.00'","8.7"
"3544376","顾城的诗 顾城的画","","顾城","","江苏文艺出版社","2009-1","22.00元","9.1"
"25959838","巴托比症候群","","[西班牙] 恩里克·比拉-马塔斯","蔡琬梅","上海人民出版社","2015-3","45.00元","8.0"
"24736899","雪国","川端康成作品01","[日] 川端康成","叶渭渠、唐月梅","南海出版公司","2013-9-15","32.00","8.0"
"3389984","俗世奇人","（修订版）","冯骥才","","作家出版社","2008-12","18.00元","8.6"
"26686803","葬礼竞技会","亚历山大三部曲之三","[英] 玛丽·瑞瑙特","郑远涛","上海人民出版社","2016-3","32.00元","9.0"
"1868698","为什么读经典","","[意大利] 伊塔洛·卡尔维诺","黄灿然、李桂蜜","译林出版社","2006-8","25.00元","8.3"
"2146279","心灵的焦灼","","斯台芬·茨威格","张玉书","上海译文出版社","2007-7","29.00元","9.0"
"1003986","病隙碎笔","史铁生人生笔记","史铁生","","陕西师范大学出版社","2006-3","25.00元","8.8"
"1081144","古詩源","","[清] 沈德潛","","中华书局","2006-4","34.00元","9.3"
"1000856","我是猫","","[日]夏目漱石","于雷","译林出版社","1994-5-1","10.30","7.9"
"26901311","血日苍茫","太平天国在南方的最后一个传奇","谢友祥","","广东人民出版社","2016-11-1","39","8.6"
"3075281","世界上所有的夜晚","","迟子建","","上海人民出版社","2008-5","25.00元","8.6"
"26898353","天才地理学","从雅典到硅谷,探索天才与环境的关系","[美] 埃里克·韦纳","秦尊璐","中信出版社","2016-11-28","48","9.7"
"26286330","俄罗斯文学讲稿","","[美] 弗拉基米尔·纳博科夫","丁骏、王建开","上海三联书店","2015-3-30","45.00元","8.7"
"26732624","精神病患","","[美] 威廉·彼得·布拉蒂","姚向辉","北京时代华文书局","2016-5-16","56.00元","8.3"
"26298590","出轨","","[爱尔兰] 威廉·特雷弗","杨凌峰","上海文艺出版社","2015-2","29.00元","8.4"
"26905301","经典里的中国","","杨照","","理想国 | 广西师范大学出版社","2016-11","248.00元","9.6"
"10583075","英国病人","","[加拿大] 迈克尔·翁达杰","丁骏","人民文学出版社","2012-10-1","29.00元","8.5"
"1018577","霸王别姬 青蛇","","李碧华","","花城出版社","2001-5","21.00元","8.9"
"3537590","朗读者","","[德] 本哈德·施林克","钱定平","译林出版社","2009-2","22.00","8.3"
"5336228","作家笔记","","[英] 萨默塞特·毛姆","陈德志、陈星","南京大学出版社","2011-1","29.00元","8.7"
"26286208","没有女人的男人们","","[日] 村上春树","竺家荣、姜建强、岳远坤、陆求实、林少华、毛丹青","上海译文出版社","2015-2","35.00元","7.7"
"4000908","金瓯缺","","徐兴业","","长江文艺出版社","2009-7-1","136.00元","8.8"
"2170030","白鲸","","[美]赫尔曼·麦尔维尔","曹庸","上海译文出版社","2007-7","30.00元","8.1"
"1312558","文学讲稿","","弗拉基米尔·纳博科夫","申慧辉","上海三联书店","2005-4","36.00元","8.9"
"2005705","唐宋词十七讲","","叶嘉莹","","北京大学出版社","2015-5-1","CNY 62.00","9.1"
"26286751","文学阅读指南","","[英] 特里·伊格尔顿","范浩","河南大学出版社","2015-5","32.00元","8.5"
"26320883","丈量世界","","[德] 丹尼尔‧凯曼","文泽尔","南海出版公司","2015-10","39.50","7.6"
"1421484","The Poisonwood Bible","A Novel","Barbara Kingsolver","","Harper Perennial Modern Classics","2005-5-31","105.00元","8.9"
"25913058","我爱这哭不出来的浪漫","","严明","","广西师范大学出版社","2014-7-1","35.00","7.9"
"25984204","乖，摸摸头","","大冰","","湖南文艺出版社","2014-9-1","36.00元","7.5"
"1400707","广岛之恋","","[法] 玛格丽特・杜拉斯","谭立德","上海译文出版社","2005-7","23.00元","8.1"
"10764363","是，大臣","","(英)乔纳森·林恩、(英)安东尼·杰伊 编著","王艺","生活·读书·新知三联书店","2012-8","49.00元","9.2"
"1491719","论红楼梦","历史文化的全息图像","李劼","","新星出版社","2006-2-1","58.0","8.3"
"26835963","想象共和国","三本书里读美国","'李劼'","''","'新星出版社'","'2006-2-1'","'58.0'","8.1"
"1917078","风之影","","[西] 卡洛斯·鲁依斯·萨丰","范湲","人民文学出版社","2006-10","29.90元","8.6"
"26461519","面包会有的","","苗炜","","译林出版社","2015-7-1","CNY 36.00","8.0"
"26925381","沉雪","","李晶、李盈","","浙江人民出版社·后浪出版公司","2016-12","36.00元","8.4"
"26742636","鸟人","","[美] 威廉·沃顿","赵元","北京时代华文书局","2016-5-5","49.00元","9.0"
"1085021","蝴蝶梦","","[英] 达夫妮·杜穆里埃","林智玲 程德 译、陆谷孙 校","上海译文出版社","2002-3","16.00元","8.2"
"1316444","舞姬","","森鸥外","高慧勤","解放军文艺出版社","2005-3","16.00元","7.8"
"2973335","微暗的火","","[美]弗拉基米尔·纳博科夫","梅绍武","上海译文","2008-1","26.00元","8.6"
"4732188","中央公园西路","三个独幕剧","[美] 伍迪·艾伦","宁一中","上海译文出版社","2010-8","16.00元","8.1"
"26892916","极简图书史","","[英] 罗德里克·卡夫、[英] 萨拉·阿亚德","戚昕、潘肖蔷","电子工业出版社","2016-12-20","98.00元","8.5"
"1883353","野性的呼唤","","杰克·伦敦","刘荣跃","上海译文出版社","2006-8","25.00元","8.8"
"1062991","北京法源寺","","李敖","","中国友谊出版社","2004-08","20.00元","8.4"
"4246979","窄门","","[法] 安德烈·纪德","桂裕芳","上海译文出版社","2010-04","18.00","8.1"
"25899380","桑切斯的孩子们","一个墨西哥家庭的自传","奥斯卡·刘易斯 (Oscar Lewis)","李雪顺","上海译文出版社","2014-7-1","CNY 59.00","8.9"
"26892786","你须寻得所爱","","李小丢","","中国友谊出版公司","2016-11-1","38.00","9.1"
"4105424","恋爱中的男人","","[德] 马丁·瓦尔泽(Martin Walser)","黄燎宇","人民文学出版社","2009","17.00元","7.8"
"1163444","夜之卡斯帕尔","","贝尔特朗","黄建华","花城出版社","2004-05-01","12.80元","8.7"
"2376336","未央歌","","鹿桥","","黄山书社","2007-12","58.00","8.4"
"1449352","朝花夕拾","","鲁迅","","人民文学出版社","1972年4月","0.25元","8.6"
"25846182","鱼羊野史·第1卷","","高晓松","","湖南文艺出版社","2014-4-1","39.80元","7.5"
"5321895","那些忧伤的年轻人","","F·S·菲茨杰拉德(Fitzgerald.F.S.)","姜向明、文光、蔡慧","上海译文出版社","2011-1","25.00元","8.3"
"1043485","檀香刑","","莫言","","作家出版社","2001-3","27.00元","8.1"
"10555486","分成两半的子爵","","[意大利] 伊塔洛•卡尔维诺","吴正仪","译林出版社","2012-4-1","20.00元","8.7"
"1043815","骆驼祥子","","老舍","","人民文学出版社","2000-3-1","12.00","8.2"
"20513012","无比芜杂的心绪","村上春树杂文集","村上春树","施小炜","南海出版公司","2013-4","39.50元","7.6"
"1082578","理想国与哲人王","","王小波","","陕西师范大学出版社","2004-1","14.00元","9.0"
"26857201","宋末大变局.四川风云  上册","","张生全","","广东人民出版社","2016-9-1","39.80","9.1"
"25796049","沙之书","","(阿根廷)博尔赫斯","王永年","上海译文出版社","2015-7","26.00","9.0"
"1082150","白银时代","时代三部曲","王小波","","花城出版社","1997-5","10.00元","8.3"
"25961455","重读","在咖啡馆遇见14个作家","唐诺","","广西师范大学出版社","2015-1","56.00","8.4"
"1438394","更多的人死于心碎","","[美]索尔·贝娄(Saul Bellow)","李耀宗","中国文联出版公司","1992-2","5.90元","8.4"
"10763918","一路两个人","","(美)盖尔·考德威尔","许思悦","人民文学出版社","2012-9","16.00元","8.3"
"10796035","中国古典诗词感发","","顾随","","北京大学出版社","2012-6-1","39.00元","9.2"
"4869637","福楼拜的鹦鹉","","朱利安·巴恩斯","石雅芳","译林出版社","2010-5","23.00元","8.1"
"1465007","生死疲劳","","莫言","","作家出版社","2006-1-1","39.00元","8.2"
"3765092","旧地重游","故园风雨后","[英]伊夫林·沃（Evelyn Waugh）","赵隆勷","译林出版社","2009-6","29.80元","8.6"
"26901177","流动的盛宴","","[美]欧内斯特·海明威","刘子超","中信出版社","2017-1","49.80元","8.5"
"26590901","一百年漂泊","台湾的故事","杨渡","","生活·读书·新知三联书店","2016-1","48.00","8.5"
"3003258","阿莱夫","","[阿根廷]豪·路·博尔赫斯","王永年","浙江文艺出版社","2008-2","20.00","9.2"
"2160230","细雪","","(日)谷崎润一郎","储元熹","上海译文出版社","2007-7","20.00元","8.5"
"1458164","她是女子，我也是女子","","黃碧雲","麥田出版有限公司","1994","10","HK$47","8.3"
"10519369","万物生光辉","","[英] 吉米·哈利","余国芳、谢瑶玲","中国城市出版社","2012-3","32.80元","9.4"
"26642866","萤火虫小巷","","[美]克莉丝汀·汉娜","康学慧","百花洲文艺出版社","2015-11-1","36.00元","8.4"
"26889498","小确幸不如大欢喜","","牛莹","","百花洲文艺出版社","2016-10","32元","8.9"
"1433835","The Elements of Style, Fourth Edition","","William Strunk Jr.、E. B. White","","Longman","1999-8-2","USD 9.95","9.1"
"1021990","唐诗鉴赏辞典","","萧涤非、等","","上海辞书出版社","1999-11","52.10元","9.2"
"1317899","生死场","","萧红","","人民文学出版社","2005-5-1","11.00","8.1"
"3783409","圣殿春秋（上）","","[英] 肯·福莱特","胡允桓","上海译文出版社","2009-7","29.00元","8.7"
"24872210","无愁河的浪荡汉子·朱雀城","","黄永玉","","人民文学出版社","2013-8","138","9.2"
"1807769","假如你愿意你就恋爱吧","王小波书信精品集","王小波","","陕西师范大学出版社","2006-6","18.00元","8.8"
"1025753","妻妾成群","","苏童","","上海文艺出版社","2004-8","23.00元","8.2"
"26922279","雨中你的自由泳非常美丽","","角男","中信出版集团","中信大方","2017-1","38","8.5"
"26253801","一个市民的自白","","[匈] 马洛伊·山多尔","余泽民","译林出版社","2015-11","45.00","8.8"
"26265745","清明上河图密码","隐藏在千古名画中的阴谋与杀局","冶文彪","","北京联合出版公司","2015-1-1","49.90元","8.2"
"3880832","认得几个字","","张大春","","上海人民出版社","2009-08-01","46.00","8.2"
"26276923","礼拜二午睡时刻","","[哥伦比亚] 加西亚·马尔克斯","刘习良、笋季英","南海出版公司","2015-3-1","29.50","7.9"
"4240403","最好的女子","对天下女子，不仅要有懂的，更要有慈悲。","黄佟佟","","广西师范大学出版社","2009年2月","24.80元","7.1"
"25849892","人间滋味","","汪曾祺","","天津人民出版社","2014-4","34.80元","8.8"
"2969263","跳房子","","[阿根廷] 胡利奥·科塔萨尔","孙家孟","重庆出版社","2008-1","32.00元","8.5"
"10563555","恐惧","茨威格小说精选","[奥]斯蒂芬•茨威格","韩耀成、沈锡良","陕西师范大学出版总社","2013-5","25.00元","8.9"
"5333599","春天责备","","周云蓬","","上海文艺出版社","2010-12","32.00元","8.2"
"1055234","神曲（全三册）","","但丁","田德望","人民文学出版社","2004-05","43.00","8.5"
"3389460","空间的诗学","","[法] 加斯东·巴什拉","张逸婧","上海译文出版社","2009-1","27.00元","8.9"
"26591906","浮生梦","","[英] 达芙妮·杜穆里埃","姜秋霞","花山文艺出版社","2016-1-15","39.90","8.3"
"26811966","无影人","","赵志明","","百花文艺出版社","2016-6","39.50元","8.0"
"2250587","一个人的好天气","","[日] 青山七惠","竺家荣","上海译文出版社","2007-9","15.00元","7.6"
"3259428","斜阳","","（日）太宰治","杨伟、张嘉林","重庆出版社","2008-10","23.80元","8.5"
"1088418","死屋手记","","[俄] 陀思妥耶夫斯基","曾宪溥、王健夫","人民文学出版社","2011-5","20.00元","9.0"
"1045365","恶之花","","[法] 夏尔·波德莱尔","郭宏安","广西师范大学出版社","2002-10","19.80元","8.6"
"26856478","无路可逃","1966—1976自我口述史","冯骥才","","人民文学出版社","2016-8-1","CNY 28.00","8.5"
"25801080","我曾这样寂寞生活：辛波斯卡诗选2","","[波]维斯拉瓦·辛波斯卡","胡桑","湖南文艺出版社","2014-2","30","8.2"
"1165173","务虚笔记","","史铁生","","南海出版公司","2004-5-1","26.00元","8.8"
"1048173","忏悔录","","卢梭","黎星、范希衡","人民文学出版社","1982-9-1","29.80","8.0"
"2036569","愤怒的葡萄","","[美]斯坦贝克","胡仲持","上海译文出版社","2007-3","19.00元","8.2"
"20425053","我所理解的生活","","韩寒","","浙江文艺出版社","2013-1-8","29.00元","7.7"
"1434071","我们","","[俄] 尤金·扎米亚金","殷杲","江苏人民出版社","2005-10","18.00元","7.9"
"25908110","诗人的迟缓","","范晔","","上海三联书店","2014-7","28.00元","8.5"
"26682576","给孩子读诗","","果麦","","浙江文艺出版社","2016-1-1","CNY 68.00","8.5"
"1064707","从卡夫卡到昆德拉","20世纪的小说和小说家","吴晓东","","生活·读书·新知三联书店","2003-8-1","39.60","8.7"
"20392525","枯枝败叶","","[哥伦比亚] 加西亚·马尔克斯","刘习良、笋季英","南海出版公司","2013-1","25.00元","7.9"
"1417878","里尔克诗选","","[奥] 里尔克","黄灿然","河北教育出版社","2002-7","7.20元","8.5"
"26716260","中国文学史","","钱穆 讲述、叶龙 记录整理","","天地出版社","2016-3","45","8.2"
"4105444","复活节游行","","（美）理查德·耶茨、Richard Yates","孙仲旭","上海译文出版社","2009年11月","20.00元","8.5"
"1036947","给青年小说家的信","","[秘] 马里奥·巴尔加斯·略萨","赵德明","上海译文出版社","2004-10","15.00元","8.4"
"25802944","大唐李白·少年游","","张大春","","广西师范大学出版社","2014-1-1","39.00元","8.2"
"1016300","梦里花落知多少","","郭敬明","","春风文艺出版社","2003-11","20.00元","7.2"
"3642673","我执","","梁文道","","广西师范大学出版社","2010-10","35.00元","8.0"
"26738797","小说课（壹）","折磨读者的秘密","许荣哲","","中信出版社","2016-8","38.00","8.0"
"26848050","托马斯·伯恩哈德自传小说五部曲","","[奥地利] 托马斯·伯恩哈德","韩瑞祥 等","人民文学出版社","2016-12","56.00元","8.3"
"21460732","秒速五厘米","","[日] 新海诚","季丽晔","上海译文出版社","2013-3","28.00元","8.3"
"1069210","痴人之爱","","（日本）谷崎润一郎","郑明钦","中国文联出版社","2000-08","20.00元","7.6"
"26022097","番石榴飘香","","[哥伦比亚] 加西亚·马尔克斯、[哥伦比亚] 门多萨","林一安","南海出版公司","2015-1","32.00","8.4"
"25912887","练习一个人","当我开始爱自己","陶立夏","","江苏文艺出版社","2014-7-5","39.80","6.8"
"25895442","你的孤独，虽败犹荣","谁的青春不迷茫系列","刘同","","中信出版社","2014-7-1","CNY 39.80","6.8"
"10877051","顾城哲思录","","顾城","","重庆出版社","2012-8-1","30.00元","9.0"
"26891238","红色","","徐兵 孙强 著、石典典 改编","","化学工业出版社·悦读名品","2016-11-1","75","9.6"
"26920207","企鹅课","","[英] 汤姆`米切尔","孙璐","北京联合出版公司·未读","2016-12","39.80元","8.8"
"1046209","安徒生童话故事集","","（丹麦）安徒生","叶君健","人民文学出版社","1997-08","25.00","9.1"
"26801361","鹿苑长春","N．C. Wyeth 插图官方授权版本","[美] 玛•金•罗琳斯","梅静","云南人民出版社","2016-6-1","48.00元","9.1"
"26662757","六桩不可能犯罪","","（法）皮埃尔·布瓦洛","","陶然","谜斗篷","2015-11","8.7"
"26722307","暗夜独行客","雷·布拉德伯里短篇自选集（第一卷）","[美] 雷·布拉德伯里","夏笳、阿古、曹浏、李懿、吕诗苑、汪杨达","新星出版社","2016-3","40.00元","7.9"
"26632952","苏辛词说","苏辛词说","顾随 陈均","陈均 校","北京出版社","2015-1-1","CNY 38.00","9.2"
"26718529","奥丁的子女","北欧神话故事集","[爱尔兰] 帕德里克·科勒姆、Padraic Colum","邢小胖","上海社会科学院出版社","2016-5","39.80","8.1"
"26286757","莎士比亚的动荡世界","","[英] 尼尔·麦克格雷格","范浩","河南大学出版社","2016-4","68.00元","8.7"
"2988943","青灯","","北岛","","江苏文艺出版社","2008-1","16.00","8.3"
"5326883","如何读，为什么读","","[美] 哈罗德·布鲁姆","黄灿然","译林出版社","2011-1","30.00元","8.3"
"3138839","大师","","[爱尔兰] 科尔姆·托宾","柏栎","人民文学出版社","2008-7","26.00元","8.6"
"1016486","笑忘录","","[捷克] 米兰·昆德拉","王东亮","上海译文出版社","2004-1","21.00元","8.3"
"1433739","蜘蛛女之吻","","[阿根廷]普伊格","屠孟超","译林出版社","2004年10月","16.80","8.5"
"6879215","乌克兰拖拉机简史","","[英] 玛琳娜·柳薇卡","邵文实","吉林出版集团有限责任公司","2011-12","32.00元","7.6"
"25764295","百年好合","民国素人志","蒋晓云","","新星出版社","2014-1-1","32.00元","8.4"
"26367364","爱吃沙拉的狮子","","[日] 村上春树","施小炜","南海出版公司","2015-5","39.00元","8.2"
"20433554","关山夺路","王鼎钧回忆录四部曲之三","王鼎钧","","生活·读书·新知三联书店","2013-1","36.00元","9.2"
"26733854","明天也是小春日和","","[日] 津端英子、[日] 津端修一","朝阳","新星出版社","2016-5","39.50元","8.7"
"1961670","叶嘉莹说汉魏六朝诗","迦陵说诗","叶嘉莹","","中华书局","2007-1","49.00元","9.2"
"25986620","阁楼上的疯女人","女性作家与19世纪文学想象","'叶嘉莹'","''","'中华书局'","'2007-1'","'49.00元'","8.6"
"26451439","木心谈木心","《文学回忆录》补遗","木心 讲述","","广西师范大学出版社","2015-8-1","39.00","8.1"
"25735727","站在两个世界的边缘","","程浩（伯爵在城堡）","","广西师范大学出版社","2013-10","35.00","8.2"
"2032523","失乐园","","'程浩（伯爵在城堡）'","''","'广西师范大学出版社'","'2013-10'","'35.00'","8.5"
"1774227","脂砚斋重评石头记庚辰校本","","曹雪芹 著 脂砚斋 评、郑遂夫 校订","邓遂夫 校订","作家出版社","2006年5月","99.00","9.6"
"26884279","白日之梦","","袁琼琼 主编","","九州出版社","2016-10","35.00元","9.6"
"1255625","天龙八部","","金庸","","三联书店","1994-5","96.0","9.1"
"1005255","博尔赫斯文集","","[阿根廷] 博尔赫斯","王永年 [等]","海南国际新闻出版中心","1996-11","65.00元","9.3"
"26110579","暗店街","","[法] 帕特里克·莫迪亚诺","王文融","上海文艺出版社","2015-1-1","25.00","7.6"
"26880577","世界上到底有没有百分之百的异性恋","","方悄悄","","中信出版集团","2016-10","CNY 39.80","8.2"
"1837654","审判","","弗兰茨·卡夫卡","曹庸","上海文艺出版社","2006-5","35.00元","8.7"
"25841074","契诃夫小说全集","","[俄] 契诃夫","汝龙","人民文学出版社","2016-5","630.00","9.7"
"25886172","幻想图书馆","","'[俄] 契诃夫'","'汝龙'","'人民文学出版社'","'2016-5'","'630.00'","7.6"
"1074155","骑兵军","全译插图本","（俄）伊萨克・巴别尔","戴骢","人民文学出版社","2004-09","25.00","8.8"
"10749924","天真的和感伤的小说家","","[土耳其] 奥尔罕·帕慕克","彭发胜","上海人民出版社","2012-9","26.00元","8.2"
"21778349","苦水音乐","","(美)查尔斯·布考斯基","巫土、杨敬","广西师范大学出版社","2013-8","32.00","8.2"
"3391245","假面自白","","[日] 三岛由纪夫","唐月梅","上海译文出版社","2009-1","18.00","8.4"
"1768642","博尔赫斯短篇小说集","","[阿根廷] 博尔赫斯","王央乐","上海译文出版社","1983","1.20元","9.2"
"26309861","摇摇晃晃的人间","余秀华诗选","余秀华","","湖南文艺出版社","2015-2-1","CNY 28.00","8.4"
"26648238","且将生活一饮而尽","","李座峰","","中国华侨出版社","2015-11-1","36.80","7.7"
"1005918","堂吉诃德","","塞万提斯、屠孟超","屠孟超","译林出版社","2002-7-1","35.00元","7.9"
"1288913","半生为人","","徐晓","","同心出版社","2005-1-1","28.00","8.3"
"1960035","盲刺客","","玛·阿特伍德","韩忠华","上海译文出版社","2007-1","38.00元","8.8"
"25731506","乱时候，穷时候","","姜淑梅","浙江人民出版社","铁葫芦图书","2013-10-16","32.80元","8.0"
"5502995","1Q84 BOOK 3","10月～12月","[日] 村上春树","施小炜","南海出版公司","2011-1","39.50元","7.6"
"1457542","芥川龙之介全集","","[日] 芥川龙之介","郑民钦、魏大海、侯为","山东文艺出版社","2005-3","180.00元 (全5卷)","9.2"
"2136140","雨季不再来","","三毛","","北京十月文艺出版社","2007-7","28.00元","8.7"
"1002513","詩經注析（全二冊）","","程俊英、蒋见元","","中华书局","1999-1-1","68.0","9.2"
"4299250","读诗的艺术","","[美] 哈罗德·布鲁姆 等","王敖","南京大学出版社","2010-03","26.00","8.6"
"26735064","孤独小说家","","[日] 石田衣良","杨恋","北京联合出版公司","2016-4-1","36","7.3"
"1052990","草房子","","曹文轩","","江苏少年儿童出版社","2009-6","18.00元","8.9"
"25788697","一切都是最好的安排","","辉姑娘","","中信出版社","2014-1","36","7.6"
"26916459","这世界不会给你第二次机会","","'辉姑娘'","''","'中信出版社'","'2014-1'","'36'","9.5"
"1393724","楚辞","","屈原","陈书彬","山西古籍出版社","2003-03-01","7.00元","9.0"
"1159939","一个陌生女子的来信","","[奥] 茨威格","李政","中国社会科学出版社","2004-5","20.00元","8.5"
"1089049","莎士比亚全集（全8册）","","[英] 莎士比亚","朱生豪 等","译林出版社","1998-5","220.00元","9.3"
"1856285","人生若只如初见","古典诗词的美丽与哀愁","安意如","","天津教育出版社","2006-8","23.80元","7.3"
"5367304","城邦暴力团（上）","","张大春","","上海人民出版社","2011-1","36.00元","8.3"
"11501640","柔软","","廖一梅","","中信出版社","2012-7","38.00元","8.4"
"26412776","巴塞尔姆的60个故事","","[美] 唐纳德·巴塞尔姆","陈东飚","南海出版公司","2015-8","58","7.9"
"1398395","狂人日记","","鲁迅","","京华出版社","2006-3","39.80元","8.6"
"3129584","莎乐美","","[英]奥斯卡·王尔德、比亚兹莱  插图","阿尔弗雷德·道格拉斯  英译、田汉  中译","吉林出版集团有限责任公司","2008-07","22.00","8.8"
"4213981","好人难寻","","(美) 奥康纳","於梅","新星出版社","2010-3","28.00元","8.4"
"5395162","天人五衰","","(日)三岛由纪夫","林少华","上海译文出版社","2011-4","25.00元","9.0"
"20444771","血色子午线","","科马克·麦卡锡","冯伟、郑贤清（校对）","重庆出版社","2013-2","36.00元","8.9"
"20433556","昨天的云","回忆录四部曲之一","王鼎钧","","生活•读书•新知三联书店","2013-1-1","30.00元","8.7"
"1063796","小说的艺术","","[捷克] 米兰·昆德拉","董强","上海译文出版社","2004-08","17.00元","8.6"
"25940556","锌皮娃娃兵","","'[捷克] 米兰·昆德拉'","'董强'","'上海译文出版社'","'2004-08'","'17.00元'","8.3"
"24934182","一个人的朝圣","","【英】蕾秋·乔伊斯","黄妙瑜","北京联合出版公司","2013-9-1","32.80","8.1"
"11604737","芬尼根的守灵夜（第一卷）","","[爱尔兰] 詹姆斯·乔伊斯","戴从容","上海人民出版社","2012-9-1","128.00元","8.7"
"3391246","潮骚","","（日）三岛由纪夫","唐月梅","上海译文出版社","2009-1","15.00","8.2"
"3662594","荒人手记","","朱天文","","山东画报出版社","2009-5","25.00","8.1"
"10537645","岛屿书","","（德）朱迪丝·莎兰斯基","晏文玲","湖南文艺出版社","2013-1","88.00元","8.4"
"26694861","影响的剖析","文学作为生活方式","[美] 哈罗德·布鲁姆","金雯","译林出版社","2016-10","59.00元","8.3"
"1015452","国境以南 太阳以西","","[日] 村上春树","林少华","上海译文出版社","2001-8","13.50元","8.2"
"26602780","乡村生活图景","","[以色列] 阿摩司·奥兹","钟志清","译林出版社","2016-6","35.00","8.4"
"26897973","中国特色的译文读者","","沈诞琦","","湖南文艺出版社","2016-10-1","45.00元","7.7"
"1212469","荷马史诗·伊利亚特","","荷马","罗念生","人民文学出版社","2003-1-1","22.00","8.9"
"24319078","我心中尚未崩坏的部分","","白石一文","陈明姿、王忆云","上海人民出版社","2013-8","32.00元","7.7"
"1073253","闲话闲说","中国世俗与中国小说","阿城","","作家出版社","1998","13.80","8.8"
"1430657","卡夫卡全集（全10卷）","","叶廷芳 主编","洪天富 等","河北教育出版社","1996-12","248.00元","9.3"
"26808914","文字即垃圾：危机之后的文学","危机之后的文学","（法） 米歇尔·福柯、（法）罗歇·凯卢瓦、（法） 让·波朗、（法） 莫里斯·布朗肖、（法） 米歇尔·莱里斯、（法） 乔治·巴塔耶、（法）罗兰·巴特、（法） 雅克·拉康、（法） 吉尔·德勒兹、（法） 茨维坦·托多罗夫、（美）肖萨娜·费尔曼、（法） 米歇尔·塞尔、（法） 皮埃尔·马舍雷、（法） 让 - 吕克·南希、（法）茱莉娅·克里斯蒂娃、（法） 阿兰·巴迪欧","赵子龙、聂世昌、尉光吉、潘赫、张凯、王立秋、李新雨、俞盛宙、张霖源、清宁、高薪、张驭茜、林云柯、刘冰菁","重庆大学出版社","2016-8","49.80元","8.2"
"26822709","聋哑时代","","双雪涛","","北京十月文艺出版社","2016-8","28.00元","8.7"
"25890145","线","","〔英〕维多利亚·希斯洛普","王爱燕、郭莉","南海出版公司","2014-7","39.50元","8.4"
"4905854","将饮茶","","杨绛","","生活·读书·新知三联书店","2010.7","20.00","8.9"
"25957554","在不安的世界安静的活","中国时尚1993—2013","王欣","","北京十月文艺出版社","2014-8","CNY 35.00","8.0"
"21458706","出梁庄记","","梁鸿","","花城出版社","2013-4","39.80元","8.4"
"1034066","加缪文集","","'梁鸿'","''","'花城出版社'","'2013-4'","'39.80元'","9.1"
"1398463","萨特文集（全八卷）","","(法)萨特","施康强 等","人民文学出版社","2005-5-1","350.0","9.1"
"2042629","九三年","","[法]雨果","叶尊","上海译文出版社","2007-3","13.00","8.7"
"2228707","癌症楼","","[俄罗斯]亚历山大·索尔仁尼琴","姜明河","译林出版社","2007-8","29.50元","8.9"
"1491630","小窗幽记","","陈继儒","","华夏出版社","2006-1","17.00元","8.7"
"26574813","婚变","","[美] 杰弗里·尤金尼德斯","","吴其尧","上海译文出版社","2016-4","9.0"
"4881998","猜火车","","[英] 欧文·威尔士","石一枫","重庆出版社","2010-7-1","29.80元","8.4"
"1311280","灵魂的事","","史铁生","","百花文艺出版社","2005-4","28.00元","9.0"
"1050566","一地鸡毛","","刘震云","","长江文艺出版社","2004-03","18.00","8.0"
"26375108","新手","","[美] 雷蒙德·卡佛","孙仲旭","译林出版社","2015-6-30","32.00元","8.4"
"1072316","古代汉语（第一册）","","王力 主编","","中华书局","1999-5","16.00元","9.1"
"2061644","伤心咖啡馆之歌","麦卡勒斯中短篇小说集","[美] 卡森·麦卡勒斯","李文俊","上海三联书店","2007-7","15.00元","8.2"
"1036446","诗学","","[古希腊] 亚里士多德","陈中梅 译注","商务印书馆","1996-7","16.00元","8.9"
"2350407","寂静的春天","","[美]蕾切尔·卡森","吕瑞兰、李长生","上海译文出版社","2007","28.00元","8.2"
"10473352","浮士德博士","一位朋友讲述的德国作曲家阿德里安·莱韦屈恩的生平","(德)托马斯·曼","罗炜","上海译文出版社","2012-5-1","58.00元","8.9"
"24324704","剑桥简明金庸武侠史","","新垣平","","长江文艺出版社","2013-7","32.80元","8.0"
"3821057","搏击俱乐部","","[美]查克·帕拉纽克","冯涛","上海人民出版社","2009-7","24.00元","8.6"
"10581659","老妓抄","","冈本加乃子","萧云菁","重庆出版社","2012-6","32.00元","8.3"
"1401795","时间的玫瑰","","北岛","","中国文史出版社","2005-8","33.00元","8.6"
"21979017","魔戒","","[英] J.R.R.托尔金","邓嘉宛、石中歌、杜蕴慈","上海人民出版社","2013-9","169.00元","9.5"
"1255288","复活","世界文学名著文库·普及本","[俄]列夫·托尔斯泰","汝龙","人民文学出版社","1979年03月","19.90元","8.0"
"26911589","如何读诗","","[英] 特里·伊格尔顿","陈太胜","北京大学出版社","2016-11","40.00元","8.3"
"26914805","九幽","","逍遥兽","","河南大学出版社","2016-10","36.00元","8.8"
"1049522","西西弗的神话","","[法] 加缪","杜小真","广西师范大学出版社","2002-2","7.80元","8.8"
"2568438","权力与荣耀","","[英] 格雷厄姆·格林","傅惟慈","上海译文出版社","2007","36.00元","8.6"
"1491239","吾国与吾民","","林语堂","黄嘉德","陕西师范大学出版社","2006-2","23.80元","8.5"
"24861167","一个人消失在世上","","[意]亚历山德罗·巴里科","陈英","湖南文艺出版社","2015-4","35.00元","8.3"
"6310320","人都是要死的","","[法] 西蒙娜·德·波伏瓦","马振骋","上海译文出版社","2012-2","32.00元","8.7"
"1181370","文心雕龙注(上下)","","刘勰、范文澜  注","","人民文学出版社","2006-1-1","45.00元","9.3"
"3266345","三杯茶","","[美] 葛瑞格·摩顿森、[美] 大卫·奥利佛·瑞林","黄玉华、严冬冬","吉林文史出版社","2009-1","28.00","8.1"
"26883163","好一座浮岛","","简媜","","九州出版社","2016-10","38.00元","8.3"
"26925607","不如去闯","","李柘远","","长江文艺出版社","2016-12-12","39.8","8.8"
"1434435","春琴抄","","谷崎润一郎","吴树文","上海译文出版社","1991-1","9.80元","8.3"
"3842847","深河","","远藤周作","林水福","南海出版公司","2009-7-1","25.00元","8.5"
"1035478","静静的顿河（全四册）","","[苏] 肖洛霍夫","金人","人民文学出版社","1988-9","96.00元","8.6"
"1451270","纪伯伦诗集","先知…沙与沫…画作赏析","（黎巴嫩）纪·哈·纪伯伦（Gibran,K.）","王立","北京出版社","2006-12","25.00元","9.2"
"5423772","西夏旅馆","","骆以军","","广西师范大学出版社","2011-6","78.00元","7.8"
"26577096","吉米·科瑞根","地球上最聪明的小子","[美] 克里斯·韦尔","陈鼐安","新星出版社","2015-11","89.00元","9.1"
"26258374","爱丽尔","","[美]西尔维娅·普拉斯","包慧怡","南海出版公司","2015-2","32.00元","8.6"
"5288327","鸟，看见我了","","阿乙","","文化艺术出版社","2010-09","25.00元","8.3"
"1080370","情书","","[日] 岩井俊二","穆晓芳","天津人民出版社","2004-7","18.00元","8.6"
"4891196","智血","","(美) 奥康纳","蔡亦默","新星出版社","2010.7","25.00元","7.7"
"11527634","蒙马特遗书","","邱妙津","","广西师范大学出版社","2012-8-15","28.00元","7.7"
"6060418","年轻的心在哭泣","","[美] 理查德·耶茨、Richard Yates","陈新宇","上海译文出版社","2011-6","28.00元","8.3"
"1051714","等待戈多","","[爱尔兰] 萨缪尔·贝克特","施咸荣","人民文学出版社","2002-1","6.80元","8.2"
"26556039","未竟的往昔","","[美] 托尼·朱特（Tony Judt）","李岚","中信出版社","2016-5","68.00元","8.3"
"26767504","孤独","回归自我","【英】安东尼·斯托尔","凌春秀","人民邮电出版社","2016-6","45.00元","8.2"
"1468997","守望灯塔","","(英)詹妮特·温特森","侯毅凌","人民文学出版社","2005-12","17.00","8.6"
"26349261","孤儿列车","","[英] 克莉丝汀娜·贝克·克兰","胡绯","湖南文艺出版社","2015-5","36.00元","8.2"
"2254615","西线无战事","","[德国]埃里希·玛丽亚·雷马克","李清华","译林出版社","2007-8","18.00元","8.9"
"5366440","禁色","","三岛由纪夫","陈德文","上海译文出版社","2011-4","32.00元","8.6"
"7046857","长日留痕","","[英] 石黑一雄","冒国安","译林出版社","2011-12","28.00元","8.3"
"26769999","死神的浮力","伊坂幸太郎作品09","伊坂幸太郎","星野空","南海出版公司","2016-6-22","45.00元","7.8"
"1254731","欧·亨利短篇小说选","","[美] 欧·亨利(O’Henry)","王永年","人民文学出版社","2003-01","15.00元","8.8"
"1418711","中国现代小说史","","夏志清","刘绍铭、李欧梵、林耀福、思果、国雄、谭松寿、庄信正、蓝风、水晶、董保中、夏济安、舒明、陈真爱、潘铭燊、丁福祥","复旦大学出版社","2005-7","60.00元","8.7"
"24845582","群山回唱","","[美] 卡勒德·胡赛尼","康慨","上海人民出版社","2013-8","36.00元","8.4"
"1771464","微物之神","","[印度] 阿兰达蒂·洛伊","吴美真","人民文学出版社","2006-4","28.00元","8.6"
"2377241","世說新語箋疏（全三冊）","","余嘉锡","周祖谟（整理）、余淑宜 （整理）、周士琦 （整理）","中华书局","2008","120.00元","9.6"
"4714018","青春咖啡馆","","[法] 帕特里克·莫迪亚诺","金龙格","人民文学出版社","2010-5","16.00元","7.5"
"4178476","中国神怪大辞典","","栾保群","","人民出版社","2009-11-1","198.00元","9.3"
"1174721","丧钟为谁而鸣","","海明威","程中瑞","上海译文出版社","2004-6","28.00元","8.4"
"4621099","死于威尼斯","","[德] 托马斯·曼","钱鸿嘉、刘德中","上海译文出版社","2010-5","20.00元","8.3"
"2980471","赎罪","","[英] 伊恩·麦克尤恩","郭国良","上海译文出版社","2008-2","25.00元","8.3"
"26853060","我心深处","","'[英] 伊恩·麦克尤恩'","'郭国良'","'上海译文出版社'","'2008-2'","'25.00元'","9.1"
"25818124","翡翠岛编年","","包慧怡","","上海三联书店","2015-1","29.80元","8.2"
"10473355","木麻黄树","","[英] 毛姆","黄福海","上海译文出版社","2012-5","30.00元","8.6"
"4919996","张枣的诗","","张枣","","人民文学出版社","2010-7","20.00元","8.7"
"4729502","现代诗歌的结构","19世纪中期至20世纪中期的抒情诗","胡戈·弗里德里希","李双志","译林出版社","2010-10-12","28.00元","9.2"
"10483439","上升的一切必将汇合","","[美]弗兰纳里·奥康纳","仲召明","新星出版社","2012-3-15","36.00元","8.4"
"1036613","茶馆","","老舍","","人民文学出版社","2002-1","9.80元","8.9"
"1012637","牛虻","","伏尼契(爱尔兰)","李良民","中国青年出版社","1953-07","13.90","8.2"
"1426852","叶芝诗集（上中下）","","（爱尔兰）叶芝","傅浩","河北教育出版社","2003","49.00元","8.7"
"3406518","追随她的旅程","","路内","","中信出版社","2009-1","25.00","8.5"
"4191638","10 1/2章世界史","","[英]朱利安·巴恩斯","宋东升、林本椿","译林出版社","2010-5-1","25.00元","8.4"
"2068249","温柔的夜","","三毛","","北京十月文艺出版社","2007-5","28.00元","9.0"
"1767750","Infinite Jest","","David Foster Wallace","","Back Bay Books","1997-2-1","USD 19.95","9.0"
"2008284","佐贺的超级阿嬷","","[日] 岛田洋七","陈宝莲","南海出版公司","2007-3","20.00元","8.7"
"26951476","我们所触碰的一切","","（阿根廷）保拉·祖科蒂","杨泱","北京联合出版公司","2017-1-1","88.00","8.2"
"3018322","活着活着就老了","","冯唐","","万卷出版公司","2008-3","25.00元","7.6"
"1963310","大地之灯","","七堇年","","长江文艺出版社","2007-1","22.00元","8.2"
"26868621","一生欠安","","李梦霁","","北岳文艺出版社","2016-10","36.00元","7.8"
"3662230","七十年代","","北岛、李陀 主编","","生活·读书·新知三联书店","2009-7","42.00","8.5"
"26755989","做一个刚刚好的女子：不攀附，不将就","一本改变你下半生活法的书。","晚情","","青岛出版社","2016-2","35.00","8.2"
"5905348","笑谈大先生","七讲鲁迅","陈丹青","","广西师范大学出版社","2011-1","36.00元","8.2"
"10537633","克苏鲁神话","","(美) 霍华德·菲利普斯·洛夫克拉夫特、Howard Phillips Lovecraft","范娟、程闰闰","重庆大学出版社","2012-5","64.00元","8.2"
"2375988","一间自己的屋子","","[英] 弗吉尼亚·伍尔夫","王还","上海人民出版社","2008-1","20.00元","8.0"
"3861531","荒野侦探","","[智利] 罗贝托·波拉尼奥","杨向荣","上海人民出版社","2009-8","35.00元","8.2"
"26916236","好姑娘光芒万丈","","老妖","","北京联合出版公司","2016-11-1","36.8","7.5"
"26310659","莎士比亚","","[英]安东尼·伯吉斯","刘国云","广西师范大学出版社·理想国","2015-6","49.00元","8.9"
"26919794","现在就是最好的时光","","林清玄","","江西教育出版社","2016-10-1","38.00元","10.0"
"3010128","剧院风情","","[英] 萨默塞特·毛姆","俞亢咏","南京大学出版社","2008-2","22.00元","8.6"
"1010349","丰乳肥臀","","莫言","","中国工人出版社","2003-09","49.80元","8.0"
"1926728","往事与随想","","(俄)赫尔岑","项星耀","人民文学出版社","1993-5","77.00","9.3"
"1009094","古都","","川端康成","唐月梅","北京出版社","2003-04","21.00","8.6"
"26828226","加缪手记：第二卷","","[法] 阿尔贝·加缪","黄馨慧","浙江大学出版社·启真馆","2016-7-10","45.00","9.2"
"26828229","加缪手记：第三卷","","[法]阿尔贝·加缪","黄馨慧","浙江大学出版社·启真馆","2016-7-10","39.00","9.2"
"25934176","雪隐鹭鸶","《金瓶梅》的声色与虚无","格非","","译林出版社","2014-8","45.00元","8.4"
"4159088","理想的下午","关于旅行也关于晃荡","舒国治","","广西师范大学出版社","2010-1","27.00","7.8"
"26835830","死于黎明：洛尔迦诗选","洛尔迦诗选","[西] 费德里科•加西亚•洛尔迦 （Federico García Lorca ）","王家新","华东师范大学出版社","2016-8","48.00","8.8"
"1839508","石川啄木诗歌集","","[日]石川啄木","周启明、卞立强","人民文学出版社","1962-1","1.40元","9.1"
"1499542","短篇小说写作指南","","[美] F.A.狄克森(Frand A.Dickson) 编、[美] S.司麦斯(Sandra Smythe) 编","朱纯深","辽宁教育出版社","1998-03-01","10.80元","8.6"
"24871651","爱达或爱欲","一部家族纪事","[美] 弗拉基米尔·纳博科夫","韦清琦","上海文艺出版社","2013-10","49.00","8.8"
"26367370","那时没有王，各人任意而行","","唐诺","","上海人民出版社","2015-6","59.00元","8.2"
"26431631","春天与阿修罗","","'唐诺'","''","'上海人民出版社'","'2015-6'","'59.00元'","8.3"
"2214350","幻影书","","[美] 保罗·奥斯特","孔亚雷","浙江文艺出版社","2007-7","26.00元","8.4"
"1915958","野草","","鲁迅","","人民文学出版社","1973年3月","0.20元","9.2"
"1988414","二十世纪西方文学理论","","（英）特雷·伊格尔顿","伍晓明","北京大学出版社","2007-1","28.00元","8.9"
"1014144","大卫·科波菲尔（上下）","","（英）狄更斯","庄绎传","人民文学出版社","2003-03","35.00","8.3"
"26436987","史诗","","[美] 哈罗德·布鲁姆","翁海贞","译林出版社","2016-5","CNY 59.00","8.7"
"26599283","梅子青时","外婆的青春纪念册","张哲、刘梅香","","北京联合出版公司","2015-9","39.80元","8.2"
"21692813","眠","","[日] 村上春树 著、[德] 卡特·曼施克 图","施小炜","南海出版公司","2013-4","29.50元","7.6"
"4149805","了不起的盖茨比","","[美]菲茨杰拉德","巫宁坤等","上海译文出版社","2009年11月","25.00元","8.5"
"1082946","我弥留之际","","福克纳","李文俊","上海译文出版社","2004-4-1","19.00","8.8"
"1331454","西方正典","伟大作家和不朽作品","[美] 哈罗德·布鲁姆","江宁康","译林出版社","2005-4","34.80元","8.7"
"1022914","谈艺录","","钱钟书","","中华书局","1998-04","39.00","9.1"
"25808056","纸牌屋","","迈克尔·道布斯","何雨珈","百花洲文艺出版社","2014-2-14","39.80元","8.1"
"6937888","树犹如此","","白先勇","","广西师范大学出版社","2011-11","39.00元","8.5"
"1038656","我曾侍候过英国国王","","（捷克）赫拉巴尔","星灿等","中国青年出版社","2003-1-1","14.00元","8.8"
"1980436","流言","","张爱玲","","北京十月文艺出版社","2006-12","25.00元","8.7"
"20375515","重生：桑塔格日记与笔记1947～1963","苏珊·桑塔格文集","(美)苏珊·桑塔格 著、(美)里夫编","姚君伟","上海译文出版社","2013-4","52.00元","8.2"
"3311253","额尔古纳河右岸","","迟子建","","北京十月文艺出版社","2005-12","29.00元","9.0"
"26346222","美好的事物无法久存","","[美] 罗恩·拉什","周嘉宁","上海文艺出版社","2015-6-20","28.00元","8.3"
"3532347","金庸全集","","'[美] 罗恩·拉什'","'周嘉宁'","'上海文艺出版社'","'2015-6-20'","'28.00元'","9.6"
"26838224","排队","","''[美] 罗恩·拉什''","''周嘉宁''","''上海文艺出版社''","''2015-6-20''","''28.00元''","8.5"
"1736919","印度古代史诗摩诃婆罗多.全译本(1-6卷)","","[印]毗耶娑","黄宝生主持，金克木、赵国华、席必庄 等","中国社会科学出版社","2005-12-1","680.00元","9.3"
"4151134","只爱陌生人","","[英] 伊恩·麦克尤恩","冯涛","上海译文出版社","2010年1月","24.00元","7.8"
"1242927","英国文学名篇选注","","王佐良、李赋宁、周珏良、刘承沛 主编","","商务印书馆","2003-11","79.0","9.7"
"1170801","泰戈尔诗集","","[印] 罗宾德拉纳特·泰戈尔","深幻、王立","北京出版社","2004-7","25.00元","8.9"
"26284529","群山之巅","","迟子建","","人民文学出版社","2015-1","35.00元","7.6"
"26476959","我青春漫游的时代","三岛由纪夫的青春纪事","[日] 三岛由纪夫","邱振瑞","生活·读书·新知三联书店","2016-3","28.00","8.3"
"1026425","三重门","","韩寒","","作家出版社","2000-5","16.00","7.4"
"26880812","读在大好时光","","魏小河","","生活.读书.新知三联书店","2016-10-15","38.00","7.7"
"1076598","宋诗选注","","钱钟书","","生活·读书·新知三联书店","2002-5","45.00元","8.7"
"5423803","剑桥倚天屠龙史","The Cambridge History of Chinese Kongfu Circle during the Yuan Dynasty","新垣平","","万卷出版公司","2011-3","28.00元","8.2"
"1950154","小说鉴赏","","[美]克林斯·布鲁克斯（C. Brooks）、[美]罗伯特·潘·沃伦（R. P. Warren）","主万、冯亦代、丰子恺、草婴、汝龙","世界图书出版公司","2012-10-1","78.00","8.8"
"1829614","琼美卡随想录","","木心","","广西师范大学出版社","2006-6","17.00元","8.6"
"10607793","刀与星辰","徐皓峰影评集","徐皓峰","","世界图书出版公司","2012-6","29.80元","8.5"
"25819935","中国古典文心","顾随讲坛实录","顾随讲述、叶嘉莹记录","","北京大学出版社","2014-3","45.00","8.5"
"1047138","少年维特的烦恼","","[德] 歌德","杨武能","人民文学出版社","1999-7","7.40元","7.7"
"26804200","希姆莱兄弟","一个德国家庭的故事","[德] 卡特琳 ·希姆莱","吴林昊、裴婷","世界图书出版公司","2016-8-1","45.00","8.6"
"2062599","雪","","[土] 奥尔罕·帕慕克","沈志兴、张磊、彭俊、丁慧君","上海人民出版社","2007-5","28.00元","8.4"
"1006197","哈姆莱特","","[英] 莎士比亚","朱生豪","人民文学出版社","2001-1","7.00元","8.4"
"10740054","给樱桃以性别","","[英] 珍妮特·温特森","邹鹏","新星出版社","2012-6","25.00元","8.0"
"3606804","徒然草","","（日）吉田兼好","文东","中国长安出版社","2009-04","25.00元","8.2"
"1015403","今生今世","我的情感历程","胡兰成","","中国社会科学出版社","2003-9","23.80元","7.7"
"26761291","人间草木","","汪曾祺","","现代出版社","2016-4-1","CNY 48.00","9.0"
"2251691","弗兰妮与祖伊","","(美)J.D.塞林格","丁骏","人民文学出版社","2007年9月","15.00元","8.7"
"4105411","第八日的蝉","","[日] 角田光代","刘子倩","江苏文艺出版社","2009-10","24.80元","8.1"
"3266349","恋情的终结","","[英] 格雷厄姆·格林","柯平","译林出版社","2008-10","20.00元","8.3"
"25900687","夜","","[美] 埃利·威塞尔","袁筱一","南海出版公司","2014-8","32.00元","8.6"
"24856615","阿尔伯特·卡埃罗","","[葡萄牙]费尔南多·佩索阿","闵雪飞","商务印书馆","2013-7","56.00","8.8"
"1015584","看上去很美","","王朔","","云南人民出版社","2004-9","20.00元","8.0"
"20433553","怒目少年","王鼎钧回忆录四部曲之二","王鼎钧","","生活•读书•新知三联书店","2013-1-1","32.00元","8.8"
"26883476","汪曾祺书信集","","汪曾祺","","上海三联书店","2016-9-1","CNY 48.00","8.6"
"4247000","欲望号街车","","[美]田纳西·威廉斯","冯涛","上海译文出版社","2010.4","27.00元","9.0"
"1316606","無愛紀","智慧田029","黃碧雲","","大田出版有限公司","2001-4-1","TWD 250","8.6"
"4191701","肉桂色铺子","","[波兰]布鲁诺·舒尔茨","施奇平","浙江文艺出版社","2011-9-1","22.00元","8.8"
"2256438","素年锦时","","安妮宝贝","","作家出版社","2007-9","27.00元","7.8"
"26793129","电灯光","","谢默斯·希尼","杨铁军","广西人民出版社","2016-6-10","CNY 39.80","8.9"
"11511232","大师的盛宴","二十世纪最佳科幻小说选","奥森·斯科特·卡德 编","姚向辉 等","新星出版社","2012-9-30","45.00元","8.9"
"1760730","伍尔夫读书随笔","","[英] 弗吉尼亚·伍尔夫","刘文荣","文汇出版社","2006-4","19.00元","8.3"
"26372186","爱与战争的日日夜夜","","[乌拉圭] 爱德华多·加莱亚诺","汪天艾","百花文艺出版社","2016-1","38.00","9.1"
"25805143","他方世界","","[美]约翰·克劳利","魏靖仪","译林出版社","2014-5-20","68.00元","8.5"
"10354427","蒋勋说唐诗","","蒋勋","","中信出版社","2012-1-16","38.00元","8.2"
"1427288","小妇人","","（美）路易莎・梅・奥尔科特","刘春英、陈玉立","译林出版社","2004-01","15.00","8.4"
"1461987","桤木王","","米歇尔·图尼埃","许钧","上海译文出版社","2000年4月","15.70元","9.1"
"4262685","戏梦巴黎","","(英) 阿代尔","冯涛","上海译文出版社","2010-3","20.00元","8.0"
"5940829","写在身体上","","[英] 珍妮特·温特森","周嘉宁","新星出版社","2011-4","25.00元","8.1"
"26821908","朋友之间","汉娜·阿伦特、玛丽·麦卡锡书信集，1949-1975","'[英] 珍妮特·温特森'","'周嘉宁'","'新星出版社'","'2011-4'","'25.00元'","8.5"
"2364762","唐璜（上下册）","","拜伦","查良铮","人民文学出版社","2007-12","44.00元","8.7"
"3518332","绿毛水怪","","王小波","","时代文艺出版社","2009-1","30.00元","8.9"
"1855231","银河铁道之夜","宫泽贤治童话","(日)宫泽贤治","周龙梅","青岛出版社","2006","19.80","8.6"
"1818583","斯·茨威格中短篇小说选","","斯·茨威格","张玉书","人民文学出版社","2006-6","24.00元","9.1"
"1046680","茨维塔耶娃文集：诗歌","","茨维塔耶娃","汪剑钊","东方出版社","2003-01","26.00","8.6"
"1083317","北回归线","","亨利・米勒","袁洪庚","中国人民大学出版社","2004-1","19.80","7.8"
"1752755","第九个寡妇","","严歌苓","","作家出版社","2006-3","25.00元","8.6"
"26743505","外星人在巴塞罗那","","[西班牙] 爱德华多·门多萨","查芳菲","上海文艺出版社","2016-4-1","24.00","8.1"
"3010130","悲观主义的花朵","","廖一梅","","新星出版社","2008-3","22.00","7.7"
"24722098","少年H","","[日] 妹尾河童","张致斌","生活·读书·新知三联书店","2013-11","43.00","9.2"
"26866846","长远看来，我们都已死去！","","肯•赫尔曼","","江苏凤凰文艺出版社","2016-9","36.00","9.4"
"1041414","威尼斯日记","","阿城","","作家出版社","1997-12","12.50","8.6"
"6794016","如何成为一个怪物","","冯唐","","新星出版社","2011-10","28.00元","7.5"
"25852518","南方有令秧","","笛安","","长江文艺出版社","2014-11-1","34.80元","7.6"
"4872671","佛祖在一号线","","李海鹏","","文化艺术出版社","2010-6","25.00元","8.2"
"1052828","玩笑","","米兰 · 昆德拉","蔡若明","上海译文出版社","2003-6-1","24.00","8.4"
"1449348","彷徨","","鲁迅","","人民文学出版社","1973年3月","0.37元","8.8"
"3320694","巨塔杀机","基地组织与'9·11'之路","[美] 劳伦斯·赖特","张鲲、蒋莉","上海译文出版社","2009-1","35.00","8.9"
"26851889","德语七人诗选","","'[美] 劳伦斯·赖特'","'张鲲、蒋莉'","'上海译文出版社'","'2009-1'","'35.00'","8.5"
"20425433","请你安静些，好吗？","","(美)雷蒙德·卡佛","小二","译林出版社","2013-6","32","8.1"
"3264642","似水流年","","王小波","","上海锦绣文章出版社","2008-10","20.00元","8.7"
"26901824","阿加莎的毒药","","凯瑟琳·哈卡帕","姜向明","漓江出版社","2017-1","38.00","8.1"
"3024497","天浴","天浴","严歌苓","","陕西师范大学出版社","2008-05","25.00元","8.4"
"1894740","猎人笔记","","屠格涅夫","冯春","上海译文出版社","2006-8","13.00元","8.5"
"5348044","敦煌","新经典文库·井上靖作品02","[日]井上靖","刘慕沙","北京十月文艺出版社","2010-10","20.00元","8.0"
"10604943","爱情半夜餐","","(法)米歇尔·图尼埃","姚梦颖","人民文学出版社","2012-6-1","28.00元","8.3"
"5913472","蒋勋细说红楼梦","有声书","蒋勋","","中国国际广播音像出版社","2012-1","390.00元","9.4"
"6440324","人各有异","","(美)E·B·怀特","贾辉丰","上海译文出版社","2011-11-1","36.00元","8.4"
"26314932","言叶之庭","","[日] 新海诚","CLOVER","百花洲文艺出版社","2015-3-1","CNY 32.00","8.4"
"1067293","青春","外省生活场景Ⅱ","[南非] J.M.库切","王家湘","浙江文艺出版社","2004-4-1","19.00元","8.5"
"26771731","朱鹮","","[日] 阿部和重","丁丁虫","人民文学出版社","2016-10-1","32.00","8.0"
"6861517","时时刻刻","","(美)迈克尔·坎宁安","王家湘","人民文学出版社","2012-1","25.00元","8.5"
"26851547","软埋","","方方","","人民文学出版社","2016-8","30.00","8.1"
"1083435","契诃夫短篇小说选","","契诃夫","汝龙","人民文学出版社","2003-01","14.00","8.7"
"26657198","荷马史诗中的生与死","","[英]加斯帕·格里芬（Jasper Griffin）","刘淳","北京大学出版社","2015-12","35.00","9.1"
"5406557","夜色温柔","","[美]F·S·菲茨杰拉德","汤新楣","上海译文出版社","2011-1","39.00元","8.0"
"1200843","芙蓉镇","","古华","","人民文学出版社","2005-8-1","13.00元","8.1"
"21336454","畅销书写作技巧","畅销书写作技巧","德怀特·V·斯温","","中国人民大学出版社","2013-1","36.00元","8.6"
"2568067","中性","","[美] 杰弗里·尤金尼德斯","主万、叶尊","上海译文出版社","2008-1","38.00","8.1"
"10563464","总结","毛姆写作生活回忆","(英)威廉·萨默塞特·毛姆","孙戈","译林出版社","2012-7","32.00元","8.8"
"1440243","索拉里斯星","","[波] 斯坦尼斯拉夫·莱姆","陈春文","商务印书馆","2005-10","20.00元","8.7"
"24715669","少数派报告","菲利普·迪克短篇小说精选","(美)菲利普·迪克","周昭蓉","译林出版社","2013-9","32.00元","8.9"
"1455933","你好，忧愁","","[法] 弗朗索瓦丝·萨冈","余中先、谭立德、金龙格","人民文学出版社","2006-1","24.00元","7.5"
"26873136","画在人心的苦闷上","李宗陶艺术访谈录","李宗陶","","鹭江出版社","2016-10","58.00","8.3"
"3136267","小城畸人","","[美]舍伍德·安德森","吴岩","上海译文出版社","2008-7","13.00","8.5"
"26844800","小镇忧郁青年的十八种死法","","魏思孝","","上海文艺出版社","2016-8","29.00元","7.3"
"1043008","格林童话全集","","格林兄弟","魏以新","人民文学出版社","1994-11","21.45元","8.9"
