25862578,解忧杂货店,,(日)东野圭吾,李盈春,南海出版公司,2014-5,39.50元,8.6
26819477,东京本屋,,[日] 吉井忍,,上海人民出版社,2016-8-1,69.00元,8.9
26889236,我的职业是小说家,,[日] 村上春树,施小炜,南海出版公司,2017-1-1,45.00元,8.4
5038409,金色梦乡,,[日] 伊坂幸太郎,李彦桦,译林出版社,2010-9,35.00元,9.0
4011670,人间失格,,太宰治,许时嘉,吉林出版集团有限责任公司,2009年9月,16.00元,8.3
26759579,事物的味道，我尝得太早了,石川啄木诗歌集,[日] 石川啄木,周作人,上海人民出版社,2016-5-1,45.00元,8.7
3259440,白夜行,,[日] 东野圭吾,刘姿君,南海出版公司,2008-9,29.80元,9.1
26210487,强风吹拂,,(日)三浦紫苑,林佩瑾、李建铨、杨正敏,广西师范大学出版社,2015-1-1,39.00元,9.1
1046265,挪威的森林,,[日] 村上春树,林少华,上海译文出版社,2001-2,18.80元,8.0
26760976,怒,,[日] 村上春树,林少华,上海译文出版社,2001-2,18.80元,8.4
26733854,明天也是小春日和,,[日] 津端英子、[日] 津端修一,朝阳,新星出版社,2016-5,39.50元,8.7
26832913,二十亿光年的孤独,谷川俊太郎诗歌精选集,[日] 津端英子、[日] 津端修一,朝阳,新星出版社,2016-5,39.50元,8.0
4742918,1Q84 BOOK 1,4月～6月,[日] 村上春树,施小炜,南海出版公司,2010-5,36.00元,8.3
10345560,离别之音,,(日)青山七惠,竺家荣,南海出版公司,2012-3,28.00元,7.8
1059419,海边的卡夫卡,,[日] 村上春树,林少华,上海译文出版社,2003-4,25.00元,8.1
26797395,夏日启示录,罗什福尔家杀人事件,[日] 笠井洁,简之,新星出版社,2016-8,45.00元,8.1
1291809,世界尽头与冷酷仙境,,[日] 村上春树,林少华,上海译文出版社,2002-12,23.00元,8.5
25752955,来自新世界 （上下）,,[日] 贵志祐介,丁丁虫,上海译文出版社,2014-4,88.00,9.0
26787931,精神科的故事：在游泳池,,[日] 奥田英朗,王维幸,南海出版公司,2016-7,35.00元,7.7
3391248,金阁寺,,[日] 三岛由纪夫,唐月梅,上海译文出版社,2009-1,24.00,8.6
5043454,盛开的樱花林下,,坂口安吾,袁斌,吉林出版集团有限责任公司,2010年8月,22.00元,7.9
1080370,情书,,[日] 岩井俊二,穆晓芳,天津人民出版社,2004-7,18.00元,8.6
26654687,你是我的命运,,[日] 白石一文,刘姿君,四川文艺出版社,2016-5,36.80,8.0
26842937,全怪谈（全三册）,,[日] 田中贡太郎,曹逸冰,南海出版公司,2016-10,118.00元,8.7
26687879,一首小夜曲,,[日] 伊坂幸太郎,金静和,新星出版社,2016-1,35.00,8.1
26698223,永恒的时光之旅,,[日] 星野道夫,游韵馨,广西师范大学出版社,2016-1,79.00元,9.1
26698598,有如走路的速度,,[日] 是枝裕和,陈文娟,南海出版公司,2016-2-1,39.50元,8.2
2250587,一个人的好天气,,[日] 青山七惠,竺家荣,上海译文出版社,2007-9,15.00元,7.6
26821903,精神科的故事：空中秋千,,[日] 奥田英朗,王维幸,南海出版公司,2016-8,39.50元,7.8
3136271,罗生门,,[日]芥川龙之介,林少华,上海译文出版社,2008-7,12.00元,8.6
5269222,一朵桔梗花,,[日] 连城三纪彦,钟肇政、林新生,新星出版社,2010-10,29.00元,8.5
3277199,多田便利屋,,[日] 三浦紫苑,田肖霞,人民文学出版社,2008-10,20.00元,8.1
26890264,不畏风雨,,[日] 宫泽贤治 文、[日] 山村浩二 图,[美] 阿瑟·比纳德 英译、程璧 中译,北京联合出版公司·后浪出版公司,2016-10,52.00元,9.0
26613052,我的造梦之路,,[日] 今敏,焦阳,雅众文化／新星出版社,2015-12-20,42.00,8.7
3056906,夏日的庭院,,汤本香树实,马敬、杜勤,文汇出版社,2008-4,19.00元,8.3
26846483,不然你搬去火星啊,,[日] 伊坂幸太郎,星野空,新星出版社,2016-8,38.00,8.5
26735085,奇迹,,[日] 是枝裕和、[日] 中村航,毛叶枫,北京联合出版公司,2016-5-20,32.00,7.7
20473505,山月记,,[日]中岛敦,韩冰、孙志勇,中华书局,2013-5,28,8.7
4885241,1Q84 BOOK 2,7月～9月,[日] 村上春树,施小炜,南海出版公司,2010-6,36.00元,8.4
4151117,阴翳礼赞,,[日] 谷崎润一郎,陈德文,上海译文出版社,2010-6,18.00元,8.5
25982254,大萝卜和难挑的鳄梨,村上Radio,(日)村上春树,施小炜,南海出版公司,2014-10,39.00,8.1
3920130,告白,,湊佳苗,丁世佳,時報文化,2009年8月31日,NT$250,8.6
1220219,阴阳师,,[日] 梦枕貘,林青华,南海出版公司,2005-1,20.00元,8.6
1039752,且听风吟,,[日] 村上春树,林少华,上海译文出版社,2001-8,11.80元,7.8
25892399,余生皆假期,,伊坂幸太郎,吕灵芝,新星出版社,2015-2,28,7.9
26261735,编舟记,,三浦紫苑,蒋崴,上海文艺出版社,2015-3,28.00元,8.5
25733470,没有色彩的多崎作和他的巡礼之年,,村上春树,施小炜,南海出版公司,2013-10-1,CNY 39.50,8.3
3987362,春雪,,[日] 三岛由纪夫,唐月梅,上海译文出版社,2010年8月,32.00,8.8
1005521,伊豆的舞女,,[日] 川端康成,叶渭渠,广西师范大学出版社,2002-2,23.80元,8.1
26769999,死神的浮力,伊坂幸太郎作品09,伊坂幸太郎,星野空,南海出版公司,2016-6-22,45.00元,7.8
26762263,我被封杀的抒情,,伊坂幸太郎,星野空,南海出版公司,2016-6-22,45.00元,8.0
26315820,火花,,伊坂幸太郎,星野空,南海出版公司,2016-6-22,45.00元,8.5
1091904,丰饶之海（上下）,,[日] 三岛由纪夫,许金龙 等,北京燕山出版社,2001-1,38.00元,9.1
1006113,源氏物语,,紫式部(日),丰子恺,人民文学出版社,1999-07,55.00,7.8
3369600,当我谈跑步时我谈些什么,,[日] 村上春树,施小炜,南海出版公司,2009-1,25.00,8.1
1400059,心,,夏目漱石,林少华,青岛出版社,2005-05-01,19.80,8.7
2008284,佐贺的超级阿嬷,,[日] 岛田洋七,陈宝莲,南海出版公司,2007-3,20.00元,8.7
3866885,沉默,,（日）远藤周作,林水福,南海出版公司,2009-8,22.00元,8.5
4173403,温柔的叹息,,[日] 青山七惠,竺家荣,上海译文出版社,2010-1,20.00元,7.7
26819925,小説 君の名は。,,新海 誠,KADOKAWA,メディアファクトリー,2016-6-18,JPY 605,8.4
26776393,故乡，心里的风景,,[日]原田泰治,金晖,南海出版公司,2016-6-1,88.00元,9.2
1069059,雪国,,[日] 川端康成,叶渭渠,人民文学出版社,2002-1,7.90元,8.1
26774091,唐草物语,,[日]涩泽龙彦,林青,广西师范大学出版社,2016-6,42.00,8.4
4127527,厨房,,[日]吉本芭娜娜,李萍,上海译文出版社,2009-10,22.00元,8.2
3211779,嫌疑人X的献身,,[日] 东野圭吾,刘子倩,南海出版公司,2008-9,28.00,8.9
6802423,哦！爸爸们,,[日] 伊坂幸太郎,董方,译林出版社,2012-3,28.00元,7.6
26280924,看海的人,,[日] 伊坂幸太郎,董方,译林出版社,2012-3,28.00元,8.4
26848972,这里是没有我们存在的地方,,[日] 白石一文,罗越,九州出版社,2016-9,32.00元,8.1
25744411,被嫌弃的松子的一生,,[日] 山田宗树,王蕴洁、刘珮瑄,万卷出版社,2013-10-1,CNY 35.00,8.6
4882013,异常,,桐野夏生,刘子倩,广西师范大学出版社,2010-9,35.0,8.1
1839508,石川啄木诗歌集,,[日]石川啄木,周启明、卞立强,人民文学出版社,1962-1,1.40元,9.1
24538715,艾比斯之梦,,[日] 山本弘,张智渊,新星出版社,2013-6,36.00元,8.6
1318126,雪国,,[日] 川端康成,叶渭渠、唐月梅,天津人民出版社,2005-5,25.00元,8.3
25944034,菊次郎与佐纪,,[日]北野武,陈宝莲,译林出版社,2015-2,29,8.6
26840568,草疯长,,[日]北野武,陈宝莲,译林出版社,2015-2,29,9.2
26367367,宵待草夜情,,[日] 连城三纪彦,李盈春,新星出版社,2015-5,28.00,8.6
1434435,春琴抄,,谷崎润一郎,吴树文,上海译文出版社,1991-1,9.80元,8.3
1000856,我是猫,,[日]夏目漱石,于雷,译林出版社,1994-5-1,10.30,7.9
2160230,细雪,,(日)谷崎润一郎,储元熹,上海译文出版社,2007-7,20.00元,8.5
1015452,国境以南 太阳以西,,[日] 村上春树,林少华,上海译文出版社,2001-8,13.50元,8.2
24736899,雪国,川端康成作品01,[日] 川端康成,叶渭渠、唐月梅,南海出版公司,2013-9-15,32.00,8.0
25783249,無用的日子,,佐野洋子,王蘊潔,一起來出版,2013-12,NT$280,8.9
26712094,汽油生活,,[日] 伊坂幸太郎,潘璐,新星出版社,2016-2,35.00元,8.3
26286208,没有女人的男人们,,[日] 村上春树,竺家荣、姜建强、岳远坤、陆求实、林少华、毛丹青,上海译文出版社,2015-2,35.00元,7.7
4067621,暗黑童话,,[日]乙一,龚婉如,当代世界出版社,2009年11月,25.00元,8.2
3842847,深河,,远藤周作,林水福,南海出版公司,2009-7-1,25.00元,8.5
1316444,舞姬,,森鸥外,高慧勤,解放军文艺出版社,2005-3,16.00元,7.8
1008074,失乐园,,渡边淳一,谭玲,文化艺术出版社,2005-4-1,25.00元,7.5
20513012,无比芜杂的心绪,村上春树杂文集,村上春树,施小炜,南海出版公司,2013-4,39.50元,7.6
5502995,1Q84 BOOK 3,10月～12月,[日] 村上春树,施小炜,南海出版公司,2011-1,39.50元,7.6
26770145,菊与刀（精装插图版）,日本文化诸模式,[美]鲁思·本尼迪克特（Ruth benedict）、[荷兰]伊恩·布鲁马（Ian Buruma）作序,张弛,群言出版社,2016-5-1,39.80,8.5
20473089,有顶天家族,,[日] 森见登美彦,高詹燦,上海人民出版社,2013-3,35.00元,8.6
4105411,第八日的蝉,,[日] 角田光代,刘子倩,江苏文艺出版社,2009-10,24.80元,8.1
24319078,我心中尚未崩坏的部分,,白石一文,陈明姿、王忆云,上海人民出版社,2013-8,32.00元,7.7
3259428,斜阳,,（日）太宰治,杨伟、张嘉林,重庆出版社,2008-10,23.80元,8.5
5423775,隔壁女子,,[日] 向田邦子,张秋明,广西师范大学出版社,2011-3,29.00元,8.2
1069210,痴人之爱,,（日本）谷崎润一郎,郑明钦,中国文联出版社,2000-08,20.00元,7.6
26242908,如果世上不再有猫,你能看见自己内心的黑洞吗?,[日]川村元气,王蕴洁,长江文艺出版社,2014-11-20,38元,7.6
25935074,文·堺雅人：憧憬的日子,,(日) 堺雅人,杨珍珍,人民文学出版社,2014-11,30.00元,8.1
26367364,爱吃沙拉的狮子,,[日] 村上春树,施小炜,南海出版公司,2015-5,39.00元,8.2
3391245,假面自白,,[日] 三岛由纪夫,唐月梅,上海译文出版社,2009-1,18.00,8.4
3920144,春宵苦短，少女前進吧！,森見登美彥作品集1,森見登美彥,劉姿君,麥田出版,2009-9-3,NTD300元,8.6
26826894,我们是穷得开朗，所以不用担心,,[日]岛田洋七,李炜,南海出版公司,2016-7,35.00元,8.8
25886172,幻想图书馆,,[日]岛田洋七,李炜,南海出版公司,2016-7,35.00元,7.6
1020670,舞！舞！舞！,,[日] 村上春树,林少华,上海译文出版社,2002-6,25.00元,8.2
5395162,天人五衰,,(日)三岛由纪夫,林少华,上海译文出版社,2011-4,25.00元,9.0
26735064,孤独小说家,,[日] 石田衣良,杨恋,北京联合出版公司,2016-4-1,36,7.3
3391246,潮骚,,（日）三岛由纪夫,唐月梅,上海译文出版社,2009-1,15.00,8.2
11498200,寂寞的频率,,(日)乙一,杨爽、秦刚,译林出版社,2012-8,29.80元,8.3
1457542,芥川龙之介全集,,[日] 芥川龙之介,郑民钦、魏大海、侯为,山东文艺出版社,2005-3,180.00元 (全5卷),9.2
25858068,100个基本,松浦弥太郎的人生信条,[日] 芥川龙之介,郑民钦、魏大海、侯为,山东文艺出版社,2005-3,180.00元 (全5卷),7.6
1212080,奇鸟行状录,,[日] 村上春树,林少华,上海译文出版社,2002-11,30.00元,8.4
6967980,然后，我就一个人了,山本文绪作品04,[日] 山本文绪,李洁,南海出版公司,2013-1,25.00元,7.4
10581659,老妓抄,,冈本加乃子,萧云菁,重庆出版社,2012-6,32.00元,8.3
2297697,ZOO,,[日] 乙一,李颖秋,当代世界出版社,2007-10,20.00元,8.6
10587562,东京日和,,[日] 乙一,李颖秋,当代世界出版社,2007-10,20.00元,8.2
26840552,西瓜的香气,,[日] 江国香织,赵峻、王路漫、张乐风,南海出版公司,2016-8-1,39,8.0
1855231,银河铁道之夜,宫泽贤治童话,(日)宫泽贤治,周龙梅,青岛出版社,2006,19.80,8.6
6885715,蓝另一种蓝,山本文绪作品01,(日) 山本文绪,张苓,南海出版公司,2012-10,25.00元,7.7
5366440,禁色,,三岛由纪夫,陈德文,上海译文出版社,2011-4,32.00元,8.6
1009094,古都,,川端康成,唐月梅,北京出版社,2003-04,21.00,8.6
1421975,只有你聽到 Calling You,,乙一,,青春文化,2005,HKD55 NTB220,8.7
26431631,春天与阿修罗,,乙一,,青春文化,2005,HKD55 NTB220,8.3
21692813,眠,,[日] 村上春树 著、[德] 卡特·曼施克 图,施小炜,南海出版公司,2013-4,29.50元,7.6
1848256,东京奇谭集,,[日] 村上春树,林少华,上海译文出版社,2006-7,13.00元,8.0
26476959,我青春漫游的时代,三岛由纪夫的青春纪事,[日] 三岛由纪夫,邱振瑞,生活·读书·新知三联书店,2016-3,28.00,8.3
26686802,真幌站前狂骚曲,,[日] 三岛由纪夫,邱振瑞,生活·读书·新知三联书店,2016-3,28.00,8.7
4898551,四叠半神话大系,,(日) 森见登美彦,张智渊,上海人民出版社,2010-8,24.00元,8.2
25935075,文·堺雅人：健康的日子,,(日) 堺雅人,郭晓丽,人民文学出版社,2014-11-1,35.00元,8.1
3606804,徒然草,,（日）吉田兼好,文东,中国长安出版社,2009-04,25.00元,8.2
1962124,东京塔,,[日] 利利·弗兰克,李颖秋,中信出版社,2007-1,25.00元,8.5
26314932,言叶之庭,,[日] 新海诚,CLOVER,百花洲文艺出版社,2015-3-1,CNY 32.00,8.4
26762116,疯癫老人日记,,[日] 谷崎润一郎,郑民钦、郑颖,南海出版公司,2016-5,39.50元,7.9
24722098,少年H,,[日] 妹尾河童,张致斌,生活·读书·新知三联书店,2013-11,43.00,9.2
26771731,朱鹮,,[日] 阿部和重,丁丁虫,人民文学出版社,2016-10-1,32.00,8.0
1053759,雪国 古都,,[日] 川端康成,叶渭渠、唐月梅,广西师范大学出版社,2002-2,17.80元,8.3
3785741,死神的精确度,,[日] 伊坂幸太郎,星野空,当代世界出版社,2009-6,30.00,8.0
25808738,阴阳师典藏合集,,(日)梦枕貘,林青华、施小炜,南海出版公司,2014-1,172,9.1
5348044,敦煌,新经典文库·井上靖作品02,[日]井上靖,刘慕沙,北京十月文艺出版社,2010-10,20.00元,8.0
26577701,我的美的世界,,[日] 森茉莉,谢同宇,译林出版社,2016-1,38.00,8.0
20267987,孤独美食家,,[日] 村上龙,王蕴洁,湖南文艺出版社,2013-2,28.00元,7.4
24736900,千只鹤,川端康成作品02,[日] 川端康成,叶渭渠,南海出版公司,2013-9-15,29.50,8.2
3191044,华莱士人鱼,,[日] 岩井俊二,孟海霞,南海出版公司,2008-8,25.00,7.8
24529164,楼兰,新经典文库·井上靖作品04,（日）井上靖,赵峻,北京十月文艺出版社,2013-6,25.00元,8.1
24871460,幻之光,,[日] 宫本辉,林青华,上海文艺出版社,2013-10,18.00元,8.4
26534897,百器徒然袋——风,,[日] 宫本辉,林青华,上海文艺出版社,2013-10,18.00元,8.6
1079440,遇到百分之百的女孩,,[日] 村上春树,林少华,上海译文出版社,2002-12,13.50元,8.1
26723427,西巷说百物语,,[日] 京极夏彦,,代珂,南海出版公司,2016-4-30,8.3
19985027,御伽草纸,,[日] 太宰治,汤家宁,重庆出版社,2012-12,29.80元,8.6
6404040,三行情书,,北川理惠,杨英洁,中国戏剧出版社,2011-6,25.00元,8.1
3418469,怪谈,,[日] 小泉八云,王新禧,陕西人民出版社,2009-1,26.80,7.6
26899959,达洋猫动物小说·奇幻冒险五部曲,达洋猫小说系列 第1辑,（日）池田晶子,李丹,九州出版社,2016-10,140.00元,9.6
26576518,我的晃荡的青春,,[日]东野圭吾,代珂,南海出版公司,2015-9,35.00元,7.0
4151180,巷说百物语,,[日]京极夏彦,萧志强,北京十月文艺出版社,2009-10,28.00,8.0
25883054,草枕,,(日)夏目漱石,陈德文,上海译文出版社,2014-6,25.00,8.6
5283571,宛如阿修羅,,(日)夏目漱石,陈德文,上海译文出版社,2014-6,25.00,9.1
6126821,远方的鼓声,,[日] 村上春树,林少华,上海译文出版社,2011-8-1,32.00元,8.4
26850007,一幅画开启的世界,,[日] 村上春树,林少华,上海译文出版社,2011-8-1,32.00元,8.2
25904933,我的母亲手记,,(日)井上靖,吴继文,重庆出版社,2014-9-1,36.00,8.4
5980581,十三夜,,[日] 樋口一叶,林文月,译林出版社,2011-6,28.00元,8.3
6265779,地下,,[日] 村上春树,林少华,上海译文出版社,2011-6,32.00元,8.3
1031740,寻羊冒险记,,[日] 村上春树,林少华,上海译文出版社,2001-8,18.80元,8.1
1331512,如梦记·石川啄木诗歌集,,坂本文泉子、石川啄木,周作人,中国对外翻译出版公司,2005-1,32.00元,8.6
26327314,胚胎奇谭,,坂本文泉子、石川啄木,周作人,中国对外翻译出版公司,2005-1,32.00元,8.2
26717928,咬一口昭和回忆,,[日] 森下典子,羊恩媺,上海人民出版社,2016-12-1,39.00,8.0
26585457,海与毒药,,(日) 远藤周作,黄真,人民文学出版社,2015-10,25.00,8.6
5395724,华丽人生,,[日]伊坂幸太郎,张筱森,译林出版社,2011-2,28.00元,8.5
25938704,一弦琴,,[日]宫尾登美子,曹逸冰,吉林出版集团有限责任公司,2014-9-1,36.00元,8.4
1048364,日本现代文学的起源,,[日] 柄谷行人,赵京华,生活·读书·新知三联书店,2006-8,18.00元,8.8
6391166,碎片,,(日)青山七惠,竺家荣,上海译文出版社,2011-12-1,22.00,7.8
25853088,美丽之星,,[日] 三岛由纪夫,丁丁虫,新星出版社,2014-5-1,29.00,8.0
1926700,关于莉莉周的一切,,[日] 岩井俊二,张苓,天津人民出版社,2006-12,28.00元,7.7
25772862,睡美人,,[日] 川端康成,叶渭渠、唐月梅,南海出版公司,2014-1,35.00元,8.2
26264956,袭击面包店,,村上春树,施小炜,南海出版公司,2015-1-1,29.50元,7.3
6714442,井原西鹤选集,,[日]井原西鹤,钱稻孙,上海书店出版社,2011-8,22.00元,8.8
1020959,斯普特尼克恋人,,[日] 村上春树,林少华,上海译文出版社,2001-8,14.10元,8.1
26046043,人类灭绝,,[日] 高野和明,汪洋,江苏凤凰文艺出版社,2014-11,52.00元,8.3
26785388,賢者之愛,,山田詠美,陳系美,大田,2016-7-1,NT$320,7.2
25923985,我心中的美好世界,一只猫的旅行报告,[日] 有川浩,尹宁,湖南文艺出版社,2014-8,39.00元,9.0
5299766,青梅竹马,,[日] 樋口一叶,萧萧,万卷出版公司,2010-10,21.00元,8.4
26314930,杀手界·疾风号,伊坂幸太郎作品07,(日)伊坂幸太郎,代珂,南海出版公司,2015-4,39.50元,8.6
3499317,芥川龙之介精选集,,（日）芥川龙之介,高慧勤,北京燕山出版社,2008-12,38.00元,9.3
4152754,时生,东野圭吾作品08,〔日〕东野圭吾,徐建雄,南海出版公司,2010年1月,25.00,7.7
4311471,门,,(日) 夏目漱石,吴树文,上海译文出版社,2010年7月,22.00元,8.4
3801097,夏天·烟火·我的尸体,,[日] 乙一,王华懋,当代世界出版社,2009-6,20.00,7.8
25737793,阳光劫匪,新经典文库·伊坂幸太郎作品03,(日)伊坂幸太郎,代珂,南海出版公司,2014-1-1,39.50,8.5
6041089,家鸭与野鸭的投币式寄物柜,,(日)伊坂幸太郎,王华懋,译林出版社,2011-11,28.00元,8.3
4311472,后来的事,,[日] 夏目漱石,吴树文,上海译文出版社,2010-7,27.00元,8.4
1441488,宫本武藏·剑与禅（上下）,,[日] 吉川英治,颜世俊、刘仲达,重庆出版社,2005-12,120.00元,8.4
10768064,涡虫,山本文绪作品03,[日] 山本文绪,李洁,南海出版公司,2012-7,25.00元,8.0
6430503,万叶集精选,,佚名,钱稻孙,上海书店出版社,2012-4,38.00元,8.8
20379212,不如去死,,[日] 京极夏彦,朱胤帅,中信出版社,2013-1,29.00元,7.0
26425881,真幌站前番外地,,[日] 三浦紫苑,李建云,上海人民出版社,2016-1-1,32.00元,8.2
1035517,男人这东西,渡边淳一作品,渡边淳一,炳坤 郑成,文化艺术出版社,2004-02,24.00,7.6
20473093,大逃杀,（全二册）,高见广春,杨哲群,现代出版社,2013-2,70.00元,8.5
26860752,妖怪,,[日] 小松和彦,宋衡,新星出版社,2016-11,49.00元,7.9
10600119,尽头的回忆,,吉本芭娜娜,周阅,上海译文出版社,2012-6,22.00元,8.2
4011668,女生徒,,[日]太宰治,李桂芳,吉林出版集团有限责任公司,2009-10-1,19.00,8.5
20488770,恋爱中毒,山本文绪作品05,(日)山本文绪,边静,南海出版公司,2013-3,29.80元,7.6
4140396,黄昏清兵卫,,[日] 藤泽周平,李长声,新星出版社,2009年12月,20.00元,8.5
25747597,不能不去爱的两件事,,[日]松浦弥太郎,张富玲,湖南人民出版社,2013-11,32.00元,7.5
26673853,庭守之犬,,(日) 岩井俊二,张苓,南海出版公司,2016-2,35.00元,7.4
4231214,恶人,,[日]吉田修一,王华懋,文化艺术出版社,2010-1,25.00元,7.8
26898387,虚伪的真心话,,[日]北野武,,百花洲文艺出版社,2016-9-1,38,8.4
26853355,真相凶猛,,北野武,小杨,百花洲文艺出版社,2016-12,36.80,7.3
25815415,后巷说百物语,,京极夏彦,刘名扬,南海出版公司,2014-4-1,CNY 39.50,8.0
26681392,去山里盖座小屋吧,,[日]中村好文,陈文娟,南海出版公司,2016-3,45.00元,8.1
26412327,八口小锅,,[日] 村田喜代子,莫琼莎,南海出版公司,2015-7-1,39.00,8.0
5326849,奥杜邦的祈祷,,(日)伊坂幸太郎,张智渊,译林出版社,2011-1,28.00元,8.1
3140801,姑获鸟之夏,,[日] 京极夏彦,林哲逸,上海人民出版社,2008-8,36.00,8.1
26721353,遇见怦然心动的小书店,,[日] 胜山俊光,李建云,南海出版公司 新经典文化,2016-4,45.00,8.1
2336093,池袋西口公园,池袋西口公园1,[日] 石田衣良,千日,上海人民出版社,2008-1,20.00,7.8
26118072,祈祷落幕时,,(日)东野圭吾,代珂,南海出版公司,2015-1,39.50元,7.7
26770916,毛茸茸,,[日] 村上春树	 著、[日] 安西水丸  绘,陈文娟,新星出版社,2016-6,35.00元,7.2
4626090,奔跑吧！梅勒斯,,[日]太宰治,邹微、曹逸冰、李雪莲,吉林出版集团有限责任公司,2010年5月,20.00元,8.4
1434314,父親的道歉信,,向田邦子,張秋明,商周出版,2006-8-3,NT$240,9.0
1205392,古事记,,[日] 安万侣,周作人,中国对外翻译出版公司,2001-1,13.80元,7.8
1455138,白色巨塔（第一部）,,(日)山崎丰子,娄美莲、王华懋,东方出版社,2006-1,35.00元,8.8
4282049,三四郎,,(日) 夏目漱石,吴树文,上海译文出版社,2010年7月,26.00元,8.3
1035362,神的孩子全跳舞,,[日] 村上春树,林少华,上海译文出版社,2002-6,13.50元,7.9
26413027,虚无的十字架,,[日] 东野圭吾,王蕴洁,湖南文艺出版社,2015-6,39.80元,7.5
22542435,我是开豆腐店的，我只做豆腐,,[日] 小津安二郎,陈宝莲,南海出版公司,2013-6-1,29.50元,7.6
24736901,山音,川端康成作品03,[日] 川端康成,叶渭渠,南海出版公司,2013-9-15,35.00,8.3
4617900,萨德侯爵夫人,,(日) 三岛由纪夫,陈德文,上海译文出版社,2010年7月,13.00元,8.4
25713168,摩登时代,新经典文库·伊坂幸太郎作品02,(日)伊坂幸太郎,田肖霞,南海出版公司,2013-10,39.50元,8.2
3517503,高野圣僧,,(日)泉镜花,文洁若,重庆出版社,2009-1,25.00元,8.2
6517150,31岁又怎样,山本文绪作品02,(日)山本文绪,无王蕴洁,南海出版公司,2011-8-1,22.00元,7.6
24872489,小鸟在天空消失的日子,,(日)谷川俊太郎,田原,湖南文艺出版社,2013-9,48.00元,8.1
1949925,沉落的黄昏,,[日] 江国香织,李炜,北京十月文艺出版社,2006-12,25.00元,8.1
1469423,犯罪的回送,,松本清张,侯为,北岳文艺出版社,2005-11,18.0,6.8
6719661,仲夏之死,,(日)三岛由纪夫,陈德文,上海译文出版社,2012-2,25.00元,8.4
26706772,你知不知道我很担心你啊,,[日]山口花,孙雅甜,南海出版公司 新经典文化,2016-3-1,45.00元,8.2
20428304,天平之甍,新经典文库·井上靖作品03,(日)井上靖,谢鲜声,南海出版公司,2013-1-1,25.00元,8.5
2119843,钝感力,,[日] 渡边淳一,李迎跃,上海人民出版社,2007-5,15.00元,6.9
20389191,冰点,,三浦绫子,田肖霞,北京十月文艺出版社,2012-12,39.50元,8.4
6039397,哪啊哪啊神去村,,三浦紫苑,王蘊潔,新經典圖文傳播有限公司,2011-3-30,NTD280元,8.0
1868623,在黑暗中等待,,乙一,陳惠莉,尖端,2006,NTD240,8.4
6087394,东野圭吾精选集-全10册,,东野圭吾,刘子倩,南海出版社,2010-3-1,237.60元,8.6
25923427,河童,,[日] 芥川龙之介,秦刚,上海译文出版社,2014-9,30.00元,8.6
6814968,虞美人草,,夏目漱石,茂吕美耶,金城出版社,2011-10-1,32.80元,8.3
26411560,不被理想束缚的生活,,[日]金子由纪子,烨伊,北京联合出版公司·后浪出版公司,2015-6,25.00元,7.2
4732175,阿根廷婆婆,,(日) 吉本芭娜娜,李萍,上海译文出版社,2010-6,25.00元,7.6
26662018,甜蜜的房间,,[日] 森茉莉,王蕴洁,译林出版社,2016-1,39.00,7.5
4067626,重力小丑,,[日]伊坂幸太郎,星野空,当代世界出版社,2009-10,30.00,8.1
2297706,平面狗,,[日] 乙一,李颖秋,当代世界出版社,2007-10,20.00元,8.2
2062557,地狱变,,芥川龙之介,楼适夷、文洁若,解放军文艺出版社,1999年,8.00,9.1
3025613,赤朽葉家的傳說,櫻庭一樹作品集1,櫻庭一樹,龔婉如,獨步文化,2008-4-28,NT$360,8.6
1427754,侏儒的话,,[日] 芥川龙之介,李正伦 等,河北教育出版社,2002-6,16.60元,8.8
25732311,64,史上最凶惡綁架撕票事件,橫山秀夫,緋華璃,臺灣東販,2013-11-24,NT$420,9.0
26720709,恋物物语,,[日] 松浦弥太郎,叶韦利,新星出版社,2016-4,49.00元,7.1
3640304,萤火虫之墓,,[日] 野坂昭如,施小炜,南海出版公司,2009-2,22.00元,8.5
3391242,爱的饥渴,,[日] 三岛由纪夫,唐月梅,上海译文出版社,2009-1,18.00,8.0
26828738,霹雳队长,,[日] 阿部和重、[日] 伊坂幸太郎,胡笳,新星出版社,2016-8,45,8.1
1451520,沙门空海之大唐鬼宴·卷之一·入唐,卷一、入唐,（日）梦枕獏,林皎碧,百家出版社,2006-01,23.8,7.7
6903035,柠檬,,[日]梶井基次郎,李旭、曾鸿燕,吉林出版集团有限责任公司,2012-5,25.00元,8.4
1547410,浮世澡堂,,[日] 式亭三马,周作人,中国对外翻译出版公司,2001-1,15.50元,8.2
24708303,横道世之介,,(日)吉田修一,吴鑑萍,中国华侨出版社,2013-8-1,28.00元,7.5
6885726,疑惑,芥川龙之介编年别裁集,(日) 芥川龙之介,吴树文,上海文艺出版社,2012-1,32.00元,9.1
4823789,晓寺,,[日] 三岛由纪夫,竺家荣,上海译文出版社,2010-12,29.00元,8.4
5907515,浮云,,[日] 林芙美子,吴菲,复旦大学出版社,2011-1,26.00元,8.3
24226728,人间失格,太宰治文学精选集,[日]太宰治,高詹灿、袁斌,天津人民出版社,2013-4,29.90元,8.5
26309151,昼颜,工作日午后三点出现的恋人们,[日]井上由美子、[日]百濑忍,蒋涛,广西科学技术出版社,2015-3-10,38.00,7.4
2151785,宫泽贤治杰作选,,宫泽贤治,,中国社会,2007-4-1,18.50元,8.7
26648683,我所创造的怪物,,[日] 乙一,郭勇,浙江文艺出版社,2016-7-1,CNY 36.80,6.9
26378466,生日故事集,,村上春树 等编著,孔亚雷、林少华,上海译文出版社,2015-9,36.00元,7.9
1772580,蟬時雨,,藤澤周平,高詹燦,木馬文化事業有限公司,2006-5,NTD 300,9.2
1227920,日本古典俳句选,,松尾芭蕉、与谢芜村、小林一茶,林林,人民文学出版社,2005-01-01,9.00,8.1
26760898,花与爱丽丝,,[日]岩井俊二,贺静,新星出版社,2016-6,45.00元,7.7
5323630,日本物哀,,[日] 本居宣长,王向远,吉林出版集团有限责任公司,2010-10,30.00元,7.8
3678694,窗灯,,[日] 青山七惠,竺家荣,上海译文出版社,2009-6,19.00,7.4
1149495,梦十夜,,夏目漱石,李振声,广西师范大学出版社,2003-12-01,20.00元,8.2
4842475,新选组血风录,,(日) 司马辽太郎,张博,重庆出版社,2010-6,36.80元,8.7
26717937,女人的食指,,[日] 向田邦子,刘子倩,上海文艺出版社,2016-2-15,35.00元,7.6
26180267,我们是不是该结婚了,,[日]石田衣良,丁丁虫,湖南文艺出版社,2015-3,35.00,7.1
11586903,夏目漱石的百合,,江川澜,,上海三联书店,2012-9,28.00元,7.9
5063561,利休之死,,山本兼一,張智淵,台灣商務印書館,2010年9月1日,NT360,8.6
26258910,昨夜的咖哩，明日的麵包,,木皿泉,尤可欣,自由之丘文創,2014-12-3,300NT,9.2
11597314,我被爸爸绑架了,,(日)角田光代,龚群,译林出版社,2013-5,25.00元,8.0
4903188,叶隐入门,,[日] 三岛由纪夫,隰桑,江苏文艺出版社,2011-3,21.00元,8.3
1330007,平家物语,,周作人,,中国对外翻译出版公司,2001-1,24.80元,7.9
1350919,寺山修司少女詩集,,周作人,,中国对外翻译出版公司,2001-1,24.80元,9.4
6952187,宵山万华镜,,[日] 森见登美彦,星野空,上海人民出版社,2012-8,29.00元,8.2
19944232,等风的人,等风的人,(日)伊吹有喜,孙雅甜,南海出版公司,2013-3,28.00元,8.1
20381888,坏女人,松本清张杰作选 2,(日)松本清张 著、(日)宫部美雪 主编,娄美莲、刘子倩,新星出版社,2013-1-10,30.00元,8.3
6731202,恋文,,(日)连城三纪彦,王蕴洁,广西师范大学出版社,2012-1,24.00元,8.3
3525047,无影灯,,（日）渡边淳一,张维娜、知非,文汇出版社,2009-1,35.00元,7.9
4049269,狐狸的窗户,,(日)安房直子 文、(日)织茂恭子 绘,崔维燕,二十一世纪出版社,2009-8,21.80元,9.5
19967320,远野物语·日本昔话,,(日)柳田国男,吴菲,上海三联书店,2012-11-15,25.00元,8.1
25885021,砂女,安部公房都市失踪三部曲,(日)安部公房,于荣胜,华东师范大学出版社,2014-4,23.00元,8.3
3162513,魍魉之匣（上）,,[日] 京极夏彦,林哲逸,上海人民出版社,2009-1,29.00,8.5
10759723,箱庭圖書館,,乙一,王華懋,獨步文化(城邦),2012-7-2,NT320,8.0
26874199,恋人们的森林,,（日）森茉莉,,谢同宇,译林出版社,38.00,7.6
25845649,亲爱的闺蜜,,[日] 绵矢莉莎,胡菡,中信出版社,2014-4,32.00元,7.6
26723425,前巷说百物语,,[日] 京极夏彦,刘名扬,南海出版公司,2016-4,45.00,8.3
26015657,玻璃蘆葦,,櫻木紫乃,劉子倩,時報文化,2014-11-3,NT$320,8.1
25832600,冬至草,,[日]石黑达昌,丁丁虫,时代文艺出版社,2014-3,29.80元,8.1
3864342,69,,[日] 村上龙,董方,上海译文出版社,2009-08-01,20.00元,7.9
10794337,神之病历1,都市治愈系正能量小说,(日) 夏川草介,赵江,人民文学出版社,2012-11,25.00元,8.6
5372422,末日的愚者,,[日]伊坂幸太郎,黄涓芳,译林出版社,2010-12,25.00元,8.1
4074636,放学后,,[日]东野圭吾,赵峻,南海出版公司,2010-1-1,20.00元,7.6
6006497,诸神的微笑,,芥川龙之介,小Q,复旦大学出版社,2011-1,20.00元,8.6
6864274,我愛過的那個時代,當時，我們以為可以改變世界,川本三郎,賴明珠,新經典,2011-10,NT. 280,8.8
20267980,大手笔,松本清张杰作选1,(日)松本清张、(日)宫部美雪 导读,刘子倩,新星出版社,2012-11-15,32.00元,8.3
3646172,恶意,,[日] 东野圭吾,娄美莲,南海出版公司,2009-6,18.00,8.4
2153299,小仓百人一首,日本古典和歌赏析,刘德润,,外语教学与研究出版社,2007-6-1,28.00元,8.7
3866397,鹿男,,（日）万城目学,涂愫芸,上海人民出版社,2009-8,20.00元,7.7
6781800,回忆，扑克牌,,(日) 向田邦子,姚东敏,人民文学出版社,2011-12,20.00元,8.0
26289340,东京人,,[日] 川端康成,郑民钦,南海出版公司,2015-2,79.00元,8.4
25887244,异恋,,[日]小池真理子,李恩清,北京时代华文书局,2014-9,35.00元,8.1
26667280,虽然没有遇到什么困难，但我就是要逃避,,[日]小池真理子,李恩清,北京时代华文书局,2014-9,35.00元,7.6
6387179,近松门左卫门选集,,(日) 近松门左卫门,钱稻孙,上海书店出版社,2011-12,32.00元,8.9
24839341,紫罗兰,,[日]青山七惠,竺家荣,湖南文艺出版社,2013-7,32.00,7.6
1468393,无限近似于透明的蓝,,[日] 村上龙,张唯诚,上海译文出版社,2006-1,10.00元,7.2
5988624,远山淡影,,[英] 石黑一雄,张晓意,上海译文出版社,2011-5,27.00元,8.2
1007914,窗边的小豆豆,,[日] 黑柳彻子 著、岩崎千弘 图,赵玉皎,南海出版公司,2003-1,20.00元,8.7
6073423,歌行灯,,泉镜花,曹宇,吉林出版集团有限责任公司,2011-4,25.00元,8.3
1011662,再袭面包店,,[日] 村上春树,林少华,上海译文出版社,2001-8,12.40元,7.9
4191699,午后曳航,,(日)三岛由纪夫,许金龙,浙江文艺出版社,2010-1,23.00元,8.3
20503618,惡之教典 (上),,貴志祐介,,新經典文化,2013-3-27,NT$340,8.6
4038672,络新妇之理（上）,,[日] 京极夏彦,王华懋,上海人民出版社,2009年11月,29.00,8.9
26782113,筑巢记,把生活慢慢修正成喜欢的样子,[日] 岩崎朋子,徐凯蒂,九州出版社,2016-6,36.00,7.3
1066538,万叶集,,[日本] 佚名,赵乐甡,译林出版社,2002-4,38.00元,7.8
25777862,何者,,朝井遼,張智淵,貓頭鷹,2014-1-22,NT320,7.8
24732964,佛陀与想太多的猪 1,小幸福哲学,[日] 小泉吉宏,李巧娟,天津社会科学院出版社,2013-1,28.00元,7.9
11499200,浪花少年偵探團,,東野圭吾,王蘊潔,皇冠,2012-8-3,NT$260,6.8
25767395,神的拉面,,[日] 多纪光,赵嵩珏,新星出版社,2014-1,30.00,6.9
1042586,个人的体验,,（日）大江健三郎,王中忱,光明日报出版社,1995-05,14.80,8.4
25714740,起风了,,(日)堀辰雄,烨伊,新星出版社,2013-10-1,26.00元,7.3
1440345,燕尾蝶,,[日] 岩井俊二,张苓,天津人民出版社,2005-6,18.00元,7.8
4067806,流星旅行车,,（日）重松清,木阳,文汇出版社,2009年,29.80元,8.1
10598176,树屋,,[日] 角田光代,马丽,湖南文艺出版社,2012-7-1,35.00元,8.1
1914625,老师的提包,,[日] 川上弘美,施小炜、张乐风,南海出版公司,2006-11,20.00元,7.7
4850848,卍,,[日] 谷崎润一郎,竺家荣,上海译文出版社,2010-11,22.00元,7.5
25947743,少女的港湾,,[日] 谷崎润一郎,竺家荣,上海译文出版社,2010-11,22.00元,7.4
6001114,猫的事务所,宫泽贤治童话精选集,[日] 宫泽贤治、清月 (绘),黄叶娟、成洁,上海文艺出版社,2011-5,38.00元,8.1
1732999,哥儿,,[日] 夏日漱石,胡毓文、董学昌,人民文学出版社,2006-1,17.00元,8.5
26638267,变调二人羽织,,[日] 连城三纪彦,吕灵芝,新星出版社,2015-11,28.00元,8.4
1003387,雪国 古都 千只鹤,,[日本] 川端康成,,译林出版社,1996-4-1,18.00元,8.5
6549536,恋文的技术,,（日）森见登美彦,苏友友,新星出版社,2011-7,25.00元,8.1
3890174,信,,东野圭吾,赵江,译林出版社,2009.7,25.00元,7.7
4191733,寄物柜婴儿,,[日]村上龙,栾殿武,上海译文出版社,2010-2,26.00元,8.3
4117904,绷带俱乐部,,（日）天童荒太,柳俊帆,广西师范大学出版社,2009年12月,20.00元,6.8
26721548,Lens·视觉005：以手抵心,,Lens,,中信出版社,2016-5-1,48,8.3
20299643,乐园,宫部美雪作品13,(日) 宫部美雪,张秋明,新星出版社,2013-1,39.50元,7.9
26614576,知日·太宰治,生而为人，我很抱歉,茶乌龙 主编,,中信出版社,2015-10,39.00元,7.6
25814725,人间失格·斜阳,,[日] 太宰治,竺家荣,上海译文出版社,2014-2,35.00,8.8
10439880,不道德教育講座,,三島由紀夫,邱振瑞,大牌出版社,2012-1-31,91.33元,8.4
25954353,所罗门的伪证,所罗门的伪证,宫部美雪,徐建雄,江苏凤凰文艺出版社,2014-9,168.00元,7.6
26787952,浮世草子,,[日] 井原西鹤,王向远,上海译文出版社,2016-10,75,7.5
26431623,灯之湖畔,,[日]青山七惠,陈岩,上海译文出版社,2016-1-1,42.00元,7.6
26653018,一切终将远去,,[日] 山本文绪,,湖南文艺出版社,2016-1,35.00元,7.5
4262654,我的男人,,(日) 樱庭一树,林青华,上海译文出版社,2010-3,28.00元,7.4
26383096,ぼくは明日、昨日のきみとデートする,,七月 隆文,,宝島社,2014-8-6,JPY 724,7.6
26279028,面包和汤和猫咪好天气,,群阳子,张悦,上海文艺出版社,2015-3,25.00元,7.8
26253700,城塞,（上、中、下）,司马辽太郎,李青、周洁,广西师范大学出版社,2015-1-1,CNY 129.00,8.8
10827882,悉尼！,,[日] 村上春树,施小炜,南海出版公司,2012-8,36.00元,7.9
1283273,天黑以后,,[日] 村上春树,林少华,上海译文出版社,2005-4,15.00元,7.3
26745439,纸之月,,[日] 村上春树,林少华,上海译文出版社,2005-4,15.00元,8.0
4857031,钥匙,,(日)谷崎润一郎,竺家荣,上海译文出版社,2010-11,15.00元,7.6
5326846,一首朋克救地球,,[日] 伊坂幸太郎,阿夜,译林出版社,2010-11,25.00元,7.7
10618121,扮鬼脸,,[日]宫部美幸,茂吕美耶,吉林出版集团有限责任公司,2012-7,35.00元,8.1
7916119,手锁心中,,[日]宫部美幸,茂吕美耶,吉林出版集团有限责任公司,2012-7,35.00元,8.2
6889836,世上最疼我的人,,(日) 重松清,帅松生,中信出版社,2012-1-10,29.00元,8.6
26665723,情人,,渡边淳一,祝子平,青岛出版社,2015-11-1,39,7.5
26318944,绘画是一个人的旅行,,[日]安野光雅,罗亚星、果露怡,新星出版社,2015-3,45.00元,7.8
3286829,脑髓地狱,,[日] 梦野久作,林敏生,新星出版社,2009-1,33.00元,8.0
3101457,紫阳花日记,,[日] 渡边淳一,王智新,文汇出版社,2008-6,32.00元,7.5
1059378,花未眠,散文选编,[日] 川端康成,叶渭渠,广西师范大学出版社,2002-2,15.80元,8.5
5988636,雏菊人生,,[日] 吉本芭娜娜,,上海译文出版社,2011-4-1,25.00元,7.8
5921793,我这一代东京人,,[日] 新井一二三,,上海译文出版社,2011-4,24.00元,7.6
1559728,方丈记 徒然草,,[日] 鸭长明、吉田兼好,李均洋,河北教育出版社,2002-6,13.50元,8.3
6831051,泥河·萤川,,(日) 宫本辉,袁美范,上海译文出版社,2012-4,23.00元,8.4
25851888,都市传说,都市传说,朱川湊人,曹逸冰,北京联合出版公司,2014-5-1,CNY 32.00,8.2
4887589,梦侦探,,(日) 筒井康隆,丁丁虫,上海译文出版社,2010-8,27,8.0
10282578,村上广播,,村上春树,林少华,上海译文出版社,2012-3-1,26.00元,7.7
3102324,秘密,,[日] 东野圭吾,赵博,海南出版社,2008-6,29.80元,7.7
26879048,京料理,,[日] 千澄子、后藤加寿子,烨伊,新星出版社,2016-10,45.00元,8.7
1084385,川端康成小说经典（全三册）,,川端康成,叶渭渠,人民文学出版社,1999-7,66.60元,9.1
25925198,现在开始，与自己和平相处吧,,[日] 山本文绪,李洁,南海出版公司,2014-8-1,32.00元,7.6
5942644,武藏野,国木田独步选集,[日]国木田独步,吴元坎,文汇出版社,2011-1,19.00元,8.6
26327552,殉教,,[日] 三岛由纪夫,陈德文,上海译文出版社,2015-7-1,36.00元,8.5
4850641,燃烧吧！剑（上）,,(日)司马辽太郎,计丽屏,上海人民出版社,2010-10,32.00元,8.6
4009552,幻夜,东野圭吾作品06,〔日〕东野圭吾,李炜,南海出版公司,2009年9月,28.00元,7.6
24745905,维庸之妻,,(日)太宰治,陈龄,重庆出版社,2013-8-20,29.8,8.1
2372026,哀愁的预感,,[日] 吉本芭娜娜,李重民,上海译文出版社,2008-1,18.00元,7.8
26392734,到处存在的场所，到处不存在的我,,[日] 村上龙,张致斌,湖南文艺出版社,2015-7,32.00元,7.4
1593819,砂女,安部公房小说,[日] 安部公房,杨炳辰、王建新,浙江文艺出版社,2003-1,21.00元,8.3
4045081,美利坚物语,,[日] 永井荷风,向轩,南京大学出版社,2010-1-1,20.00元,7.7
26593509,酒友 饭友,,[日] 安倍夜郎,丁世佳,新星出版社,2015-10,25.00元,7.6
26435482,博物馆行星,,[日] 安倍夜郎,丁世佳,新星出版社,2015-10,25.00元,7.5
11621662,新娘,,[日]青山七惠,竺家荣,新星出版社,2012-9,28.00元,7.7
24845438,名作家文学课,文章读本:三岛由纪夫文学讲义,三岛由纪夫,黄毓婷,译林出版社,2013-9-1,CNY 32.00,8.5
6817768,日本文学史序说（上下）,,加藤周一,叶渭渠、唐月梅,外语教学与研究出版社,2011-9,60.00元,9.0
1150862,星新一短篇小说集,日文版,星新一,,译林出版社,2004-1,18.00元,8.8
3404723,虹,,[日] 吉本芭娜娜,钱洁雯,上海译文出版社,2009-1,17.00,7.7
5317129,魔法师俱乐部,,[日] 青山七惠,竺家荣,金城出版社,2010-10,28.00元,7.9
24292290,兰陵王,,(日) 田中芳树,兴远,江苏文艺出版社,2013-7,32.00元,7.3
25923418,猫与庄造与两个女人,,[日] 谷崎润一郎,赖明珠,上海译文出版社,2015-1,23.00,8.1
3135743,川端康成精品集,,川端康成,,复旦大学出版社,2008-5-1,35.00元,8.7
26603305,日本推理100年,,（日）山前让,,饭野直树,谜斗篷,2015-9,8.9
1270150,风与树的歌,,安房直子,彭懿,少年儿童出版社,2004-03-01,17.00元,9.3
6885341,别让我走,,(英)石黑一雄,朱去疾,译林出版社,2011-12,29.00元,8.1
2317974,德川家康（第一部）,乱世孤主,[日] 山冈庄八,岳远坤、陈都伟,南海出版公司,2007-11,26.00元,8.4
26868554,小津安二郎美食三昧·关东篇,,[日] 山冈庄八,岳远坤、陈都伟,南海出版公司,2007-11,26.00元,8.0
26613047,时间停止的校园（上、下）,,(日) 辻村深月,吕灵芝,新星出版社,2015-11,58.00,7.6
1907859,今昔物语,,周作人,北京编译社 编译、周作人 校,新星出版社,2006-9,128.00,8.2
1186348,谷川俊太郎诗选,20世纪世界诗歌译丛,谷川俊太郎,田原,河北教育出版社,2004-01-01,15.60,8.1
6560666,忧国,,(日)三岛由纪夫,许金龙,浙江文艺出版社,2011-9-1,22.00元,8.4
10439096,出帆,,(日)竹久梦二,王维幸,新星出版社,2012-4,49.50元,8.0
26638269,寿司之神,,(日)里见真三,吕灵芝,新星出版社,2015-11-1,58.00,8.7
3135725,三岛由纪夫精品集,,(日)三岛由纪夫,唐月梅,复旦大学出版社,2008-5,29.00元,8.4
25850118,日本读书论,,刘铮 编,吴菲,上海三联书店,2014-8,38.00元,8.2
26755786,耕食生活,,[日]早川由美,朱信如,新星出版社,2016-5,45.00元,8.0
26616958,樱花秘密基地,,[日]朱川湊人,李盈春,化学工业出版社,2016-1-1,29.00元,7.8
26671170,神圣懒汉的冒险,,(日)森见登美彦,单元皓,北京联合出版公司,2016-1,39.80元,7.1
4160509,疯癫老人日记,,谷崎润一郎,竺家荣,上海译文出版社,2010年6月,20.00,7.6
7175407,漂逝的纸偶,,(日)北村薰,赵仲明,南海出版公司,2012-7-1,28.00元,8.0
5988637,镜子之家,,[日] 三岛由纪夫,杨伟,上海译文出版社,2011-4,32.00元,8.5
3259587,我与狗狗的十个约定,,[日] 泽本嘉光,叶琳娜,天津教育出版社,2008-10,20.00元,8.6
25829049,挽歌,,[日] 朱川湊人,高璐璐,北京联合出版公司,2014-5-1,29.90元,7.8
1019428,一九七三年的弹子球,,[日] 村上春树,林少华,上海译文出版社,2001-8,12.50元,8.0
6047527,恍惚的人,,[日] 有吉佐和子,李炜,南海出版公司,2011-6,25.00元,8.6
10600121,在约定的场所,地下2,(日) 村上春树,林少华,上海译文出版社,2012-6,25.00元,8.2
3101617,日本短篇推理小说选,,[日] 江户川乱步、[日] 松本清张、[日] 森村诚一、[日] 横沟正史、[日] 水上勉、[日] 佐野洋、[日] 西村京太郎、[日] 鲇川哲也、[日] 石泽英太郎、[日] 仁木悦子,于雷、于纯厚、文洁若、王凌、吴树文、平献明、张柏霞,辽宁人民出版社,1981-8,2.00元,8.4
26431643,吉卜力的风,从《风之谷》到《起风了》,[日] 铃木敏夫,黄文娟,上海译文出版社,2016-3,58.00元,8.3
25836027,献给死者的音乐,,[日] 山白朝子,王华懋,上海人民出版社,2014-7,36.00,7.6
26490949,皇家酒店,,[日]樱木紫乃,李洁,南海出版公司,2015-9,36.00元,7.8
3517501,金色夜叉,,(日)尾崎红叶,吴元坎,重庆出版社,2009年01月,29.80元,7.8
3879946,光与影,光与影，宣判死期，猴子的反抗和蔷薇的联想,渡边淳一,杜勤,文汇出版社,2009,20.00元,8.2
3777729,川端康成三岛由纪夫往来书简,,(日)川端康成、三岛由纪夫,许金龙,外国文学出版社,2009-5,15.00元,8.0
25829361,花花饭,,[日] 朱川湊人,苏娜凯,北京联合出版公司,2014-5,32.00元,7.9
19944233,四十九日告别,,(日)伊吹有喜,孙雅甜,南海出版公司,2013-1-1,28.00元,8.1
4320806,关原之战,争霸天下,[日] 司马辽太郎,刘立善,重庆出版社,2010-10,49.80元,8.8
2265954,文学部唯野教授,,筒井康隆,何晓毅,人民文学出版社,2007-9,15.00元,8.2
5312099,对岸的她,,角田光代,刘璐,上海译文出版社,2011-1,23.00元,7.5
26581565,亿男,,[日] 川村元气,吕灵芝,新星出版社,2015-9,CNY 39.00,7.3
2214337,星新一微型小说选,,(日)星新一,李有宽,湖南人民出版社,1984,1.05,8.9
26628823,图书馆奇谈,,[日] 村上春树,施小炜,北京十月文艺出版社,2015-10,29.50元,6.7
25859249,一瞬之光,,[日]白石一文,黄心宁,上海人民出版社,2014-7-1,36.00,7.7
3744657,人間失格,,太宰治,高詹燦,木馬文化,2009年06月04日,NT$ 180,8.5
26417643,歪笑小说,,[日] 东野圭吾,王丽丽,南海出版公司,2015-7,32.00,7.4
10760882,金子美铃物语,,(日)金子美铃 著、(日)竹久梦二 绘,吴菲,新星出版社,2012-10-5,68.00元,8.6
25977519,屠杀器官,,[日] 伊藤计划,邹东来、朱春雨,上海文艺出版社,2014-11,38.00元,7.7
1449688,白河夜船,,[日] 吉本芭娜娜,徐静波,上海译文出版社,2005-11,10.00元,7.7
5290239,这一生再也不会有的奇遇,,喜多川泰,黄郁婷,凤凰出版传媒集团，江苏文艺出版社,2010-9,24.00元,8.1
11534101,星星和蒲公英,日本儿童文学大师系列,(日)金子美铃,吴菲,新星出版社,2012-8,25.00元,9.1
6021094,喜乐京都,,(日) 寿岳章子、（日）泽田重隆 绘图,陈娴若,生活·读书·新知三联书店,2012-3,27.00元,7.9
25862571,闯入者,,(日)安部公房,伏怡琳,上海文艺出版社,2014-7-1,32.00元,8.3
1292415,蜜月旅行,,[日] 吉本芭娜娜,张唯诚,上海译文出版社,2005-4,10.00元,7.7
10529731,你的朋友,,[日] 重松清,萧照芳,上海译文出版社,2012-9,32.00元,8.9
3813194,火车,宫部美雪作品03,〔日〕宫部美雪,张秋明,南海出版公司,2009-7,28.00元,7.9
3068553,被遺忘的故事,,乙一,陳惠莉,台灣國際角川書店股份有限公司,2008,69.19元,8.7
21690242,拿破仑狂,,(日)阿刀田高,吴鸿春,上海译文出版社,2013-5,28.00,8.4
3124867,大江健三郎精品集,,(日)大江健三郎,杨炳辰、郑民钦,复旦大学出版社,2008-5,30.00元,8.5
1157648,东京塔,,江国香织,王超伟,青岛出版社,2008-01-01,20.0,7.2
20003447,春分之后,,(日)夏目漱石,赵德远,上海译文出版社,2012-11,32.00元,7.9
26755284,献给折颈男的协奏曲,,[日] 伊坂幸太郎,林子梦,新星出版社,2016-4,36.00元,7.5
1001985,在世界中心呼唤爱,,[日] 片山恭一,林少华,青岛出版社,2009-9,18.00元,7.6
26708632,人生需要匠人精神,日本当代10位陶艺家的手作情结,苏燕,,中信出版社,2016-2,49.00元,8.1
26692195,物语终焉,,[日] 凑佳苗,郑晓蕾,新星出版社,2016-1,35.00,7.6
26827210,林中秘族,,[美] 柳原汉雅,陈荣彬,北京联合出版公司,2016-8,45.00元,8.0
6060455,浮世画家,,[英] 石黑一雄,,上海译文出版社,2011-5-1,28.00元,7.6
26664122,百濑,朝向这边,,[日]中田永一（乙一）,烨伊,中国友谊出版公司,2015-12-1,32.80元,7.8
25752981,你所不知道的日本名词故事,,(日)新井一二三,,上海译文出版社,2014-1,32.00元,7.7
5907525,晚菊,,[日] 林芙美子,刘小俊,复旦大学出版社,2011-1,26.00元,8.1
7063845,失踪HOLIDAY,,(日)乙一,张秀强、李志颖,译林出版社,2012-1-1,26.00元,7.8
25713169,一切的一切，都交给时间吧,everything . all the time . right handed,(日)山本文绪,李洁,Nanhai Publishing Company,2013-11-1,29.80,7.5
1869711,瀕死之綠,,乙一,陳惠莉,尖端,2006-07-01,NT$200,8.0
25722935,魔王,新经典文库·伊坂幸太郎作品01,伊坂幸太郎,史诗,南海出版公司,2013-10,32.00元,7.5
23010383,世上所有的女人都结婚了?,山本文绪作品06,(日)山本文绪,金晖,南海出版公司,2013-6,25.00元,6.8
26748338,威化饼干的椅子,,[日] 江国香织,李炜、艾十四,南海出版公司,2016-5-1,37.00元,7.4
25885617,她和她的猫,,[日] 新海诚 著、[日] 永川成基 改写,李友敏,上海译文出版社,2014-6,35.00元,8.1
1794795,跪下來舔我的腳,,山田詠美,施雯黛,方智,2000,250,7.8
2735770,锦绣,,宫本辉,张秋明,大众文艺出版社,2008-1,18.00元,8.3
1438914,奥州小道,,[日] 松尾芭蕉,郑民钦,河北教育出版社,2002-6,14.40元,8.3
20403596,武州公秘话（谷崎润一郎作品系列）,,(日)谷崎润一郎,张蓉蓓,上海译文出版社,2014-9-1,CNY 26.00,8.4
4882050,竹久梦二：画与诗,,[日] 竹久梦二,林少华,山东画报出版社,2011-5,28.00元,8.5
5340646,十四岁,,石田衣良,袁斌,广西师范大学出版社,2010-10,22.00元,8.0
7007774,没有意义就没有摇摆,,(日)村上春树,林少华,上海译文出版社,2012-3,28.00元,7.7
3071759,百物语,日本的《聊斋志异》,杉浦日向子,刘玮,南海出版社,2008-5-1,68.00,8.0
26700582,此处游泳，既不安全也不舒适,,[日] 江国香织,李建云、李洁、王路漫,南海出版公司,2016-2-1,39.80元,8.2
5326852,纳棺夫日记,,(日)青木新门,左汉卿,南海出版公司,2010-12-1,20.00元,7.7
25727799,他人的脸,安部公房都市失踪三部曲,(日)安部公房,杨伟,华东师范大学出版社,2014-4,27.00元,7.9
26272191,夏日终焉,,[日]濑户内寂听,竺家荣,人民文学出版社,2015-1,26.8,7.1
3830725,世界橫麥卡托投影地圖的獨白,,平山夢明,高詹燦,小異出版,2009年07月25日,260NTD,7.4
26790752,第六大陆,,[日] 小川一水,曹京柱,新星出版社,2016-7,65.00（全2册）,8.2
20470901,风味绝佳,,(日)山田咏美,魏岚,人民文学出版社,2013-3-1,26.00元,7.6
26907068,环界4.新生,,铃木光司,平宣,南海出版公司,2017-1-1,37,7.7
6757194,碎片，令人怀念的1980年代,,(日)村上春树,杨若思,南海出版公司,2013-9-15,29.50元,6.8
2025635,芥川龙之介中短篇小说集,,芥川龙之介,鲁迅、夏丏尊,湖北人民,2006-12-01,16.00元,8.5
26422519,江国香织：爱无比荒凉,,(日)江国香织,李洁、赵峻,南海出版公司,2015-8-1,39.00元,7.8
3653870,橫山家之味,,(日)江国香织,李洁、赵峻,南海出版公司,2015-8-1,39.00元,8.8
5913404,白痴,,坂口安吾,吴伟丽,吉林出版集团有限责任公司,2011-1,25.00元,8.0
4252081,雨月物语·春雨物语,全译足本,(日) 上田秋成,王新禧,新世界出版社,2010年3月,25.00元,8.1
2134697,墮落論,,坂口安吾,蕭雲菁,新雨出版社,2007-1-1,250,8.1
4320805,太阳之塔,,[日] 森见登美彦,张维君,上海人民出版社,2010-8,20.00元,7.4
1354607,舞舞舞（上）,,村上春樹　賴明珠譯,,時報文化,20011029,NT$ 300,8.3
3672237,裂舌,,[日] 金原瞳,秦岚,上海译文出版社,2009-4,18.00,7.0
24882924,那一年，我们爱得闪闪发亮,江国香织作品03,[日] 江国香织,李炜、李洁,南海出版公司,2013-9-1,32.00元,7.9
26148885,没有动力的时候，一个人发发呆也好（2）,,[日]冈尾美代子,吴乐寅,中信出版社,2014-11,32.00元,6.3
25841848,续巷说百物语,,京极夏彦,刘名扬,南海出版公司,2014-5-1,CNY 39.50,8.2
26221734,维他命F,,[日]重松清,郑晓兰,上海文艺出版社,2014-10,32.00元,7.6
3824828,太宰治,新潮日本文学アルバム　19,[日]重松清,郑晓兰,上海文艺出版社,2014-10,32.00元,8.6
1836946,一茶俳句集,,小林一茶,,岩波書店,1990-5,840,8.8
26118073,藤花与草莓,,(日)川端康成,叶渭渠,南海出版公司,2014-12,35.00元,7.8
4626138,潘多拉盒子,,太宰治,马杰、郭小超,吉林出版集团有限责任公司,2010年5月,20.00元,8.3
3162527,魍魉之匣（下）,,[日] 京极夏彦,林哲逸,上海人民出版社,2009-1,29.00,8.7
20434062,鲜花盛开的森林·忧国,三岛由纪夫作品系列,(日)三岛由纪夫,陈德文,上海译文出版社,2013-5,32.00,8.2
4220357,沙漠,,伊坂幸太郎,马杰,新星出版社,2010-3-1,32.00元,7.7
1885070,雪国,,[日] 川端康成,侍桁,上海译文出版社,1981-7,0.58,8.2
11639946,百鬼夜行－阴,,[日] 京极夏彦,林哲逸,上海人民出版社,2013-1,45.00元,7.6
1956419,一公升の眼泪,一个顽强少女的生命日记,[日] 木藤亚也,李夺,吉林文史出版社,2006-9,19.80元,8.4
5341262,再見溪谷,,[日] 木藤亚也,李夺,吉林文史出版社,2006-9,19.80元,8.4
5423546,汤岛之恋,,[日] 泉镜花,蔡鸣雁,吉林出版集团有限责任公司,2011-2,25.00元,8.2
10462818,共喰い,,田中慎弥,,集英社シュウエイシャ,2012-1-27,JPY　1050.00,7.3
26839385,コンビニ人間,,村田 沙耶香,,文藝春秋,2016-7-27,JPY 1404,7.6
24890744,人为什么会淹死在沙漠里？,一万个死亡现场背后的秘密,【日】高木徹也著,翁晓敏,江苏文艺出版社,2013-8,29.80元,7.7
4199431,天帝妖狐,,(日) 乙一,王华懋,当代世界出版社,2009.12,20.00元,7.8
1348659,孤獨，或類似的東西,,大崎善生,,葉韋利,台灣角川,2005-4-19,7.6
26704408,春琴抄,,[日] 谷崎润一郎,赖明珠,上海译文出版社,2016-9,25.00,8.1
26357115,渡边淳一我永远的家,,【日】渡边淳一,侯为,青岛出版社,2015-5,32.00元,7.2
10604916,请不要灰心呀!,99岁柴田老奶奶的处女诗集,柴田丰,徐建雄,江苏文艺出版社,2012-12,29.00元,8.6
25829051,与小泽征尔共度的午后音乐时光,,Haruki Murakami Seiji Ozawa,刘名扬,南海出版公司,2013-1-1,39.50元,8.1
5939300,垃圾筐电影院,,(日)岩井俊二,张苓,南海出版公司,2011-7-1,25.00元,7.3
1027802,冷静与热情之间,,江国香织、辻 仁成,袁瑾洋 李萍,上海译文出版社,2003-08,21.00,8.0
1950971,明暗,日本文学丛书,夏目漱石,于雷,上海译文出版社,1987年6月,2.95元,8.8
6920271,礼物,一生中最珍贵的十二个礼物,(日)角田光代,韩明怡,现代出版社,2012-6,29.80元,8.3
25906124,太宰治的人生筆記,,太宰治,王淑儀,麥田,2014-7,NT$250,8.1
10520607,濹东绮谭,永井荷风小说选,永井荷风,谭晶华,上海三联书店,2012-1,38.00元,8.7
6401117,日本幽玄,,[日] 能势朝次、[日] 大西克礼,王向远,吉林出版集团有限责任公司,2011-6,35.00元,8.1
6511182,渡边淳一·精品小说收藏,,渡边淳一,,作家出版社,2011-2,120.00元,9.1
5347699,彷徨之刃,东野圭吾作品16,[日] 东野圭吾,刘珮瑄,南海出版公司,2011-1,28.00元,7.8
6042376,哀悼人,,(日)天童荒太,田肖霞,人民文学出版社,2011-10,38.00元,7.9
26920165,拉普拉斯的魔女,,[日] 东野圭吾,王蕴洁,北京联合出版公司,2017-1-1,39.80元,7.1
22638036,百器徒然袋 : 雨,,(日)京极夏彦,王华懋,上海人民出版社,2013-6-1,49.00元,8.4
4928387,单恋,东野圭吾作品15,[日] 东野圭吾,赵峻,南海出版公司,2010年10月,28.00元,7.5
26584558,盲歌女阿凛,,[日] 水上勉,,林青华,上海文艺出版社,2015-12-1,8.2
26171593,今天也要用心过生活,生活中的巧思与发现笔记01,[日] 水上勉,,林青华,上海文艺出版社,2015-12-1,7.5
25932135,津輕,,太宰治,吳季倫,馬可孛羅文化,2014-9,NT300,9.0
10461951,ピンクとグレー,,加藤 シゲアキ,,角川書店(角川グループパブリッシング),2012-1-28,JPY 1300,8.8
21966358,就在你所在的地方生根开花,,[日] 渡边和子,烨伊,中信出版社,2013-6-15,29.00元,7.8
3239544,扔在八月的路上,,[日] 伊藤高见,伏怡琳,人民文学出版社,2008-10,16.00元,7.2
3126121,甘露,,[日] 吉本芭娜娜,李重民,上海译文出版社,2008-6,28.00元,7.8
4895136,鸭川小鬼,,[日] 万城目学,涂愫芸,上海人民出版社,2010-08-01,24.00,7.8
5436811,幻色江户历,,[日]宫部美雪,茂吕美耶,万卷出版社,2011-1,23.80元,8.0
4759591,入殓师,,百濑忍,彤彫,东方出版社,2010-4,22.00元,8.2
10481108,上海月亮,,(日) 井上厦、井上ひさし,张立波,广西师范大学出版社,2012-2,32.00元,8.3
25835239,公园生活,,（日）吉田修一,郑晓兰,中国华侨出版社,2014-2,23.00元,7.4
21322405,路边草,,(日)夏目漱石,魏雨,北京联合出版公司,2013-5,29.80元,7.8
2075629,维荣的妻子,当代日本小说集,太宰治,,上海译文出版社,1986,2.90,8.3
4262652,不如归,,[日]德富芦花,丰子恺,上海译文出版社,2010-4,24.00元,8.2
4223490,猫的上帝,,东良美季,苏娜凯,华文出版社,2010-2,24.80元,8.5
26302565,百年法(上),,山田宗樹,葉韋利,春天,2015-3-3,NT$360,8.7
4038673,络新妇之理（下）,,[日] 京极夏彦,王华懋,上海人民出版社,2009年11月,29.00元,9.0
1068907,如果我们的语言是威士忌,,(日)村上春树,林少华,上海译文出版社,2004-01,18.00,7.8
6084703,独立，从一个人旅行开始,,[日] 新井一二三,,上海译文出版社,2011-4,26.00元,7.3
3765620,在漫长的旅途中,,星野道夫,蔡昭仪,上海人民出版社,2010-02,29.00,8.7
19928953,春，夏，然后是冬,,（日）歌野晶午,阮航,新星出版社,2012-10-1,28.00元,6.9
5919999,赎罪,,[日] 湊佳苗,贾朝勃,南海出版公司,2011-4,22.00元,7.6
26351392,爱的人们,,[日] 川端康成,谭晶华,上海译文出版社,2015-4,30.00,7.9
3041567,美的情愫,,东山魁夷,唐月梅,复旦大学出版社,2008-1,35.00元,8.8
25963163,欲乐园,,(日)渡边淳一,竺家荣、马梦瑶,百花洲文艺出版社,2014-12,45.00元,7.9
10531023,午后四时的啤酒,,(日) 新井一二三,,上海译文出版社,2012-6,26.00元,7.6
24294835,新妹魔王的契約者 01,,上栖綴人、大熊猫介,莊湘萍,台灣角川,2013-8-15,NT$180,7.0
11535667,青鸟,,(日)重松清,叶蓉,人民文学出版社,2012-11,22.00元,8.6
1028857,沉潜的瀑布,,（日本）三岛由纪夫,竺家荣,中国文联出版社,1999-10,23.00元,8.2
26060718,阵雨中的车站,,(日)川端康成,叶渭渠,南海出版公司,2014-12,35.00元,7.5
7916121,十二人的信,,(日)川端康成,叶渭渠,南海出版公司,2014-12,35.00元,8.4
6126817,边境 近境,,[日] 村上春树,林少华,上海译文出版社,2011-8-1,25.00元,7.8
4580972,流星之绊,东野圭吾作品10,（日）东野圭吾,徐建雄,南海出版公司,2010年3月,28.00元,7.7
26169462,三日間的幸福,,三秋縋、E9L,許郁文,台灣角川,2014-12-5,NT$260,7.8
1980992,孩子們,伊坂幸太郎作品集5,伊坂幸太郎,杜信彰,獨步文化,2007-3-12,NT280,8.3
6558046,人间椅子,,（日）江户川乱步,王华懋,新星出版社,2011-7,28.00元,8.1
26593188,一日一果,,（日）江户川乱步,王华懋,新星出版社,2011-7,28.00元,8.9
4082627,家守綺譚,,梨木香步,張秋明,繆思,2009年10月07日,NT$ 240,8.5
6879218,松浦彌太郎．生活中的巧思與發現筆記三部曲,今天也要用心過生活+嶄新的理所當然+謝謝你,松浦彌太郎,張富玲,麥田出版社,2011-9-27,NT$ 550,7.5
6861469,在那天来临前,,(日) 重松清,郑涵壬,华文出版社,2012-4,26.00元,8.5
25811065,天地明察,,（日）冲方丁,徐旻钰,北京十月文艺出版社,2014-3,39.5,8.6
3907946,夏目漱石汉诗文集,,夏目漱石、殷旭民 点校,,华东师范大学出版社,2009-8,13.00元,8.6
5275540,少将滋干之母,,谷崎润一郎,竺家荣,上海译文出版社,2011-1,16.00元,7.9
1418707,Goth.斷掌事件,,乙一,,青春文化,2005-7,港币68元,8.6
24153181,从前我死去的家,,〔日〕东野圭吾,李盈春,南海出版公司,2013-7-1,25.00元,7.6
4626116,阴火,,太宰治,郭永钦,吉林出版集团有限责任公司,2010年4月,21.00元,7.8
1877890,风姿花传,,世阿弥,天野文雄、王冬兰,中国社会科学出版社,1999.4,32,9.0
3880848,向死而生,,（日）北野武,李颖秋,上海人民出版社,2010-3,22.00元,6.3
1411086,金阁寺/潮骚,,三岛由纪夫,唐月梅,译林出版社,1998-10-1,9.00,8.6
26277997,岛和我们,,辻村深月,胡笳,新星出版社,2015-1,30.00,7.7
5980583,伊势物语,,[日] 佚名,林文月,译林出版社,2011-7,28.00元,7.8
1101607,列克星敦的幽灵,,[日] 村上春树,林少华,上海译文出版社,2002-9,11.50元,7.9
5299885,遗物整理人看见的,,[日] 吉田太一,兴远,吉林出版集团,2010-10,24.80元,7.3
2372015,不伦与南美,,[日] 吉本芭娜娜,李萍,上海译文出版社,2008-1,17.00元,7.5
26280925,文豪之家,,(日)高桥敏夫、田村景子  主编,王雯婷、孙莹双、王景,新星出版社,2015-1,48.00元,7.0
24760687,晚年,,(日)太宰治,朱春育,重庆出版社,2013-8-30,32.00,7.8
1469212,所有的男人都是消耗品,,[日] 村上龙,李重民,上海译文出版社,2006-1,13.00元,6.9
3391933,星星舟,,[日]村山由佳,何淼,上海译文出版社,2009年1月,25.00元,8.3
25972513,一握之砂：石川啄木短歌全集,,石川啄木,,林水福,有鹿文化,2014-10,7.8
3273147,松尾芭蕉散文,,(日)松尾芭蕉,陈德文,作家出版社,2008-09-01,26.00元,7.8
4882014,残虐记,,[日] 桐野夏生,王倩,广西师范大学出版社,2010年9月,22.00元,7.6
3525046,飞往巴黎的末班机,,[日] 渡边淳一,魏岚,文汇出版社,2009-1,22.00,7.4
25959963,深夜面包房·凌晨0点的配方笺,,(日)大沼纪子,罗越,湖南文艺出版社,2015-1-1,28.00,7.8
26311918,我可不這麼想,,佐野洋子,陳系美,無限出版,2015-3-11,NT$320,8.1
3115901,幸福旅行箱,《佐贺的超级阿嬷》第二部,[日] 岛田洋七,李炜,南海出版公司,2008-6,25.00,8.3
1084404,铁道员,,浅田次郎,郑民钦,人民文学出版社,2002-10-1,16.50元,8.8
20471652,小暮写真馆,,(日)宫部美雪,张宁,中信出版社,2013-2-1,58.00元,7.4
5401957,沉睡在森林里的鱼,,[日] 角田光代,陈娴若,湖南文艺出版社,2011-1,26.00元,7.7
25900684,猫的国度,,[日] 朱川湊人,果露怡,北京联合出版公司,2014-7-25,48,7.6
2284574,织田信长——菊与刀,（上、下两册）,山冈庄八,杨世英,重庆出版社,2007,98.00元,8.3
2224962,古今和歌集,,纪贯之,杨烈,复旦大学出版社,1983-6,0.64元,8.2
6848987,一个背叛日本的日本人,,(日)松本清张,曹逸冰,江苏文艺出版社,2011-11-5,29.90元,7.5
5269183,我与北野武,佐贺阿嬷特别剧场,(日)岛田洋七,岳远坤,南海出版公司,2010年11月,16.00元,8.1
10770533,喂喂下北泽,,(日)吉本芭娜娜,弭铁娟,上海译文出版社,2012-7,38.00元,7.5
25960668,花的圆舞曲,,[日] 川端康成,叶渭渠、唐月梅,南海出版公司,2014-9-15,35.00元,7.7
4214001,跑吧!美乐斯,,太宰治,沈曼雯、叶婉奇、游绣月,万卷出版公司,2010.1,19.80元,8.3
26136929,没有钥匙的梦,,(日)辻村深月,郑晓蕾,新星出版社,2014-12,26.00,7.2
1414622,恋爱写真,,[日] 市川拓司,隋娟,南海出版公司,2005-6,18.00元,8.1
21690191,我的男友,,(日)青山七惠,林青华,上海译文出版社,2013-5-1,36.00元,6.7
5983903,一个人的老后,,【日】上野千鹤子,杨明绮,广西科学技术出版社有限公司,2011-3-1,28.00元,6.6
24754129,相性,,三浦友和,毛丹青,人民文学出版社,2013-7-20,28,7.5
1316584,玩具修理者,,小林泰三,,角川書店,1996,JPY 1361,8.7
24283495,虚言少年,,(日)京极夏彦,中森,新星出版社,2013-5,32,6.3
1387819,青之炎,,貴志祐介,李育娟,台灣角川,2003-11-14,NT280,8.4
25857997,绿萝之舟,,(日) 津村记久子,叶蓉,上海文艺出版社,2014-6,18.00元,7.8
20468729,革命者,松本清张杰作选3,(日)松本清张 著、(日)宫部美雪 主编,刘子倩,新星出版社,2013-3,32.00元,8.1
5907519,放浪记,,[日] 林芙美子,魏大海,复旦大学出版社,2011-1,28.00元,7.6
25842258,猫鸣,,[日] 沼田真帆香留,史诗,南海出版公司,2014-4,29.80元,8.1
21134179,苦役列车,,(日)西村贤太,武岳,北京联合出版公司,2013-8,29.80元,7.1
1063515,性的人,,（日本）大江健三郎,郑民钦,光明日报出版社,1995-05,13.80,8.1
1664101,森鸥外精选集,,森鸥外,高慧勤,北京燕山出版社,2005-4,28.00元,8.2
25726109,不夜城,,(日) 驰星周,刘名扬,新星出版社,2013-10,33.00,7.7
2247138,爱的流放地,,(日)渡边淳一,李迎跃,文化艺术出版社,2007-8,28.00,7.1
4208765,浅草小子,,（日）北野武,吴菲,上海人民出版社,2010-3,22.00元,7.8
26595310,二十四只眼睛,,壶井荣,张苓,南海出版公司,2015-10-1,32.00元,8.2
24872503,跑啊！高桥,,(日)村上龙,张致斌,湖南文艺出版社,2013-10,32.00元,7.7
6903030,思念,,[日]本多孝好,戈贵锋,吉林出版集团有限责任公司,2012-4,25.00元,7.6
26879049,和果子,,薮光生,虞辰,新星出版社,2016-10,45.00元,8.6
3812309,穿越时空的少女,,[日] 筒井康隆,丁丁虫,上海译文出版社,2009-07,18.00,7.3
6401118,要求太多的餐馆,宫泽贤治经典之作,(日) 宫泽贤治,周龙梅,百花洲文艺出版社,2011-1,28.00元,8.0
4714517,為青年設立的讀書俱樂部,,櫻庭一樹,劉姿君,麥田,2010-4-15,NT240,8.3
19948615,文艺的，过于文艺的,芥川龙之介读书随笔,[日]芥川龙之介,林少华、魏大海 审校,金城出版社,2012-11,39.80元,8.0
1000594,旋转木马鏖战记,,[日] 村上春树,林少华,上海译文出版社,2002-9,12.00元,7.9
1062476,万延元年的足球队,,[日] 村上春树,林少华,上海译文出版社,2002-9,12.00元,8.3
3438442,蟹工船,,［日本］小林多喜二,叶渭渠,译林出版社,2009-1,18.00元,7.4
25816076,和泉式部日记,,和泉式部,林文月,译林出版社,2014-5,28.00,8.0
25761048,永遠的0,,百田尚樹,王蘊潔,春天出版國際文化有限公司,2013-11-5,NT380,8.2
5254082,兔之眼,,灰谷健次郎,吴菲,中国城市出版社,2010-9,24.80元,8.7
26384630,红城堡,,[日] 渡边淳一,之乎,青岛出版社,2015-6-20,39.00,6.6
1597381,自然与人生,,德富芦花,晋学新,河北教育出版社,2002-6,13.70元,8.8
26772820,嘿，和我聊会儿天吧,,[日] 山口花,孙雅甜,南海出版公司,2016-5-1,45.00元,8.0
24859370,使者,,(日)夏目漱石,张正立,上海译文出版社,2013-10-30,36.00,8.5
1769548,阿信(一),,[日] 桥田寿贺子,赵玉皎,天津人民出版社,2006-4-1,22.00元,9.2
25863253,起风了·菜穗子,,(日) 堀辰雄,烨伊,新星出版社,2014-6-30,28,7.6
4823778,地狱之花,,[日] 永井荷风,谭晶华、郭洁敏,上海译文出版社,2010-8,30.00元,7.7
1051911,终究悲哀的外国语,村上春树随笔系列,村上春树,林少华,上海译文出版社,2004-2-1,15.00元,7.9
2127454,山头火俳句集,,[日]种田山头火,李芒,浙江文艺出版社,1991年9月,2.50,8.2
10473576,替身,,[日] 绫辻行人,成洁,人民文学出版社,2012-3,39.80元,7.5
4898543,政治少年之死,,(日) 大江健三郎,郑民钦,浙江文艺出版社,2010-07-01,25.00元,7.9
3158734,骨音,池袋西口公园3,[日] 石田衣良,千太阳,上海人民出版社,2008-8,20.00,8.0
26646201,葡萄柚,一本指令与图画书,[日] 小野洋子,梁幸仪,广西师范大学出版社,2015-11,48.00元,7.6
25977518,和谐,,[日] 伊藤计划,曲铭,上海文艺出版社,2014-11,36.00元,8.0
26538428,造物有灵且美,,[日] 伊藤计划,曲铭,上海文艺出版社,2014-11,36.00元,7.6
1056979,千只鹤,,川端康成,叶渭渠,北京出版社,2003-04,20.00,8.2
1900577,好色一代男,,井原西鹤,王启元、李正伦,山东文艺出版社,1994,18.80元,6.9
6072913,都会中的孤岛,,(日) 坂口安吾,黄钧浩,吉林出版集团有限责任公司,2011-4,25.00元,7.8
10580802,模仿犯BOOK1,宫部美雪作品07,宫部美雪,张秋明,南海出版公司,2012-6,25.00元,8.2
2584971,计数器少年,池袋西口公园2,（日）石田衣良,千日,上海人民出版社,2008-03,19.0,8.1
10432767,西女巫之死,,梨木香步,竺家荣,人民文学出版社,2012-3,19.00元,8.3
21330932,京都思路,,寿岳章子,张秋明,生活·读书·新知三联书店,2013-1,29.00元,7.6
1737324,中国游记,大家小书・洋经典,（日）芥川龙之介,陈生保、张青平,北京十月文艺出版社,2006-1,14.00元,7.6
1054071,与风景对话,,[日] 东山魁夷,郑民钦,花山文艺出版社 河北教育出版社,2001-11,38.00元,8.9
26822038,回到初衷,一个日本创意鬼才的工作术,[日] 小山薰堂,,天津人民出版社,2016-5-1,38.00元,7.8
20449827,再见，黑鸟,,(日)伊坂幸太郎,星野空,译林出版社,2013-4-20,28.00元,7.4
5340645,十六岁,,石田衣良,王鹏帆,广西师范大学出版社,2010年10月,22.00元,7.7
1276292,东山魁夷散文选,,东山魁夷(日),陈德文,百花文艺出版社,1989-09,7.80,8.8
1080544,象的失踪,,[日] 村上春树,林少华,漓江出版社,1997-5,22.00元,8.1
26676015,春琴抄,,[日] 谷崎润一郎,杨晓钟,陕西人民出版社,2015-12-15,22.00元,7.9
5423773,向田邦子的情书,,[日] 向田和子,张秋明,广西师范大学出版社,2011-7,27.00元,6.6
1434097,王朝女性日记,,[日] 藤原道纲母、紫式部 等,林岚、郑民钦,河北教育出版社,2002-6,24.00元,8.4
1067919,夜半蜘蛛猴,,[日] 村上春树 文、安西水丸 画,林少华,上海译文出版社,2002-1,18.00元,7.6
6735999,小小的家,,（日）中岛京子,曹亚辉,湖南文艺出版社,2011-8-15,28.00元,7.9
24840351,时间的习俗,,(日)松本清张,曹逸冰,江苏文艺出版社,2013-8-1,29.90元,7.3
25819593,会做饭的孩子走到哪里都能活下去,,〔日〕安武信吾 安武千惠 安武花,金晖,南海出版公司,2014-3-1,32.00元,8.1
1788403,暗夜行路,,志贺直哉,孙日明、梁近光 梁守坚,漓江出版社,1985年2月第1版,2.5元,8.4
6025528,再见了，德彪西,,[日] 中山七里,谢苏,吉林出版集团有限责任公司,2011-4,28.00元,7.4
25938935,欲望,,小池真理子,林青华,上海文艺出版社,2014-7-1,CNY 32.00,8.1
10767989,蜗牛食堂,,小川糸,陈宝莲,译林出版社,2012-9-1,28.00元,7.5
26299926,瞌睡先生,,(日)伊集院静,赵仲明,南海出版公司,2015-3,39.00,7.3
3715833,铁鼠之槛（上）,,[日] 京极夏彦,王华懋,上海人民出版社,2009-6,29.00,8.6
3865832,变身,,[日]东野圭吾,赵峻,南海出版社,2009-07-01,22.00元,7.1
25987045,在全世界迷路,,(日)角田光代,林佩仪,北京联合出版公司,2014-11,39.80,7.4
25839990,太宰治的脸（长声闲话）,太宰治的脸,李长声,,生活·读书·新知三联书店,2014-8,38.00,7.3
26136927,今日诸事大吉,,(日)辻村深月,张剑,新星出版社,2014-12,30.00,7.4
1068112,恶魔,,(日)辻村深月,张剑,新星出版社,2014-12,30.00,8.5
4753783,分身,,[日] 东野圭吾,王维幸,南海出版公司,2010-8,28.00元,7.4
26389914,别烦恼，开心就好,,(日)江国香织,赵峻、张卉,南海出版公司,2015-8,39.00,7.8
2051716,六宅一生,,奧田英朗,張智淵,尖端出版,20070410,NT$280,8.3
24859820,新恋爱讲座,,(日)三岛由纪夫,林皎碧,北京时代华文书局有限公司,2013-8-1,32,7.9
1051986,死者的奢华,,(日)三岛由纪夫,林皎碧,北京时代华文书局有限公司,2013-8-1,32,8.5
2231632,摇滚妈妈,日本文坛三大女作家之一角田光代短篇小说代表作全收录,角田光代,伏怡琳,人民文学出版社,2010-03-01,19.00元,7.8
6732546,丰臣公主,,[日] 万城目学,涂愫芸,上海人民出版社,2012-1,32.00元,7.7
10601521,太阳与铁,三岛由纪夫作品系列,[日] 三岛由纪夫,唐月梅,上海译文出版社,2012-7,24.00元,8.1
3028934,蜘蛛之丝,,芥川龙之介,高慧勤,华夏,2008-1,15.00元,8.9
1003155,化妆,,[日] 渡边淳一,谭玲,文化艺术出版社,2002-1,23.80元,7.6
5423545,夫妇善哉,,织田作之助,于婧,吉林出版集团有限责任公司,2011-2,25.00元,8.2
6560641,欠踹的背影,绵矢莉莎作品系列,(日)绵矢莉莎,涂愫芸,上海译文出版社,2011-11-1,20.00元,7.1
3683898,向日葵不开的夏天,,[日] 道尾秀介,于彤彤,新星出版社,2009-4,25.00,7.5
4238189,冲绳札记,,(日)大江健三郎,陈言,生活·读书·新知三联书店,2010-2,19.80元,7.7
7916120,青叶繁茂,,(日)大江健三郎,陈言,生活·读书·新知三联书店,2010-2,19.80元,8.0
25960997,远山在呼唤,,[日]植村直己,田秀娟,南海出版公司,2014-9-1,32.00,8.6
6863339,梦见街,,(日) 宫本辉,林皎碧,新世界出版社,2011-11,26.00元,8.1
10515231,献给虚无的供物,,（日）中井英夫,薛军,新星出版社,2012-3,32.00元,7.4
21354696,波千鸟,,（日）中井英夫,薛军,新星出版社,2012-3,32.00元,8.6
26612919,东大爸爸写给我的日本史,,[日]小岛毅,王筱玲,北京联合出版公司·后浪出版公司,2015-10,32.00元,7.9
6006579,村上春树，去见河合隼雄,,(日) 河合隼雄,吕千舒,东方出版中心,2011-6,23.00元,7.8
3726021,井上靖西域小说选,,[日]井上靖,耿金声、王庆江,新疆人民出版社,1984-6,2.70,8.8
25763706,再爱一次,,渡边淳一,竺家荣,北京联合出版公司,2014-1,32.80,6.6
2211660,牵牛花,,(日)志贺直哉,楼适夷,湖南人民出版社,1981-08-01,0.48,8.6
24838896,村上春树·猫,新华先锋-异文馆,[日] 铃村和成,李天宇,北京联合出版有限责任公司,2013-8,29.80元,6.1
4766952,东京岛,,(日) 桐野夏生,陈岩,上海译文出版社,2010年7月,25.00元,6.9
10831818,细小,,大村敦志,车成利,江苏人民出版社,2012-7,25.00元,8.2
5380266,怪笑小说,,[日] 东野圭吾,李盈春,南海出版公司,2011-2,20.00元,8.0
3272415,白色猎人,渡边淳一自选集002,渡边淳一,马洪月、刘宗和,文汇出版社,2008-11,22.00,7.4
1038449,朗格汉岛的午后,,(日)村上春树 安西水丸绘,林少华,上海译文出版社,2004-01,17.00元,7.9
5607827,夏光,,[日] 乾路加,戴华晶,译林出版社,2011-4,28.00元,7.5
2122399,叶隐闻书,,[日]山本常朝 口述、[日]田代阵基 笔录,李冬君,广西师范大学出版社,2007年5月,32.00元,7.8
1212152,萤,,[日] 村上春树,林少华,上海译文出版社,2002-12,12.00元,7.8
4848840,燃烧吧！剑（下）,,(日) 司马辽太郎,计丽屏,上海人民出版社,2010.9,32.00元,8.9
10436558,星期天們,,吉田修一,李佩容,麥田出版,2012-1-5,NT$260,8.0
25977954,那可不行哦,,[日]佐野洋子,竺家荣,重庆大学出版社,2014-8,36.00元,7.7
3678357,波上的魔术师,,石田衣良,千日,上海人民出版社,2009,22.00元,7.6
26276477,奇想與微笑,太宰治傑作短篇選,太宰治、(編者)森見登美彥,吳季倫,野人文化,2015-2-4,NT$360,7.8
20489742,最后一场电影,,(日)村上龙,盛勤,浙江文艺出版社,2013-2-1,26.00元,7.6
24760757,我和阅读谈恋爱,,(日)新井一二三,,上海译文出版社,2013-8,26,7.2
20413517,春梦,,[日] 宫本辉,郭来舜、戴璨之,上海文艺出版社,2012-12,27.00元,8.1
1047447,去中国的小船,,[日] 村上春树,林少华,上海译文出版社,2002-6,14.00元,7.6
19949179,怪,,[日]宫部美幸,于婧,吉林出版集团有限责任公司,2013-1,28.00元,7.3
1284418,安部公房文集,,安部公房,,郑民钦、杨伟,珠海出版社,20.50,8.7
1029439,京洛四季,美之旅,[日] 东山魁夷,竺家荣,花山文艺出版社 河北教育出版社,2001-11,28.00元,8.6
1221329,阴阳师·飞天卷,,[日] 梦枕貘,施小炜,南海出版公司,2005-3,18.00元,8.6
6125408,女孩,,[日] 奥田英朗,蔡鸣雁,吉林出版集团有限责任公司,2011-5,25.00元,7.5
2056686,陰陽師－瀧夜叉姬（上、下）,,夢枕貘,,茂呂美耶,繆思文化,2007,9.0
20507419,东野圭吾的最后致意,,（日）东野圭吾,潘璐,新星出版社,2013-2,28.00元,7.0
26873921,夜行,,森見 登美彦,,小学館,2016-10-25,JPY 1512,8.3
20259782,好想痛痛快快哭一场,江国香织作品02,(日)江国香织,李炜,南海出版公司,2013-9,32.00元,7.5
2303437,日本近代五人俳句选,,正冈子规、夏目漱石、河东碧梧桐、高滨虚子、水原秋樱子,林林,外国文学出版社,1990,2.30,8.1
25897075,残秽,,小野不由美,曹逸冰,南海出版公司,2014-10-1,36.00元,6.8
5293928,六之宮公主,,小野不由美,曹逸冰,南海出版公司,2014-10-1,36.00元,8.7
25892730,屍者的帝國,,伊藤計劃、圓城塔,李彥樺,獨步文化,2014-7-2,NT$399,7.5
5939321,坂本龙马 第一部,,(日)司马辽太郎,岳远坤,南海出版公司,2011-10,32.00元,8.8
3852439,反自杀俱乐部,池袋西口公园5,[日] 石田衣良,千太阳,上海人民出版社,2009-8,20.00元,7.8
19954650,日本古書店的手繪旅行,個性書店X經典老書X重度書迷的癡狂記事,池谷伊佐夫(Isao Ikegaya),高詹燦,麥田,2012-10,NT360,9.1
26534879,夜之国的库帕,,[日] 伊坂幸太郎,毕旻,新星出版社,2015-8,35.00,7.7
10473342,鸫,,(日)吉本芭娜娜,弭铁娟,上海译文出版社,2012-7,28.00元,7.7
6746289,新参者,,[日] 东野圭吾,岳远坤,南海出版公司,2011-9,28.00元,8.4
2129831,美与暴烈,三岛由纪夫的生与死,[英] 亨利·斯各特·斯托克斯,于是,上海书店出版社,2007-7,33.00元,8.2
26184241,愛的成人式,,乾胡桃,張鈞堯,尖端,2015-1-7,NT$280,7.7
25836034,去爱吧，间宫兄弟,,(日) 江国香织,史诗,南海出版公司,2014-6-1,29.80元,7.6
6795311,原来，你已不在,,(日)城山三郎,李娟,古吴轩出版社,2011-10,28.00元,7.8
10594327,孤宿之人（下）,,[日]宫部美幸,刘子倩,吉林出版集团有限责任公司,2012-6,28.00元,8.5
1098976,遥远的落日,,[日]渡边淳一,芳子,文化艺术出版社,2002-5,23.80元,8.2
10569637,玻璃门内,夏目漱石小品四种,(日) 夏目漱石,吴树文,上海文艺出版社,2012-5,24.00元,8.3
26297985,梦幻花,,[日]东野圭吾,赵峻、皮琳,作家出版社,2015-2,36.00元,6.8
1124869,断肠亭记,,[日] 永井荷风,汪正球,河北教育出版社,2002-6,15.80元,8.0
6903029,邂逅之森,一部充满野性力量的情欲巨著,[日]熊谷达也,邱振瑞,吉林出版集团有限责任公司,2011-12,39.80元,8.4
4733975,影武者（上卷）,,(日) 隆庆一郎,姜涛,万卷出版公司,2010,32.80元,8.4
26412770,箱男,,(日) 安部公房,王建新,华东师范大学出版社,2015-7,22元,7.9
1023907,我在美丽的日本,,[日] 川端康成,叶渭渠,河北教育出版社,2002-6,17.20元,8.3
1002507,千只鹤 睡美人,,[日] 川端康成,叶渭渠,广西师范大学出版社,2002-2,12.80元,8.3
4213995,黑笑小说,东野圭吾作品11,[日] 东野圭吾,李盈春,南海出版公司,2010-7,22.00元,7.7
1262837,阴阳师·凤凰卷,,[日] 梦枕貘,施小炜,南海出版公司,2005-3,18.00元,8.7
21778051,半生记,,(日)松本清张,邱振瑞,广西师范大学出版社,2013-7,28.00,7.9
26264141,来自神的一句话,,(日)荻原浩,刘锦秀,上海译文出版社,2015-4,39.00元,7.5
6889894,鹭与雪,,(日)北村薰,吴冬青,人民文学出版社,2012-3,23.00元,7.9
25814398,鸭川六景,,[日] 万城目学,涂愫芸,上海人民出版社,2014-4-1,29.8,7.9
26703641,假面前夜,,[日] 东野圭吾,宋扬,南海出版公司,2016-4,39.80元,7.0
1330366,狂言选,,周作人,,中国对外翻译出版公司,2001-1,14.00元,7.8
4934551,渴望死亡的小丑,文学少女1,[日] 野村美月 文、竹冈美穗 图,黄琼仙,人民文学出版社,2010-9,18.00元,8.5
4240395,复乐园,,渡边淳一,竺家荣,作家出版社,2010-1,29.00元,7.4
3713327,圣女的救济,,[日] 东野圭吾,袁斌,当代世界出版社,2009-5,30.00,7.7
26656384,書樓弔堂 破曉,,京極夏彥,王華懋,獨步文化,2015-12,NT$460,8.8
26712029,诸神的微笑,,[日] 芥川龙之介,段树军,九州出版社,2016-1,34.80元,8.0
1420339,博士的爱情算式,,（日）小川洋子,李建云,人民文学出版社,2005-7,17.00元,8.0
5387468,世界怪奇实话（上）,,[日] 牧逸马,杨源,吉林出版集团有限责任公司,2011-1,28.00元,7.2
1962970,生为女人,,川端康成,朱春育,漓江出版社,1998-1,18.00元,7.4
25910223,自然与人生,雅众·自然文学2,[日] 德富芦花,陈德文,新星出版社,2015-5,36.00,8.8
1097725,化身,,[日本] 渡边淳一,金中,译林出版社,2001-11,23.50元,7.6
5255693,腐興趣～不只是興趣！,,[日本] 渡边淳一,金中,译林出版社,2001-11,23.50元,8.5
3520218,德川家康,霸王之家,司马辽太郞,冯千、沈亚平,重庆出版社,2009-3-1,35.00元,8.0
6015716,兔子强尼,,[日] 东山彰良,星野空,上海人民出版社,2011-4,26.00元,6.9
1999790,夜晚的远足,,[日]恩田陆,王战,人民文学出版社,2007-3,22.00元,7.8
10345553,为了N,,(日)湊佳苗,王玥,南海出版公司,2012-4,25.00元,7.0
3389943,德富芦花散文,,(日)德富芦花,陈德文,人民文学出版社,2008-12,21.00元,8.6
25885287,明日绽放的花蕾,,朱川湊人,高璐璐,北京联合出版公司,2014-5-30,32.00,7.6
1083921,好色一代女,,井原西鹤,王启元、李正伦,中国电影出版社,2004-2-1,35.00元,7.2
26304230,日本谣曲选,,[日] 世阿弥 等,王冬兰、丁曼 等,吉林出版集团有限责任公司,2015-3,68,8.0
25820469,牧神的午后,,(日)北杜夫,曹艺,上海文艺出版社,2014-10,22.00,7.8
26357269,京都山居生活,,(日)北杜夫,曹艺,上海文艺出版社,2014-10,22.00,7.2
26299920,黑壁,日本的聊斋,泉镜花,王俊、周觅,清华大学出版社,2015-10-1,CNY 38.00,7.5
2028083,方丈記,,鴨 長明,市古 貞次,岩波書店,1989-5,525,9.1
3200161,N·P,,[日] 吉本芭娜娜,张唯诚,上海译文出版社,2008-8,20.00元,7.2
2983308,不沉的太陽 上 非洲篇,,山崎豐子,珂辰,皇冠文化出版有限公司,2008,380元新臺幣,9.4
26410770,日本文学大师作品精选集 太宰治,人间失格+如是我闻+潘多拉的盒子+斜阳,太宰治,侯绪梅，李月婷 等,北京理工大学出版社,2015-4-1,116,8.5
5423547,青春的反证,,织田作之助,赵宜民,吉林出版集团有限责任公司,2011-2,25.00元,8.2
1059168,北欧纪行,白夜之旅,[日] 东山魁夷,罗兴典,花山文艺出版社 河北教育出版社,2001-11,28.00元,8.6
6902164,平行世界·爱情故事,,(日)东野圭吾,王维幸,南海出版公司,2012-1-1,28.00元,7.2
5395818,读书人,,大江健三郎,许金龙,作家出版社,2011-1,29.00元,7.7
25927233,杀手界,伊坂幸太郎作品06,(日)伊坂幸太郎,代珂,南海出版公司,2014-9,36.00元,7.6
1397478,家畜人鴉俘I,,[日] 沼正三,陳苑瑜,新雨出版社,2002-1-15,新台币300元,7.9
5313541,渡边淳一两性关系读本系列（4册）,,(日)渡边淳一,,作家出版社,2010-1,98.00元,7.9
6727813,尘世的梦浮桥,,苏枕书,,山东画报出版社,2011-10,28.60元,8.1
26352518,傘をもたない蟻たちは,,加藤シゲアキ,,角川書店,2015-6-1,1404,9.5
24851828,吸血鬼,,(日)岩井俊二,张苓,南海出版公司,2013-9,29.50元,6.9
21693092,隐花平原,,[日] 松本清张,王维幸,江苏文艺出版社,2013-8-1,CNY 36.00,7.5
1013742,日本古代随笔选,,[日] 清少纳言 等,,人民文学出版社,1998-6,23.00元,9.0
1418170,芥川龙之介小说选,,文洁若、吕元明、文学朴、吴树文,,人民文学出版社,1981-11,1.65元,9.2
7065516,荒野,,[日] 樱庭一树,安伊文,人民文学出版社,2012-1,29.00元,7.5
1797118,丧失为人资格,颓废无赖小说,太宰治,王向远,北京师范大学出版社,1993.6,6.80元,8.7
10774929,静子,,(日)佐野洋子,鲁莎,接力出版社,2012-6,29.80元,7.9
25928661,小生物语,,乙一,陈惠莉,人民文学出版社,2014-10,CNY 32.00,7.2
25786887,西野的恋爱与冒险,,(日)川上弘美,章蓓蕾,上海文艺出版社,2014-5,25.00元,7.1
1354608,舞舞舞（下）,,(日)川上弘美,章蓓蕾,上海文艺出版社,2014-5,25.00元,8.3
10545735,日本风雅,,大西克礼,王向远,吉林出版集团有限责任公司,2012-5,35.00元,7.8
4140431,灰色的彼得潘,池袋西口公园6,石田衣良,江裕真,上海人民出版社,2010,20.00,8.0
26369908,北野武自述,无聊的人生，我死也不要,[日]北野武、[法]米歇尔·特曼,贾翊君,上海人民出版社,2015-8,39.00元,7.4
25727383,劍豪生死鬥,,南條範夫,蕭雲菁,新雨出版社,2013-11-1,NT$450,8.5
11534102,清晨，如故,,(日)今邑彩,袁小雅,新星出版社,2012-11-15,36.00元,7.3
1939603,隱劍孤影抄,,藤澤周平,,李長聲,木馬文化,2006,9.1
20503620,惡之教典 (下),,貴志祐介,,新經典文化,2013-3-27,NT$340,8.4
20513018,错身而过的街道,,(日)志水辰夫著,王华懋,南海出版公司,2013-4,28.00元,7.0
6889834,往复书简,,[日] 湊佳苗,陆悦,中信出版社,2011-12,28.00元,7.4
1431380,谷崎润一郎与东方主义,大正日本的中国幻想,(日)西原大辅,赵怡,中华书局,2005-8-1,22.00元,8.0
26616770,东方怪谈,,[日] 小泉八云,吴鑑萍、竹内晶子,新星出版社,2015-11,48,7.0
6535519,阪急電車,,有川浩,Asma,時報文化出版企業股份,2011-7-3,NT$250,8.5
3360555,秋叶原@DEEP,,[日] 石田衣良,贺静彬、韩云冬、于永梅,上海人民出版社,2009-1,25.00,7.4
4818166,G少年冬天的战争,池袋西口公园7,(日) 石田衣良,江裕真,上海人民出版社,2010-7,20.00元,8.3
25752985,孔明，你又乱来了,,(日)酒见贤一,彭俊淮,上海译文出版社,2014-2-1,45.00元,7.4
2372022,无情/厄运,吉本芭娜娜作品系列,[日]吉本芭娜娜,邹波,上海译文出版社,2008-1,15.00,7.6
1348165,殺死99隻貓的少女,,藤森明日香,王玲琇,圓神,2005-3-25,新台币270元,7.2
25726612,燃烧的地图,安部公房都市失踪三部曲,(日)安部公房,郑民钦,华东师范大学出版社,2014-4,29.00元,7.4
1491713,惜别,,太宰治,于小植,新星出版社,2006年1月1日,24.0,6.8
21331459,蜘蛛之丝,,芥川龙之介,高慧勤,青岛出版社,2013-2,25.00元,9.2
2159031,象的消失,,芥川龙之介,高慧勤,青岛出版社,2013-2,25.00元,8.5
1000323,电视人,,[日] 村上春树,林少华,上海译文出版社,2002-12,12.00元,7.7
5921800,宴后,,[日] 三岛由纪夫,杨炳辰,上海译文出版社,2011-6,24.00元,7.9
4746765,不毛地帶（上）,大賞32,山崎豐子,王蘊潔,皇冠文化,2010年5月,NTD399元,9.0
3316174,狂骨之梦,,[日] 京极夏彦,蔡佩青,上海人民出版社,2009-2,39.00,8.0
3264135,武田信玄（上下）,武田信玄,（日）新田次郎,黄远河,重庆出版社,2008-10,88.00元,8.2
4912703,怪談,三島屋奇異百物語之始,（日）新田次郎,黄远河,重庆出版社,2008-10,88.00元,8.5
5347703,踩蛇,,(日)川上弘美,杨建琴,南海出版公司,2011-1,22.00元,7.6
4887607,芥川龙之介读本,,[日] 芥川龙之介,高慧勤,人民文学出版社,2011-6-22,38.00元,9.1
2357268,雪国,伊豆舞女•雪国•千鹤•古都,川端康成,高慧勤,人民文学出版社,2008年1月1日,21,8.4
2146304,最惡,,奧田英朗,,程健蓉,尖端,2007-7-14,8.6
19894041,食记百味,,吉本芭娜娜,陈宝莲,山东人民出版社,2012-9,25.00元,7.6
6961052,光媒之花,,[日] 道尾秀介,苏友友,新星出版社,2012-1,25.00元,7.5
10473356,日出国的工厂,,(日)村上春树,林少华,上海译文出版社,2012-3,22.00元,7.5
26678965,人生啊，要拿得起放得下,,[日] 他阿真圆,李洁,新星出版社,2016-3-1,35.00,8.2
1156994,永远是孩子,,天童荒太,赵建勋,群众出版社,2004-1,33.00元,8.7
26580031,旧怪谈,选自耳袋,[日]京极夏彦,王延庆,万卷出版公司-万榕书业,2015-8,35.00元,6.4
2334016,正冈子规俳句选译,,正冈子规,葛祖兰,上海译文出版社,1985,0.98,8.5
5903929,1Q84之後～特集: 村上春樹Long Interview長訪談,村上春樹Long Interview長訪談,正冈子规,葛祖兰,上海译文出版社,1985,0.98,8.4
1418716,苍狼,,（日）井上靖,冯朝阳、赖育芳,人民文学出版社,2002,19.60元,8.2
1214004,风又三郎,宫泽贤治童话文集①,[日] 宫泽贤治,周龙梅,少年儿童出版社,2003-5,17.00元,8.9
23011195,浪人,,(日)井上靖,苏枕书,时代文艺出版社,2013-4-1,32.80元,7.3
5921799,徒然王子,,[日] 岛田雅彦,丁丁虫、汪洋,上海译文出版社,2011-6,28.00元,7.3
1018260,竹取物语,,[日] 佚名氏,曼熳,云南人民出版社,2002-3,28.00元,7.4
6963514,花宵道中,文學新象187,宮木あや子,陳系美,高寶國際出版,2011-11-16,NT$290,8.2
7153418,富士山禁恋,,(日)松本清张,,江苏文艺出版社,2012-8-1,39.90元,7.0
1261446,樱花树下,,渡边淳一,王丽梅,文化艺术出版社,2005-1-1,22.0,7.3
10567935,风之又三郎,,[日]宫泽贤治,徐华锳,吉林出版集团有限责任公司,2012-5,25.00元,8.3
26646157,羊と鋼の森,,宮下 奈都,,文藝春秋,2015-9-11,JPY 1620,7.6
10755064,城市之光,,(日)北村薰,吴冬青,人民文学出版社,2012-6,23.00元,7.8
1254734,感想与风景,,(日)横光利一,李振声,广西师范大学出版社,2005-01,17.80,7.7
24870341,水银虫,,(日)朱川凑人,詹慕如,上海文艺出版社,2014-1,27.00,7.0
10529920,1Q84（全三册）,,村上春树,施小炜,南海出版公司,2011-1-1,111.50元,7.8
5063254,雪国,,[日] 川端康成,叶渭渠、唐月梅,南海出版公司,2010-8,28.00元,8.9
1920846,名人,,川端康成,葉渭渠,木馬文化,2002年08月15日,NT$ 150,8.5
5254175,春的臨終,,谷川俊太郎,田原,牛津大學出版社,2010-9-8,HK$50,8.8
2973057,志贺直哉小说集,,志贺直哉,楼适夷 等,作家出版社,1956,0.80元,8.4
1905637,弓月奇谈,近代能乐 歌舞伎集,三岛由纪夫,申非、许金龙,作家出版社,1994,13.00元,8.7
26232714,偷窥者小平次,,(日)京极夏彦,王健林、袁斌,万卷出版公司,2014-12,36.00元,7.8
26577689,潘多拉之匣,,[日] 太宰治,竺家荣,上海译文出版社,2016-1-1,36.00,8.3
1031074,永井荷风散文选,,永井荷风,陈德文,百花文艺出版社,1997,14.50元,8.4
10594326,孤宿之人（上）,,[日]宫部美幸,刘子倩,吉林出版集团有限责任公司,2012-5,28.00元,8.1
6540711,真田太平记（一）,天魔之夏,池波正太郎,蔡鸣雁,吉林出版集团有限责任公司,2011-8,30.00元,7.9
1358367,花とアリス,,岩井 俊二,,角川書店,2004-09,JPY 14.70,8.6
1795067,沙门空海之大唐鬼宴·卷之四·不空,,（日）梦枕獏,徐秀娥,百家出版社,2006-5,25.8,7.8
25800202,不想恋爱,,[日] 绵矢莉莎,袁斌,广西师范大学出版社,2014-1,26.00元,7.2
19900003,迈向另一个国度,,[日]森山大道,苏志豪,广西师范大学出版社,2012-9,68.00元,8.0
1902719,佐賀阿嬤 笑著活下去！,,[日]森山大道,苏志豪,广西师范大学出版社,2012-9,68.00元,8.7
4882015,杀心,,[日] 桐野夏生,赵建勋,广西师范大学出版社,2010-9,25.00元,7.1
1949241,雨月物语,,[日] 上田秋成,阎小妹,人民文学出版社,1990-7,3.05元,8.0
3158757,电子之星,池袋西口公园4,[日] 石田衣良,千太阳,上海人民出版社,2008-8,20.00,8.1
26283162,单挑,,伊坂幸太郎,星野空,新星出版社,2015-2,26,7.1
1310673,遥远的野玫瑰村,安房直子幻想小说代表作系列,安房直子,彭懿,少年儿童出版社,2004-03,17,9.3
24871656,青山七惠小说集,,(日)青山七惠,竺家荣,上海译文出版社,2013-7-1,103.00元,8.3
6133536,魔鬼的无聊,,(日) 坂口安吾,黄瑾瑜,文汇出版社,2011-5,19.00元,7.9
26164890,菜穗子,,〔日〕堀辰雄,孙雅甜,南海出版公司,2014-12,25.00元,7.7
1028312,如梦记,,文泉子,周作人,文汇出版社,1997-06,12.00,8.5
6057663,剑客生涯（一）,,[日] 池波正太郎,高詹灿,上海人民出版社,2011-8,29.00元,8.0
1861909,项羽与刘邦,,（日）司马辽太郎,赵德远,南海出版公司,2006-9-1,49.80元,8.3
6556841,继父,,宫部美雪,张秋明,南海出版公司,2011-8,22.00元,7.7
25754004,盲目物语,,(日)谷崎润一郎,赖明珠,上海译文出版社,2014-4,22.00,7.5
1288939,阴阳师·龙笛卷,,（日）梦枕貘,林青华,南海出版公司,2005-04,16.0,8.7
24283497,狐狸的故事,,[日] 森见登美彦,陈慧如,上海人民出版社,2013-8,32.00元,7.5
10738191,京都三六五日生活杂货历,,(日)中村雪,张富玲,译林出版社,2012-5,29.80元,7.2
11599470,オレたちバブル入行組,,池井戸 潤,,文藝春秋,2007-12-6,JPY 690,8.7
5906023,最糟也最棒的书店,,[日] 松浦弥太郎,江明玉,山东人民出版社,2011-1,25.00元,7.6
3615061,宿命,,[日] 东野圭吾,张智渊,南海出版公司,2009-4,25.00,7.5
24815957,秒速5厘米,,[日] 加纳新太,冷婷,北京联合出版公司,2013-8,28.00元,7.4
1498957,娼年Call Boy,,石田衣良,陳惠莉,尖端,2003-12-19,NT$220,7.5
1342391,海邊的卡夫卡（下）,,村上春樹,賴明珠,時報文化,2003-2,120.00元,8.4
1054538,被偷换的孩子,,大江健三郎,竺家荣,南海出版公司,2004-01,20.00,8.1
10605851,在海上等你,,(日)丝山秋子,郭清华,上海译文出版社,2012-8,20.00元,7.4
4887596,下妻物语,飞车女、萝莉与杀人事件,[日] 岳本野蔷薇,夕唯,上海译文出版社,2010年7月,20.00元,7.5
11620650,拴牛的山茶树,日本儿童文学大师系列,(日)新美南吉,周龙梅、彭懿,新星出版社,2012-8,25.00元,8.8
24871481,邻镇战争,,(日)三崎亚记,林青华,上海译文出版社,2014-6-15,30.00,7.2
4718973,毒笑小说,东野圭吾作品13,[日]东野圭吾,李盈春,南海出版公司,2010年9月,25.00元,7.8
26363733,不为人知的爱的生涯,,[日] 黒柳彻子、[日] 饭泽匡,赵玉皎,南海出版公司,2015-5,36.00,8.0
4859791,猫婆婆,猫婆婆,(日)畠中惠,傅玉娟、李小颖,南海出版公司,2010年7月,28.00元,8.2
3062047,侏儒警语,,[日] 芥川龙之介,,林少华,2008-5,13.80元,8.4
24851694,如果九月可以永存,,[日] 沼田真帆香留,王玲玲,南海出版公司,2013-8,29.80,7.0
25779594,魔球,新经典文库·东野圭吾作品41,[日]东野圭吾,黄真,南海出版公司,2015-1-1,35,7.2
2076847,1分钟小说选,,(日)星新一,陈真等,春风文艺出版社,1983-10-01,0.82,8.8
4074665,红花,,（日）渡边淳一,茹杨,作家出版社,2009-10,29.00元,7.3
25743455,爵士乐群英谱,,村上春树,林少华,上海译文出版社,2013-10,CNY 34.00,7.8
2315072,樱,,[日] 西加奈子 著、未来糖、cloudy云 绘,魏丽华,青岛出版社,2007-9,19.80元,8.1
1290034,世界在你不知道的地方运转,,[日] 片山恭一,林少华,青岛出版社,2009-1,20.00,7.6
1794803,做愛時的眼神,,山田詠美,郭淑娟,方智,1999-12-28,NT190,8.0
26443878,趁热品尝,,[日]小川糸,陈宝莲,重庆出版社,2015-9,28.00元,7.9
3229488,月魚,,三浦紫苑,莫海君,唐莊,2008-10-2,NTD250元,8.0
5395157,小夜曲,音乐与黄昏五故事集,[英] 石黑一雄,张晓意,上海译文出版社,2011-4,27.00元,7.9
3403041,内藤湖南汉诗文集,,内藤湖南、印晓峰 点校,印晓峰 点校,广西师大出版社,2009,42,8.8
1039599,望乡,底层女性史序章,（日）山崎朋子,,作家出版社,1998-01,17.50元,8.3
2065212,玄鸟,,[日] 藤泽周平,魏大海、侯为,中国社会出版社,1994-7,4.00元,9.3
25957013,小熊,,角田光代,弭铁娟,上海译文出版社,2015-1-1,CNY 35.00,8.1
1340870,發條鳥年代記,第三部 刺鳥人篇,村上春樹,賴明珠,時報文化,1997-2-25,NT$ 250,8.6
1939608,两个意达,,(日)松谷美代子,高林,中国少年儿童出版社,1985,0.80,9.1
4262665,孔子,新经典文库·井上靖作品01,(日) 井上靖,刘慕沙,北京十月文艺出版社,2010-1,25.00元,7.5
3174112,陰陽師：夜光杯卷,,夢枕貘,,茂呂美耶,繆思,2008,8.9
26821432,拂萩之雨,红云町咖啡屋事件簿1,[日]吉永南央,星野空,化学工业出版社·悦读名品,2016-7,29.8,7.4
24720958,东京迷上车,从橙色中央线出发,(日)新井一二三,,上海译文出版社,2013-9-1,CNY 28.00,7.2
19967277,爱哭鬼小隼,,(日)河合隼雄 著、(日)冈田知子 绘,蔡鸣雁,浙江人民出版社,2013-1,36.90元,8.2
3402613,无家可归的中学生,,[日] 田村裕,吴季伦,上海译文出版社,2009-1,20.00,7.5
25769675,關於莉莉周的一切,,岩井俊二,,王華懋,新經典圖文傳播,2013-12,7.3
1420740,阴阳师·生成姬,,[日] 梦枕貘,汪正球,南海出版公司,2005-8,20.00元,8.6
1484267,南总里见八犬传（全四册）,,[日] 曲亭马琴,李树果,南开大学出版社,1992-2,40.60元,7.6
26775070,无影灯（精装版）,,渡边淳一,桑凤平、张宓、知非,北京联合出版公司,2016-6-1,49.80元,8.4
3571579,井上靖小说选,,井上靖,唐月梅,人民文学出版社,1977.11,0.36,8.4
3222699,魂,,[日] 柳美里,贾黎黎,南海出版公司,2008-9,22.00,7.4
25875911,雪日,,(日)永井荷风,杨晓钟 等,陕西人民出版社,2015-3,22.8,8.0
2221890,苦闷的象征,,(日)厨川白村,鲁迅,人民文学出版社,2007-7,10.00,8.1
11621661,方舟,,(日)村田沙耶香,竺家荣,新星出版社,2012-11,28.00元,7.2
25814402,王者,新经典文库·伊坂幸太郎作品05,伊坂幸太郎,袁斌,南海出版公司,2014-3,29.50元,7.0
25724115,大地之子（全套）,,山崎豐子,章蓓蕾、王華懋,麥田,2013-10-31,NT$850,8.0
1011960,在自己的树下,,(日)大江健三郎,秦岚,南海出版社,2004-01,20.00,8.3
25954369,奇谈百景,,[日] 小野不由美,曹逸冰,江苏凤凰文艺出版社,2014-10,36.00元,6.2
3628719,只要一分钟,,（日）原田舞叶,朱一飞,天津教育出版社,2009-3,23.00元,8.4
3809655,命,日本最酷女子私小说：痛彻心扉,（日）柳美里,翁家慧,南海出版公司,2009-6,20.00元,7.6
6797742,东海道徒步旅行记,,[日] 十返舍一九,鲍耀明,山东画报出版社,2011-8,35.00元,7.6
26673854,陨落的星星,,[日] 石田衣良,郭勇,九州出版社,2016-1,39.80元,7.4
26264955,因为曾经的痛苦，所以幸福,,(日)山本文绪,金晖,南海出版公司,2014-12-1,25.00元,7.2
1161799,魂断阿寒,,[日]渡边淳一,文洁若、芳子,文化艺术出版社,2004-5,22.00元,7.7
1477384,现代日本小说集,,周作人、鲁迅,,新星出版社,2006-1,22.00元,8.4
5274995,空中庭园,,角田光代,钟蕙淳,湖南文艺出版社,2010-9,25.00元,7.4
26430284,星之声,爱的絮语·穿越星际,[日] 加纳新太,冷婷,北京联合出版公司,2015-10,36,7.9
1152495,白鹦鹉的森林,,安房直子,彭懿,少年儿童出版社,2004-03-01,17.00元,9.2
10761604,金子美铃全集（全三卷）,,(日)金子美铃,阎先会,中国戏剧出版社,2012-6,48.00元,7.9
1031184,咸味兜风,“芥川奖”获奖小说选,（日）大道珠贵 等,祝子平,上海文艺出版社,2005-02,18.00元,7.5
26100137,暗黑女子,,秋吉理香子,王蘊潔,皇冠,2014-10-27,NT$260,7.3
26715115,人间失格/经典印象小说名作坊,,太宰治,李建云,浙江文艺出版社,2016-1-1,CNY 25.00,8.4
20273576,异端的快乐,,【日】见城彻,毛丹青,湖南文艺出版社,2013-7,30.00元,7.5
1747695,岩崎峰子：真正的艺伎回忆录,,[日] 岩崎峰子,姚雯、陈子慕,金城出版社,2006-2,24.80元,7.2
1010128,源氏物语（共七册）,,[日] 岩崎峰子,姚雯、陈子慕,金城出版社,2006-2,24.80元,8.1
21324173,第三时效,,(日)横山秀夫,赵建勋,中信出版社,2013-4-7,28.00元,8.6
5395153,涂佛之宴·宴之支度（上）,,[日] 京极夏彦,王华懋,上海人民出版社,2011-3,29.00元,8.4
3068320,不愉快的果实,,林真理子,,珠海出版社,1999-7,15.00元,7.2
7007772,天上红莲,,(日)渡边淳一,竺家荣,上海译文出版社,2012-2,39.00元,6.1
3681571,巴提斯塔的荣光,,海堂尊,刘子倩,上海人民出版社,2009年4月30日,25.00元,7.7
4218966,小说神髓,,[日] 坪内逍遥,刘振瀛,上海译文出版社,2010年4月,22.00元,7.3
1394544,村上朝日堂,村上春树随笔系列,村上春树,林少华,上海译文出版社,2005-1,13.00元,7.9
1045569,宫泽贤治童话,,[日] 宫泽贤治,周龙梅,译林出版社,1994-8,5.50元,8.4
11535611,神之病历2,比《心术》更接近于真相的医疗小说,夏川草介,赵江,人民文学出版社,2012-11,28.00元,8.8
3795516,源义经:镰仓战神,源义经·镰仓战神,司马辽太郎,曾小瑜,重庆出版社 重庆出版集团,2009年,45.00元,7.6
2322582,饥饿海峡,,[日]水上勉,何平、伊凡,海峡文艺出版社,1987.7,6.50,7.8
6387177,三月的邀请函,,(日) 角田光代,蔡鸣雁,上海译文出版社,2011-9,23.00元,7.5
1032764,小时候就在想的事,新经典文库,（日）黑柳彻子,赵玉皎,南海出版公司,2004-08,18.00元,7.7
26303206,今天也谢谢招待了,,角田光代,陈娴若,北京联合出版公司,2015-5,39.80,7.4
1440197,艺术断想,,[日] 三岛由纪夫,唐月梅,河北教育出版社,2002-6,18.90元,8.0
10580803,模仿犯BOOK2,宫部美雪作品08,宫部美雪,张秋明,南海出版公司,2012-6,36.00元,8.4
3025616,夜市,皇冠叢書第3727種，異想行星系列1,恒川光太郎,高詹燦,皇冠文化,2008.04.10,特價NT$199,8.0
