1474773,海贼王,ONE PIECE,尾田荣一郎,董科,浙江人民美术出版社,2007-11,7.5,9.5
1221515,灌篮高手31,,[日] 井上雄彦,邹宁,长春出版社,2005-1,7.50元,9.5
1204889,机器猫哆啦A梦23,,藤子・F・不二雄,碧日,吉林美术出版社,1999-12-01,8.00,9.4
2065597,浪客行 (Vol. 01),香港中文版,藤子・F・不二雄,碧日,吉林美术出版社,1999-12-01,8.00,9.3
1474842,NANA（1-13）,,[日] 矢泽爱,,内蒙古人民出版社,2005-9,84.50元,9.1
2064977,死亡筆記 1,无聊,大場鶇、小畑健,陈欣智,文化傳信,2004年,HKD 30,8.9
2209776,竹光侍 1,His sword must be bamboo!,松本大洋、永福一成 (作),,小学館,2006-12-15,900円 (税込),9.4
1476003,異變者1,Hommunculus,松本大洋、永福一成 (作),,小学館,2006-12-15,900円 (税込),8.8
2282127,非法侵入(01),,坂邊周一,張益豐,東立,2006,NT105,6.7
1853785,天是红河岸,,篠原千绘,丁梵馨,日本小学馆,1990,37.00,8.7
4185145,關照你的花蕾,,篠原千绘,丁梵馨,日本小学馆,1990,37.00,7.0
1467239,铳梦,,木城幸人,,東立,1990,90元,9.1
1459623,20世紀少年01,朋友,浦沢直樹,磊正傑,東立,2000 年,NT$90,9.3
5949213,大叔上等,一个样,松武,但不、在于,晨星出版社,2011,NT.110,8.0
1418297,蜂蜜與四葉草 1,,羽海野千花,,郑盈盈,玉皇朝出版集团,2004-8-4,9.1
1389960,七龍珠 34,超越悟空的戰士,鸟山明,牟琳,東立,1993-6-25,6.90,9.2
5367332,请叫我英雄 Vol.1,,花沢健吾,尤静慧,台湾东立出版社,2010年11月17日,120新台币,8.4
2067269,MONSTER-怪物-01,HERR DOKTOR TENMA,浦沢直樹,劉姿君,東立,民86,NT$100,9.4
3785179,PRIDE,,田亀 源五郎,,古川書房,2004-10,JPY 1234,8.8
4820235,新米銀行員 九竜光司の受難,,田亀 源五郎,,古川書房,2004-10,JPY 1234,8.2
1937357,萤火之森,,绿川幸,尤静惠,东立出版社,2004年4月25日,NT$80,9.4
1138986,名侦探柯南42,,青山刚昌,natuya,长春出版社,2003-10,9.00元,8.7
3134191,少女椿,,丸尾末広,,青林工芸舎,2003,1,365円（税込）,8.5
1180108,恐怖宠物店1,,秋乃茉莉、李英凤,李英凤,哈尔滨出版社,2004-5-1,12.00元,9.0
1436657,寄生獸 (完全版) (Vol. 1),,岩明均,林秋英,天下出版有限公司,2005-8,港币48元,8.9
1370274,Level E,全三集,富樫義博、Yoshhiro Togashi,,蘇錦明,集英社授權天下出版,1995,9.2
1421921,幽游白书（全19册）,,冨樫義博,,河南大学出版社,1990,129.2,8.9
1776127,東京愛的故事 1,,柴门文,神奇地帶,尖端,2002-4,NT 140元,8.6
3785183,PRIDE (下巻) (爆男COMICS),,田亀 源五郎,,古川書房,2004-12,JPY 1200,8.8
1452610,蟲師 (1)  アフタヌーンKC (255),,漆原 友紀,,講談社,2000-11,JPY 590,9.2
6890451,外天楼,,石黒正数,,講談社,2011-10-21,735円（税込）,9.2
1507458,佐伯俊男最初期画集,,佐伯 俊男,,青林工藝舎,2002-6,2940日元,8.7
5423692,王牌酒保 Vol.1,,漫画：长友健筛、原作：城安良嬉,游若琪,台湾尖端出版社,2007-1-31,120新台币,9.1
7060214,日本漫画为什么有趣,表现和“文法”,[日] 夏目房之介,潘郁红,新星出版社,2012-3,32.00元,7.5
6517431,北極熊 café 草莓味,,比嘉 Aloha,,玉皇朝出版有限公司,2009,40HKD,9.1
10543300,月刊少女野崎くん 01,,椿いづみ,,スクウェア・エニックス,2012-4-20,JPY 514,9.3
10862680,童地獄・父子地獄,,田亀 源五郎,,ポット出版,2010-12-14,JPY 2520,7.4
25799703,塗鴉日記 01,,東村明子,林佳祥,東立出版社,2014-4-14,NT$130,9.1
24847411,日本漫画60年,,[英]保罗·格拉维特,周彦,世界图书出版公司·后浪出版公司,2013-10,99.80元,8.2
2078611,多重人格侦探,,[英]保罗·格拉维特,周彦,世界图书出版公司·后浪出版公司,2013-10,99.80元,8.7
25698146,ニシキくんのなすがまま,,白石 ユキ,,小学館,2013-6-26,JPY 420,6.5
3395865,北極熊 café,,比嘉 Aloha,,玉皇朝出版有限公司,2008年12月,HKD38,9.1
1417577,庸才 1,,[日] 古谷實,劉麗坤,玉皇朝出版集团,2001-10,港币33元,8.7
7052661,少女椿,,[日] 古谷實,劉麗坤,玉皇朝出版集团,2001-10,港币33元,9.0
19976976,回憶愛瑪儂,,梶尾真治、鶴田謙二,李文軒,東立出版社,2014-1-23,NT$130,9.1
26345261,小森食光 1,電影《小森食光》原著作品,五十嵐大介,黃廷玉,臉譜,2015-3-31,NT$240,8.8
25946370,東京タラレバ娘 1,,東村 アキコ,,講談社,2014-9-12,JPY 463,9.2
1475477,銀魂,,東村 アキコ,,講談社,2014-9-12,JPY 463,9.3
3176553,賭博默示錄(01),,福本伸行,郭明哲,長鴻,2002-05-10,100元,9.1
3276262,PRIDE,,田亀 源五郎、ジープロジェクト,,古川書房,2004-11,JPY 1234,8.6
3091122,百鬼夜行抄1 [東立],,今市子,,王華琳,東立出版社有限公司,1997-03-05,9.0
1180102,恐怖宠物店（10）,,[日] 秋乃茉莉,高燕凤,哈尔滨出版社,2004-5,12.00元,8.9
3150093,異色短篇集1-牛面人的大餐,,[日] 秋乃茉莉,高燕凤,哈尔滨出版社,2004-5,12.00元,9.5
10443588,孤高之人 the climber 1,攀登校舍,坂本真一、锅田吉郎,,文化传信有限公司,2007,35.00元,9.2
1844449,日出処の天子 1,,山岸 凉子,,白泉社,1994-3,JPY 607,9.0
3114973,快樂的暑假,,伊藤潤二,,東立,1999,75(元),8.6
20450967,少女×少女×少女,,赤月 みゅうと,,ティーアイネット,2011-8-5,JPY 1050,7.7
1872739,歷史之眼(01),,岩明均,張芳馨,東立,2005-11-02,105元,9.1
1467599,JOJO的奇妙冒險(01),侵略者迪奥之卷,岩明均,張芳馨,東立,2005-11-02,105元,8.8
2066868,火鳥(1),,手塚治虫,,時報文化,1993年12月08日,95元,9.4
5906052,進擊的巨人 01,,諫山創,張益豐,東立出版社,2011-1-31,NT$95,8.5
1442680,伊藤潤二恐怖漫畫精選【1】,富江 1,伊藤潤二,何力,東立,1998-9-5,新台币100元,8.7
21349346,坂本ですが? 1,,佐野菜見,,エンターブレイン,2013-1-15,JPY 651,9.1
26634871,迷宮飯 1,,九井諒子,望,青文出版社,2015-10-16,NT$130,9.0
1392604,金田一少年事件簿①,,[日] 金成阳三郎 著、[日] 佐藤文也 绘,刘素娟,南方出版社,2005-7,6.90元,8.6
1419736,MONSTER-怪物-02,SURPRISE PARTY,浦沢直樹,,東立,1999-03-01,100,9.4
6718193,Sunny 1,,松本大洋,,小学館,2011-8-25,950円（税込）,9.5
1388169,乱马1/2,,高桥留美子,,吉林美术出版社,2005-1,6.5,8.6
25817203,我很好,,岡崎京子,謝仲其,臉譜文化,2014-2,NT$ 260,9.1
1424694,天堂之吻 (Vol. 1),,矢澤愛,詹慧娟,玉皇朝出版集團,2002,港币38元,8.9
20390735,ワンパンマン 1,,村田雄介、ONE,,集英社,2012-12-4,JPY 420,9.3
1483797,多重人格探偵サイコ (1) (角川コミックス・エース),,田島 昭宇、大塚 英志,,角川書店,1997,JPY 6.09,8.8
26938665,日漫那些事儿,少年漫画卷1,王新禧,,长江出版社,2016-12-1,35,8.9
3183363,火鸟,第一卷 黎明篇,手冢治虫,,章泽仪,东贩,49元,9.4
1440589,浪客剑心,,手冢治虫,,章泽仪,东贩,49元,8.7
3213367,昨日的美食 01,,吉永史,王詩怡,尖端出版股份有限公司,2008-09-09,NT$120,9.0
1916634,橫濱購物紀行01,,蘆奈野仁,傅國忠,東立,2005年7月,90(元),8.9
1937582,父之曆,小學館正式授權中文版,谷口治郎,章澤儀,東販,2003,200元,9.2
3122422,五星物語(01),,谷口治郎,章澤儀,東販,2003,200元,9.3
1424555,HUNTER X HUNTER 1,踏上征途,冨樫義博,,文化傳信有限公司,1998-10,HKD 30.00,8.9
1424501,四葉妹妹,,东清彦,黃炳雄,台灣國際角川書店(股),2004-1-28,CNY 28.00,9.2
3059083,LIAR.GAMEⅠ,,甲斐谷忍,洪嘉惠,天下,2007,$32,9.0
4055487,伊藤潤二的貓日記,,甲斐谷忍,洪嘉惠,天下,2007,$32,8.3
24876143,银与金,,甲斐谷忍,洪嘉惠,天下,2007,$32,9.1
7058064,銀之匙 01,,荒川弘,方郁仁,東立出版社,2012-1-20,NT$95,9.4
2003176,秘密 －トップ・シークレット－ 1,,清水玲子,,白泉社,2001-12,710日元,8.9
6511015,昭和元禄落語心中 1,与太郎放浪篇,雲田はるこ,,講談社,2011-7-7,590円,9.2
2043313,妖怪連絡簿 1,,綠川幸,尤靜慧,東立出版社,2006-6-5,TWD 85,9.2
1873281,少年残像,Boy's next door,由贵香织里、由貴香織里,,白泉社,1998,JPY 410,8.7
1439216,伯爵該隱 ~ 诅咒之子,,由贵香织里、由貴香織里,,白泉社,1998,JPY 410,8.6
1006639,蜡笔小新（全32册）,,[日] 臼井仪人,段薇 等,陕西师范大学出版社,2002-5,144.00元,9.2
6790841,水域（上）,,漆原友紀,connie,臺灣東販,2011-8,NT130,9.1
1102403,机器猫哆啦A梦（共45册）,,[日本] 藤子·F. 不二雄,碧日,吉林美术出版社,2002-9,180.00元,9.6
4277448,天守に棲む鬼/軍次―田亀源五郎短編集,,[日本] 藤子·F. 不二雄,碧日,吉林美术出版社,2002-9,180.00元,8.4
1210303,名侦探柯南1,,[日] 青山刚昌,青文,长春出版社,2002-7,6.90元,8.9
6856422,聖☆哥傳 01,,中村光,方郁仁,東立出版社,2011-11-23,NT$120,9.1
1467492,Blame! 1,特工次世代,（日）弐瓶勉,,講談社,1998,JPY 630,9.0
3138879,三個阿道夫(01),日本手塚PRODUCTION正式授權臺灣中文版,手塚治虫,劉名揚,臺灣東販股份有限公司,2001-11-20,NT$49,9.1
4047026,世界末日與黎明前,日本小學館正式授權台灣中文版,手塚治虫,劉名揚,臺灣東販股份有限公司,2001-11-20,NT$49,8.8
3176893,劍豪生死鬥(01),,原作：南條範夫、漫畫：山口貴由,猴,東立,2005年9月,100元,9.0
26641078,ROMEO  1,,わたなべ あじあ,,マガジン・マガジン,2015-12-25,JPY 700,8.5
1983031,大奥 (第1巻),,よしながふみ、吉永史,,白泉社,2005-9-29,JPY 600,8.9
4823648,淫笑う看護婦 普及版,,米倉けんご,コアマガジン,2005,12,19,7.3
1370245,無限之住人 12,,沙村廣明,,天下出版有限公司,2002-5-21,HKD35,8.8
1401840,天使禁獵區,,沙村廣明,,天下出版有限公司,2002-5-21,HKD35,8.2
5283526,横滨故事ヨコハマ物语,,沙村廣明,,天下出版有限公司,2002-5-21,HKD35,8.6
3094201,晚安，布布(01),日本小學館正式授權台灣中文版,沙村廣明,,天下出版有限公司,2002-5-21,HKD35,8.9
10430786,北極熊 café 芒果味,,比嘉Aloha,,玉皇朝出版集團有限公司,2010-12-31,40HKD,9.0
3057111,藤子·F·不二雄SF短篇完全版 1,,藤子·F·不二雄,陳鈞然,青文,2008,新台幣350元,9.5
1456203,銀河鐵道999 （1）,,松本零士,徐人杰,尖端,1994.07.01,80元,9.0
3646652,Y式解体新書,,氏賀 Y太,,三和出版,2005-9-29,933円,6.8
1394253,デスノート 5,白紙,小畑健、大場つぐみ,,集英社,2005-2-4,410円（税込）,8.7
2025999,灌篮高手（全31卷）,,[日] 井上雄彦,邹宁,长春出版社,2005-10,232.50元,9.8
3172176,異獸魔都(01),,林田球,陳少怡,長鴻,2003-11-24,100元,9.2
1947668,纽约纽约,,林田球,陳少怡,長鴻,2003-11-24,100元,8.9
25868407,聲之形 01,,大今良時,賴思宇,東立出版社,2014-12-3,NT$100,8.6
4136799,フラクション,Fraction,大今良時,賴思宇,東立出版社,2014-12-3,NT$100,8.8
4066638,宇宙兄弟1,,大今良時,賴思宇,東立出版社,2014-12-3,NT$100,9.4
2072259,華札,,OKAMA,释莲花上人,ワニマガジン社,2002-10,JPY 1620,8.7
1364773,鋼之鍊金術師 1,,荒川弘,,玉皇朝,2005-02-01,HK$28,8.9
10944736,ボールルームへようこそ,,竹内 友,,講談社,2012-5-17,JPY 440,8.9
1857022,大剑 1,1 银眼的斩杀者,八木教広,,文化传信有限公司,2001,港币30元,8.8
2127207,杀手阿一,,[日] 山本英夫,司全冠,和風出版社,2002,新台币110元,8.6
1226062,棋魂·光之棋（1）,,堀田由美 原作、小畑健 漫画、梅泽由香里五段（日本棋院） 监修,邹宁,天津人民美术出版社,2004-2,6.80元,8.9
2285572,圣传,,CLAMP,,角川書店,1990-2-10,4.20X10,8.7
3135034,GANTZ殺戮都市(01),,奧浩哉,花栗鼠,尖端出版,2002-7-23,新台币110元,8.4
3642625,守护甜心,,奧浩哉,花栗鼠,尖端出版,2002-7-23,新台币110元,7.6
3259511,人間昆蟲記 1,,手塚治虫,林武三,台灣東販股份有限公司,2008年10月09日,NT$120,8.7
1442676,廢柴同盟 1,日本講談社正式授權香港中文版,古谷實,,玉皇朝出版集團,1998,HK$35.0,8.4
2282130,非法侵入(02),,坂邊周一,張益豐,東立,2006年7月31日,100元,6.8
1455527,風之谷1,,宮崎駿,黃慧璘,東販,1995-6-15,新台币160元,9.4
1369777,NANA 12,,矢澤愛,,尖端,2005-4-28,NTD120元,9.0
1764915,I"s,,桂正和,,VIZ Media LLC,2005-3-16,7.99美元,8.3
1964044,新撰组异闻录,,黑乃奈奈绘,廖冠宇,ENIX授权大然文化,2002-3,80,8.4
3095638,同級生,,中村明日美子,,茜新社,2007,650円,9.2
1439894,CLOVER（VOL.1--4）,三叶草,中村明日美子,,茜新社,2007,650円,8.7
1848193,PLUTO 001,PLUTO (1) ビッグコミックス,手塚治虫、浦泽直树、长崎尚志,,小学館,2005,JPY 550,9.3
1449957,烙印勇士1,,三浦建太郎,黃太平,東立出版社有限公司,1994,105元,9.1
2981774,變態少年,纯の幸福な日々,早见纯、jun hayami,,久保書店,2005-11,1300円,7.2
1386229,漂流教室(1),,楳圖一雄,繆世真,時報文化,1996年02月28日,90(元),8.7
3313342,3月的獅子(01),,羽海野千花,蔡幸君,尖端,2008-10-17,NT120,9.0
20470914,深夜食堂 04,,[日] 安倍夜郎,陈颖,湖南文艺出版社,2013-1,25.00元,9.1
1481362,城市猎人,,[日] 北条司,,内蒙古人民出版社,2005,6.90,8.5
20470916,深夜食堂 02,,[日] 安倍夜郎,陈颖,湖南文艺出版社,2013-1,25.00元,9.1
1427788,死神01,THE DEATH AND THE STAWBERRY,久保帶人,張益豐,東立,2002-5-10,90(元),8.1
1458194,相聚一刻（1）,日本小學館正式授權台灣中文版,高橋留美子,徐人杰,尖端,1995 年,140元,8.9
3545614,爆漫王。(01),夢想與現實,原作：大場鶫、漫畫：小畑健,蔡夢芳,東立,2009年2月20日,95元,9.1
3102905,黄龙之耳,,井上纪良,黄仲全,南琪出版社,1995,110元,6.9
3789596,BILLY BAT 1,,浦沢直樹、長崎尚志,,講談社,2009-06-23,630円（税込）,9.0
5907491,夢の化石,今敏全短篇,今 敏,,講談社,2011-2-17,JPY 1500,8.9
4739494,姊嫁物語 01,,森薫,黃盈琪,台灣角川,2010-05-14,NT$120,9.3
1342642,痴虫,佐伯俊男作品集,佐伯俊男,,河出書房新社,2002-7-31,3,990,8.8
4846010,百姓貴族(01),,荒川弘,,東立,2010-6-7,NT130,9.4
3533014,20世紀少年(ビッグコミックス)全22巻+21世紀少年 上・下,,荒川弘,,東立,2010-6-7,NT130,9.4
4156903,巨女渇愛,春川ナミオ妖美画集,春川ナミオ,,大洋図書,2000-9,8,800,7.9
1351614,不安的種子1,,中山昌亮,陳靖如,東立,2005-6-30,NT$ 120,7.9
20470917,深夜食堂 01,,[日] 安倍夜郎,陈颖,湖南文艺出版社,2013-1,25.00元,9.0
4061279,怪物特別篇：沒有名字的怪物,,作者：Emil Sebe, Jakub Faroubek, Klaus Poppe 等、監修：浦沢直樹,劉姿君,東立,2009年10月29日,270元,9.5
4047749,死亡清掃人(1),,きたがわ翔,謝怡苓,臺灣國際角川,2009年10月5日,NTD110元,8.0
1800714,东京80年代,,安童夕马、大石知征,蔡梦芳,东立出版社有限公司,2005,NT100,9.0
3373890,ネムルバカ,睡觉的笨蛋,石黒正数,YYK字幕组,徳間書店,2008年03月,580円（税込）,8.9
3091214,海街diary~蟬鳴暫歇時~,,吉田秋生,aitsae,東立出版社有限公司,2008-05-30,NT$105,8.7
1010128,源氏物语（共七册）,,吉田秋生,aitsae,東立出版社有限公司,2008-05-30,NT$105,8.1
1474688,機器娃娃(1),,鳥山明,陳慧如,時報文化,1993年01月15日,75元,9.1
1441241,富江,富江三部曲之末,鳥山明,陳慧如,時報文化,1993年01月15日,75元,8.5
1932095,遙遠的小鎮（上）,,谷口治郎,章澤儀,東販出版,2004-06-28,180元,9.0
1946382,SOLANIN(01),日本小學館正式授權臺灣繁體中文版,谷口治郎,章澤儀,東販出版,2004-06-28,180元,9.0
3286216,汁男,男事繪,谷口治郎,章澤儀,東販出版,2004-06-28,180元,7.6
25799687,亞人 01,,三浦追攤、桜井画門,吳勵誠,東立出版社,2014-3-12,NT$130,8.4
2350079,婆娑罗,BASARA,田村由美,,光文社,1990-1-1,JPY 448,9.1
1437776,哆啦A梦秘密道具完全大事典,,[日] 藤子·F. 不二雄,碧日,吉林美术出版社,2002-9,16.00元,8.9
23090057,巨女渇愛 春川ナミオ妖美画集 Ｖｏｌ．２,,春川　ナミオ,,マイウェイ出版,2002-7,4,800,7.3
1424570,多重人格探偵サイコ (10),MPD-PSYCHO,田島 昭宇、大塚 英志,,角川書店,2004,JPY 6.09,8.6
6001310,ねこだらけ,全是猫,横山キムチ,,講談社,2009-8-21,JPY 630,8.9
1329941,東京BABYLON (Vol. 1),,CLAMP,劉錦秀,YES COMICS LIMITED,1994,HK$38,8.6
3150009,惡魔人01,,永井豪,,原動力亞細亞,2005-07-07,125元,8.4
1458341,禁斷戀愛,,藤原薰,王华琳,東立,1999-6-25,新台币75元,8.6
1442678,魚,,[日] 伊藤潤二,蔡夢芳,東立,2002-11-13,新台币95元,8.6
19949958,暗殺教室 1,,松井優征,,集英社,2012-11-2,JPY 420,8.4
5906141,漂流武士 01,,平野耕太,杜信彰,東立出版社,2011-1-7,NT$120,8.4
2050761,怪医黑杰克1,,手塚治虫,林敏生、方南,花山文艺出版社,2007-03-01,6.90,9.2
3373869,女僕咖啡廳(01),,石黑正數,吳勵誠,長鴻出版社,2006-10-19,105元,9.2
4782808,想い想われスリスラレ,,石黑正數,吳勵誠,長鴻出版社,2006-10-19,105元,8.0
5293424,海獸之子 1,,五十嵐大介,江荷偲,東立,2010年10月13日,140元,9.1
2158150,稻作,古谷實傑作選1,古谷實,呂真真,尖端,2002-6-18,新台币110元,8.5
26380290,橘さん家ノ男性事情,,上原 りょう、MTSP:Jin,,フランス書院,2015-3-20,JPY 778,7.1
2132095,我和她的xxx,,上原 りょう、MTSP:Jin,,フランス書院,2015-3-20,JPY 778,8.4
2130986,美少女战士（全18卷）,水手月亮,武内直子,中国对外翻译出版社,1998,07.50,册,8.2
2335111,真・現代猟奇伝,,氏賀 Y太,,オークス,2004-9-25,JPY 1000,7.2
26277543,童貞膜少年,,三雲 譲,,マガジン・マガジン,2015-2-28,JPY 700,6.3
5992519,乒乓 VOL.1,,松本大洋,羅景霞,玉皇朝出版集团,2002-10,港币 38,9.3
4906035,Ctrl+T,淺野一二O的漫畫世界,松本大洋,羅景霞,玉皇朝出版集团,2002-10,港币 38,8.9
5960874,惡之華 01,,押見修造,猴,東立出版社,2011-5-16,NT$95,7.8
1428691,GON,,押見修造,猴,東立出版社,2011-5-16,NT$95,9.1
5245537,手冢治虫：原画的秘密,,[日] 手冢制作公司 编著,阿修菌,世界图书出版公司,2010-11,32.00元,8.4
1872343,絕望先生 01,,久米田康治,賴祈昌,東立,2006年9月4日,賴祈昌,8.5
3711815,白晝之雨(01),,古谷實,林光俊,玉皇朝,2009年4月23日,35.00,8.0
1458192,犬夜叉01,犬夜叉,高橋留美子,田家,青文,2004.05,80元,8.3
3184483,ヘルタースケルター,,岡崎京子,,祥伝社,2003年04月,1,260円（税込）,7.7
1782294,2001夜物語(01),,星野之宣,許嘉祥,尖端,1996年2月1日,160元,9.2
25975447,扭曲的同居生活 1,,岡田和人,lingosou,長鴻出版社,2011-11-24,NT$130,8.0
26611159,深夜食堂 15,,安倍夜郎,丁世佳,新經典,2015-9-30,NT$200,8.7
1049463,神奇宝贝特别篇（全23册）,特别篇,日下秀宪、真斗,,中国轻工业出版社,2000-09,7RMB×23,9.1
10466756,瘋狂怪醫芙蘭1,,木木津克久,楊季叡,台湾东贩,2010-8-20,NT120,8.6
3114975,人頭氣球,,木木津克久,楊季叡,台湾东贩,2010-8-20,NT120,9.0
1417102,手塚治虫短篇漫畫,,木木津克久,楊季叡,台湾东贩,2010-8-20,NT120,9.4
1458188,人魚之森,日本小學館正式授權臺灣中文版,高橋留美子、高桥留美子,湧太,尖端,2004 年 06 月 24 日,NT120元,8.7
3122531,銃夢01,,木城幸人,,東立,1993年4月30日,90(元),9.0
1463651,花男 #1,日本小學館正式授權香港中文版,木城幸人,,東立,1993年4月30日,90(元),9.1
1440468,漩涡,伊藤润二◎恐怖漫画 《漩涡》,伊藤潤二,蔡夢芳,東立,民88,100(元),8.9
23717403,星屑與妮娜1,,[日]福島 聡,黃依齡,東立,2013-1-20,NT95,9.4
3129820,超智遊戲(01),,甲斐谷忍,,天下出版(國際)有限公司,2008年3月26日,32元,9.2
1436862,バガボンド (20),,井上 雄彦 (著)、吉川 英治 (原著),,講談社,2004-07-23,JPY 550,9.3
3114959,至死不渝的愛,,伊藤潤二,陳文韜,東立,1997-8-15,NT 110,8.9
1467333,圣传画集,圣传画集,伊藤潤二,陳文韜,東立,1997-8-15,NT 110,8.6
4724495,君よ知るや南の獄（上）,,田亀源五郎,,ポット出版,2007-12-25,JPY 2625,7.9
3034386,無限住人1,日本講談社正式授權中文版,田亀源五郎,,ポット出版,2007-12-25,JPY 2625,9.0
1689108,名侦探柯南原画全集,,青山刚昌,natuya,长春出版社,2005-7-1,68.00元,9.1
1937583,少爺的時代,,谷口治郎、關川夏央,,東販,2000年4月1日,150元,9.4
6396386,竜の学校は山の上 九井諒子作品集,,九井 諒子,,イースト・プレス,2011-3-30,JPY 1080,9.2
1830208,尼罗河的女儿（第一部）,,丁梵馨,,中国电影出版社,2006-4,28.00元,8.3
3142127,神之山嶺01,,丁梵馨,,中国电影出版社,2006-4,28.00元,9.0
1922807,洗禮 第1卷,小學館正式授權香港中文版,楳圖一雄,,玉皇朝,1976,33,8.1
3223666,愛すべき娘たち,,吉永史,,白泉社,2003,580円,9.4
1948769,櫸之木,日本小學館正式授權臺灣中文版,吉永史,,白泉社,2003,580円,8.9
25811761,只有我不存在的城市 01,,三部敬,尤靜慧,四季國際,2014-10-18,NT$130,8.9
10606490,無限食女 01,,沙村廣明,吳勵誠,東立出版社,2012-4-25,NT$110,8.5
2159569,多美好的人生(01),日本小學館正式授權臺灣中文版,沙村廣明,吳勵誠,東立出版社,2012-4-25,NT$110,8.9
10572074,さすらいエマノン,,梶尾　真治、鶴田　謙二,,徳間書店,2012-4-3,1260円(税込),8.4
1471532,去吧！！稻中桌球社(01),,古谷實,,尖端出版社,1996,NT$110,8.9
3068623,惡童 1,小學館正式授權香港中文版,松本大洋,,羅景霞,玉皇朝出版集團,2001,9.0
1874974,火影忍者1,旋涡鸣人！,岸本齊史,方郁仁,東立,2000-12-25,90(元),8.5
10738226,鬼灯的冷徹 01,,江口夏実,鄭啟旭,東立出版社,2012-8-8,NT$150,8.7
5293819,羅馬浴場 Ⅰ,,ヤマザキマリ,涂愫芸,台灣角川,2010-11-19,NT$120,8.4
25829389,深夜食堂 12,,安倍夜郎,丁世佳,新經典文化,2014-3-12,NT$200,8.9
1370244,末日(10),,安倍夜郎,丁世佳,新經典文化,2014-3-12,NT$200,8.3
1919878,14歲,,楳圖一雄,,玉皇朝,2001,港币35元,8.4
2228794,西遊奇伝 大猿王 (1),,寺田克也,,集英社,1998-12,1,995円（税込）,8.8
1763759,薔薇色ノ怪物,,丸尾末广,,青林堂,1982-7,998,8.7
3021613,鳥山明漫畫教室,,鳥山明、さくまあきら,張正慈,東立,1994,90(元),8.4
1582541,樱桃小丸子（全20册）,,[日] 樱桃子,,内蒙古人民出版社,2003-10,80.00元,9.2
3173236,月亮的距離(01),,太田垣康男,李彥樺,東立,2003-04-03,95元,9.0
1417225,五星物語(10),,永野護,,尖端出版公司,2001-1-8,新台币220元,9.1
1861336,黑鷺屍體宅配便(01),kurosagi delivery service of corpse,永野護,,尖端出版公司,2001-1-8,新台币220元,7.6
3840429,花牌情緣 1,,末次由紀,尤靜慧,東立,2009,NT$95,9.0
3638202,虹之原,,末次由紀,尤靜慧,東立,2009,NT$95,8.3
3026511,死亡預告 1,复仇的结局,間瀨元朗,米斐,尖端出版,2005,NT$110,8.8
3854850,阿拉蕾全集,正版18卷,間瀨元朗,米斐,尖端出版,2005,NT$110,9.4
3191890,血まみれ天使,,早見純,,久保書店,2004年11月,997(税込),7.8
1998020,手塚治虫恐怖短篇集,香港正文社,早見純,,久保書店,2004年11月,997(税込),9.2
1436864,童夢,,大友克洋,,双葉社,1983-8-18,830円（税込）,8.7
1753798,Zetsuai 01,Brone1989,尾崎南,Nina Olligschläger,Carlsen Verlag GmbH,2000-11,JPY 9.75,8.5
4000102,自殺島 1,,森恒二,,白泉社,2009-8-28,540円（税込）,8.0
10567902,東京喰種トーキョーグール 1,東京食屍鬼,石田 スイ,,集英社,2012-2-17,JPY 540,8.1
25849524,日本超级漫画课堂：人物素描与写实,,（日）西泽晋,刘月,辽宁科学技术出版社,2014-5-1,36.00,9.3
26709997,幻想女人國 1,,沙村廣明,吳勵誠,東立出版社,2016-1-15,NT$ 130,8.8
23780881,深夜食堂 08,,[日] 安倍夜郎,陈颖,湖南文艺出版社,2013-6,25,9.1
1995171,傳染 1,,吉田戰車,,東立出版社有限公司,東立,NT$130元,9.1
3603811,横山裕一カラー画集,,吉田戰車,,東立出版社有限公司,東立,NT$130元,8.8
1416955,惡童3,,松本大洋,,玉皇朝出版集團,2002,港币33元,9.2
3040228,Under the Rose (1) 冬の物語,,松本大洋,,玉皇朝出版集團,2002,港币33元,9.3
2238936,夢のおもちゃ工場,梦中玩具工厂,松本大洋,,玉皇朝出版集團,2002,港币33元,8.5
25700563,重版出来! 1,,松田 奈緒子,,小学館,2013-3-29,JPY 596,8.4
4317960,战后漫画50年史,,[日]竹内长武、竹内オサム,李斌,南京大学出版社,2010-3,22.00元,6.7
1417778,17青春遁走 (Vol. 1),,[日]竹内长武、竹内オサム,李斌,南京大学出版社,2010-3,22.00元,8.8
2267648,天堂之吻,,矢泽爱,,远方出版社,2003,15.00元,9.1
2988328,瑪莉的音樂盒#上,大人的童話,人類文明的反省之歌,古屋兔丸,,原動力亞細亞,2007,NT180,8.8
1337297,篮球飞人,男兒當入樽,井上雄彥,张成淼,文化傳訊,1996-3-30,HK$32.00,9.6
25811487,人間失控(01),,坂邊周一,螺絲,尖端,2006-12,110元,7.4
1499152,KISS,,松本友,陳玉華,东立,1998-3-5,NT$75元,8.9
1975756,攻殻機動隊 1,,松本友,陳玉華,东立,1998-3-5,NT$75元,8.9
3071150,江戶盜賊團五葉 1,,松本友,陳玉華,东立,1998-3-5,NT$75元,9.1
2244267,少年同盟 1,,堀田きいち,蕭嘉慧,東立,2007-8-13,NT95,9.2
3035118,帶子狼(1),,作：小池一夫、畫：小島剛夕,,時報文化,1994年05月28日,140元,8.5
4022411,銀の華 上巻,男女郎苦界草紙,田亀源五郎,,H&o,2001年4月,EUR 16.90,8.6
10774849,五十嵐大介画集・海獣とタマシイ,,五十嵐 大介,,小学館,2012-7-30,3990円（税込）,9.7
3996036,少年啊！要光耀耽美2,,美樹麻樹,,青文出版社,2009,NT120,8.6
25738452,へんなねえさん,,吉富昭仁,,太田出版,2013-10-10,JPY 683,9.1
26305393,無限之住人 1,,吉富昭仁,,太田出版,2013-10-10,JPY 683,8.7
3004200,Orso e intellettuale,クマとインテリ,吉富昭仁,,太田出版,2013-10-10,JPY 683,9.1
1478505,小甜甜,,水木杏子、五十嵐優美子,欧蔼诗,玉皇朝出版,1997-11,33元,8.6
2170344,戀物語 01,,水木杏子、五十嵐優美子,欧蔼诗,玉皇朝出版,1997-11,33元,8.2
1389535,百鬼夜行抄12,,今市子,,東立出版社有限公司,2005-5-10,新台币100元,9.0
2264004,光速蒙面俠(01),,原作：稻垣理一郎、漫畫：村田雄介,方郁仁,東立,2003-06-29,90元,9.0
26393035,四代目・大和辰之,,スカーレット・ベリ子,,新書館,2015-7-30,JPY 680,8.4
2257902,只想告訴你01,,椎名軽穂,張芳馨,東立,2007年9月5日,NT$90,9.0
20470913,深夜食堂 03,,[日] 安倍夜郎,陈颖,湖南文艺出版社,2013-1,25.00元,9.1
24859164,食戟之靈 01,無盡的荒野,附田祐斗、佐伯俊、森崎友紀,陳姿君,東立出版社,2013-12-6,NT$100,7.9
3570406,うさぎドロップ 1,,附田祐斗、佐伯俊、森崎友紀,陳姿君,東立出版社,2013-12-6,NT$100,9.0
2994137,深海鱼男,日本講談社正式授權台灣中文版,古谷实、古谷實、ふるや みのる,郭柔孜,尖端,2008,NT$ 100,8.6
5292888,美少女製造機,沙村廣明短篇集,沙村廣明,李昆達,東販,2010-9-24,120元,8.5
4858823,人間失格 01,,古屋兎丸、太宰治,方郁仁,東立出版社,2010-10-06,NT$120,8.6
2135407,Blue,,鱼喃キリコ\鱼喃贵理子\Nannana Kiriko,,マガジンハウス,1997-4,JPY 1026,8.7
3114955,魚2,,伊藤潤二,,蔡夢芳,東立,100(元),8.8
2344128,21世纪少年上,《20世纪少年》完结篇,浦泽直树,刘丽坤,玉皇朝出版有限公司,2007,港币33,9.2
19972249,江戶川亂步異人館 01,,山口讓司,蔡妃甯,東立出版社,2012-12-3,NT$120,7.6
20390101,深夜食堂 10,,安倍夜郎,丁世佳,新經典圖文傳播有限公司,2012-11-30,NTD200元,9.1
2068527,蠟筆小新1,日本雙葉社正式授權臺灣中文版,臼井儀人,錢亞東,東立,1994年7月20日,NT$100,9.0
3229590,噬谎者VOL1,,迫稔雄,,天下出版（國際）有限公司,2007-12,HKD 32.00,8.5
4197993,花粉少女2! (WANI MAGAZINE COMICS SPECIAL),,小梅けいと,,ワニマガジン社,2009-12-26,JPY 12.60,7.8
4195825,星之聲,,新海誠、佐原瑞,丹羽長,尖端出版,2007-2-16,TWD 110,8.8
6864195,eva re-take,On parties in poetry: And On the character of Hamlet,新海誠、佐原瑞,丹羽長,尖端出版,2007-2-16,TWD 110,9.3
26264781,ヒミツの催眠教室,,サキラ,,リブレ出版,2015-1-10,JPY 679,7.3
3714244,十日后,灌篮高手「十日后」完全版,サキラ,,リブレ出版,2015-1-10,JPY 679,9.6
2256243,會長是女僕大人 Vol.01,,サキラ,,リブレ出版,2015-1-10,JPY 679,8.0
10529412,深夜食堂 06,,安倍夜郎,丁世佳,新經典文化,2012-3-28,NT$200,9.2
2975917,MAGIC,,清水玲子,,白泉社,1997-02,410日元,9.2
1193821,最游记,,清水玲子,,白泉社,1997-02,410日元,8.0
3421741,槍王黑澤,OGCMaster,清水玲子,,白泉社,1997-02,410日元,8.9
1440553,淘氣小親親01,,多田 薰,張美珠,東立,1997,85元,9.0
2972043,殺殺草紙,大江戶奇騷天外,駕籠真太郎,,平和出版,2004-05-20,1,200円 (税込),8.6
1483645,紅色花束,高橋留美子傑作集,高橋留美子,,天下出版有限公司,2006,HKD 42,9.0
4051727,魔偶馬戲團 27,,高橋留美子,,天下出版有限公司,2006,HKD 42,9.2
25946467,デッドデッドデーモンズデデデデデストラクション 1,,浅野 いにお,,小学館,2014-9-30,JPY 596,8.6
26845623,囀る鳥は羽ばたかない 4 小冊子付限定版,,ヨネダコウ,,大洋図書,2016-9-30,JPY 990,9.7
1832435,雨柳堂梦语,,波津彬子,莊麗玲,东立,1985,04,8.5
3142383,遙遠的小鎮（下）,,谷口治郎,章澤儀,東販,2004-06-28,180元,9.1
25913265,偽×恋ボーイフレンド,,山本アタル,,リブレ出版,2014-8-23,JPY  689,7.5
26367556,深夜食堂 14,,安倍夜郎,丁世佳,新經典文化,2015-5-6,NT$200,8.7
24748969,溺愛調教,,西野花、笠井あゆみ,,徳間書店,2013-7-27,JPY 600,6.9
2978969,守護她的51種方法01,,古屋兔丸,林捷瑜,東立,2008年1月21日,105 (元),8.4
2123707,新宿夜啼鸟,,古屋兔丸,林捷瑜,東立,2008年1月21日,105 (元),7.8
2301755,恐怖桃源,香港中文版,今敏,,天下出版,1991,35元,7.5
5393797,鉄道少女漫画,,中村明日美子,,白泉社,2011-1-31,750 円(税込),9.0
20382353,排球少年 1,日向與影山,古舘春一,蔡夢芳,東立,2013-3-15,NT95,9.3
1418053,思考少年1,,藤原薰,张翠玉,东立出版有限公司,2001-2-20,新台币80元,9.1
5401359,森山中教習所,,真造圭伍,,小学館,2010-8-30,550円（税込）,8.2
1921479,貧窮貴公子,贫穷贵公子,真造圭伍,,小学館,2010-8-30,550円（税込）,8.2
10545441,幽麗塔 1 (ビッグコミックス),,乃木坂太郎,,小学館,2011-11-30,550,8.1
2077187,交響情人夢,,二ノ宮知子,蔡夢芳,東立,2002-12-13,85元,9.1
5341592,アナモルフォシスの冥獣,失真的冥兽,駕籠真太郎,,コアマガジン,2010年11月18日,1,575 円,8.1
10759773,深夜食堂 07,,安倍夜郎,丁世佳,新經典圖文傳播有限公司,2012-6,NT$200,9.2
4022422,銀の華 中巻,男女郎苦界草紙,安倍夜郎,丁世佳,新經典圖文傳播有限公司,2012-6,NT$200,8.7
1337145,LONG龍1,,村上紀香,,東立,2005年06月28日,NT$ 95,8.8
1442681,伊藤潤二恐怖漫畫精選【2】,富江 2,伊藤潤二,高郁雯,東立,1999-4-20,新台币105元,8.8
1389456,火影忍者26,,岸本齊史,,東立,2005-3-16,新台币90元,8.2
25762729,四月是你的謊言 01,,新川直司,趙秋鳳,東立出版社,2014-1-20,NT$100,8.7
11639625,深夜食堂 09,,安倍夜郎,丁世佳,新經典圖文傳播有限公司,2012-10-3,NT$200,9.1
2063819,偷偷爱着你,花样少年少女,安倍夜郎,丁世佳,新經典圖文傳播有限公司,2012-10-3,NT$200,8.0
4022426,銀の華 下巻,男女郎苦界草紙,安倍夜郎,丁世佳,新經典圖文傳播有限公司,2012-10-3,NT$200,8.7
2361442,骨の音,,岩明均,,講談社,1990-1,JPY 509,9.1
3057239,吸血鬼骑士 3,ヴァンパイア騎士 3,岩明均,,講談社,1990-1,JPY 509,8.4
2268711,非法侵入(03),,坂邊周一,張益豐,東立,2006年11月16日,105元,6.7
1947471,蒼の封印,,篠原千絵,,小学館,1992,JPY 398,8.0
22171973,ひきだしにテラリウム,抽屉里的温室箱,九井諒子,,イースト・プレス,2013-3-16,JPY 798,9.1
1927748,新世紀福音戰士01,,原作：GAINAX、漫畫：貞本義行,艾澀,台灣東販出版社,1997-5-1,TWD 120,8.9
4319106,元气少女缘结神 Vol_1,,铃木JULIETTA,蔡夢芳,东立,2009-6-8,NT$95,8.6
3196103,日常 1,,铃木JULIETTA,蔡夢芳,东立,2009-6-8,NT$95,9.1
2380369,光之城,,淺野一二○,周芝羽,東販出版,2005-12-23,NT$120,8.7
26396730,犬屋敷1,犬舍,奥浩哉,,玉皇朝,2015-3,35HKD,8.3
25982649,深夜食堂 13,,安倍夜郎,丁世佳,新經典,2014-10-1,NT$200,8.8
3426139,好色吉田家(01),,中島守男,吳勵誠,東立,2009年1月16日,110元,7.3
3144132,阿基拉01,,大友克洋,,東立,2012-8,250(元),9.1
4241767,邻座的怪同学 1,,大友克洋,,東立,2012-8,250(元),8.7
3408092,LEVEL E（全3册）,E级水平,富坚义博,,新疆青少年出版社,1999,每册3.50,9.4
25739928,累 1,,松浦 だるま、松浦达磨,,講談社,2013-10-23,JPY 617,8.1
26392457,惡魔蛙男 1,,巴亮介,吊木光,台灣東販,2015-3-15,120NT,8.3
1828218,東方奇譚秘聞錄(01),,星野之宣,章澤儀,东贩,2001年1月1日,160元,8.3
3714465,AX Volume 1,A Collection of Alternative Manga,Various; Various;,,Top Shelf Productions,2010-10-5,USD 29.95,8.2
1418826,西洋骨董洋果子店,,Various; Various;,,Top Shelf Productions,2010-10-5,USD 29.95,8.4
3202110,世界一初恋    ~小野寺律の場合~,世界第一初恋~小野寺律的场合~,中村 春菊,,角川グループパブリッシング,2008-7-1,JPY 588,9.0
2280018,舞吧！昴,,曾田正人,,郑盈盈,玉皇朝出版集团,2000,8.8
1495303,魔卡少女樱,,曾田正人,,郑盈盈,玉皇朝出版集团,2000,7.8
1351652,路德維希革命1,,由貴香織里,江荷偲,東立,2005-7-11,新台币90元,8.5
1253459,尼罗河女儿（第2部上下）,,细川容智子,,中国电影出版社,2003-2,28.00元,8.3
2975856,22XX,,清水玲子,,白泉社,2001-09,650日元,9.2
1082404,X.1,,CLAMP,刘安彭,中国轻工业出版社,2003-9,9.80 元,8.4
2253766,快乐人生/新快乐人生,,釋英勝,,Fayard,2002-04-02,€38.85,8.5
4000137,SWEET 他的甜蜜滋味,,釋英勝,,Fayard,2002-04-02,€38.85,6.7
25887816,謝謝你，在這世界的一隅找到我（上）,,河野史代,柳曉陽,漫遊者文化,2014-6-26,NT$230,8.1
3288934,只有你聽得到,,乙一 原作、清原紘 漫畫,北極熊,臺灣國際角川,2008年12月,NTD110元,8.6
1773419,近所物语,芳邻同盟会,矢泽爱,,远方出版社,03.7,18.00,8.8
1867482,酷貓小黑的生活日記 6,,（日）杉作,,陈美幸,台湾尖端,2004-3-5,9.0
2354860,魔女 1,,五十嵐 大介,,小学館,2004-04-30,660円 (税込),8.5
1763364,新恐怖寵物店1,,秋乃茉莉,劉曉歸,東立,2005-08-17,JPY 617,8.7
3174235,出包王女(01),,腳本：長谷見沙貴、漫畫：矢吹健太朗,張芳馨,東立,2007年8月6日,95元,7.4
4237387,キングダム / KINGDOOM / 王者天下,,原泰久,,集英社,2006,530円（税込）,8.9
3915753,ヴィンランド・サガ（1）,,幸村 誠,,講談社,2005-7-15,JPY 440,9.1
3410291,料理仙姬(01),,菊池正太,,東販,2001-04-02,120元,8.5
4724485,柔術教師,,田亀源五郎,,POT Publishing Co.,2003-12-9,JPY 4725,7.7
2143465,我們的存在 1,,小畑友紀,,柯明鈺,東立,2003-6-25,8.7
1891870,蹦蹦跳跳的仙太郎(1),,小畑友紀,,柯明鈺,東立,2003-6-25,8.9
1428451,危險調查員(01),,小畑友紀,,柯明鈺,東立,2003-6-25,8.7
3017840,南瓜與美乃滋,,小畑友紀,,柯明鈺,東立,2003-6-25,8.4
26384518,山羊座の友人,,乙一、ミヨカワ　将,,集英社,2015-6-4,JPY 648,8.2
1481371,封神演義 1,日本集英社正式授權臺灣中文版,藤崎竜,,楊雅玲,東立出版社有限公司,85元,8.6
3765218,18禁(01),小伦18岁,藤崎竜,,楊雅玲,東立出版社有限公司,85元,7.6
3147130,人でなしの恋 (いずみコミックス),,沙村 広明,,一水社,2006-12-21,JPY 30.00,8.8
5913297,惑星公主蜥蜴騎士 01,,水上悟志,,長鴻出版社,2006-9-7,NT$105,8.4
3394204,天堂餐館,Ristorante Paradiso,小野夏芽,瑪朵,2008,10,9,9.0
1416964,H2 好逑雙物語 32,,安達充,,大晨图书有限公司,2000-05-15,75元,9.2
1458193,Cipher 1,,成田 美名子,,白泉社,1985-7,360円,8.8
1814127,樱兰高校男公关部 vol.02,,成田 美名子,,白泉社,1985-7,360円,8.4
1431629,xxxHOLiC(01),,CLAMP,尤靜慧,東立,2003年12月2日,100元,8.6
23780875,深夜食堂 05,,[日] 安倍夜郎,陈颖,湖南文艺出版社,2013-6,25.00元,9.1
4847858,浪客行 2,原作改篇自吉川英治《宮本武藏》,[日] 安倍夜郎,陈颖,湖南文艺出版社,2013-6,25.00元,9.5
11501462,orange 1,,高野 苺,,集英社,2012-7-25,JPY 432,8.9
1978295,靈異E接觸1,,冨樫義博,楊維貞,東立,1997,NT$75,9.2
26800398,ジャッカス!,谁说你可以碰我了,スカーレット・ベリ子,,新書館,2016-7-30,JPY 702,9.0
2378697,ワールドアパートメントホラー,,今敏、大友克洋、信本敬子,,講談社,1991,JPY 8.05,7.8
3636515,G-Taste 01,,今敏、大友克洋、信本敬子,,講談社,1991,JPY 8.05,8.6
1506882,高橋留美子傑作集  Pの悲劇,,高橋留美子,,小学館,1994-1-29,999円（税込）,8.9
26718910,過剰妄想少年 2,,ぴい,,ふゅーじょんぷろだくと,2016-3-24,JPY 729,8.4
1956579,トラベル,,横山 裕一,,イースト・プレス,2006-4,JPY 1198,9.0
1945466,トーマの心臓,,萩尾 望都,,小学館,1995-8,JPY 710,9.2
6393901,劍豪生死鬥(15),,原作：南條範夫、漫畫：山口貴由,猴,東立,2011-3-30,120元,9.4
3410948,ウィルトゥース,(オークラコミックス) (オークラコミックス) (コミック),原作：南條範夫、漫畫：山口貴由,猴,東立,2011-3-30,120元,8.5
10518721,錯位的青春 1,,淺野一二O,涂博惟,台灣東販,2012-2-1,120,8.2
3152186,薩德候爵-古典異色名作集1,日本青林堂正式授權中文版,千之刃,趙秋鳳,東立,2008年6月2 日,110(元),6.9
1784458,佛陀(1),手塚治虫漫畫全集授權愛藏版 063,手塚治虫,陳秀枝,時報文化,1993年12月08日,95元,8.9
26286422,高台家的成員 (1),,森本梢子,,長鴻,2014-7-26,NT$100,8.5
4824168,西遊奇伝 大猿王 (2),,寺田克也,,集英社,2010年06月18日,2,000円（税込）,9.0
1935818,水果篮子1,,高屋奈月,,中国少年儿童出版社,2006-8,7.20元,8.1
1968420,魔音少年,喜欢的并非你那充满魔力的声音，而是拥有魔音的你。,绿川幸,尤靜惠,白泉社,2001-8-25,NT$80,8.7
4009523,淫蕩學校,「Horror Dragonia」少女小說總集【叁】,绿川幸,尤靜惠,白泉社,2001-8-25,NT$80,7.8
25895602,月刊少女野崎くん(5),,椿いづみ,,スクウェア・エニックス,2014-7-22,JPY 514,9.5
2382060,人間以上,駕籠真太郎ショッキング劇場,駕籠 真太郎,,久保書店,2002-9,1260日元,7.9
6894976,仁醫 (1),,村上紀香,,正文社,2003-5,$33,8.6
1432578,吸血鬼骑士(1-2),,通野茉莉,,内蒙古人民出版社,2005,6.9,8.0
2147002,死亡筆記 2,会合,大場鶇、小畑健,陈欣智,文化传信有限公司,2004年,HKD 30,9.3
3193774,ブラッドハーレーの馬車,,沙村広明,,太田出版,2007-12-18,700円（税込）,7.7
1777861,強殖裝甲 01,,沙村広明,,太田出版,2007-12-18,700円（税込）,8.7
3156049,夕凪之街櫻之國,,沙村広明,,太田出版,2007-12-18,700円（税込）,8.4
11595913,思春期诱惑 01,,冈田和人,,长鸿,2009-5-19,110,8.1
3104881,築地魚河岸三代目(01),日本小學館正式授權台灣中文版,作：鍋島雅治、畫：橋本光男,吳傳賢,東立出版社有限公司,2003-1-5,NT$100元,9.1
25815862,百姓貴族 03,,荒川弘,方郁仁,東立出版社,2014-7-28,NT$130,9.2
25745052,坂本ですが? 2,,佐野菜見,,エンターブレイン,2013-11-15,JPY 651,9.0
6308035,星守犬,,村上崇 村上たかし,Asma,时报文化出版企业股份,2011-4-24,72.00元,8.9
3334382,世界第一的初恋,小野寺律の场合,村上崇 村上たかし,Asma,时报文化出版企业股份,2011-4-24,72.00元,9.0
19948883,九井諒子作品集 竜のかわいい七つの子,,九井諒子,,エンターブレイン,2012-10-15,JPY 693,9.3
1916248,風と木の詩/风与木之诗,,竹宫惠子,白泉社,中央公論社,2006年05月,30.0,8.6
1458186,人魚之傷,日本小學館正式授權臺灣中文版,高橋留美子、高桥留美子,真魚,尖端,2004 年 06 月 24 日,NT120元,8.6
20388106,スピリットサークル 魂環 1巻,,水上 悟志,,少年画報社,2012-12-10,JPY 600,9.1
6853624,神さまの言うとおり 1,,金城宗幸、藤村緋二,,講談社,2011-7-8,460円,8.2
3241746,家庭主夫錄(01),,河野史代,郭明哲,長鴻出版社,2007-01-19,110元,8.9
1945286,失踪日記,,吾妻 ひでお,,イースト・プレス,2005-3,1,197 円（税込）,8.1
26592288,百万畳ラビリンス 上巻,,たかみち,,少年画報社,2015-8-10,JPY 734,8.7
2380004,奇人画報,,たかみち,,少年画報社,2015-8-10,JPY 734,8.3
5363436,OPUS（オーパス） 上巻,,今敏,,徳間書店,2010年12月13日,980円(税込),8.2
10345003,屍體派對 Blood Covered 01,,祁答院慎(TeamGrisGris)、篠宮トシミ,王薇婷,東立出版社,2011-11-18,NT$95,7.4
3987585,漆原友紀作品集,,漆原友紀,周芝羽,東販,2009-8-15,120元,8.8
6745542,GANGSTA.（1）,,コースケ,,株式会社 新潮社,2011-7-15,552円（税別）,9.0
4823479,ウツボラ 1,エフコミックス,中村明日美子,,太田出版,2010年6月,680日元,8.6
3118506,傀儡馬戲團1,,藤田和日郎,,青文,2007年10月07日,80元,8.7
26641315,迷宮飯 2,,九井諒子,李妮瑄,青文出版社,2015-12-30,NT$140,9.2
5401809,少年メイドクーロ君,奴隷編,柊柾葵,,松文館,2005-11,JPY 950,5.0
2038238,戒音,,由貴香織里,猴,東立,2004-12-22,85元,8.4
2066962,麻辣教師GTO(01),,藤沢亨,李其馨,東立,1997-12-05,NT$80,9.1
1410555,20世紀少年18,大家的歌,浦沢直樹,,磊正傑,東立,100(元),9.4
3204343,天上之弦,,浦沢直樹,,磊正傑,東立,100(元),9.1
3148553,小説名探偵コナン 工藤新一の復活 工藤新一の復活,,青山 剛昌、渡邉 睦月、平良 隆久,,小学館,2010-1,JPY 741,8.7
26919363,東京タラレバ娘 7,,東村アキコ,,講談社,2017-1-13,JPY 463,7.7
1898609,吉祥寺咖啡屋,,宮本夕生,,Wiley,2002-9-9,940.00元,8.1
1849458,東大特訓班(01),,宮本夕生,,Wiley,2002-9-9,940.00元,8.9
3143942,人鱼之森/人鱼之伤/夜叉之瞳,人鱼系列之一/二/三,宮本夕生,,Wiley,2002-9-9,940.00元,9.0
1855531,橘子酱男孩,,吉住涉,,集英社,1992,JPY 4.10,7.5
6727803,元气少女缘结神 5,,鈴木JULIETTA,蔡夢芳,東立出版社,2011-5-31,NT$95,9.0
3126669,機動戰士Gundam The Origin(01),Vol.1 始动篇,安彥良和,刘文兆,角川書店,2002.07.02,110元,9.4
1967149,天國餐館(01),,佐佐木倫子,劉曉歸,東立,2001年8月15日,105元,9.0
1821423,燕京伶人抄,,佐佐木倫子,劉曉歸,東立,2001年8月15日,105元,8.9
21288655,生化禁區 BIOMEGA 1,,弐瓶勉,張益豐,東立,2012-5-21,120元,8.9
3138214,螺絲俠(01),,弐瓶勉,張益豐,東立,2012-5-21,120元,8.1
20390713,ぼくは麻理のなか,,押見 修造,,双葉社,2012-12-7,JPY 630,7.6
6790843,水域（下）,,漆原友紀,connie,臺灣東販,2011-8,NT130,9.2
10744844,憂國的拉斯普金 01,,佐藤優、伊藤潤二、長崎尚志,林佳祥,東立出版社,2012-5-14,NT$120,8.1
25814660,レビウス 1,,中田 春彌,,小学館,2014-1-30,JPY 751,8.8
1948849,星座宫神话,沧海中遗落的玻璃珠,中田 春彌,,小学館,2014-1-30,JPY 751,8.0
21362229,クズの本懐 1,,横槍 メンゴ,,スクウェア・エニックス,2013-2-19,JPY 590,7.5
1812618,电影少女,,横槍 メンゴ,,スクウェア・エニックス,2013-2-19,JPY 590,7.7
3138136,π－圓周率－01,,古屋兔丸,劉曉歸,東立出版社有限公司,2004-07-13,100(元),7.8
24741482,citrus,,サブロウタ,,一迅社,2013-7-18,JPY 926,7.9
5411307,日本漫画大师讲座2,林晃和角丸圆讲漫画服饰造型,サブロウタ,,一迅社,2013-7-18,JPY 926,9.0
4199619,神之雫,套装共5册,（日）亚树直、（日）冲本秀,杜罗河,陕西师范大学出版社,2012-6-28,22.00元,8.3
1457226,ROUGH,,安达充,,新疆少儿出版社,2004,38,9.2
1467905,孔雀王01,,荻野真,張益豐,東立,民88,90(元),7.3
26924152,迷宮飯 3,,九井諒子,李妮瑄,青文出版社,2016-11-16,NT 140,8.2
1918006,溺水小刀（01）,,GEORGE朝倉,,東立,2006-6-21,NT $85,8.9
3082471,鐵路便當之旅(01),,監修：櫻井寬、畫：はやせ淳,方郁仁,東立出版社有限公司,2007年1月26日,105元,8.8
3631241,チェーザレ（1）,破壊の創造者,惣領冬実,,講談社,2006年10月,743円 (税込 780 円),9.2
1466494,天然少年,natural,成田美名子,内蒙古文化出版社,1994-08-00,全11册，4.5,册,8.7
26227933,悠悠哉哉,,谷口治郎,謝仲庭,臉譜,2014-11-27,NT$280,7.8
5908855,炎热的日子,,绿川幸,尤静慧,东立,2003-4-25,NT$ 80,9.0
1811844,陰陽師 1,,绿川幸,尤静慧,东立,2003-4-25,NT$ 80,8.7
1467506,怪医秦博士,,手冢治虫,,齐生,海南摄影美术出版社,1992,9.0
1932275,死刑执行中脱狱进行中,荒木飞吕彦短篇集,荒木飞吕彦,,天下出版,2000-9-27,$30,9.0
3126586,恶女 1,,深見惇,魏亞萍,時報文化,1994年,72元,9.3
1953951,kiss魔法（1-9）,,深見惇,魏亞萍,時報文化,1994年,72元,6.9
7056396,ねこだらけ ナイス,,横山 キムチ,,講談社,2011-11-22,JPY 630,9.2
1482289,地雷震（6）,,高桥努,,講談社,2003-7-11,JPY 798,8.5
5312958,失戀巧克力職人 1,,高桥努,,講談社,2003-7-11,JPY 798,7.9
26658541,Levius/est 1,,中田 春彌,,集英社,2015-12-18,JPY 680,9.1
3227340,情人的吻,lover's kiss,吉田秋生,,小学館,1995-11,407円（税込）,9.1
1439891,阳光少女,,北条司,,邹宁,中国华侨出版社,13.50,8.6
3056022,Present for me~機器人的聖誕禮物~,,石黑正數,翁蛉蛉,東立,2008年2月2日,90(元),8.3
3134967,神之雫01,,石黑正數,翁蛉蛉,東立,2008年2月2日,90(元),8.1
1467592,JoJo冒险奇遇,,石黑正數,翁蛉蛉,東立,2008年2月2日,90(元),9.3
10583125,奇妙旅店 01,,道滿晴明,李昆達,台灣東販,2012-5-23,NT$120,8.6
3634292,艶漢 1,,尚月地,新書館,2008,09,557,8.7
1788132,ノアの宇宙船―清水玲子傑作集,》……"杰克，吃了我的身体吧，继承我的身体，代替我活着，看着，感,清水玲子,,白泉社,1985-10,JPY 421,9.0
1419484,笑園漫畫大王1,,东清彦,方郁仁,東立,2002-12-5,新台币110元,8.9
2039490,灵猫,,筱原千绘,王峰,远方,2003,18.00,7.9
2975943,月之子（全13卷）,,清水玲子,,白泉社,1989-02,410日元,8.7
3172206,凡爾賽玫瑰(01),,池田理代子,,莊麗玲,東立,90元,8.8
2378683,海帰線,日本講談社授權香港中文版,今敏,漫畫天下,1999,07,$ 35,7.5
19894442,式の前日,,穂積,,小学館,2012-9-10,450円（税込）,8.8
11507849,Spica~羽海野千花初期短篇集~,,羽海野千花、羽海野チカ,可可亞,尖端,2012-7-20,NT140,8.4
3177223,三角草的春天(01),,押切蓮介,張益豐,東立,2008年8月16日,95元,7.6
3127875,賭博墮天錄(01),日本講談社正式授權台灣中文版,福本伸行,郭明哲,長鴻,2008-06-05,120元,8.2
2360269,タッチ 完全版（1）,,あだち充,,小学館,2005-7,900 （税込）,9.3
1471904,惑星奇航 1,,幸村 誠,,臺灣東販,2001-5-31,NTD 110,9.1
4262616,妖精的尾巴,,(日) 真岛浩,陈静,湖北少年儿童出版社,2010-2,10.00元,8.4
1369776,近所物語,漫畫,(日) 真岛浩,陈静,湖北少年儿童出版社,2010-2,10.00元,8.7
2138225,白雪公主,,由贵香织里,,少年书社,2004,HK18.8,8.6
3113720,REAL(01),,由贵香织里,,少年书社,2004,HK18.8,9.2
2066883,桐人傳奇 (1),,手塚治虫,,黃珮珊,時報文化,1994年09月18日,9.1
3113728,REAL(04),,手塚治虫,,黃珮珊,時報文化,1994年09月18日,9.3
1763484,聖堂教父(1),圣堂教父,編劇：史村翔、漫畫：池上遼一,王珠惠,時報文化,1994年10月26日,90元,8.6
26713246,僕と君の大切な話 1,,ろびこ,,講談社,2016-3-11,JPY 463,7.7
3014067,黑博物馆弹簧腿杰克,日本講談社授權臺灣中文版,藤田和日郎,王瑜平,青文,2008-2-15,NT140元,8.2
10468362,百姓貴族 02,,荒川弘,方郁仁,東立出版社,2012-5-9,NT$130,9.5
26292525,巴士四點見,高野文子短篇作品集,[日]高野文子,黃廷玉,臉譜,2015-1,NT$260,8.9
2147980,艾瑪 1,英国恋物语,[日]高野文子,黃廷玉,臉譜,2015-1,NT$260,8.8
3000192,荒川アンダーザブリッジ 1,荒川爆笑團,[日]高野文子,黃廷玉,臉譜,2015-1,NT$260,9.2
3177055,搬家,竹易手足漫畫全集,[日]高野文子,黃廷玉,臉譜,2015-1,NT$260,8.2
6803165,青之花,01+02,志村貴子,,林佩瑾,青文出版社,2011-8-11,9.3
2976542,圣斗士星矢 1,雅典娜的圣斗士之卷,车田正美,梁晓岩,中国少年儿童出版社,2007-12,9.80元,9.0
1212858,小狼的心意,,CLAMP,胡楠,接力出版社,2003-1-1,7.80,8.8
2143443,奇子 1,手塚治虫经典名作,手塚治虫,,文化传信,1994-7,HKD 30,8.8
3294640,Red Colored Elegy,,林静一 (Seiichi Hayashi),,Drawn and Quarterly,2008-07-22,USD 24.95,8.6
1424695,天堂之吻 (Vol. 2),,矢澤愛,詹慧娟,玉皇朝出版集團,2002,港币38元,9.1
10805446,ぼくらのフンカ祭,,真造圭伍,,小学館,2012-7-30,780円（税込）,8.1
1778420,昨日之歌 (01),,冬目景,翁蛉玲,東立,2001,95(元),8.6
2344089,裂口女傳說,,冬目景,翁蛉玲,東立,2001,95(元),7.1
2046995,17歲 1,女子高生監禁殺人,藤井誠二、鐮田洋次,張益豐,東立,2006,nt 105,7.4
3125625,魁!!天兵高校01,,野中英次,方郁仁,東立,2005年6月,85(元),9.1
1499186,MONSTER-怪物-18,SCENERY OF THE DOOMSDAY,浦沢直樹,,東立,2002-6-26,新台币100元,9.5
1822210,軍雞,军鸡,浦沢直樹,,東立,2002-6-26,新台币100元,8.0
2074155,拥抱春天的罗曼史,,浦沢直樹,,東立,2002-6-26,新台币100元,8.6
2081433,纽约美女,New York beautiful woman,浦沢直樹,,東立,2002-6-26,新台币100元,8.7
1436653,寄生獸 (完全版) (Vol. 5),完全版,岩明均,林秋英,天下出版有限公司,10月2005年,HKD $48,9.0
3140250,PLUTO~冥王~03,,浦沢直樹,Asma,東立,2006年9月26日,105(元),9.3
3114957,隧道奇譚,,浦沢直樹,Asma,東立,2006年9月26日,105(元),8.7
2262282,故事说不停-1,,五十岚 大介,李其馨,东立,1998,NT110元,8.6
3439738,新快樂人生(01),,飛燕,,富士美出版,2016-2-29,JPY 1080,8.5
3832690,最新漫画色彩使用技巧,,（日）美术出版社,书锦缘,辽宁科学技术出版社,2009-7-1,38.00,8.6
1582254,變奏家族01,,北条司,宋惠芸,大然文化,1998-08-07,90元,8.5
1467657,羊のうた 1,,冬目景,,幻冬舍,2002-1,JPY 567,8.3
1774584,微忧青春日记,,冬目景,,幻冬舍,2002-1,JPY 567,8.6
1431880,CLOVER(01),,冬目景,,幻冬舍,2002-1,JPY 567,8.7
2078991,绝爱-BRONZE-,,尾崎南,,日本集英社-台湾东立,1999-03-05,NT$90,8.7
2079027,放課後保健室,,尾崎南,,日本集英社-台湾东立,1999-03-05,NT$90,8.1
4906045,大川端偵探社(01),,尾崎南,,日本集英社-台湾东立,1999-03-05,NT$90,7.0
2244655,敏行快跑!(01),,尾崎南,,日本集英社-台湾东立,1999-03-05,NT$90,8.2
1894749,7 SEEDS~幻海奇情~(01),幻海奇情,田村由美,楊雅玲,東立,2004年1月5日,80元,9.2
3077595,邱比特的惡作劇II櫻桃症候群(01),,田村由美,楊雅玲,東立,2004年1月5日,80元,8.5
2977245,惡女聖書01,,原作：池田悦子、漫畫：牧 美也子,,林雅慧,東立,90元,7.9
26178662,彼の両性具有独占欲,,カノンチヒロ,,大都社,2014-12-12,JPY 720,7.4
3184576,こどものおもちゃ 1,こどものおもちゃ,小花美穂,,集英社,1994,630円（税込）,9.5
1975743,異色短篇集6-終結機器人,日本小學館獨家授權,藤子·F·不二雄,林環容,大然文化事業股份有限公司,83年6月,NT$60元,9.3
1877863,青い春,松本大洋短編集,松本大洋,,小学館,1998,920円 (税込),8.9
3229526,魔域英雄传说VOL0,,塩野 干支郎次,,スクウェア・エニックス,2005-7-25,JPY 545,8.4
1875227,交響情人夢(07),,二ノ宮知子,蔡夢芳,東立,2004年3月,85元,8.9
1364772,怪醫秦博士,,二ノ宮知子,蔡夢芳,東立,2004年3月,85元,8.9
1937607,座敷女,,望月峰太郎,,講談社,1993-07,JPY 5.60,7.3
26733615,ネガ,,はらだ,,竹書房,2016-4-16,JPY 710,8.7
26232758,北极熊Café 核桃味,,[日] 比嘉Aloha,夏休,世界图书出版公司,2015-4,24.00元,8.9
3142355,悶悶不樂的漱石,,[日] 比嘉Aloha,夏休,世界图书出版公司,2015-4,24.00元,8.9
10587941,火之鳥 復刻版 01,黎明篇,手塚治虫,章澤儀,台灣東販,2012-5-27,NT$240,9.3
1581547,聖闘士星矢 1,集英社獨家授權中文版,車田正美,潘潘,大然,民82,NT$60,8.6
2380037,駅前花嫁,,駕籠 真太郎,,太田出版,2000-12,JPY 1365,8.5
1950269,残酷な神が支配する 1,,萩尾望都,,小学館,2004年11月,610円（税込）,9.4
2301159,超伝脳パラタクシス,,駕籠 真太郎,,集英社,2002-2,1260日元,8.4
3626715,蟲師10,,駕籠 真太郎,,集英社,2002-2,1260日元,9.7
6429365,咖啡时间,,丰田彻也、豐田徹也,蔡夢芳,台湾东立出版社,2010-8-30,120台币,8.2
7052763,元氣囝仔 1,,ヨシノ サツキ,Akane,長鴻出版社股份有限公司,2011-8-15,NT$ 130,9.2
4891264,クイーンズゲイト 紅の忍 不知火舞,,泉まひる,,ホビージャパン,2008-10-31,1,500円(税込),7.3
26641341,GRANDBLUE 碧藍之海 01,,井上堅二、吉岡公威,江昱霖,東立出版社,2015-10-14,NT$130,8.8
3146548,最強不良傳說(01),,Boichi,巫文嘉,東立,2007年5月9日,115(元),7.5
3686135,極楽町一丁目 (嫁姑地獄篇),嫁姑地獄篇,二階堂正宏,,朝日ソノラマ,2000-07,JPY 8.80,8.7
20437563,LAST GAME─青春角力賽─ 01,,天乃忍,江荷偲,東立出版社,2013-2-18,NT$95,8.5
10776060,最底辺の男-Scumbag Loser- 1,,山口 ミコト,,スクウェア・エニックス,2012-5-22,JPY 620,7.0
3118450,潮與虎(01),,山口 ミコト,,スクウェア・エニックス,2012-5-22,JPY 620,8.4
25661537,アシガール 1,,森本 梢子,,集英社,2012-7-25,JPY 453,8.6
24522011,時空建築幻視譚 01,,冬目景,張紹仁,東立出版社,2014-1-6,NT$140,8.9
1776250,Exist―岡崎武士画集,,岡崎武士,,角川書店,1999-12,JPY 2625,8.5
19938216,斉木楠雄のサイ難 1,,麻生 周一,,集英社,2012-9-4,JPY 420,8.6
3895628,しゅごキャラ！ (7),,PEACH-PIT,,講談社,2008,420円,9.0
3278722,未來日記 01,,えすのサカエ,楊學彬,台灣角川,2007年01月13日,NT$110,8.2
4072852,芋虫,,えすのサカエ,楊學彬,台灣角川,2007年01月13日,NT$110,8.7
4878168,HER,,ヤマシタトモコ,,祥伝社,2010-07-08,680円（税込）,9.0
25819616,進擊的巨人番外篇~無悔的選擇 01,,諫山創、駿河ヒカル,陳書萍,東立出版社,2014-4-18,NT$100,8.1
3184478,黄色い本,ジャック・チボーという名の友人,高野文子,,講談社,2002-2-20,840円（税込）,9.0
5944757,星川銀座四丁目 1,,玄鉄絢,,芳文社,2010-8-11,890,8.4
4937343,超訳百人一首 うた恋い。,,杉田　圭,,メディアファクトリー,2010-8-4,JPY 998,9.5
1906406,甜甜私房貓 (全彩色漫畫) (Vol.1),,湖南彼方,,正文社,2005,HKD40,9.2
6094586,愛與欲望之螺旋 1,沉溺之月,湖南彼方,,正文社,2005,HKD40,7.2
2150267,东京茱丽叶,TOKYO JULIET,北川美幸,,大然出版社,1997,37.00,7.4
25868408,聲之形 02,,大今良時,賴思宇,東立出版社,2014-12-3,NT$100,9.0
2078655,激情无禁忌,,大今良時,賴思宇,東立出版社,2014-12-3,NT$100,6.2
26548561,憂鬱な朝 6,,日高ショーコ,,徳間書店,2015-10-3,JPY 734,9.1
4294200,宇宙兄弟3,,日高ショーコ,,徳間書店,2015-10-3,JPY 734,9.4
3173260,醫龍(01),,原案：永井明、漫畫：乃木坂太郎,張芳馨,東立,2003-06-14,105元,9.0
2222523,恋爱中毒的仙术师,,原案：永井明、漫畫：乃木坂太郎,張芳馨,東立,2003-06-14,105元,7.9
4847863,浪客行 4,原作改篇自吉川英治《宮本武藏》,原案：永井明、漫畫：乃木坂太郎,張芳馨,東立,2003-06-14,105元,9.5
3443833,戰國鬼才傳 01,,山田芳裕,陳政堯,台灣東販,2007-04-01,NT$120,8.7
4174072,召喚惡魔 01,,久保保久,張芳馨,東立出版社,2010-06-10,NT$110,9.1
6872556,朝5晚9 1,,相原実貴,王靖惠,東立,2011-8-20,NT$95,7.0
1470133,福星小子（1）,日本小學館正式授權台灣中文版,高橋留美子,拉姆同好組織,尖端,民83,NT$130,8.5
3650078,漫画家超残酷物语,,唐沢なをき,,小学馆,2005-11,714yen,8.0
6840131,激漫11：跟日本名家学插画！漫画与插画技法入门,漫画与插画技法入门,（日）美術出版社,徐媛,辽宁科学技术出版社,2011-10,29.80元,8.7
5906059,進擊的巨人 03,,諫山創,張益豐,東立出版社,2011-3-28,NT$95,8.7
3048059,龙珠(全42册),,鸟山明,牟琳,中国少年儿童出版社,2005-7-1,367.6,9.6
1442682,伊藤潤二恐怖漫畫精選【3】,肉色的妖怪,伊藤潤二、伊藤润二,莊麗玲,東立,1999 年 06 月 05 日,100 NT,8.8
3135677,寄生獸01,,岩明均,,林上園,東立,90元,9.1
5043537,夢魘製造機(01),,Cuvie,Yoshiki,青文,2010-08-13,130元,7.2
2075935,殘酷的童話,,由貴香織里,猴,東立出版社,2005-2-3,新台币85元,8.1
1931090,太陽的惡作劇,惣領冬實傑作短篇集,[日] 惣領冬實,,東立出版社有限公司,2002-12-20,新台币105元,8.8
1941703,限制級殺手(01),,TAMACHIKU,蔡雅婷,尖端出版社,2006-06-21,NT$110,8.7
2567821,ショートカッツ,Short Cuts,古屋 兎丸,,小学館,2003-5-30,JPY 580,8.8
26290373,ヲタクに恋は難しい 1,,ふじた,,一迅社,2015-4-30,JPY 880,8.3
1798552,Banana Fish, Volume 1,,Akimi Yoshida,,VIZ Media LLC,2004-03-31,USD 9.95,9.1
6309804,老師的提包1,,谷口治郎,章澤儀,东贩,2011-4-24,190,8.5
2252423,花園的旋轉木馬,,柏木晴子,,張益豐,东立出版社,2002,7.7
1180105,恐怖宠物店(2),,李英凤、秋乃茉莉,李英凤,哈尔滨出版社,2004-5-1,12.00元,9.3
1859849,医龙-Team Medical Dragon,,乃木太郎、原案:永井明,畫,小学館,2002-9-30,JPY 530,9.0
1876711,ZERO,,松本大洋,,小学館,1995,918円（税込）,8.7
3408872,群青學舍 01,,入江亞季,黃任遠,台灣角川,2007-5-29,NT120,8.9
1256840,犬夜叉,,高桥留美子,碧日公司,二十一世纪出版社,2004-8,25.00元,8.8
24713836,村田雄介 漫画教室R,,村田雄介,江昱霖,东立出版社,2013-5-5,NT95,8.5
1442697,伊藤潤二恐怖漫畫精選【7】,蛞蝓少女,伊藤潤二、伊藤润二,蔡夢芳,東立,1999 年 10 月 20 日,95 NT,8.9
3172479,星星公主(01),,鬼頭莫宏,林麗卿,東立,1999-10-20,90元,7.8
1830205,Cipher,Volume 1 (Cipher (Graphic Novels)),Minako Narita,,Time Warner,2005-11-30,GBP 6.83,9.3
2092629,猫ラーメン,,そにし けんじ,,マッグガーデン,2006-6-9,JPY 580,8.6
25888290,橙は、半透明に二度寝する 1,,阿部洋一,,講談社,2014-6-9,JPY 463,9.2
11589042,ドロヘドロ 17,,林田球,,小学館,2012-9-28,920円,9.9
26187382,なまいきざかり。 2,,ミユキ蜜蜂,,白泉社,2014-8-20,JPY 463,8.1
1964023,怪異奇人列傳,,ミユキ蜜蜂,,白泉社,2014-8-20,JPY 463,8.3
2295448,宗像教授異考錄(01),,ミユキ蜜蜂,,白泉社,2014-8-20,JPY 463,8.1
25698238,鹹味人生 01,,古谷實,林光俊,玉皇朝出版有限公司,2013-7,HK$38,9.0
1522230,魔影紫光,,莜原千绘,,吉林美术出版社,2003-1-1,18,8.0
25879164,天空侵犯 (1),,大羽 隆廣,,講談社,2014-5-9,JPY 605,7.3
5966666,伊藤潤二傑作集 1 富江 上,,伊藤潤二,,朝日新聞出版,2011-1-20,1050円（税込）,9.0
25701102,深夜食堂  11,,安倍夜郎,丁世佳,新經典圖文傳播,2013-9-11,NT$200,9.0
3187898,殺殺草紙 大江戸無残十三苦,,駕籠真太郎,,太田出版,2006年08月,1,000円（税込）,8.6
5349693,男子高校生の日常 1,,山内 泰延,,スクウェア・エニックス,2010-02-22,JPY 5.00,9.0
3021702,爱情关卡,愛情關卡,山内 泰延,,スクウェア・エニックス,2010-02-22,JPY 5.00,6.8
2065617,末日(01),,望月峰太郎,凃愫芸,尖端出版有限公司,1997年10月,台幣：100元,8.1
1424755,天堂之吻 (Vol. 5),,矢澤愛,詹慧娟,玉皇朝出版集團,2003,HK$38.0,9.2
2242254,花漾人生1,,吉永史,,張芳馨,青文,2006,9.3
6536302,鄰居❤同居 1,,渡辺 鮎,,卓俊宏,東立,2010-3-8,7.4
3153713,BEAST of EAST：東方眩暈錄(1),,山田章博,李益成,長鴻,2005年6月1日,120元,8.7
5407012,烙印戰士 4,剑风传奇,三浦健太郎,,天下出版公司,1994,35,9.2
2029617,岸和田博士科學的愛情01,,湯尼嶽崎,,吳功浩,東立,100元,8.8
2059300,彼男彼女的故事,男女翘翘板,湯尼嶽崎,,吳功浩,東立,100元,8.5
2040646,银河铁道999,,(日)松本零士,揭余生,重庆出版社,1984,0.94,9.0
3061871,新世纪卡通漫画技法5,分镜头表现篇,塚本博义 编,,中国青年出版社,2008-4,48.00元,8.3
1927757,ZETMAN 1,香港中文版,桂 正和,鄭盈盈,文化传信,2004-7,HK$35,8.1
25756815,僕は問題ありません,,宮崎 夏次系,,講談社,2013-8-23,JPY 600,9.2
3215305,どうしても触れたくない,无论如何也不想触碰,ヨネダコウ,,大洋図書,2008,630円,9.1
6508140,ボクらの秘密を共有しようか,,白石ユキ,,小学館,2011-5-26,420円,6.7
1212862,小樱手上的伤痕,小樱手上的伤痕,CLAMP,,接力出版社,2003-1-1,7.80,9.1
1918720,毒藥伯爵(13),,由贵香织里,柯明鈺,東立,2004-02-16,85元,8.8
1919638,鶏肉倶楽部,,中村 明日美子,,太田出版,2002.6.14,886円,8.6
2181084,謎狐怪童(01),,植芝理一,,鳥山乱,東立,90元,9.2
26600839,デキちゃうまで、しよ。,,ヤマびっこ,,リブレ出版,2015-7-10,JPY 669,6.4
2158831,MARS 1,战神,惣領冬実,,東立出版社有限公司,2005,NT$ 80,8.7
2058580,庸才 2,,古谷实,,玉皇朝出版集团,2002-3,33,8.8
2030747,花田少年史(01),,一色真人,米斐,尖端,2006,110元,9.2
3163625,醫界風雲(01),,佐藤秀峰,江雅玲,尖端,2003-03-27,110元,8.9
3167231,怪奇檔案,,佐藤秀峰,江雅玲,尖端,2003-03-27,110元,8.4
1931059,双子座的女人,,西炯子,李碧娥,长鸿出版社,2005年2月,85NT,8.4
10758686,北极熊 café 蜜瓜味,,比嘉 Aloha,李嘉琦,玉皇朝出版有限公司,2011-12,40HKD,9.1
1337279,闇之聲,,伊藤潤二,張芳馨,東立,2005-6-29,新台币110元,8.6
1798557,BOY圣子到,神行太保,伊藤潤二,張芳馨,東立,2005-6-29,新台币110元,8.5
3077747,黒執事 1,,枢 やな,尤靜慧,東立,2008年2月4日,90元,8.4
2217899,小畑健画集「blanc et noir」,,小畑健,,集英社,2006-05-31,JPY 49.35,8.8
2038822,玫瑰花丛的依恋,,吉永史,,大然,1999,95NT,8.8
1003486,腊笔小新.第2辑9,,[日] 臼井仪人,柳沁河,陕西师范大学出版社,2002-2,44.00元,8.8
1864537,荒芜世界,,萩尾望都,吕相儒,尖端出版,1997,NT 95,8.8
1458189,夜叉之瞳,日本小學館正式授權臺灣中文版,高橋留美子、高桥留美子,七生,尖端,2004 年 07 月 22 日,NT120元,9.0
3232092,樱兰高校男公关部 vol.01,,高橋留美子、高桥留美子,七生,尖端,2004 年 07 月 22 日,NT120元,8.8
6817035,漫画密技,漫画企划讲座3,菅野博之,,亚里,枫书坊,nt 350,8.1
1877866,花,,松本大洋,,フリースタイル,2002,1680日元,8.7
1966443,冒険少年 (ビッグコミックススペシャル),,あだち 充,,小学館,2006-08,JPY 11.00,9.1
4129558,娚の一生 1,,あだち 充,,小学館,2006-08,JPY 11.00,8.8
2063519,地球防衛少年 1,,鬼头莫宏,,台湾长鸿出版社,2006,NT100,8.6
3895639,しゅごキャラ！ (9),,PEACH-PIT,,講談社,2009,440円,8.4
10471552,宇宙兄弟 9,,小山宙哉,,許嘉祥,尖端出版,2011-7-29,9.6
1999037,薄荷关系,,小山宙哉,,許嘉祥,尖端出版,2011-7-29,7.7
3134481,藤子·F·不二雄SF短篇完全版3,我和我和我,藤子．F．不二雄,青文,2008,06,350,9.4
10559793,ハイスコアガール 第1巻,,押切蓮介,,スクウェア・エニックス,2012-2-15,JPY 610,8.9
10536672,我家的街貓 01,,石黑正数,林佳祥,東立出版社,2012-6-25,NT$95,8.9
2994915,戀愛暴君 1,,高永ひなこ,,台湾东贩,2004,NT.120,8.7
3002857,寄生獸 (完全版) (Vol. 8),,岩明均,林秋英,天下出版（國際）有限公司,2006年1月3日,HK 48,9.2
1758437,流星花园,流星花园,神尾葉子、[日] 神尾叶子,,玉皇朝集团有限公司,1992,HKD18.00,8.1
3896447,漂流網咖(01),,押見修造,郝致鈞,東立,2009年6月22日,120元,7.7
4294197,宇宙兄弟2,,押見修造,郝致鈞,東立,2009年6月22日,120元,9.4
1796074,多重人格探偵サイコ (2) (角川コミックス・エース),,田島 昭宇、大塚 英志,,角川書店,1998-03,JPY 6.09,9.2
25897231,夢から覚めたあの子とはきっと上手く喋れない,,宮崎 夏次系,,講談社,2014-5-23,JPY 691,8.5
3559917,思春期诱惑 03,日本秋田書店正式授權台灣中文版,冈田和人,茹茂華,長鴻出版社,2008-4-1,NT$110,8.4
3199473,FAIRY TAIL,,真岛浩,,講談社,2007年01月,420円（税込）,8.2
10770708,緣之空 1,,真岛浩,,講談社,2007年01月,420円（税込）,7.0
3041384,阿拉蕾,,鸟山明,周颖,海南摄影美术出版社,1992,绝版了，原价66，现在二手的四五百,9.5
19948537,東京喰種トーキョーグール 3,,石田 スイ,,集英社,2012-6-19,JPY 540,8.3
2988334,瑪莉的音樂盒#下,大人的童話,人類文明的反省之歌,古屋兔丸,,原動力亞細亞,2007,NT180,9.2
1951011,那年的夏天很笛子,北条司短篇3,北条司,宋惠芸,大然,1999,75元,9.1
6725364,坂道上的阿波羅 1,,小玉由起,,尖端出版,2010-1-15,NT$ 95,8.5
2301097,淫兽传说鬼狩り,,前田俊夫、Toshio Maeda,,大陆书房,昭和63年2月11,500日元,7.2
4230426,尋求自我（1）,,朔游亀蔵,鄭啟旭,東立出版社,2009-11-27,120NT,8.0
3240055,戰國(01),,宮下英樹,賴祈昌,東立,2005年10月,105元,8.5
1350715,東大特訓班,ドラゴン桜,宮下英樹,賴祈昌,東立,2005年10月,105元,9.1
25872631,All You Need Is Kill 1,,小畑健、原作・原案	   	桜坂洋,,集英社,2014-6-19,JPY 460,8.0
2975867,异星奇龙（全5卷）,,清水玲子,张美珠,东立出版社,1993-6-30,新台币60元,9.0
1975872,ねじ式,異色傑作選 1,つげ義春,,小学館,1976-04-20,610円,8.5
1481622,Skip Beat! (Vol. 1),,Yoshiko Nakamura,,VIZ Media LLC,2006-7-5,8.99美元,8.8
26373412,獣・人外BL,,高永ひなこ、元ハルヒラ、池 玲文、直野儚羅、琥狗ハヤテ、草間さかえ、えすとえむ、楢崎壮太、九重シャム、東野 海、街こまち、名取いさと,,リブレ出版,2015-6-10,JPY 1018,6.8
4922614,さよならもいわずに,,上野顕太郎,,エンターブレイン,2010-07-24,819円(本体780+税),8.0
2042553,眠れる惑星 1,,陽気婢,,小学館,2006-01-19,JPY 5.60,7.1
10606491,無限食女 02 (完),,沙村廣明,吳勵誠,東立出版社,2012-11-15,NT$120,9.0
2216837,克・亜樹ラブストーリースペシャル,,克 亜樹,,白泉社,2002-8-29,JPY 530,8.3
21348348,我不受歡迎，怎麼想都是你們的錯！ 01,,谷川ニコ,張益豐,東立出版社,2013-4-15,NT$95,8.5
26919356,不滅のあなたへ 1,,大今良時,,講談社,2017-1-17,JPY 463,7.7
1782628,草包阿姨,“生活·爱情·幽默”世界系列连环漫画名著丛书,(日)植田正志,,译林,1992-02-01,11.5,9.3
5263544,昨日的美食 02,,吉永史,王詩怡,尖端出版股份有限公司,2009-09-11,NT$ 120元,9.0
3117896,传染 2,,吉永史,王詩怡,尖端出版股份有限公司,2009-09-11,NT$ 120元,9.2
3413429,钢之炼金术师16-20,,荒川弘,,中国少年儿童新闻出版总社，中国少年儿童出版社,2008-12-1,43.50元,9.6
3059928,LIAR.GAMEⅡ,,甲斐谷忍,洪嘉惠,天下,2007,$32,9.4
5397280,羅馬浴場 Ⅱ,,ヤマザキマリ,游若琪,台灣角川,2011-2-10,NT$120,8.5
5966668,伊藤潤二傑作集2  富江 下,,伊藤潤二,,朝日新聞出版,2011-1-20,1050円（税込）,9.1
3153710,放浪息子 01,,志村貴子,,エンターブレイン,2003-7,JPY 651,8.8
26413130,町田くんの世界 1,,安藤ゆき,,集英社,2015-7-24,JPY  432,7.6
3233743,バトル・ロワイアル 1,大逃杀,原作：高見広春、漫畫：田口雅之,,秋田書店,2000年11月,540円（税込）,8.2
1437653,下弦之月1,,矢澤愛,向日葵,尖端,2005年,新台币100元,8.5
10440168,走馬灯株式会社(1),,菅原敬太,,双葉社,2010-1-28,JPY 630,8.0
3015614,砂時計1,,芦原 妃名子,,小学館,2003-8-23,JPY 421,9.0
3067732,不思议游戏——玄武开传,,芦原 妃名子,,小学館,2003-8-23,JPY 421,8.0
2264454,假日下午茶,,芦原 妃名子,,小学館,2003-8-23,JPY 421,9.5
2226757,ハピネス,,古屋兎丸、古屋兔丸,,小学館,2006-03-01,714円,8.4
1440461,將太的壽司01,,寺沢大介,鄭禎姝,東立,1993年,75(元),8.1
10493048,公園貓倆好1,,ねじまき我人,柯明鈺,东立,2009-3-16,NT 95,8.8
1905087,NASA太空夢,,浦沢直樹,傅國忠,東立,1996年8月25日,90元,8.0
3034355,地雷震1,日本講談社正式授權中文版,高橋努,吳功浩,東立出版社有限公司,1995,NT$90,8.4
5410446,ココロ・ボタン 1,心灵·纽扣/心中的钮扣,宇佐美 真紀,,小学館,2009-10-26,420,8.1
19974860,孤獨的美食家,,久住昌之、谷口治郎,呂郁青,圓神出版社,2012-11-26,NT$250,8.6
4305094,LIAR.GAMEⅩ,,甲斐谷忍,洪嘉惠,天下,2010-02-08,$35,9.6
5367334,请叫我英雄 Vol.2,,花沢健吾,尤静慧,台湾东立出版社,2010年11月17日,120新台币,8.6
1927869,完美小姐进化论 7,,早川智子,柯明鈺,东立出版社,2003年10月14日,80,7.8
2170341,白木蘭圓舞曲 01,,早川智子,柯明鈺,东立出版社,2003年10月14日,80,8.2
4229838,はんぶん娘,,掘骨砕三,,茜新社,2009年11月,1,000円,8.0
3998345,毒藥伯爵(01),,由貴香織里,王淑蓉,東立,2003-12-29,85元,9.1
1439246,寄生獸 (完全版) (Vol. 6),完全版,岩明均,林秋英,天下出版有限公司,11月2005年,HKD $48,9.2
5916773,宇宙兄弟 5,,小山宙哉,許嘉祥,尖端,2010-6-3,$120,9.4
2075822,JOJO的奇妙冒險STEEL BALL RUN飆馬野郎(01),日本集英社正式授權臺灣中文版,小山宙哉,許嘉祥,尖端,2010-6-3,$120,9.3
2137505,神奇宝贝特别篇,,本社,,吉林美术（图书经理部,2008-1,7.00元,8.7
4858824,人間失格 02,,古屋兎丸、太宰治,方郁仁,東立出版社,2010-10-06,NT$120,8.8
3169783,小狗汪汪 1,,施川湯雨期,黃怡憲,台湾东贩出版社,2007,NT120,8.6
1440378,秀逗方程式,Short Program,施川湯雨期,黃怡憲,台湾东贩出版社,2007,NT120,9.1
4164380,鬼燈之島(1),,三部敬,賴詠新,青文出版社,2009年12月8日,NTD120元,7.1
3263846,美食之乐更胜恋爱,,吉永史,王詩怡,瑪朵,2008-9-25,NT 130,8.7
3893888,飆速宅男 1,,渡辺 航,涂筱茜,尖端,2009-9,NT$95,8.7
20371021,IPPO(1),,えすとえむ,,集英社,2012-12-10,JPY 590,8.3
5355558,宇宙兄弟 6,,小山宙哉,许嘉祥,台湾尖端出版社,2010年11月10日,120新台币,9.5
3190177,少年犯之七人 1,日本小學館正式授權香港中文版,小山宙哉,许嘉祥,台湾尖端出版社,2010年11月10日,120新台币,8.7
4906813,小乱之魔法家族 1,,小山宙哉,许嘉祥,台湾尖端出版社,2010年11月10日,120新台币,9.0
26683420,ヤリチン☆ビッチ部 １,,おげれつたなか,,幻冬舎コミックス,2016-3-24,JPY 734,7.6
25879171,風夏,,瀬尾 公治,,講談社,2014-5-16,JPY 463,7.2
1927104,爱情白皮书,,瀬尾 公治,,講談社,2014-5-16,JPY 463,8.8
1951983,名侦探柯南剧场版通往天国的倒计时下,剧场版通往天国的倒计时下,青山刚昌,,长春出版社,2006-9,15.00元,9.1
2355182,狂四郎2030 20,,德弘正也,,集英社,2004-10-4,JPY 530,8.7
5592200,惡女異本(上冊),,もりもと崇,尤靜慧,東立出版社有限公司,2011-2-25,NTD130元,8.0
4294203,宇宙兄弟4,,もりもと崇,尤靜慧,東立出版社有限公司,2011-2-25,NTD130元,9.5
20369621,不貞で不埒な兄ですが,野蠻哥哥無節操,白石ユキ、白石由希,,小学馆,2012-8-24,420円,5.6
24714868,超级漫画创作技法图解教程,从人体解剖学习人物画法,（日）岩崎小太郎, 日本金田工房,吴宣劭,连环画出版社,2013-7,42.00元,7.6
1840479,不文狂想曲,,手塚治虫,,新疆青少年出版社,2001-1,3.50元,8.9
4847861,浪客行 3,原作改篇自吉川英治《宮本武藏》,手塚治虫,,新疆青少年出版社,2001-1,3.50元,9.5
10725380,不畫的漫畫家 01,,Erichin,小鐵,長鴻,2011-11,NTD130,8.6
3176836,那是不能吃的,,Erichin,小鐵,長鴻,2011-11,NTD130,7.6
26415342,土下座、してください。,,さとまるまみ,,ふゅーじょんぷろだくと,2015-7-24,JPY 729,8.4
3623908,Comics Underground Japan,A Manga Anthology,Yoshikazu Ebisu, KAZUICHI HANAWA, HIDESHI HINO, SUEHIRO MARUO, Pan Migiwa, Nekojiru & Hajime Yamano, Takashi Nemoto, Carol Shimoda, Yasuji Tanioka, Masakazu Toma, Muddy Wehara, Hanako Yamada...,,Blast Books,Inc,1996,US14.95,7.9
2344199,怪奇人形館,,Yoshikazu Ebisu, KAZUICHI HANAWA, HIDESHI HINO, SUEHIRO MARUO, Pan Migiwa, Nekojiru & Hajime Yamano, Takashi Nemoto, Carol Shimoda, Yasuji Tanioka, Masakazu Toma, Muddy Wehara, Hanako Yamada...,,Blast Books,Inc,1996,US14.95,8.5
1436997,17青春遁走 (Vol. 6) (完),,古谷實,,玉皇朝出版集團,10月2005年,HKD $33,9.1
26317621,我的英雄學院 vol.1,綠谷出久：開端,崛越耕平,趙聖媛,東立出版社,2015-2-2,NT 100 元,8.0
3160869,神通小偵探(01),,加藤元浩,,畢莉,東立,75元,8.3
3114952,漩渦2,,伊藤潤二,,蔡梦芳,東立,100(元),9.2
3243212,楳圖一雄恐怖劇場 上集,,楳圖一雄,,吴辉,玉皇朝,35.00,7.8
26617587,朋友遊戲,,楳圖一雄,,吴辉,玉皇朝,35.00,8.3
3262679,CAT SHIT ONE越戰狂想曲(01),,楳圖一雄,,吴辉,玉皇朝,35.00,8.8
1937594,不思議少年 (1),,楳圖一雄,,吴辉,玉皇朝,35.00,8.8
20390432,JOJO的奇妙冒險JOJOLion 01,歡迎來到杜王町,荒木飛呂彥,吳勵誠,東立出版社,2013-6-14,NT$110,9.5
25838507,ストレッチ 1,,ア キリ、東山 翔,,小学館,2014-2-28,JPY 700,8.5
25774415,少女樁,,ア キリ、東山 翔,,小学館,2014-2-28,JPY 700,8.7
3037520,一休和尚(01),日本講談社正式授權台灣中文版,坂口尚,林靜誼,東立,1995-5-25,140元,8.9
6334344,姉の結婚 1,,西炯子,,小学館,2011-5-10,420円（税込）,8.7
1210306,名侦探柯南2,,青山剛昌,青文,长春出版社,2002-7,7.50元,8.9
1915765,家庭教師HITMAN REBORN!(01),日本集英社正式授權臺灣中文版,天野明,張益豐,東立,2005-08-06,90元,8.0
1094168,梁山伯与祝英台,,[日] 皇名月 绘,彭华英 等,天津人民美术出版社,2002-1,13.00元,8.1
1996536,士道1,,高桥努,,玉皇朝,2007年7月28日,35.00,8.3
3819053,少年よ耽美を描け―BOYS BE TAMBITIOUS (1),,ミキマキ、美樹麻樹,,新書館,2007-10-25,672円(税込),8.8
1948761,夏子的酒(01),,尾瀨朗,,銀花,尖端,100元,8.2
1481652,AKIRA (Part 1),,大友 克洋,,講談社,1984-9-21,JPY 1050,9.3
3079504,Forget-me-not (1),,鶴田 謙二,,講談社,2003-09-22,900円（税込）,8.2
10731928,帝一之國 01,,古屋兎丸,江昱霖,東立出版社,2013-1-7,NT$100,8.4
3289922,大東京玩具箱(01),,UME,李德洋,原動力亞細亞,2007-09-05,120元,8.4
2380008,大葬儀,,UME,李德洋,原動力亞細亞,2007-09-05,120元,8.5
26755197,進擊的巨人 19,,諫山創,林志昌,東立出版社,2016-5-13,NT$100,9.1
3895637,しゅごキャラ！ (8),,PEACH-PIT,,講談社,2008,440円,8.1
3169687,SOUL EATER噬魂者(01),,PEACH-PIT,,講談社,2008,440円,8.4
2353912,工作狂人,1,安野夢洋子,connie,东贩出版,2005-10-18,NT$120,8.6
1442698,伊藤潤二恐怖漫畫精選【8】,血玉樹,伊藤潤二、伊藤润二,蔡夢芳,東立,1999 年 11 月 20 日,100 NT,8.8
2253793,ショート・ピース,,大友克洋,,双葉社,1986-05-15,JPY 720,8.7
25864081,クズの本懐,,横槍 メンゴ,,スクウェア・エニックス,2014-4-25,JPY 607,7.6
5951379,幻象畢卡索 01,,古屋兔丸,張芳馨,東立出版社,2011-1-26,NT$110,8.1
26575705,惡魔蛙男 3完,,巴亮介,吊木光,台灣東販,2015-7-20,120NT,7.8
4176728,海月姫 1,,東村アキコ,,講談社,4063407446,440,8.5
2305834,まいちゃんの日常,,氏贺Y太,,三和出版株式会社,2004年6月1,933円,7.2
1477227,D.Gray-Man,,星野桂,,VIZ Media LLC,2006-05-02,USD 7.99,8.0
26602030,鳴鳥不飛 3,,星野桂,,VIZ Media LLC,2006-05-02,USD 7.99,9.3
2147003,死亡筆記 3,狂奔,大場鶇、小畑健,苏锦明,文化传信有限公司,2004年,HKD 30,9.3
25745889,知日·太喜欢漫画了,,苏静主编,,中信出版社,2013-11,39.80元,7.2
1439687,Monster,CHAPTER1.HERR DOKTOR TENMA,浦澤直樹,,文化傳信有限公司,1999,38,9.6
1876722,101,,松本大洋,,小学館,1999-5,2,625円（税込）,8.4
3176767,夏目友人帳 6,,緑川 ゆき,,白泉社,2008-7-5,JP￥390+税,9.5
26786860,孤獨的美食家2,,久住昌之、谷口治郎,,圓神出版社,2016-7-1,NT260,7.5
2039755,请别太过分,,雪路 凹子、黒田 屑、緒笠原 くえん、加尾、坂本 あきら、日野 雄飛、高昌ゆり、草加 ハルヒ、ぴるぱ,,KADOKAWA,2016-3-17,JPY 994,8.2
2259557,ヘンゼルとグレーテル,,大友克洋,,ソニー・マガジンズ,1981-10-25,1,600円,8.6
26227602,東京喰種トーキョーグール：re 1,,石田 スイ,,集英社,2014-12-19,JPY 555,8.5
4028418,浪客劍心完全版 01,緋村劍心,和月伸宏,,文化傳信,2007-07,HK$55,8.9
3004203,amato amaro,被爱与苦涩,和月伸宏,,文化傳信,2007-07,HK$55,9.1
25735006,湯神くんには友達がいない 1,,佐倉 準,,小学館,2012-11-16,JPY 440,8.8
3196706,鐵拳浪子(01),[12卷]日本講談社正式授權香港中文版,佐倉 準,,小学館,2012-11-16,JPY 440,9.3
25888729,不機嫌なモノノケ庵(1),忧郁的物怪庵1,ワザワキリ,,スクウェア・エニックス,2014-6-21,617,8.1
6123754,宇宙兄弟 7,,小山宙哉,,許嘉祥,尖端,2011-2-16,9.5
6097336,艶漢 4,,尚月地,,新書館,2011-5-25,620,9.3
25844772,全是喵,全是猫,横山キムチ、横山泡菜,,讲谈社,2014-1-1,18,7.8
1945470,半神(文庫),,萩尾望都,小学館,1996,08,590 （税込）,9.4
2078609,SKIP‧BEAT！─華麗的挑戰─01,,仲村佳樹,何力,東立,2002-12-27,85元,8.9
1937598,神之左手恶魔之右手,,楳图一雄,,小学館,2006-07,JPY 3.50,8.0
1436665,沙流羅 (新版) (Vol. 1),,大友克洋（编剧）、永安巧（绘画）,,天下出版有限公司,7月2004年,HKD $35,7.9
1351000,青春巧克力1.,日本講談社正式授權臺灣中文版,佐佐木勝彥／清水亮／畫　大槻ケンチ／作,,東立,20050620,NT$ 85,8.9
26716292,とつくにの少女 1,,ながべ,,マッグガーデン,2016-3-10,JPY 617,7.8
3433884,SWEET~彼の甘い甘い味,,みなみ 遥,,リブレ出版,2007-11-10,JPY 600,6.9
20375367,壬生義士傳 1,,浅田次郎、永安巧,,東立出版集團有限公司,2012-10-30,HKD 35,8.9
4724497,君よ知るや南の獄（下）,,田亀源五郎,,ポット出版,2007-12-25,JPY 2625,7.7
1432956,禁入空間,,伊藤潤二、伊藤润二,蔡夢芳,東立,2003-8-5,120 NT,8.4
1864546,三個阿道夫(03),,手塚治虫,劉名揚,東販股份有限公司,2001-12-10,新台币79元,9.3
1456831,GTO Vol. 1,Great Teacher Onizuka,Tohru Fujisawa,,TokyoPop,2002-4-23,9.99美元,8.9
2978493,詩人獨自徘徊~種田山頭火外傳~(01),日本講談社正式授權臺灣中文版,岩重孝,謝佳芸,台湾东立,2004-09-01,100元,8.2
20645097,ベアゲルター 1,,沙村 広明,,講談社,2013-2-22,JPY 648,8.6
1482019,ナムジ―大国主,,安彦良和,,中央公論社,1997-09,JPY 7.20,8.6
25811454,東京喰種 (1),东京食尸鬼,石田スイ,賴思宇,尖端,2014-1-8,NT$130,8.0
26734020,冬目景作品集 空中庭園の人々,,冬目 景,,幻冬舎,2016-4-23,JPY 680,8.4
10946062,ホリミヤ（1）,,HERO（原作）、萩原 ダイスケ（作画）,,スクウェア・エニックス,2012-3-27,JPY 590,9.1
2999686,獨男,講談社正式授權香港中文版,古谷 實,,玉皇朝出版集團,2008,$35,8.7
1439199,輝夜姬(01),,清水玲子,,莊麗玲,東立,75元,8.0
2078146,手塚治虫短篇集4,,手冢治虫、手塚治虫,章澤儀,臺灣東販出版+香港萬里書店,2002,HK$20,9.2
3310167,异教主(全四册),,高野文子,白泉社,1982,01,JPY 1188,7.2
3240224,色筆おろし,時代劇シリーズ 3,ケン月影,,シュベール出版,1998-3,JPY 460,7.6
3078146,波族传奇,,ケン月影,,シュベール出版,1998-3,JPY 460,9.1
3173456,哈囉!大根君(01),,山崎健,蕭嘉慧,東立,2007年10月12日,125元,8.5
3852554,王樣老師 1,,椿泉,张芳馨,東立出版社有限公司,2008,NT-95元,8.5
3252235,闇夜(01),,椿泉,张芳馨,東立出版社有限公司,2008,NT-95元,6.4
2344082,怪談,,椿泉,张芳馨,東立出版社有限公司,2008,NT-95元,7.7
2969215,亚特兰提斯之谜~入矢堂见闻录~1,,魚戶修、東周齋雅樂,,PS大佐,尖端,2003-11-14,9.3
26828629,錆のゆめ 上,,久間 よよよ,,プランタン出版,2016-8-29,JPY 713,8.2
3016901,X战记画集,,久間 よよよ,,プランタン出版,2016-8-29,JPY 713,9.2
3788320,クローズ 1,第一卷,高橋 ヒロシ,,秋田書店,1991-2,JPY 440,8.9
4707630,響子と父さん,,石黒正数,,徳間書店,2010年3月 14日,620円,8.8
1425207,龙珠1,孙悟空和伙伴们,鸟山明,牟琳,中国少年儿童出版社,2005-7,6.90元,9.4
3177616,石之花(01),,坂口尚,Blade,東販,2003年8月29日,200元,8.5
1884390,Palepoli,,古屋 兎丸,,太田出版,2003年06月,JPY 10.50,9.1
3006160,bartender(Vol.1),王牌酒保,城アラキ (原作)、長友健篩 (作画),,集英社,2004-12-3,JPY 530,9.0
1436656,寄生獸 (完全版) (Vol. 2),完全版,岩明均,林秋英,天下出版有限公司,8月2005年,HKD $48,9.1
2062869,神之水滴08,,亚树直、冲本秀,,天下出版（国际）有限公司,2006-12,HKD38.00,8.5
2136006,ゆれつづける,松本次郎短編集,松本次郎、Jiro Matsumoto,,太田出版,2005,1,000円,8.0
25821700,Bread & Butter 1,,芦原 妃名子,,集英社,2014-3-25,JPY 440,8.6
3339919,多美好的人生(02),,芦原 妃名子,,集英社,2014-3-25,JPY 440,9.0
5332802,狼口 01,,久慈光久,張益豐,東立出版社,2010-11-08,NT$95,7.8
3126587,王道之狗1,,安彥良和,曾方宣,尖端,1999.03.15,140元,8.8
3824857,べるぜバブ 1,恶魔奶爸,田村隆平,,集英社,2009-7-3,420円（税込）,8.5
1467535,猫眼三姐妹,第一卷①激情的画廊,北条司,,曼华,海南摄影美术出版社,1992,7.5
25867040,深淵融接 BIORG TRINITY(01),,大暮維人、舞城王太郎,賴思宇,尖端,2014-2-10,NT$119,8.8
3012091,性犯罪搜查班vol.1,,坂邊周一,吴励诚,东立,2007,NT105,6.3
3199674,仙人掌,惣領冬実杰作集2,惣領冬実,尤靜慧,東立出版社,2004-7-21,NT$110,8.7
3716306,怪人無礼講ララバイ,,根本敬,青林工芸舎,1999,04,1,050,7.4
5347869,神楽舞,,根本敬,青林工芸舎,1999,04,1,050,7.8
1873240,北条司短編集―天使の贈りもの,,北条司,,集英社,2000-9,JPY 1500,8.8
3655474,海街diary~白晝之月~,,吉田秋生,aitsae,東立出版社有限公司,2009-04-08,NT$110,8.7
26839689,俺と上司のかくしごと,,嘉島 ちあき,,海王社,2016-9-10,JPY 730,8.4
3439722,快樂人生(01),,日本漫画技法研究会,韩俊容,接力出版社,1997-09,29.00,8.4
1873268,ふしぎ遊戯,,渡瀬悠宇,,小学館,1992,JPY 3.98,7.8
3192646,朱雀門,,花輪和一,,青林工芸舎,1998年07月,1,365円（税込）,8.4
26723103,Sunny 06,,松本大洋,可可亞,尖端,2016-4-29,240,9.6
1877874,ABARA  上,,弐瓶勉,,集英社,2006年05月,650円(税込),8.5
1595910,机器猫哆啦A梦1,,[日] 藤子·F. 不二雄,碧日,吉林美术出版社,2002-3,5.95元,9.5
1964300,銃夢 Last Order 9,,木城ゆきと,,集英社,2006年7月19日,680円（税込）,9.1
5363034,ポジティブ先生,石黒正数短編集2,石黒 正数,,徳間書店,2010-11-13,JPY 620,8.3
3172225,奧爾佛士之窗(01),,池田理代子,,高嘉蓮,東立,90元,9.1
1418032,BECK 搖滾新樂團 (Vol. 19),,HAROLD作石,東立出版集團有限公司,2005,01,HK$32.0,9.0
26582524,坊主と蜘蛛,,ハジ,,フランス書院,2015-9-25,JPY 745,8.7
6075229,请叫我英雄 Vol.3,,花沢健吾,尤静慧,台湾东立出版社,2011-3-22,120新台币,8.6
5941664,遊戲王01,神的積木,高橋和希,王欣、车子程,大然出版社,1997,75元,8.5
1457752,Nana, Vol. 1 (v. 1),,Ai Yazawa,,VIZ Media LLC,2005-12-06,USD 8.99,9.3
1875667,煙花夢,又名《烟花梦》、《恶女花魁》、《盛樱花魁》,安野夢洋子,,賴宜婉,博漫,2005,7.7
2380177,DETROIT METAL CITY~重金搖滾雙面人~(01),,若杉公德,方郁仁,東立,2007年4月18日,105元,8.7
3167238,死人少女,,日野日出志,林豐丞,長鴻,1997,75元,7.7
5245513,青空呐喊,,河原和音,江荷偲,東立,2010-6-10,95新台币,7.7
3143821,來自遠方 1,日本白泉社正式授權臺灣中文版,冰川京子,,鄭禎姝,東立出版社有限公司,NT$75元,8.8
2244812,老處男的春天(01),,花沢健吾,布萊特,台灣東販,2004年12月2日,120元,8.2
3438468,幻月楼奇谭,,今市子,宁静,尖端,2005年03月19日,NT.100,8.9
1964045,推理之绊,,水野英多、城平京,,羅景霞,玉皇朝出版有限公司,28,7.7
2988444,P. S.你好嗎? 6,,柴門ふみ,,涂愫芸,台湾尖端出版有限公司,2004-10,9.0
2059409,庸才 4,,古谷实,,玉皇朝出版集团,2002-10,33,9.0
3929780,變調的旋律 1,,秋山春,李嘉箴,東立,2009-8-10,NT120,8.9
5394572,LIAR.GAMEXIII,,甲斐谷忍,洪嘉惠,天下,2010-11-29,HK35,9.6
3161235,美味大挑戰(01),,作：雁屋哲、畫：花咲昭,,張芳馨,東立,95元,8.8
25961582,懲役339年 1,,伊勢 ともか,,小学館,2014-8-18,JPY 596,8.4
23709479,文豪ストレイドッグス -1,,春河35、朝霧カフカ,,角川書店,2013-4-3,JPY 588,7.5
25878089,何かいいの見つけた!,發現美好戀情！,ひなこ,,大洋図書,2014-6-2,JPY 670,6.8
6010593,BLOOD LAD 血意少年 01,,小玉有起,志麻,台灣角川,2011-5-20,NT$120,8.3
3137871,神之左手 惡魔之右手01,日本小學館正式授權香港中文版,小玉有起,志麻,台灣角川,2011-5-20,NT$120,7.8
3000175,害羞强尼,,多田由美,王華琳,東立,1998,NT￥90,8.9
5260248,怪、刺す,,原作：木原浩勝、画：伊藤潤二,,小学館,2010年8月12日,900 (税込),7.4
2282012,MANGA FEVER,special edition,大友克洋、井上雄彦、松本大洋、矢沢あい、安彦良和、西村しのぶ、寺田克也、横山宏、浅田弘幸、小畑健、田島昭宇、荒木飛呂彦,,飛鳥新社,2002-05-14,JPY 924,7.7
1937585,秋之舞姬,,谷口治郎、關川夏央,方承易,東販,2000年5月1日,150元,9.4
3420999,ウホッ！！いい男たち~ヤマジュン・パーフェクト,,山川 純一,,ブッキング,2003-11-1,JPY 5040,9.2
2163573,Strawberry shortcakes,,魚喃 キリコ,,祥伝社,2002-12,JPY 1404,8.7
2147007,死亡筆記 8,标的,大場鶇、小畑健,何锦燕,文化传信有限公司,2005,HKD 30,9.2
1998320,结界师,,田边井江朗,俞淑云,正文社出版有限公司,2005.01,HK28,8.4
20390149,Again！！再一次 01,,久保美津郎,林佳祥,東立出版社,2013-1-11,NT$100,8.0
3881165,快快樂樂殺人去,異色短篇集 2,久保美津郎,林佳祥,東立出版社,2013-1-11,NT$100,8.9
6886409,小恐龙阿贡（1-7）,,田中政志,,国际华文出版社,2010-1,103.6,9.6
4254422,神隱少女故事書,,宮崎駿,KUMAKO,台灣東販,2010-01-22,NT$460,9.6
10531392,玲瓏館營業中 01,,冨明仁,林琬清,東立出版社,2012-3-2,NT$120,6.9
3192909,Spirit of Wonder,,鶴田謙二,,講談社,1997年08月,1,200円（税込）,8.5
1424696,天堂之吻 (Vol. 3),,矢澤愛,詹慧娟,玉皇朝出版集團,2002,港币38元,9.1
3175599,春戀櫻花飛,,矢澤愛,詹慧娟,玉皇朝出版集團,2002,港币38元,7.5
3230662,天體戰士(01),日本SQUARE ENIX正式授權中文版,矢澤愛,詹慧娟,玉皇朝出版集團,2002,港币38元,9.1
2380057,凸凹ニンフォマニア（新版）,,矢澤愛,詹慧娟,玉皇朝出版集團,2002,港币38元,8.2
3376908,图解日本妖怪大全（上下）,,[日] 水木茂 著绘,薛倩、刘微、霍芬,陕西师范大学出版社,2009-7,136.00,8.2
3252229,人間失控(02),,[日] 水木茂 著绘,薛倩、刘微、霍芬,陕西师范大学出版社,2009-7,136.00,7.2
20437618,彼女とカメラと彼女の季節 1,,月子,,講談社,2012-5-23,JPY 596,9.0
1945030,冰之魔物语(24),,月子,,講談社,2012-5-23,JPY 596,8.3
4169211,摔角少年牛蒡男,,若杉公德,周达之,玉皇朝出版邮箱公司,2009年7月,40,8.0
3005798,時尚五號房,,小野夏芽、basso,林子傑,台灣東販股份有限公司,20080225,120元,8.7
3420730,黑之契約者,,BONES、岡村天斎、野奇夜,張華,內蒙古人民出版社,2008,25.6,7.6
2209798,竹光侍 2,His sword must be bamboo!,松本大洋、永福一成 (作),,小学館,2007-05-30,900円 (税込),9.5
3142380,凍土的旅人,,谷口治郎,陳政蕘,東販,2006年6月1日,160元,8.6
3920160,超智遊戲(19),,甲斐谷忍,,天下出版(國際)有限公司,2009年8月5日,35元,9.6
3162434,不安的種子 3,,中山昌亮,陳靖如,東立,2005年9月,120元,8.0
4706391,Waltz 1,,原作：伊坂幸太郎、漫画：大須賀めぐみ,,小学館,2010年3月12日,460円,8.9
3114668,麻辣教師GTO(02),,藤澤亨,,李其馨,東立出版社,85(元),9.1
4047251,放學後PLAY,,黒咲練導,吳端庭,台灣角川,2009-10-31,NT$120,7.1
10788305,日々蝶々 1,,森下suu,,集英社,2012-7-25,420円,7.6
22461200,校舍的後方埋藏著天使 1,,小山鹿梨子,,YUI,尖端出版,2012-11-8,7.7
6749702,羅馬浴場 Ⅲ,,ヤマザキマリ,游若琪,台灣角川,2011-10-21,NT$120,8.6
3158115,怨恨屋本舖(01),,栗原正尚,翁蛉玲,東立,2003-09-03,95元,7.7
1899467,西洋骨董洋菓子店(01),,吉永史,,青文,2006-08-10,120元,8.8
6129268,アオハライド 1,青春之旅1,咲坂伊緒,,集英社,2011-4-13,420,8.6
1876637,吾,,松本大洋,,VIZ Media LLC,2003-8-13,USD 15.95,8.4
3058565,最高機密 02,The Top Secret,松本大洋,,VIZ Media LLC,2003-8-13,USD 15.95,9.3
2229614,铁臂阿童木（1）,,手冢治虫,,科学普及出版社,1981年5月,0.31,9.1
25895604,ACCA13区監察課 2,,オノ・ナツメ,,スクウェア・エニックス,2014-7-25,JPY  637,7.7
21434248,各行各業打拼中,,丸山薰,江昱霖,东立,2013-2-5,NTD:130，HKD:38,8.9
2057551,入侵(01),,惣領冬實,尤靜慧,東立出版社有限公司,2002-12-21,新台币105元,8.4
6862439,Another 01,,清原紘、綾辻行人,魚籽,台灣角川,2011-11-29,NT$120,8.0
5375821,愛的處罰特集,,清原紘、綾辻行人,魚籽,台灣角川,2011-11-29,NT$120,5.6
3772342,義男の青春・別離,,清原紘、綾辻行人,魚籽,台灣角川,2011-11-29,NT$120,8.1
1180100,恐怖宠物店(5),,秋乃茉莉、陈玉华,陈玉华,黑龙江美术出版社,哈尔滨出版社,2004-5-1,12.00元,9.3
10493064,多了XX的美眉,,甘詰留太,李文軒,东立,2012-2-3,NT 120,6.7
3727404,黒子のバスケ 1,,藤巻 忠俊,,集英社,2009-04-03,420円（税込）,8.1
26583050,獣欲ポルノ,,藤巻 忠俊,,集英社,2009-04-03,420円（税込）,6.9
6541266,人間失格 03 (完),,古屋兎丸、太宰治,方郁仁,東立出版社,2012-1-17,NT$120,8.8
1917520,吉祥天女,,吉田秋生,,小学館,1995年03月,630円（税込）,7.7
3602729,小鎮有你 01,,瀬尾公治,方郁仁,東立出版社,2009-02-09,NT$95,7.5
1779134,人鱼传说 高桥留美子,,瀬尾公治,方郁仁,東立出版社,2009-02-09,NT$95,8.9
26589259,黒博物館 ゴースト アンド レディ 上,,藤田 和日郎,,講談社,2015-7-23,JPY 950,8.0
