26889236,我的职业是小说家,,[日] 村上春树,施小炜,南海出版公司,2017-1-1,45.00元,8.4
4742918,1Q84 BOOK 1,4月～6月,[日] 村上春树,施小炜,南海出版公司,2010-5,36.00元,8.3
3369600,当我谈跑步时我谈些什么,,[日] 村上春树,施小炜,南海出版公司,2009-1,25.00,8.1
1059419,海边的卡夫卡,,[日] 村上春树,林少华,上海译文出版社,2003-4,25.00元,8.1
1291809,世界尽头与冷酷仙境,,[日] 村上春树,林少华,上海译文出版社,2002-12,23.00元,8.5
1046265,挪威的森林,,[日] 村上春树,林少华,上海译文出版社,2001-2,18.80元,8.0
4885241,1Q84 BOOK 2,7月～9月,[日] 村上春树,施小炜,南海出版公司,2010-6,36.00元,8.4
25982254,大萝卜和难挑的鳄梨,村上Radio,(日)村上春树,施小炜,南海出版公司,2014-10,39.00,8.1
1039752,且听风吟,,[日] 村上春树,林少华,上海译文出版社,2001-8,11.80元,7.8
25733470,没有色彩的多崎作和他的巡礼之年,,村上春树,施小炜,南海出版公司,2013-10-1,CNY 39.50,8.3
1015452,国境以南 太阳以西,,[日] 村上春树,林少华,上海译文出版社,2001-8,13.50元,8.2
26286208,没有女人的男人们,,[日] 村上春树,竺家荣、姜建强、岳远坤、陆求实、林少华、毛丹青,上海译文出版社,2015-2,35.00元,7.7
6126821,远方的鼓声,,[日] 村上春树,林少华,上海译文出版社,2011-8-1,32.00元,8.4
20513012,无比芜杂的心绪,村上春树杂文集,村上春树,施小炜,南海出版公司,2013-4,39.50元,7.6
5502995,1Q84 BOOK 3,10月～12月,[日] 村上春树,施小炜,南海出版公司,2011-1,39.50元,7.6
26367364,爱吃沙拉的狮子,,[日] 村上春树,施小炜,南海出版公司,2015-5,39.00元,8.2
1020670,舞！舞！舞！,,[日] 村上春树,林少华,上海译文出版社,2002-6,25.00元,8.2
1212080,奇鸟行状录,,[日] 村上春树,林少华,上海译文出版社,2002-11,30.00元,8.4
1848256,东京奇谭集,,[日] 村上春树,林少华,上海译文出版社,2006-7,13.00元,8.0
21692813,眠,,[日] 村上春树 著、[德] 卡特·曼施克 图,施小炜,南海出版公司,2013-4,29.50元,7.6
1079440,遇到百分之百的女孩,,[日] 村上春树,林少华,上海译文出版社,2002-12,13.50元,8.1
6265779,地下,,[日] 村上春树,林少华,上海译文出版社,2011-6,32.00元,8.3
1031740,寻羊冒险记,,[日] 村上春树,林少华,上海译文出版社,2001-8,18.80元,8.1
1020959,斯普特尼克恋人,,[日] 村上春树,林少华,上海译文出版社,2001-8,14.10元,8.1
26264956,袭击面包店,,村上春树,施小炜,南海出版公司,2015-1-1,29.50元,7.3
1035362,神的孩子全跳舞,,[日] 村上春树,林少华,上海译文出版社,2002-6,13.50元,7.9
26378466,生日故事集,,村上春树 等编著,孔亚雷、林少华,上海译文出版社,2015-9,36.00元,7.9
7007774,没有意义就没有摇摆,,(日)村上春树,林少华,上海译文出版社,2012-3,28.00元,7.7
1011662,再袭面包店,,[日] 村上春树,林少华,上海译文出版社,2001-8,12.40元,7.9
1283273,天黑以后,,[日] 村上春树,林少华,上海译文出版社,2005-4,15.00元,7.3
10282578,村上广播,,村上春树,林少华,上海译文出版社,2012-3-1,26.00元,7.7
10827882,悉尼！,,[日] 村上春树,施小炜,南海出版公司,2012-8,36.00元,7.9
1068907,如果我们的语言是威士忌,,(日)村上春树,林少华,上海译文出版社,2004-01,18.00,7.8
6126817,边境 近境,,[日] 村上春树,林少华,上海译文出版社,2011-8-1,25.00元,7.8
2333837,雨天炎天,希腊、土耳其边境纪行,[日]村上春树,林少华,上海译文出版社,2007,15.00元,7.8
10600121,在约定的场所,地下2,(日) 村上春树,林少华,上海译文出版社,2012-6,25.00元,8.2
1019428,一九七三年的弹子球,,[日] 村上春树,林少华,上海译文出版社,2001-8,12.50元,8.0
26628823,图书馆奇谈,,[日] 村上春树,施小炜,北京十月文艺出版社,2015-10,29.50元,6.7
26770916,毛茸茸,,[日] 村上春树	 著、[日] 安西水丸  绘,陈文娟,新星出版社,2016-6,35.00元,7.2
1212025,爵士乐群英谱,,[日] 村上春树 文、[日] 和田诚 画,林少华,上海译文出版社,2002-9,20.00元,7.7
6757194,碎片，令人怀念的1980年代,,(日)村上春树,杨若思,南海出版公司,2013-9-15,29.50元,6.8
1354607,舞舞舞（上）,,村上春樹　賴明珠譯,,時報文化,20011029,NT$ 300,8.3
1051911,终究悲哀的外国语,村上春树随笔系列,村上春树,林少华,上海译文出版社,2004-2-1,15.00元,7.9
1101607,列克星敦的幽灵,,[日] 村上春树,林少华,上海译文出版社,2002-9,11.50元,7.9
1038449,朗格汉岛的午后,,(日)村上春树 安西水丸绘,林少华,上海译文出版社,2004-01,17.00元,7.9
1080544,象的失踪,,[日] 村上春树,林少华,漓江出版社,1997-5,22.00元,8.1
1000594,旋转木马鏖战记,,[日] 村上春树,林少华,上海译文出版社,2002-9,12.00元,7.9
6006579,村上春树，去见河合隼雄,,(日) 河合隼雄,吕千舒,东方出版中心,2011-6,23.00元,7.8
1067919,夜半蜘蛛猴,,[日] 村上春树 文、安西水丸 画,林少华,上海译文出版社,2002-1,18.00元,7.6
1823064,倾听村上春树,村上春树的艺术世界,[美] 杰·鲁宾,冯涛,上海译文出版社,2006-6,24.00元,7.9
25829051,与小泽征尔共度的午后音乐时光,,Haruki Murakami Seiji Ozawa,刘名扬,南海出版公司,2013-1-1,39.50元,8.1
1047447,去中国的小船,,[日] 村上春树,林少华,上海译文出版社,2002-6,14.00元,7.6
1212152,萤,,[日] 村上春树,林少华,上海译文出版社,2002-12,12.00元,7.8
1342391,海邊的卡夫卡（下）,,村上春樹,賴明珠,時報文化,2003-2,120.00元,8.4
1340870,發條鳥年代記,第三部 刺鳥人篇,村上春樹,賴明珠,時報文化,1997-2-25,NT$ 250,8.6
1341242,發條鳥年代記（第二部）預言鳥篇,第二部 預言鳥篇,[日]村上春樹,賴明珠,時報文化,1995-9,NT$ 200,8.6
2159031,象的消失,,[日]村上春樹,賴明珠,時報文化,1995-9,NT$ 200,8.5
5903929,1Q84之後～特集: 村上春樹Long Interview長訪談,村上春樹Long Interview長訪談,[日]村上春樹,賴明珠,時報文化,1995-9,NT$ 200,8.4
1354608,舞舞舞（下）,,[日]村上春樹,賴明珠,時報文化,1995-9,NT$ 200,8.3
1000323,电视人,,[日] 村上春树,林少华,上海译文出版社,2002-12,12.00元,7.7
10473356,日出国的工厂,,(日)村上春树,林少华,上海译文出版社,2012-3,22.00元,7.5
1394544,村上朝日堂,村上春树随笔系列,村上春树,林少华,上海译文出版社,2005-1,13.00元,7.9
6038363,爵士乐群英谱 2,,村上春树、和田诚 画,林少华,上海译文出版社,2012-6,28.00元,7.8
1433691,村上朝日堂日记 旋涡猫的找法,村上春树随笔系列,村上春树,林少华,上海译文出版社,2005-9,10.00元,8.0
1072447,羊男的圣诞节,羊男的圣诞节,村上春树、佐佐木MAKI,林少华,上海译文出版社,2004-01,13.00,7.6
10529920,1Q84（全三册）,,村上春树,施小炜,南海出版公司,2011-1-1,111.50元,7.8
1077905,象厂喜剧,,[日] 村上春树 文、安西水丸 画,林少华,上海译文出版社,2002-4,18.00元,7.3
25743455,爵士乐群英谱,,村上春树,林少华,上海译文出版社,2013-10,CNY 34.00,7.8
1026208,村上朝日堂的卷土重来,,（日）村上春树,林少华,上海译文出版社,2004-06,14.00,8.1
1434039,村上朝日堂是如何锻造的,村上春树随笔系列,村上春树,林少华,上海译文出版社,2005-9,15.00元,8.2
1032007,村上朝日堂 嗨嗬！,村上春树随笔系列,（日）村上春树,林少华,上海译文出版社,2004-06,10.00,8.1
1084153,村上春树美食厨房,,村上春树美食书友会,,中国轻工业出版社,2004-03-01,20.00,7.2
25723702,永远的少年,村上春树与《海边的卡夫卡》,杨照,,新星出版社,2013-9,29.80元,8.4
4195910,为了灵魂的自由,村上春树的灵魂世界,林少华,,中国友谊出版公司,2009年12月第一版,32.00,7.8
24838896,村上春树·猫,新华先锋-异文馆,[日] 铃村和成,李天宇,北京联合出版有限责任公司,2013-8,29.80元,6.1
2308343,村上春树论,精读《海边的卡夫卡》,小森阳一,秦刚,新星出版社,2007-10,20.00元,7.4
1341163,萊辛頓的幽靈,,村上春樹,,賴明珠,時報文化,NT$ 140,7.9
26378986,村上さんのところ,,村上春樹／著、フジモトマサル／絵,,新潮社,2015-7,JPY 1404,8.1
4187622,What I Talk About When I Talk About Running,,Haruki Murakami,,Vintage,2009-8,129.00元,8.9
2372900,村上先生的愛樂電台,,Haruki Murakami,,Vintage,2009-8,129.00元,8.1
1452570,村上春树作品集,,村上春树,高翔翰,北方文艺出版社,1999年,70.00,8.0
4042017,后现代语境中的村上春树,,杨炳菁,,中央编译出版社,2009年09月,38.00元,8.4
26713920,林少华看村上,村上文学35年,林少华,,青岛出版社,2016-1,59.00	元,7.1
3224468,村上春树,转换中的迷失,（日）黑古一夫,秦刚、王海蓝,中国广播电视出版社,2008-10,25.00元,6.7
3862510,村上春樹の『1Q84』を読み解く,,村上春樹研究会,,データ・ハウス,2009-07-02,JPY 13.65,7.7
1782391,村上春树与后虚无年代,,岑朗天,,新星出版社,2006.4,20.00,6.6
3155160,村上春樹心底的中國,,藤井省三,張明敏,時報文化,2008-7,120.00元,6.9
1340809,開往中國的慢船,,村上春樹,賴明珠,時報文化,1998-12,72.00元,7.7
1355186,爵士群像2,,村上春樹、和田誠,賴明珠,時報文化,2003,NT$ 180,8.1
1770496,ノルウェイの森 下,,村上 春樹,,講談社,2004-9-15,JPY 540,9.1
1341985,村上收音機,村上春樹作品集,[日] 村上春樹,賴明珠,時報文化,2002-7-1,新台币230元,7.9
3517505,当心村上春树,,内田树,杨伟、蒋葳,重庆出版社,2009-3,22.00元,6.6
1218049,舞！舞！舞！（精装本）,,村上春树,林少华,上海译文出版社,2004-6-1,36.00,8.5
1770480,ダンス・ダンス・ダンス（上）,,村上春树,林少华,上海译文出版社,2004-6-1,36.00,9.3
1355642,South of the Border, West of the Sun,,Haruki Murakami,,Vintage,2000-06-01,90.0,8.7
1475868,The Elephant Vanishes,Stories,Haruki Murakami,Alfred Birnbaum、Jay Rubin,Vintage,1994-06-28,CAD 19.95,8.8
3075406,Blind Willow, Sleeping Woman,,Haruki Murakami,Alfred Birnbaum、Jay Rubin,Vintage,1994-06-28,CAD 19.95,8.7
3119332,ノルウェイの森（上）,,村上 春樹,,講談社,1987-9-10,JPY 1365,8.3
1506845,海辺のカフカ,(上卷）,村上 春樹,,新潮社,2005-2-28,JPY 767,8.9
10557161,村上春树《1Q84》纵横谈,,村上 春樹,,新潮社,2005-2-28,JPY 767,6.4
5245627,東京．村上春樹．旅,,村上 春樹,,新潮社,2005-2-28,JPY 767,8.2
4173364,村上春树经典作品集,,村上 春樹,,新潮社,2005-2-28,JPY 767,7.8
1058607,味之旅,村上春树RECIPE,村上春树美食书友会 编,[日] 猿渡静子,南海出版公司,2002-7,20.00元,7.3
1083106,村上春树音乐之旅,新经典文库,王昕,,南海出版公司,2004-7-1,20.00元,6.9
3564863,希臘.村上春樹‧貓,,郭正佩,,天下文化,20090227,NTD320.00,8.0
1291827,黑夜之後,,村上春樹,賴明珠,時報出版,2005年01月,50.0,7.4
1962422,村上春樹,當代大師系列 35,羅佳琦,,生智文化事業股份有限公司,2006.01.,NT$200,7.3
1506848,海辺のカフカ (下) (新潮文庫),(下卷）,村上 春樹,新潮社,2,28, 2005,96.00元,9.0
1438583,村上春树和他的作品,,林少华,,宁夏人民出版社,2005,33.80元,6.7
1340976,舞.舞.舞（下）,,村上春樹,賴明珠,時報文化,1991,92.00元,8.7
1868541,Blind Willow, Sleeping Woman,,Haruki Murakami,,Knopf,2006-08-29,CAD 32.95,8.6
3803783,村上春树出道三十周年纪念专刊,,Haruki Murakami、Seiji Ozawa,Jay Rubin,Knopf,2016-11-15,USD 27.95,6.5
1978046,人造衛星情人(下),,村上春樹,賴明珠,博益出版集團有限公司,2005-03,$88,8.1
1767821,邊境．近境：攝影集,,松村映三、村上春樹,夏朵,時報,1999,NT 280,7.9
6894204,村上春樹的文學迷宮: 1979-2010三十年作品全解說,,洋泉社,張竹聿,八方出版,2012-4,NT$280,7.1
1424841,嗨，村上春树,随书附赠《村上春树的音乐森林》MP3光盘,苏静、江江,,朝华出版社,2005,29.80,6.2
4906226,村上春樹短篇小說傑作選,,村上春樹,郭麗花,故鄉出版股份有限公司,1992,NT$140.00,7.2
1785337,开往中国的慢船,,村上春树,雪蕻,漓江出版社,2001年4月,18,7.3
25763270,村上春树的文学迷宫,从《且听风吟》到《1Q84》，三十年作品透视,日本洋泉社 编,武岳,北京联合出版公司,2013-12,32.80元,6.5
1487841,Dance Dance Dance,,Haruki Murakami,Alfred Birnbaum,Vintage,2002-2-7,GBP 8.99,8.4
6081521,Norwegian Wood. Haruki Murakami,,Haruki Murakami,,Vintage Books USA,2011-2,USD 12.42,9.0
3132650,AFTER DARK,,Murakami, Haruki,,VINTAGE BOOKS U.K.,2008-4,68.00元,7.8
4103505,村上春樹文學在臺灣的翻譯與文化,,張明敏,,聯合文學,2009-11,110.00元,7.3
1341034,舞．舞．舞（上）,,村上春樹,賴明珠,時報文化,1996-11,92.00元,8.6
6903053,1Q84 Books 1, 2 & 3,,Haruki Murakami,Jay Rubin,Random House Export,2011-10-1,GBP 20.00,8.2
1770483,神の子どもたちはみな踊る,,村上 春樹,新潮社,2002,02,460 （税込）,7.9
1401207,袋鼠通信,,村上春樹,,賴明珠,博益,1995,7.9
1906017,Blind Willow Sleeping Woman,,Haruki Murakami,,Harvill Press,6 Jul 2006,CAD 27.23,8.9
1038061,遇见100%的村上春树,,稻草人 编著,,当代世界出版社,2001-5,18.00元,6.9
4906202,挪威的森林（上）,,村上春樹,,賴明珠,時報文化出版企業股份有限公司,2003,8.6
3221962,ノルウェイの森（下）,,村上 春樹,,新潮社,2012-5-28,JPY 680,8.8
6730788,世界の終りとハードボイルド・ワンダーランド 上巻,,村上春樹,,新潮社,2010-4-8,JPY 810,7.8
1263650,相约挪威的森林,,雷世文,,华夏出版社,2005-3-1,26.0,6.9
3333019,發條鳥年代記第三部（刺鳥人篇【上】）,,村上春樹,賴明珠,博益出版集團有限公司,1996,52,8.0
26775738,村上春树.旅,,宫本雅俊,,北京联合出版有限责任公司,2016-5,39.8,5.0
26718809,异乡人,村上春树：无论置身何处，我们的某一部分都是异乡人。,林少华,,作家出版社,2016-3-1,39.80元,6.9
3478664,SOUTH OF THE BORDER ，WEST OF THE SUN,,林少华,,作家出版社,2016-3-1,39.80元,7.6
1987197,The Elephant Vanishes,,Haruki Murakami,,Vintage,2001-2-8,GBP 9.99,8.4
1481272,村上春樹的音樂圖鑑,,小西慶太,,陳迪中、黃文貞,知書房,1996,7.5
1772714,探訪村上春樹的世界,,深海遙,賴明珠,紅色文化,1998年11月01日,NT 280,7.4
3999983,翻訳夜話,,深海遙,賴明珠,紅色文化,1998年11月01日,NT 280,7.8
1770469,1973年のピンボール,,村上 春樹,,講談社文庫,2004年,400円,7.9
25960639,Colorless Tsukuru Tazaki and His Years of Pilgrimage,,Haruki Murakami,Philip Gabriel,Harvill Secker,2014-8-12,GBP 20.00,7.9
24891481,村上春树小说艺术研究,,尚一鸥,,商务印书馆,2013-7,32.00,7.1
1357858,「象の消滅」 短篇選集 1980-1991,,村上 春樹,新潮社 (2005,3,31),本体1300円（税別）,7.8
3389453,世界末日與冷酷異境 (上),,村上春樹,,賴明珠,博益出版集團有限公司,1995年5月 (第四版),7.6
10589559,1Q84 BOOK 1〈4月‐6月〉前編,,村上 春樹,,新潮社,2012-3-28,JPY 637,9.0
3792161,挪威的森林（下）,,Haruki Murakami,,Naxos AudioBook,2010,USD 49,8.5
26245325,當村上春樹遇見榮格,從1Q84的夢物語談起,河合俊雄,,林暉鈞,心靈工坊文化,2014-12,7.4
26005633,The Strange Library,,河合俊雄,,林暉鈞,心靈工坊文化,2014-12,8.0
10589560,1Q84 BOOK1〈4月‐6月〉後編,,村上春樹,,新潮社,2012-3-28,JPY 620,7.7
2600966,After Dark,,Murakami, Haruki,,Jay Rubin,2007-6,£ 14.99,7.4
3229835,尋羊的冒險（上）,,村上春樹,葉蕙,博益出版集團有限公司,1992.07.,32,7.5
3127968,村上春樹全作品  1990~2000 全7巻セット,,村上 春樹,,講談社,2004-04-01,JPY 223.65,7.6
10808538,1Q84 BOOK2〈7月‐9月〉後編,,村上春樹,,新潮社,2012-4-27,JPY 594,8.0
3112581,ノルウェイの森〈上〉,,村上 春樹,,講談社,1991-4,JPY 490,8.5
1341518,發條鳥年代記－第二部預言鳥篇,,村上春樹,,新潮社,2015-10,810円,8.2
3333038,發條鳥年代記第三部（刺鳥人篇【下】）,,村上春樹,賴明珠,博益出版集團有限公司,1996,52,8.4
3797883,海辺のカフカ（下）,,Haruki Murakami,,btb Verlag,2003-02-01,EUR 10.00,7.7
3733708,パン屋再襲撃,,村上春樹,,文藝春秋,1989-4,429円,8.1
4085817,羊をめぐる冒険（下）,,村上春樹,,講談社,2004-11-16,JPY 500,8.0
6516055,1Q84,Books 1 and 2,Haruki Murakami,,Harvill Secker,2011-10-18,GBP 20.00,7.5
1341517,發條鳥年代記－第一部鵠賊篇,,村上春樹，譯／賴明珠,,時報文化,20011105,NT$ 250,7.9
1461383,遇見100%的村上春樹,,鄭栗兒主編,,時報出版,1998 年 08 月 25 日,NT 160,7.2
1770481,中国行きのスロウ・ボート (中公文庫),,村上 春樹,,中央公論社,1997-04,JPY 6.00,7.8
1062761,抱歉，因为你不够村上春树,,袁皖君,,中国电影出版社,2002-01,18.00,5.3
3112582,ノルウェイの森（下）,,村上春樹,,講談社,1991年04月,467円 (税込 490 円),8.7
3229837,尋羊的冒險（下）,,村上春樹,葉蕙,博益出版集體有限公司,1992.07.,32,7.7
1939600,舞舞舞吧（下）,,村上 春樹,新潮社,1988,10,580,8.0
11524006,1Q84 BOOK2〈7月～9月〉前編,,村上春樹,,新潮社,2012-4-27,JPY 620,7.4
3900039,What I Talk About When I Talk About Running,,Haruki Murakami,Philip Gabriel,Vintage International,2009,CNY 63.00,9.2
1421532,After the Quake,Stories,Haruki Murakami,Jay Rubin,Vintage,2003-05-13,CAD 16.95,8.7
7163013,不时髦的村上春树,,Haruki Murakami,Jay Rubin,Vintage,2003-05-13,CAD 16.95,5.3
25979644,The Strange Library,,Haruki Murakami,,Ted Goossen,Knopf,2014-12-2,6.7
6017805,Norwegian Wood,,Murakami, Haruki,,Rubin, Jay,2010-11,80.78元,8.0
1479705,Pinball, 1973,,Haruki Murakami,Alfred Birnbaum,Kodansha,1985,490 Yen,8.1
1005521,伊豆的舞女,,[日] 川端康成,叶渭渠,广西师范大学出版社,2002-2,23.80元,8.1
4010969,当我们谈论爱情时我们在谈论什么,,[美] 雷蒙德·卡佛,小二,译林出版社,2010-1,22.00元,7.8
1361446,Dance Dance Dance,Dance, Dance,Haruki Murakami,Alfred Birnbaum,Vintage,1995-1,116.00元,8.3
1987197,The Elephant Vanishes,,Haruki Murakami,,Vintage,2001-2-8,GBP 9.99,8.4
1767821,邊境．近境：攝影集,,松村映三、村上春樹,夏朵,時報,1999,NT 280,7.9
1341888,懷念的一九八〇年代,,[日] 村上春樹,張致斌,時報文化,2002-5-11,新台币180元,7.2
26775738,村上春树.旅,,宫本雅俊,,北京联合出版有限责任公司,2016-5,39.8,5.0
1340767,螢火蟲,,村上春樹,,時報文化,1999-8,56.00元,7.8
1498482,萊辛頓的幽靈,,村上春樹,,時報文化,1999-8,56.00元,8.0
1926700,关于莉莉周的一切,,[日] 岩井俊二,张苓,天津人民出版社,2006-12,28.00元,7.7
3013903,漫长的告别,,[美] 雷蒙德·钱德勒,宋碧云,新星出版社,2008-2,25.00,8.1
1919189,跳！跳！跳！,,村上春树,,冯建新、洪虹,漓江出版社,1991年6月,9.0
1506845,海辺のカフカ,(上卷）,村上 春樹,,新潮社,2005-2-28,JPY 767,8.9
1340944,象工場的HAPPY END,,村上春樹,張致斌,時報文化,2000-4,64.00元,7.7
1354199,Hard-Boiled Wonderland and the End of the World,A Novel,Haruki Murakami,,Vintage,1993-03-02,CAD 21.00,9.2
1341539,羊男的聖誕節,,Haruki Murakami,,Vintage,1993-03-02,CAD 21.00,7.6
3119332,ノルウェイの森（上）,,村上 春樹,,講談社,1987-9-10,JPY 1365,8.3
4906226,村上春樹短篇小說傑作選,,村上春樹,郭麗花,故鄉出版股份有限公司,1992,NT$140.00,7.2
1732324,Kafka on the Shore,,村上春树,,Vintage,2005-1,63.00元,8.5
1419226,黑夜之後,,村上春樹,賴明珠,明窗出版社,2005-4,HK$54,7.5
1768668,Sputnik Sweetheart,,Haruki Murakami,,Vintage,2002-4-9,USD 14.00,8.6
5951393,村上春樹 雑文集,,村上 春樹,,新潮社,2011-1-31,JPY 1470,8.2
2303393,Birthday Stories,Selected and Introduced by Haruki Murakami,村上 春樹,,新潮社,2011-1-31,JPY 1470,9.2
26686229,身為職業小說家,,村上春樹,,賴明珠,時報,2016-1-22,8.1
2146495,Hard-Boiled Wonderland and the End of the World,,Haruki Murakami,Alfred Birnbaum,Vintage,2001-9,CAD 15.25,8.9
24319078,我心中尚未崩坏的部分,,白石一文,陈明姿、王忆云,上海人民出版社,2013-8,32.00元,7.7
1340529,日出國的工場,,[日] 村上春樹 文、安西水丸 圖,賴明珠,時報文化出版企业股份有限公司,2001-4,新台币230元,8.0
1340656,麵包店再襲擊,,村上春樹,,時報文化,19990823,NT$ 160,8.0
1479695,A Wild Sheep Chase,A Novel,Haruki Murakami,Alfred Birnbaum,Vintage,2002-04-09,CAD 16.95,8.3
1353740,Sydney!,雪梨！村上的奧運日誌,村上春樹,張致斌,時報文化,2004-7,NT$ 300,8.1
2294531,村上朝日堂嗨嗬!,,村上春樹,賴明珠,時報出版,2007-11,88.00元,8.3
4820710,1984,,[英] 乔治·奥威尔,刘绍铭,北京十月文艺出版社,2010-4-1,28.00元,9.3
1506848,海辺のカフカ (下) (新潮文庫),(下卷）,村上 春樹,新潮社,2,28, 2005,96.00元,9.0
6081521,Norwegian Wood. Haruki Murakami,,Haruki Murakami,,Vintage Books USA,2011-2,USD 12.42,9.0
6894204,村上春樹的文學迷宮: 1979-2010三十年作品全解說,,洋泉社,張竹聿,八方出版,2012-4,NT$280,7.1
3065001,東京奇譚集,,村上春樹,,新潮社,2007-11,JPY 464,8.5
1355186,爵士群像2,,村上春樹、和田誠,賴明珠,時報文化,2003,NT$ 180,8.1
1341163,萊辛頓的幽靈,,村上春樹,,賴明珠,時報文化,NT$ 140,7.9
1341203,迴轉木馬的終端,,村上春樹,賴明珠,時報文化,19990524,NT$ 160,8.2
3243274,After Dark,,Haruki Murakami,,Vintage Canada,2008-04-29,CAD 21.00,7.9
25283615,萨哈林旅行记,,[俄] 契诃夫,刁邵华、姜长斌,湖南人民出版社,2013-9,48.00元,8.7
1341163,萊辛頓的幽靈,,村上春樹,,賴明珠,時報文化,NT$ 140,7.9
1888868,國境之南‧太陽之西,,村上春樹,,賴明珠,博益出版集團有限公司,1993,8.5
1340536,夜之蜘蛛猴,,村上春樹著 賴明珠譯,,時報文化,1996-5,80.00元,7.4
3221832,Norwegian Wood,,Haruki Murakami,Jay Rubin,The Harvill Press,2001-5-17,GBP 7.99,9.0
3679204,關於跑步，我說的其實是……,,村上春樹,赖明珠,时报文化出版企业股份有限公司,2008年11月3号,NT205,8.2
25763270,村上春树的文学迷宫,从《且听风吟》到《1Q84》，三十年作品透视,日本洋泉社 编,武岳,北京联合出版公司,2013-12,32.80元,6.5
2159031,象的消失,,日本洋泉社 编,武岳,北京联合出版公司,2013-12,32.80元,8.5
26005633,The Strange Library,,日本洋泉社 编,武岳,北京联合出版公司,2013-12,32.80元,8.0
1395022,遠方的大鼓聲(上、下),,日本洋泉社 编,武岳,北京联合出版公司,2013-12,32.80元,8.1
3900039,What I Talk About When I Talk About Running,,Haruki Murakami,Philip Gabriel,Vintage International,2009,CNY 63.00,9.2
3075406,Blind Willow, Sleeping Woman,,Haruki Murakami,Philip Gabriel,Vintage International,2009,CNY 63.00,8.7
1498979,Underground,The Tokyo Gas Attack and the Japanese Psyche,Haruki Murakami,Philip Gabriel,Vintage,2001-4-10,USD 16.00,9.1
1770470,ねじまき鳥クロニクル〈第1部〉泥棒かささぎ編,,村上春樹,,新潮社,1997-9-30,JPY 680,8.0
2294523,村上朝日堂反擊,,村上春樹,賴明珠,時報出版,20071105,112.00元,8.3
25960639,Colorless Tsukuru Tazaki and His Years of Pilgrimage,,Haruki Murakami,Philip Gabriel,Harvill Secker,2014-8-12,GBP 20.00,7.9
1421532,After the Quake,Stories,Haruki Murakami,Jay Rubin,Vintage,2003-05-13,CAD 16.95,8.7
6903030,思念,,[日]本多孝好,戈贵锋,吉林出版集团有限责任公司,2012-4,25.00元,7.6
6712407,巴黎评论·作家访谈Ⅰ,第一卷,《巴黎评论》编辑部,黄昱宁 等,人民文学出版社,2012-2,38.00元,8.9
3259440,白夜行,,[日] 东野圭吾,刘姿君,南海出版公司,2008-9,29.80元,9.1
1479701,Hear the Wind Sing,,Haruki Murakami,Alfred Birnbaum,Kodansha,1987,460 Yen,7.6
2143454,After Dark,,Haruki Murakami,Rubin, Jay,Knopf,2007-05-08,USD 22.95,7.1
6531206,人造卫星情人,,村上春树,,柳又村,漓江出版社,2001,7.3
6903053,1Q84 Books 1, 2 & 3,,Haruki Murakami,Jay Rubin,Random House Export,2011-10-1,GBP 20.00,8.2
25979644,The Strange Library,,Haruki Murakami,,Ted Goossen,Knopf,2014-12-2,6.7
1340711,電視人,,村上春樹著,張致斌,時報文化,2000-1,64.00元,7.6
25862578,解忧杂货店,,(日)东野圭吾,李盈春,南海出版公司,2014-5,39.50元,8.6
1017143,不能承受的生命之轻,,[捷克] 米兰·昆德拉,许钧,上海译文出版社,2003-7,23.00元,8.4
1357401,A WILD SHEEP CHASE,,Haruki Murakami,,Vintage,2000-4-20,147.00元,8.8
1988884,夜之蜘蛛猴,,村上春樹、安西水丸 插畫,賴明珠、安西水丸 插畫,博益,1996年4月,HK$80,7.9
1962422,村上春樹,當代大師系列 35,羅佳琦,,生智文化事業股份有限公司,2006.01.,NT$200,7.3
1770479,羊をめぐる冒険（上）,,村上春樹,,講談社,2004-11,JPY 500,8.9
1355042,邊境近境,,村上春樹,,新潮社,2000,NT$ 200,7.5
1354576,國境之南．太陽之西,,村上春樹　賴明珠譯,,時報文化,20011029,NT$ 260,8.4
3211779,嫌疑人X的献身,,[日] 东野圭吾,刘子倩,南海出版公司,2008-9,28.00,8.9
1355042,邊境近境,,村上春樹,,新潮社,2000,NT$ 200,7.5
3112581,ノルウェイの森〈上〉,,村上 春樹,,講談社,1991-4,JPY 490,8.5
1395011,挪威的森林,（下）,村上春樹,,葉蕙,博益,1991-5,8.5
1354576,國境之南．太陽之西,,村上春樹　賴明珠譯,,時報文化,20011029,NT$ 260,8.4
1906017,Blind Willow Sleeping Woman,,Haruki Murakami,,Harvill Press,6 Jul 2006,CAD 27.23,8.9
3127965,国境の南、太陽の西,,村上 春樹,,講談社,1992-10,JPY 15.29,8.7
1053759,雪国 古都,,[日] 川端康成,叶渭渠、唐月梅,广西师范大学出版社,2002-2,17.80元,8.3
5984267,高墙与鸡蛋,林少华精锐美文集,林少华,,红旗,2011-1,28.00元,7.1
2600966,After Dark,,Murakami, Haruki,,Jay Rubin,2007-6,£ 14.99,7.4
3211779,嫌疑人X的献身,,[日] 东野圭吾,刘子倩,南海出版公司,2008-9,28.00,8.9
3032658,舞吧，舞吧，舞吧,,(日)村上春树,张孔群,百花文艺出版社,1991-01-01,5.65,8.1
3112606,やがて哀しき外国語,,村上春樹,,講談社,1997-2-14,JPY 540,8.3
1062761,抱歉，因为你不够村上春树,,袁皖君,,中国电影出版社,2002-01,18.00,5.3
1475868,The Elephant Vanishes,Stories,Haruki Murakami,Alfred Birnbaum、Jay Rubin,Vintage,1994-06-28,CAD 19.95,8.8
2149195,看袋鼠的好日子,,村上春樹,,博益,1997,HK$52,8.0
1480326,The Wind-Up Bird Chronicle,,Haruki Murakami,,Knopf,1997-10-21,USD 25.95,8.6
1082518,麦田里的守望者,,[美国] J. D. 塞林格,施咸荣,译林出版社,1997-2,7.80元,7.9
1082518,麦田里的守望者,,[美国] J. D. 塞林格,施咸荣,译林出版社,1997-2,7.80元,7.9
3112606,やがて哀しき外国語,,村上春樹,,講談社,1997-2-14,JPY 540,8.3
1480326,The Wind-Up Bird Chronicle,,Haruki Murakami,,Knopf,1997-10-21,USD 25.95,8.6
4906202,挪威的森林（上）,,村上春樹,,賴明珠,時報文化出版企業股份有限公司,2003,8.6
1475868,The Elephant Vanishes,Stories,Haruki Murakami,Alfred Birnbaum、Jay Rubin,Vintage,1994-06-28,CAD 19.95,8.8
3104944,Kafka on the Shore,,Haruki Murakami,,ARROW,2005-10,71.00元,8.1
3112582,ノルウェイの森（下）,,村上春樹,,講談社,1991年04月,467円 (税込 490 円),8.7
1363135,聽見100%的村上春樹,,傑．魯賓 （Jay Rubin),周月英,時報文化,2004-5,112.00元,7.9
4103505,村上春樹文學在臺灣的翻譯與文化,,張明敏,,聯合文學,2009-11,110.00元,7.3
24891481,村上春树小说艺术研究,,尚一鸥,,商务印书馆,2013-7,32.00,7.1
6516055,1Q84,Books 1 and 2,Haruki Murakami,,Harvill Secker,2011-10-18,GBP 20.00,7.5
3792161,挪威的森林（下）,,Haruki Murakami,,Harvill Secker,2011-10-18,GBP 20.00,8.5
1868541,Blind Willow, Sleeping Woman,,Haruki Murakami,,Knopf,2006-08-29,CAD 32.95,8.6
2075137,了不起的盖茨比,,费郎西斯·斯·菲茨杰拉德,林慧,湖北人民,2006-12-01,19.00元,8.3
3733708,パン屋再襲撃,,村上春樹,,文藝春秋,1989-4,429円,8.1
1008074,失乐园,,渡边淳一,谭玲,文化艺术出版社,2005-4-1,25.00元,7.5
1318126,雪国,,[日] 川端康成,叶渭渠、唐月梅,天津人民出版社,2005-5,25.00元,8.3
3478664,SOUTH OF THE BORDER ，WEST OF THE SUN,,[日] 川端康成,叶渭渠、唐月梅,天津人民出版社,2005-5,25.00元,7.6
1354436,1973年的彈珠玩具,,[日] 川端康成,叶渭渠、唐月梅,天津人民出版社,2005-5,25.00元,8.0
1354436,1973年的彈珠玩具,,[日] 川端康成,叶渭渠、唐月梅,天津人民出版社,2005-5,25.00元,8.0
1481272,村上春樹的音樂圖鑑,,小西慶太,,陳迪中、黃文貞,知書房,1996,7.5
1449907,1973年的彈珠玩具,,村上春樹,賴明珠,博益,1997年12月,HK$52,8.0
1395037,海邊的卡夫卡（上）,,村上春樹,賴明珠,博益,1997年12月,HK$52,8.2
1318126,雪国,,[日] 川端康成,叶渭渠、唐月梅,天津人民出版社,2005-5,25.00元,8.3
1008074,失乐园,,渡边淳一,谭玲,文化艺术出版社,2005-4-1,25.00元,7.5
26237051,没有女人的男人们,,[美] 欧内斯特·海明威,杨向荣,南海出版公司,2015-1-1,29.50元,7.6
1770469,1973年のピンボール,,村上 春樹,,講談社文庫,2004年,400円,7.9
26245325,當村上春樹遇見榮格,從1Q84的夢物語談起,河合俊雄,,林暉鈞,心靈工坊文化,2014-12,7.4
1770480,ダンス・ダンス・ダンス（上）,,河合俊雄,,林暉鈞,心靈工坊文化,2014-12,9.3
10555459,始终不聪明,,浅白色,,湖南文艺出版社,2012-4,29.80元,7.7
1793335,村上 RECIPE,,浅白色,,湖南文艺出版社,2012-4,29.80元,7.2
1770483,神の子どもたちはみな踊る,,村上 春樹,新潮社,2002,02,460 （税込）,7.9
1354204,螢・納屋を焼く・その他の短編,,村上 春樹,,新潮社,1987-9-25,JPY 380,7.8
3127968,村上春樹全作品  1990~2000 全7巻セット,,村上 春樹,,講談社,2004-04-01,JPY 223.65,7.6
10554308,白夜行,,[日] 东野圭吾,刘姿君,南海出版公司,2013-1-1,39.50元,9.2
3999983,翻訳夜話,,[日] 东野圭吾,刘姿君,南海出版公司,2013-1-1,39.50元,7.8
1773815,Underground,The Tokyo Gas Attack and the Japanese Psyche,Haruki Murakami,,Vintage,2003-9-4,GBP 9.99,8.1
3999983,翻訳夜話,,Haruki Murakami,,Vintage,2003-9-4,GBP 9.99,7.8
1770483,神の子どもたちはみな踊る,,村上 春樹,新潮社,2002,02,460 （税込）,7.9
10589559,1Q84 BOOK 1〈4月‐6月〉前編,,村上 春樹,,新潮社,2012-3-28,JPY 637,9.0
24540864,第七天,,余华,,新星出版社,2013-6,29.50元,6.8
1773815,Underground,The Tokyo Gas Attack and the Japanese Psyche,Haruki Murakami,,Vintage,2003-9-4,GBP 9.99,8.1
4085817,羊をめぐる冒険（下）,,村上春樹,,講談社,2004-11-16,JPY 500,8.0
1479705,Pinball, 1973,,Haruki Murakami,Alfred Birnbaum,Kodansha,1985,490 Yen,8.1
3127968,村上春樹全作品  1990~2000 全7巻セット,,村上 春樹,,講談社,2004-04-01,JPY 223.65,7.6
2719380,Blind Willow, Sleeping Woman,,Haruki Murakami,,Vintage,2007-10-09,CAD 21.00,7.8
1066462,向左走·向右走,,幾米,,生活·读书·新知三联书店,2002-8,16.00元,8.4
1770474,ねじまき鳥クロニクル〈第3部〉鳥刺し男編,,村上春樹,,新潮社,1997-9-30,JPY 907,8.2
24163576,漫长的告别,,[美] 雷蒙德·钱德勒,卢肖慧,南海出版公司,2013-7,39.50元,8.4
4074636,放学后,,[日]东野圭吾,赵峻,南海出版公司,2010-1-1,20.00元,7.6
1770473,ねじまき鳥クロニクル〈第2部〉予言する鳥編,,村上春樹,,新潮社,1997-9-30,JPY 724,7.8
26274045,和小澤征爾先生談音樂,,村上春樹,,新潮社,1997-9-30,JPY 724,8.0
26274045,和小澤征爾先生談音樂,,村上春樹,,新潮社,1997-9-30,JPY 724,8.0
1066462,向左走·向右走,,幾米,,生活·读书·新知三联书店,2002-8,16.00元,8.4
26713920,林少华看村上,村上文学35年,林少华,,青岛出版社,2016-1,59.00	元,7.1
1084336,小王子,,[法] 圣埃克苏佩里,马振聘,人民文学出版社,2003-8,22.00元,9.0
26392734,到处存在的场所，到处不存在的我,,[日] 村上龙,张致斌,湖南文艺出版社,2015-7,32.00元,7.4
1770473,ねじまき鳥クロニクル〈第2部〉予言する鳥編,,村上春樹,,新潮社,1997-9-30,JPY 724,7.8
1082387,一九八四·动物农场,,[英] 乔治·奥威尔,董乐山、傅惟慈,上海译文出版社,2003-4,23.00元,9.2
1759828,人造衛星情人（上）,,村上春樹,賴明珠,博益,1999.10,55.00,8.1
1000856,我是猫,,[日]夏目漱石,于雷,译林出版社,1994-5-1,10.30,7.9
1082387,一九八四·动物农场,,[英] 乔治·奥威尔,董乐山、傅惟慈,上海译文出版社,2003-4,23.00元,9.2
10589560,1Q84 BOOK1〈4月‐6月〉後編,,村上春樹,,新潮社,2012-3-28,JPY 620,7.7
1856494,卡拉马佐夫兄弟,,[俄]陀思妥耶夫斯基,荣如德,上海译文出版社,2006-8,25.00,9.3
1008145,围城,,钱锺书,,人民文学出版社,1991-2,19.00,8.9
1772714,探訪村上春樹的世界,,深海遙,賴明珠,紅色文化,1998年11月01日,NT 280,7.4
3994112,1Q84 2,,村上春樹,,朝日新聞社,1997,1200,7.5
1082387,一九八四·动物农场,,[英] 乔治·奥威尔,董乐山、傅惟慈,上海译文出版社,2003-4,23.00元,9.2
10589560,1Q84 BOOK1〈4月‐6月〉後編,,村上春樹,,新潮社,2012-3-28,JPY 620,7.7
1468393,无限近似于透明的蓝,,[日] 村上龙,张唯诚,上海译文出版社,2006-1,10.00元,7.2
5936074,雨中的3分58秒,,約翰．帕克 Parker, John L. Jr.,范湲,圓神出版社,2010-12-31,NTD 320,8.1
1917972,在路上,,[美] 杰克·凯鲁亚克,王永年,上海译文出版社,2006-10,28.00元,7.8
1939044,嗨，岩井俊二,,苏静、江江,,花山文艺出版社,2006-12,25.00元,6.5
1888877,失落的彈珠玩具,,村上春樹,,賴明珠,時報文化（紅小說）,1992,8.8
6082808,百年孤独,,[哥伦比亚] 加西亚·马尔克斯,范晔,南海出版公司,2011-6,39.50元,9.2
5290404,听说每颗星都会寂寞,,紫堇轩,,长江出版社,2010-09,17.80元,7.5
5936074,雨中的3分58秒,,約翰．帕克 Parker, John L. Jr.,范湲,圓神出版社,2010-12-31,NTD 320,8.1
6429285,末世之城,,[美] 保罗·奥斯特,韩良忆,人民文学出版社,2011-7,19.00元,7.4
5275059,1988：我想和这个世界谈谈,,韩寒,,国际文化出版公司,2010-9,25.00元,7.9
1917972,在路上,,[美] 杰克·凯鲁亚克,王永年,上海译文出版社,2006-10,28.00元,7.8
25931738,偷窥一百二十天,悬疑世界文库001,蔡骏,,作家出版社,2014-8-1,CNY 29.00,6.7
25987045,在全世界迷路,,(日)角田光代,林佩仪,北京联合出版公司,2014-11,39.80,7.4
1820965,藏传佛教绘画史,,于小冬,,江苏美术出版社,2006-1,68.00元,8.8
20427187,看见,,柴静,,广西师范大学出版社,2013-1-1,39.80元,8.8
20392523,没有人给他写信的上校,,[哥伦比亚] 加西亚·马尔克斯,陶玉平,南海出版公司,2013-5,19.50元,8.5
6082808,百年孤独,,[哥伦比亚] 加西亚·马尔克斯,范晔,南海出版公司,2011-6,39.50元,9.2
6429285,末世之城,,[美] 保罗·奥斯特,韩良忆,人民文学出版社,2011-7,19.00元,7.4
2997197,权利与意志,,尼采,,延边人民出版社,1999,22.8元,8.6
10808538,1Q84 BOOK2〈7月‐9月〉後編,,村上春樹,,新潮社,2012-4-27,JPY 594,8.0
1917972,在路上,,[美] 杰克·凯鲁亚克,王永年,上海译文出版社,2006-10,28.00元,7.8
5275059,1988：我想和这个世界谈谈,,韩寒,,国际文化出版公司,2010-9,25.00元,7.9
1939044,嗨，岩井俊二,,苏静、江江,,花山文艺出版社,2006-12,25.00元,6.5
5290404,听说每颗星都会寂寞,,紫堇轩,,长江出版社,2010-09,17.80元,7.5
1400705,情人,,[法] 玛格丽特·杜拉斯,王道乾,上海译文出版社,2005-7,20.00元,8.1
10473576,替身,,[日] 绫辻行人,成洁,人民文学出版社,2012-3,39.80元,7.5
7046857,长日留痕,,[英] 石黑一雄,冒国安,译林出版社,2011-12,28.00元,8.3
10772077,菊次郎與佐紀,,北野武,陳寶蓮,無限出版,2012-5-30,NT$250,8.7
10786473,自控力,斯坦福大学最受欢迎心理学课程,[美]  凯利·麦格尼格尔,王岑卉,文化发展出版社(原印刷工业出版社),2012-8,39.80元,8.2
6728876,知日· HI! 美术馆,,苏静 (主编)、毛丹青、汤祯兆、顾铮、李清志、林竹,,辽宁教育出版社,2011-8,35.00元,8.1
10594787,霍乱时期的爱情,,[哥伦比亚] 加西亚·马尔克斯,杨玲,南海出版公司,2012-9-1,39.50元,8.9
10473576,替身,,[日] 绫辻行人,成洁,人民文学出版社,2012-3,39.80元,7.5
6798611,史蒂夫·乔布斯传,,[美] 沃尔特·艾萨克森,管延圻、魏群、余倩、赵萌萌、汤崧,中信出版社,2011-10-24,68.00元,8.7
7163013,不时髦的村上春树,,Haruki Murakami,,Naxos AudioBook,2010,USD 49,5.3
6097966,发条橙,,[英] 安东尼·伯吉斯,王之光,译林出版社,2011-7,22.00元,8.1
7060185,江城,,[美] 彼得·海斯勒,李雪顺,上海译文出版社,2012-1,36.00元,9.0
2035162,刀锋,,[英]毛姆,周煦良,上海译文出版社,2007-3,18.00,9.0
10772077,菊次郎與佐紀,,北野武,陳寶蓮,無限出版,2012-5-30,NT$250,8.7
7046857,长日留痕,,[英] 石黑一雄,冒国安,译林出版社,2011-12,28.00元,8.3
7163013,不时髦的村上春树,,Haruki Murakami,,Naxos AudioBook,2010,USD 49,5.3
21778349,苦水音乐,,(美)查尔斯·布考斯基,巫土、杨敬,广西师范大学出版社,2013-8,32.00,8.2
19990858,百业经,,索达吉堪布,,西藏藏文古籍出版社,2012-10,38.00元,9.4
10786473,自控力,斯坦福大学最受欢迎心理学课程,[美]  凯利·麦格尼格尔,王岑卉,文化发展出版社(原印刷工业出版社),2012-8,39.80元,8.2
5939295,鸟人计划,,[日] 东野圭吾,星野空,南海出版公司,2011-6,25.00元,6.7
5366248,你一定爱读的极简欧洲史,为什么欧洲对现代文明的影响这么深,约翰·赫斯特（John Hirst）,席玉苹,广西师范大学出版社,2011-11-25,25.00元,8.3
6017805,Norwegian Wood,,Murakami, Haruki,,Rubin, Jay,2010-11,80.78元,8.0
1027464,一片雪,,Murakami, Haruki,,Rubin, Jay,2010-11,80.78元,7.1
20507419,东野圭吾的最后致意,,（日）东野圭吾,潘璐,新星出版社,2013-2,28.00元,7.0
24871971,然而，很美,爵士乐之书,(英)杰夫·戴尔,孔亚雷,浙江文艺出版社,2013-8-1,CNY 26.00,8.5
24872489,小鸟在天空消失的日子,,(日)谷川俊太郎,田原,湖南文艺出版社,2013-9,48.00元,8.1
1756010,South of the Border, West of the Sun,,Haruki Murakami,,Knopf,1999-01-26,USD 22.00,7.7
1026425,三重门,,韩寒,,作家出版社,2000-5,16.00,7.4
10594787,霍乱时期的爱情,,[哥伦比亚] 加西亚·马尔克斯,杨玲,南海出版公司,2012-9-1,39.50元,8.9
4618225,不去会死！,环游世界九万五千公里的自行车单骑之旅,[日] 石田裕辅,刘惠卿,上海译文出版社,2010-4,28.00元,8.2
1027464,一片雪,,[日] 石田裕辅,刘惠卿,上海译文出版社,2010-4,28.00元,7.1
1829226,肖申克的救赎,,[美] 斯蒂芬·金,施寄青、赵永芬、齐若兰,人民文学出版社,2006-7,29.90元,9.1
24883513,猫力乱步,,猫力,,湖南人民出版社,2013-9,46.00,6.8
2035162,刀锋,,[英]毛姆,周煦良,上海译文出版社,2007-3,18.00,9.0
25714740,起风了,,(日)堀辰雄,烨伊,新星出版社,2013-10-1,26.00元,7.3
2036022,了不起的盖茨比,,[美国]弗·司各特·菲茨杰拉德,巫宁坤,译林出版社,2007-2,25.00元,8.4
21778349,苦水音乐,,(美)查尔斯·布考斯基,巫土、杨敬,广西师范大学出版社,2013-8,32.00,8.2
5939295,鸟人计划,,[日] 东野圭吾,星野空,南海出版公司,2011-6,25.00元,6.7
20507419,东野圭吾的最后致意,,（日）东野圭吾,潘璐,新星出版社,2013-2,28.00元,7.0
25931540,告白与告别,,韩寒,,北京联合出版公司,2014-8-1,32.80元,6.6
5264463,了不起的盖茨比,,F·S·菲茨杰拉德,巫宁坤,上海译文出版社,2011-1,28.00元,8.6
24736899,雪国,川端康成作品01,[日] 川端康成,叶渭渠、唐月梅,南海出版公司,2013-9-15,32.00,8.0
2036022,了不起的盖茨比,,[美国]弗·司各特·菲茨杰拉德,巫宁坤,译林出版社,2007-2,25.00元,8.4
1257097,圣诞节的故事,,秦灯,,经济日报出版社,2003-1-1,28.00,8.0
5409461,撒冷镇,,[美] 斯蒂芬·金,姚向辉,上海译文出版社,2011-2,36.00元,7.6
10772077,菊次郎與佐紀,,北野武,陳寶蓮,無限出版,2012-5-30,NT$250,8.7
4618225,不去会死！,环游世界九万五千公里的自行车单骑之旅,[日] 石田裕辅,刘惠卿,上海译文出版社,2010-4,28.00元,8.2
1200840,平凡的世界（全三部）,,路遥,,人民文学出版社,2005-1,64.00元,9.0
20507419,东野圭吾的最后致意,,（日）东野圭吾,潘璐,新星出版社,2013-2,28.00元,7.0
21778349,苦水音乐,,(美)查尔斯·布考斯基,巫土、杨敬,广西师范大学出版社,2013-8,32.00,8.2
3926717,雷蒙德·卡佛短篇小说自选集,,[美] 雷蒙德·卡佛,汤伟,人民文学出版社,2009-9,29.80,8.5
2035162,刀锋,,[英]毛姆,周煦良,上海译文出版社,2007-3,18.00,9.0
24714636,锦绣未央（1、2、3）,,秦简,,江苏文艺出版社,2013-7,75.00元,6.4
25853852,漫长的告别（村上春树点评本）,,[美]雷蒙德・钱德勒,路程,化学工业出版社,2014-2-1,29.80,8.1
3926717,雷蒙德·卡佛短篇小说自选集,,[美] 雷蒙德·卡佛,汤伟,人民文学出版社,2009-9,29.80,8.5
3757659,了不起的盖茨比,,菲茨杰拉德,刘峰,上海三联书店,2009-5,18.00元,8.2
1026425,三重门,,韩寒,,作家出版社,2000-5,16.00,7.4
6798611,史蒂夫·乔布斯传,,[美] 沃尔特·艾萨克森,管延圻、魏群、余倩、赵萌萌、汤崧,中信出版社,2011-10-24,68.00元,8.7
1756010,South of the Border, West of the Sun,,Haruki Murakami,,Knopf,1999-01-26,USD 22.00,7.7
25931540,告白与告别,,韩寒,,北京联合出版公司,2014-8-1,32.80元,6.6
6097966,发条橙,,[英] 安东尼·伯吉斯,王之光,译林出版社,2011-7,22.00元,8.1
6017805,Norwegian Wood,,Murakami, Haruki,,Rubin, Jay,2010-11,80.78元,8.0
5409461,撒冷镇,,[美] 斯蒂芬·金,姚向辉,上海译文出版社,2011-2,36.00元,7.6
20507419,东野圭吾的最后致意,,（日）东野圭吾,潘璐,新星出版社,2013-2,28.00元,7.0
19990858,百业经,,索达吉堪布,,西藏藏文古籍出版社,2012-10,38.00元,9.4
5366248,你一定爱读的极简欧洲史,为什么欧洲对现代文明的影响这么深,约翰·赫斯特（John Hirst）,席玉苹,广西师范大学出版社,2011-11-25,25.00元,8.3
6017805,Norwegian Wood,,Murakami, Haruki,,Rubin, Jay,2010-11,80.78元,8.0
5939295,鸟人计划,,[日] 东野圭吾,星野空,南海出版公司,2011-6,25.00元,6.7
1756010,South of the Border, West of the Sun,,Haruki Murakami,,Knopf,1999-01-26,USD 22.00,7.7
7060185,江城,,[美] 彼得·海斯勒,李雪顺,上海译文出版社,2012-1,36.00元,9.0
1858576,一九八四,,[英] 乔治·奥威尔,董乐山,上海译文出版社,2006-8,13.00元,9.3
1829226,肖申克的救赎,,[美] 斯蒂芬·金,施寄青、赵永芬、齐若兰,人民文学出版社,2006-7,29.90元,9.1
10786473,自控力,斯坦福大学最受欢迎心理学课程,[美]  凯利·麦格尼格尔,王岑卉,文化发展出版社(原印刷工业出版社),2012-8,39.80元,8.2
10594787,霍乱时期的爱情,,[哥伦比亚] 加西亚·马尔克斯,杨玲,南海出版公司,2012-9-1,39.50元,8.9
1775691,少有人走的路,心智成熟的旅程,[美] M·斯科特·派克,于海生,吉林文史出版社,2007-1,26.00元,8.3
10473576,替身,,[日] 绫辻行人,成洁,人民文学出版社,2012-3,39.80元,7.5
1770481,中国行きのスロウ・ボート (中公文庫),,村上 春樹,,中央公論社,1997-04,JPY 6.00,7.8
7163013,不时髦的村上春树,,村上 春樹,,中央公論社,1997-04,JPY 6.00,5.3
26035711,你好，小确幸（限量礼品版）,,加肥猫,,中国华侨出版社,2014-10-1,56.00元,6.5
2165084,在轮下,,[德] 赫尔曼·黑塞,张佑中,上海译文出版社,2007-7,15.00元,8.3
1036274,夏洛的网,,[美] E.B.怀特,任溶溶,上海译文出版社,2004-5,17.00元,8.5
2134454,手機,Cell,史蒂芬．金,宋瑛堂,皇冠,2007 年 05 月 28 日,360,7.2
1036490,万水千山走遍,,三毛,,哈尔滨出版社,2003-08,13.80,8.8
2154079,追风筝的人,,[美] 卡勒德·胡赛尼,李继宏,上海人民出版社,2007-7,48.00元,8.8
2150989,樱桃之远,,张悦然,,明天出版社,2007-6,19.80元,7.8
1082525,江青全传,,R·特里尔,,刘路新,河北人民出版社,12.80,7.0
2118032,窥视工作间,,[日] 妹尾河童,陶振孝,生活·读书·新知三联书店,2007-5,21.00元,8.2
2118747,绿色奇迹,,史蒂芬．金,黃芳田,遠流,30-5-2007,140.00元,8.6
2119843,钝感力,,[日] 渡边淳一,李迎跃,上海人民出版社,2007-5,15.00元,6.9
2135416,银河英雄传说VOL.9 回天篇,,[日]田中芳树,郭淑娟,北京十月文艺出版社,2007-7,24.80,9.3
2137632,天堂之鸟,三毛摄影诗歌集,三毛、肖全,,成都科技大学出版社,1991年3月,3.2,8.9
2139305,巴别塔之犬,,[美] 卡罗琳·帕克丝特,何致和,南海出版公司,2007-7,22.00元,7.7
2139589,犯罪一线,美国十年大案录,迈克尔•康奈利,李风荷,新星出版社,2007-6,28.00元,6.7
2145946,萨提亚家庭治疗模式,,（美）萨提亚,聂晶,世界图书出版公司,2007-6,36.00元,8.4
2148947,阴阳师·太极卷,,（日）梦枕貘,林青华,南海出版公司,2007-07,18.0,8.7
2150265,苹果酒屋的规则,,[美]约翰·欧文,刘国枝,上海译文出版社,2007-6,38.00元,8.7
2150588,地下铁,,幾米,,人民文学出版社,2007-7,32.00元,8.8
2041123,为了诗意的栖居,现代主义经典文本解析,幾米,,人民文学出版社,2007-7,32.00元,7.1
2042338,银河英雄传说VOL.5 风云篇,,[日] 田中芳树,陈惠莉,北京十月文艺出版社,2007-4,24.80元,9.4
2046288,Breaking Night,A Memoir of Forgiveness, Survival, and My Journey from Homeless to Harvard,Liz Murray,,Hyperion,2010-9-7,USD 24.99,8.3
2046977,我是猫,,[日]夏目漱石,刘振瀛,上海译文出版社,2007-3,14.00,8.1
2048364,独步天下（上下卷）,,李歆,,朝华出版社,2007-4,49.80元,8.1
2050861,村上朝日堂,,村上 春樹、安西 水丸,新潮社,1987,02,500 （税込）,7.9
2118747,绿色奇迹,,史蒂芬．金,黃芳田,遠流,30-5-2007,140.00元,8.6
2119843,钝感力,,[日] 渡边淳一,李迎跃,上海人民出版社,2007-5,15.00元,6.9
1350063,Life of Pi,,Yann Martel,,Mariner Books,2003-5-1,USD 15.95,8.6
2150989,樱桃之远,,张悦然,,明天出版社,2007-6,19.80元,7.8
2150588,地下铁,,幾米,,人民文学出版社,2007-7,32.00元,8.8
2150265,苹果酒屋的规则,,[美]约翰·欧文,刘国枝,上海译文出版社,2007-6,38.00元,8.7
2148947,阴阳师·太极卷,,（日）梦枕貘,林青华,南海出版公司,2007-07,18.0,8.7
2145946,萨提亚家庭治疗模式,,（美）萨提亚,聂晶,世界图书出版公司,2007-6,36.00元,8.4
2081876,货币战争,,宋鸿兵 编著,,中信出版社,2007-6,38.00元,7.3
2139589,犯罪一线,美国十年大案录,迈克尔•康奈利,李风荷,新星出版社,2007-6,28.00元,6.7
2139305,巴别塔之犬,,[美] 卡罗琳·帕克丝特,何致和,南海出版公司,2007-7,22.00元,7.7
2137632,天堂之鸟,三毛摄影诗歌集,三毛、肖全,,成都科技大学出版社,1991年3月,3.2,8.9
2135416,银河英雄传说VOL.9 回天篇,,[日]田中芳树,郭淑娟,北京十月文艺出版社,2007-7,24.80,9.3
2134454,手機,Cell,史蒂芬．金,宋瑛堂,皇冠,2007 年 05 月 28 日,360,7.2
2042338,银河英雄传说VOL.5 风云篇,,[日] 田中芳树,陈惠莉,北京十月文艺出版社,2007-4,24.80元,9.4
1350063,Life of Pi,,Yann Martel,,Mariner Books,2003-5-1,USD 15.95,8.6
1346924,Haruki Murakami and the Music of Words,,Jay Rubin,,Random House UK,2005-02-22,CAD 23.95,7.5
1346815,一個人住第5年,,高木直子,洪俞君,大田,2004-12-1,NT$220,8.4
1082577,黑铁时代,,王小波,,陕西师范大学出版社,2009-07-01,28.00元,8.7
1082525,江青全传,,R·特里尔,,刘路新,河北人民出版社,12.80,7.0
1082150,白银时代,时代三部曲,王小波,,花城出版社,1997-5,10.00元,8.3
1962124,东京塔,,[日] 利利·弗兰克,李颖秋,中信出版社,2007-1,25.00元,8.5
1970900,活在多伦多,,吴长缨,,中国出版集团,2007年1月,18.00,8.4
2036573,儿子与情人,,[英]戴·赫·劳伦斯,张禹九,上海译文出版社,2007-3,21.00元,7.6
2036561,城堡,,[奥地利] 卡夫卡,高年生,上海译文出版社,2007-3,14.00元,8.4
2035179,动物农场,,[英] 乔治·奥威尔,荣如德,上海译文出版社,2007-3,10.00元,9.2
2032529,拉辛戏剧选,,(法)拉辛,齐放、张廷爵、华辰,上海译文出版社,1985,1.60元,8.7
2032117,纽约三部曲,,保罗·奥斯特,文敏,浙江文艺出版社,2007-3,28.00元,7.7
2025843,谢尔盖.米哈依洛维奇.爱森斯坦,,董金明,,辽宁美术出版社,2006-12,13.50元,7.8
2016749,金陵十三钗,,严歌苓,,中国工人出版社,2007-1,17.00元,8.1
2008972,沙漏,,饶雪漫,,当代世界出版社,2007-1,25.00元,6.9
2003226,城堡,,[奥地利] 弗朗茨·卡夫卡,汤永宽,上海译文出版社,1980-1,0.98元,8.7
1987986,高老头,,[法] 巴尔扎克,傅雷,人民文学出版社,1963-3,0.73元,8.5
2035179,动物农场,,[英] 乔治·奥威尔,荣如德,上海译文出版社,2007-3,10.00元,9.2
1076378,传统十论,本土社会的制度、文化与其变革,秦晖,,复旦大学出版社,2004-09-01,18.00,9.1
2032529,拉辛戏剧选,,(法)拉辛,齐放、张廷爵、华辰,上海译文出版社,1985,1.60元,8.7
2032117,纽约三部曲,,保罗·奥斯特,文敏,浙江文艺出版社,2007-3,28.00元,7.7
2025843,谢尔盖.米哈依洛维奇.爱森斯坦,,董金明,,辽宁美术出版社,2006-12,13.50元,7.8
2016749,金陵十三钗,,严歌苓,,中国工人出版社,2007-1,17.00元,8.1
2008972,沙漏,,饶雪漫,,当代世界出版社,2007-1,25.00元,6.9
2003226,城堡,,[奥地利] 弗朗茨·卡夫卡,汤永宽,上海译文出版社,1980-1,0.98元,8.7
1033778,富爸爸，穷爸爸,,（美）罗伯特・T・清崎、莎伦・L・莱希特,杨君，杨明,世界图书出版公司,2000-09,18.80,8.2
2036573,儿子与情人,,[英]戴·赫·劳伦斯,张禹九,上海译文出版社,2007-3,21.00元,7.6
2055018,殺人黑貓館,殺人館系列6,綾辻行人、绫辻行人,郭清華,皇冠文化,2006-9,NT$280,7.3
2052380,巫师与玻璃球,黑暗塔4,[美]斯蒂芬·金,夏威、任战、叶如兰,人民文学出版社,2007-04,39.0,8.6
2050861,村上朝日堂,,村上 春樹、安西 水丸,新潮社,1987,02,500 （税込）,7.9
2048364,独步天下（上下卷）,,李歆,,朝华出版社,2007-4,49.80元,8.1
2046977,我是猫,,[日]夏目漱石,刘振瀛,上海译文出版社,2007-3,14.00,8.1
2046288,Breaking Night,A Memoir of Forgiveness, Survival, and My Journey from Homeless to Harvard,Liz Murray,,Hyperion,2010-9-7,USD 24.99,8.3
2042338,银河英雄传说VOL.5 风云篇,,[日] 田中芳树,陈惠莉,北京十月文艺出版社,2007-4,24.80元,9.4
1035400,被禁止的作家(D.H.劳伦斯传),,（英）基思・萨嘉,王增澄,辽宁教育出版社,1998-3,11.70元,7.2
2041123,为了诗意的栖居,现代主义经典文本解析,（英）基思・萨嘉,王增澄,辽宁教育出版社,1998-3,11.70元,7.1
1034108,零下一度,,韩寒,,上海人民出版社,2000-08,12.00,7.2
1082525,江青全传,,R·特里尔,,刘路新,河北人民出版社,12.80,7.0
1883538,残杀,当代美国文学丛书,卡波蒂  T.、Capote，T.、杜鲁门·卡波蒂,张增武、周嘉项,陕西人民出版社,1987,2.80,7.7
1883992,黄金时代,,王小波,,长江文艺出版社,2006-8,27.00元,9.0
2154079,追风筝的人,,[美] 卡勒德·胡赛尼,李继宏,上海人民出版社,2007-7,48.00元,8.8
2118032,窥视工作间,,[日] 妹尾河童,陶振孝,生活·读书·新知三联书店,2007-5,21.00元,8.2
2118747,绿色奇迹,,史蒂芬．金,黃芳田,遠流,30-5-2007,140.00元,8.6
2119843,钝感力,,[日] 渡边淳一,李迎跃,上海人民出版社,2007-5,15.00元,6.9
2134454,手機,Cell,史蒂芬．金,宋瑛堂,皇冠,2007 年 05 月 28 日,360,7.2
2135416,银河英雄传说VOL.9 回天篇,,[日]田中芳树,郭淑娟,北京十月文艺出版社,2007-7,24.80,9.3
2137632,天堂之鸟,三毛摄影诗歌集,三毛、肖全,,成都科技大学出版社,1991年3月,3.2,8.9
2139305,巴别塔之犬,,[美] 卡罗琳·帕克丝特,何致和,南海出版公司,2007-7,22.00元,7.7
2139589,犯罪一线,美国十年大案录,迈克尔•康奈利,李风荷,新星出版社,2007-6,28.00元,6.7
1899918,落花之美,,林少华,,中国工人,2006-11,25.00元,6.8
2145946,萨提亚家庭治疗模式,,（美）萨提亚,聂晶,世界图书出版公司,2007-6,36.00元,8.4
2148947,阴阳师·太极卷,,（日）梦枕貘,林青华,南海出版公司,2007-07,18.0,8.7
1888031,格列佛游记,,斯威夫特,孙予,上海译文出版社,2006-8,11.00元,7.8
2150265,苹果酒屋的规则,,[美]约翰·欧文,刘国枝,上海译文出版社,2007-6,38.00元,8.7
2150588,地下铁,,幾米,,人民文学出版社,2007-7,32.00元,8.8
2150989,樱桃之远,,张悦然,,明天出版社,2007-6,19.80元,7.8
2035179,动物农场,,[英] 乔治·奥威尔,荣如德,上海译文出版社,2007-3,10.00元,9.2
2032529,拉辛戏剧选,,(法)拉辛,齐放、张廷爵、华辰,上海译文出版社,1985,1.60元,8.7
2032117,纽约三部曲,,保罗·奥斯特,文敏,浙江文艺出版社,2007-3,28.00元,7.7
2025843,谢尔盖.米哈依洛维奇.爱森斯坦,,董金明,,辽宁美术出版社,2006-12,13.50元,7.8
1066558,卡拉马佐夫兄弟（上下）,,（俄）陀思妥耶夫斯基,耿济之,人民文学出版社,2004-03,42.00元,9.4
1069016,雪国 古都,川端康成作品,川端康成,叶渭渠、唐月梅,漓江出版社,1998,20.00,8.7
1069059,雪国,,[日] 川端康成,叶渭渠,人民文学出版社,2002-1,7.90元,8.1
1081422,卡夫卡小说全集（全三册）,,[奥] 卡夫卡,韩瑞祥 [等],人民文学出版社,2003-08,60.00元,8.9
1080309,尘埃落定,,阿来,,人民文学出版社,1998-3-1,22.0,8.4
1079252,爱情笔记,,（英）阿兰·德波顿,孟丽,上海译文出版社,2004-04-01,16.00,8.2
2055018,殺人黑貓館,殺人館系列6,綾辻行人、绫辻行人,郭清華,皇冠文化,2006-9,NT$280,7.3
1079104,尼采：在世纪的转折点上,在世纪的转折点上,周国平,,上海人民出版社,1986-7,20.00元,8.6
1076654,孽子,孽子,白先勇,,花城出版社,2000-4-1,21.80元,8.7
1076378,传统十论,本土社会的制度、文化与其变革,秦晖,,复旦大学出版社,2004-09-01,18.00,9.1
1075371,马丁·伊登,,（美）杰克・伦敦,殷惟本,人民文学出版社,2004-01,18.00元,8.7
1072319,长腿叔叔,中英文对照本,[美] 简·韦伯斯特,艾柯,华文出版社,2002-1,19.80元,8.5
2053249,麦田里的守望者,,[美国] J. D. 塞林格,孙仲旭,译林出版社,2007-3,28.00元,8.0
2052380,巫师与玻璃球,黑暗塔4,[美]斯蒂芬·金,夏威、任战、叶如兰,人民文学出版社,2007-04,39.0,8.6
1072015,人间喜剧 第一卷,,(法)巴尔扎克,丁世中，郑永慧，袁树仁,人民文学出版社,1997-08,28.50,9.1
1069441,纯粹理性批判,,康德,蓝公武,商务印书馆,1960-3-1,38.00元,8.3
1899918,落花之美,,林少华,,中国工人,2006-11,25.00元,6.8
1906681,猎人们,,朱天心,,生活·读书·新知三联书店,2006-10,24.00元,8.8
1914572,誓鸟,,张悦然,,光明日报出版社,2006-11,23.00元,7.6
1034108,零下一度,,韩寒,,上海人民出版社,2000-08,12.00,7.2
1919468,冷血,,（美）杜鲁门·卡波特,张贺,南海出版公司,2006-11-1,28.00,8.3
1927902,九型人格,,[美] 海伦·帕尔默,徐扬,华夏出版社,2006-10,38.00元,7.6
1888031,格列佛游记,,斯威夫特,孙予,上海译文出版社,2006-8,11.00元,7.8
1883992,黄金时代,,王小波,,长江文艺出版社,2006-8,27.00元,9.0
1866516,罗亭,,屠格涅夫,,陆蠡译 丽尼校,人民文学出版社,1957,8.3
1870268,美国大城市的死与生（纪念版）,,[加拿大] 简·雅各布斯,金衡山,译林出版社,2006-8,34.50元,8.7
1873900,变形记,卡夫卡中短篇小说集,卡夫卡,谢莹莹、张荣昌,上海译文出版社,2006-8,28.00元,8.6
1880810,天堂隔壁,,管呆,,朝华出版社,2006-8,24.80元,8.2
1028916,雨衣,,蔡智恒,,知识出版社,2000-10,13.80,6.9
1030052,清醒纪,,安妮宝贝,,天津人民出版社,2004-10,22.00元,7.9
1880824,一千零一夜,,民间故事,方平 等,上海译文出版社,2012-2,11.00元,8.6
1880987,安娜·卡列尼娜,,[俄] 列夫·托尔斯泰,高惠群、石国生,上海译文出版社,2006-8,27.00元,8.5
1883349,永别了，武器,,(美)海明威,林疑今,上海译文出版社,2006-8,18.00元,8.3
1883538,残杀,当代美国文学丛书,卡波蒂  T.、Capote，T.、杜鲁门·卡波蒂,张增武、周嘉项,陕西人民出版社,1987,2.80,7.7
1899918,落花之美,,林少华,,中国工人,2006-11,25.00元,6.8
1906681,猎人们,,朱天心,,生活·读书·新知三联书店,2006-10,24.00元,8.8
1914572,誓鸟,,张悦然,,光明日报出版社,2006-11,23.00元,7.6
1919468,冷血,,（美）杜鲁门·卡波特,张贺,南海出版公司,2006-11-1,28.00,8.3
1927902,九型人格,,[美] 海伦·帕尔默,徐扬,华夏出版社,2006-10,38.00元,7.6
1939242,1984,,[英] 乔治·奥威尔,董乐山,花城出版社,1985-12,1.75元,9.5
1939600,舞舞舞吧（下）,,[英] 乔治·奥威尔,董乐山,花城出版社,1985-12,1.75元,8.0
1946736,绯色的椅子,,绿川幸,,白泉社,2004-9-4,JPY 450,8.2
1888031,格列佛游记,,斯威夫特,孙予,上海译文出版社,2006-8,11.00元,7.8
1866516,罗亭,,屠格涅夫,,陆蠡译 丽尼校,人民文学出版社,1957,8.3
1870268,美国大城市的死与生（纪念版）,,[加拿大] 简·雅各布斯,金衡山,译林出版社,2006-8,34.50元,8.7
1873900,变形记,卡夫卡中短篇小说集,卡夫卡,谢莹莹、张荣昌,上海译文出版社,2006-8,28.00元,8.6
1880810,天堂隔壁,,管呆,,朝华出版社,2006-8,24.80元,8.2
1880824,一千零一夜,,民间故事,方平 等,上海译文出版社,2012-2,11.00元,8.6
1880987,安娜·卡列尼娜,,[俄] 列夫·托尔斯泰,高惠群、石国生,上海译文出版社,2006-8,27.00元,8.5
1883349,永别了，武器,,(美)海明威,林疑今,上海译文出版社,2006-8,18.00元,8.3
1883538,残杀,当代美国文学丛书,卡波蒂  T.、Capote，T.、杜鲁门·卡波蒂,张增武、周嘉项,陕西人民出版社,1987,2.80,7.7
1883992,黄金时代,,王小波,,长江文艺出版社,2006-8,27.00元,9.0
2003226,城堡,,[奥地利] 弗朗茨·卡夫卡,汤永宽,上海译文出版社,1980-1,0.98元,8.7
2008972,沙漏,,饶雪漫,,当代世界出版社,2007-1,25.00元,6.9
2016749,金陵十三钗,,严歌苓,,中国工人出版社,2007-1,17.00元,8.1
2025843,谢尔盖.米哈依洛维奇.爱森斯坦,,董金明,,辽宁美术出版社,2006-12,13.50元,7.8
2032117,纽约三部曲,,保罗·奥斯特,文敏,浙江文艺出版社,2007-3,28.00元,7.7
2032529,拉辛戏剧选,,(法)拉辛,齐放、张廷爵、华辰,上海译文出版社,1985,1.60元,8.7
2035179,动物农场,,[英] 乔治·奥威尔,荣如德,上海译文出版社,2007-3,10.00元,9.2
1962124,东京塔,,[日] 利利·弗兰克,李颖秋,中信出版社,2007-1,25.00元,8.5
1958810,リリイ?シュシュのすべて,,岩井 俊二,,角川書店,2004-02,JPY 7.00,8.6
1958419,手机,,（美）斯蒂芬·金,夏菁,上海译文出版社,2007-01,26.00元,6.8
1069016,雪国 古都,川端康成作品,川端康成,叶渭渠、唐月梅,漓江出版社,1998,20.00,8.7
1946736,绯色的椅子,,绿川幸,,白泉社,2004-9-4,JPY 450,8.2
1321789,美丽新世界,,[英] 阿道司·赫胥黎,王波,重庆出版社,2005-6,20.00元,8.5
1036274,夏洛的网,,[美] E.B.怀特,任溶溶,上海译文出版社,2004-5,17.00元,8.5
1949121,白色城堡,,[土耳其] 奥尔罕·帕慕克,沈志兴,上海人民出版社,2006-12,20.00元,7.7
1036490,万水千山走遍,,三毛,,哈尔滨出版社,2003-08,13.80,8.8
1949679,素履之往,素履之往,木心,,广西师范大学出版社,2007-1,26.00,8.7
1949925,沉落的黄昏,,[日] 江国香织,李炜,北京十月文艺出版社,2006-12,25.00元,8.1
1957046,资本论-一九三八年版影印本（共三卷）,,马克思,,上海三联书店,2006-11,398.00元,8.7
1958227,那些年，我们一起追的女孩,,九把刀,,花山文艺出版社,2007-1,20.00元,8.2
1870268,美国大城市的死与生（纪念版）,,[加拿大] 简·雅各布斯,金衡山,译林出版社,2006-8,34.50元,8.7
1873900,变形记,卡夫卡中短篇小说集,卡夫卡,谢莹莹、张荣昌,上海译文出版社,2006-8,28.00元,8.6
1880824,一千零一夜,,民间故事,方平 等,上海译文出版社,2012-2,11.00元,8.6
1880987,安娜·卡列尼娜,,[俄] 列夫·托尔斯泰,高惠群、石国生,上海译文出版社,2006-8,27.00元,8.5
1883349,永别了，武器,,(美)海明威,林疑今,上海译文出版社,2006-8,18.00元,8.3
1883538,残杀,当代美国文学丛书,卡波蒂  T.、Capote，T.、杜鲁门·卡波蒂,张增武、周嘉项,陕西人民出版社,1987,2.80,7.7
1839837,天國的子民在舞蹈,,村上春樹,,賴明珠,博益,2000,7.4
1836957,痊愈的本能,摆脱压力、焦虑和抑郁的7种自然疗法,大卫·塞尔旺-施莱伯,黄钰书,中国轻工业出版社,2006-6,25.00元,8.4
1346924,Haruki Murakami and the Music of Words,,Jay Rubin,,Random House UK,2005-02-22,CAD 23.95,7.5
1350063,Life of Pi,,Yann Martel,,Mariner Books,2003-5-1,USD 15.95,8.6
1763809,红拂夜奔,,王小波,,北方文艺出版社,2006-3,19.80元,8.7
1769189,弗里德曼的生活经济学,,[美] 戴维·弗里德曼,赵学凯、王建南、施丽中,中信出版社,2006-3,35.00元,7.4
1770990,魔山,,[德]托马斯·曼,钱鸿嘉,上海译文出版社,2006-5,45.00元,8.6
1777932,寻找无双·东宫西宫,,王小波,,北方文艺出版社,2006-4,18.80元,8.6
1786670,百年孤独,,[哥伦比亚] 加西亚·马尔克斯,黄锦炎、沈国正、陈泉,上海译文出版社,1989-10,12.70元,8.9
1793721,琴声如诉,,[法] 玛格丽特·杜拉斯,王道乾,上海译文出版社,2006-5,18.00元,7.9
1798972,原来我不帅,,Lowes,,中信出版社,2006.6,14.00元,7.6
1822862,王小波全集：红拂夜奔（第四卷）,王小波全集第四卷 长篇小说,王小波,,云南人民出版社,2006-6,16.80,8.8
1858513,月亮和六便士,,[英] 毛姆,傅惟慈,上海译文出版社,2006-8,15.00元,8.9
1865089,瓦尔登湖,,[美] 梭罗,徐迟,上海译文出版社,2006-8,11.00元,8.4
1866516,罗亭,,屠格涅夫,,陆蠡译 丽尼校,人民文学出版社,1957,8.3
1777932,寻找无双·东宫西宫,,王小波,,北方文艺出版社,2006-4,18.80元,8.6
1770990,魔山,,[德]托马斯·曼,钱鸿嘉,上海译文出版社,2006-5,45.00元,8.6
1319820,大脑使用说明书,大脑使用说明书,东尼•博赞,,外语教学与研究出版社,2005-4-1,10.00元,7.1
1321789,美丽新世界,,[英] 阿道司·赫胥黎,王波,重庆出版社,2005-6,20.00元,8.5
1072319,长腿叔叔,中英文对照本,[美] 简·韦伯斯特,艾柯,华文出版社,2002-1,19.80元,8.5
1341517,發條鳥年代記－第一部鵠賊篇,,村上春樹，譯／賴明珠,,時報文化,20011105,NT$ 250,7.9
1341518,發條鳥年代記－第二部預言鳥篇,,村上春樹，譯／賴明珠,,時報文化,20011105,NT$ 250,8.2
1346815,一個人住第5年,,高木直子,洪俞君,大田,2004-12-1,NT$220,8.4
1346924,Haruki Murakami and the Music of Words,,Jay Rubin,,Random House UK,2005-02-22,CAD 23.95,7.5
1350063,Life of Pi,,Yann Martel,,Mariner Books,2003-5-1,USD 15.95,8.6
1721111,周国平人生哲思录,,周国平,,上海世纪出版股份公司辞书出版社（上海辞书出版社）,2005-9,28.00元,8.6
1759408,外国当代剧作选3,,田纳西·威廉斯,东秀、等,中国戏剧出版社,1992,21.00,9.1
1763809,红拂夜奔,,王小波,,北方文艺出版社,2006-3,19.80元,8.7
1769189,弗里德曼的生活经济学,,[美] 戴维·弗里德曼,赵学凯、王建南、施丽中,中信出版社,2006-3,35.00元,7.4
2025843,谢尔盖.米哈依洛维奇.爱森斯坦,,董金明,,辽宁美术出版社,2006-12,13.50元,7.8
1031244,鬼,,（俄）陀思妥耶夫斯基,娄自良,上海译文出版社,2004-11,34.00,9.3
2032117,纽约三部曲,,保罗·奥斯特,文敏,浙江文艺出版社,2007-3,28.00元,7.7
2032529,拉辛戏剧选,,(法)拉辛,齐放、张廷爵、华辰,上海译文出版社,1985,1.60元,8.7
1958419,手机,,（美）斯蒂芬·金,夏菁,上海译文出版社,2007-01,26.00元,6.8
1958227,那些年，我们一起追的女孩,,九把刀,,花山文艺出版社,2007-1,20.00元,8.2
1075371,马丁·伊登,,（美）杰克・伦敦,殷惟本,人民文学出版社,2004-01,18.00元,8.7
1321789,美丽新世界,,[英] 阿道司·赫胥黎,王波,重庆出版社,2005-6,20.00元,8.5
1927902,九型人格,,[美] 海伦·帕尔默,徐扬,华夏出版社,2006-10,38.00元,7.6
1939242,1984,,[英] 乔治·奥威尔,董乐山,花城出版社,1985-12,1.75元,9.5
1939600,舞舞舞吧（下）,,[英] 乔治·奥威尔,董乐山,花城出版社,1985-12,1.75元,8.0
1027247,丑陋的中国人,,柏杨,,古吴轩出版社,2005-3,23.80元,7.9
1319820,大脑使用说明书,大脑使用说明书,东尼•博赞,,外语教学与研究出版社,2005-4-1,10.00元,7.1
1946736,绯色的椅子,,绿川幸,,白泉社,2004-9-4,JPY 450,8.2
1949121,白色城堡,,[土耳其] 奥尔罕·帕慕克,沈志兴,上海人民出版社,2006-12,20.00元,7.7
1949679,素履之往,素履之往,木心,,广西师范大学出版社,2007-1,26.00,8.7
1949925,沉落的黄昏,,[日] 江国香织,李炜,北京十月文艺出版社,2006-12,25.00元,8.1
1957046,资本论-一九三八年版影印本（共三卷）,,马克思,,上海三联书店,2006-11,398.00元,8.7
2150265,苹果酒屋的规则,,[美]约翰·欧文,刘国枝,上海译文出版社,2007-6,38.00元,8.7
2150588,地下铁,,幾米,,人民文学出版社,2007-7,32.00元,8.8
2150989,樱桃之远,,张悦然,,明天出版社,2007-6,19.80元,7.8
1066558,卡拉马佐夫兄弟（上下）,,（俄）陀思妥耶夫斯基,耿济之,人民文学出版社,2004-03,42.00元,9.4
1069016,雪国 古都,川端康成作品,川端康成,叶渭渠、唐月梅,漓江出版社,1998,20.00,8.7
1069059,雪国,,[日] 川端康成,叶渭渠,人民文学出版社,2002-1,7.90元,8.1
1069441,纯粹理性批判,,康德,蓝公武,商务印书馆,1960-3-1,38.00元,8.3
1072015,人间喜剧 第一卷,,(法)巴尔扎克,丁世中，郑永慧，袁树仁,人民文学出版社,1997-08,28.50,9.1
1072319,长腿叔叔,中英文对照本,[美] 简·韦伯斯特,艾柯,华文出版社,2002-1,19.80元,8.5
1075371,马丁·伊登,,（美）杰克・伦敦,殷惟本,人民文学出版社,2004-01,18.00元,8.7
1076378,传统十论,本土社会的制度、文化与其变革,秦晖,,复旦大学出版社,2004-09-01,18.00,9.1
1079104,尼采：在世纪的转折点上,在世纪的转折点上,周国平,,上海人民出版社,1986-7,20.00元,8.6
1079252,爱情笔记,,（英）阿兰·德波顿,孟丽,上海译文出版社,2004-04-01,16.00,8.2
1080309,尘埃落定,,阿来,,人民文学出版社,1998-3-1,22.0,8.4
1081422,卡夫卡小说全集（全三册）,,[奥] 卡夫卡,韩瑞祥 [等],人民文学出版社,2003-08,60.00元,8.9
1082150,白银时代,时代三部曲,王小波,,花城出版社,1997-5,10.00元,8.3
1082154,活着,,余华,,南海出版公司,1998-5,12.00元,9.1
1082525,江青全传,,R·特里尔,,刘路新,河北人民出版社,12.80,7.0
1082577,黑铁时代,,王小波,,陕西师范大学出版社,2009-07-01,28.00元,8.7
2154079,追风筝的人,,[美] 卡勒德·胡赛尼,李继宏,上海人民出版社,2007-7,48.00元,8.8
1279770,青春,,约瑟夫・康拉德、方 平,方平 等,上海译文出版社,1997-12-1,27.30元,9.1
1274845,春雪,,[日] 三岛由纪夫,唐月梅,作家出版社,1995-06,14.20元,9.0
1082150,白银时代,时代三部曲,王小波,,花城出版社,1997-5,10.00元,8.3
1081422,卡夫卡小说全集（全三册）,,[奥] 卡夫卡,韩瑞祥 [等],人民文学出版社,2003-08,60.00元,8.9
1080309,尘埃落定,,阿来,,人民文学出版社,1998-3-1,22.0,8.4
1079104,尼采：在世纪的转折点上,在世纪的转折点上,周国平,,上海人民出版社,1986-7,20.00元,8.6
1076654,孽子,孽子,白先勇,,花城出版社,2000-4-1,21.80元,8.7
1076378,传统十论,本土社会的制度、文化与其变革,秦晖,,复旦大学出版社,2004-09-01,18.00,9.1
1075371,马丁·伊登,,（美）杰克・伦敦,殷惟本,人民文学出版社,2004-01,18.00元,8.7
1072319,长腿叔叔,中英文对照本,[美] 简·韦伯斯特,艾柯,华文出版社,2002-1,19.80元,8.5
1082154,活着,,余华,,南海出版公司,1998-5,12.00元,9.1
1082525,江青全传,,R·特里尔,,刘路新,河北人民出版社,12.80,7.0
1269806,向刻薄的人学习宽容,,容晓歌,,北京工业大学出版社,2004-5,18.0,6.6
1262837,阴阳师·凤凰卷,,[日] 梦枕貘,施小炜,南海出版公司,2005-3,18.00元,8.7
1255384,史记,历史的长城,蔡志忠,,三联书店,1990-10,6.50,8.7
1228659,西方哲学史（上卷）,,（英）罗素,何兆武,商务印书馆,1997-3,25.3,8.9
1225983,万物简史,,[美] 比尔·布莱森,严维明、陈邕,接力出版社,2005-2,36.80元,8.8
2053249,麦田里的守望者,,[美国] J. D. 塞林格,孙仲旭,译林出版社,2007-3,28.00元,8.0
1082577,黑铁时代,,王小波,,陕西师范大学出版社,2009-07-01,28.00元,8.7
2041123,为了诗意的栖居,现代主义经典文本解析,王小波,,陕西师范大学出版社,2009-07-01,28.00元,7.1
2042338,银河英雄传说VOL.5 风云篇,,[日] 田中芳树,陈惠莉,北京十月文艺出版社,2007-4,24.80元,9.4
2046288,Breaking Night,A Memoir of Forgiveness, Survival, and My Journey from Homeless to Harvard,Liz Murray,,Hyperion,2010-9-7,USD 24.99,8.3
2046977,我是猫,,[日]夏目漱石,刘振瀛,上海译文出版社,2007-3,14.00,8.1
2048364,独步天下（上下卷）,,李歆,,朝华出版社,2007-4,49.80元,8.1
2050861,村上朝日堂,,村上 春樹、安西 水丸,新潮社,1987,02,500 （税込）,7.9
2052380,巫师与玻璃球,黑暗塔4,[美]斯蒂芬·金,夏威、任战、叶如兰,人民文学出版社,2007-04,39.0,8.6
2053249,麦田里的守望者,,[美国] J. D. 塞林格,孙仲旭,译林出版社,2007-3,28.00元,8.0
2036561,城堡,,[奥地利] 卡夫卡,高年生,上海译文出版社,2007-3,14.00元,8.4
2035179,动物农场,,[英] 乔治·奥威尔,荣如德,上海译文出版社,2007-3,10.00元,9.2
2032529,拉辛戏剧选,,(法)拉辛,齐放、张廷爵、华辰,上海译文出版社,1985,1.60元,8.7
1958810,リリイ?シュシュのすべて,,岩井 俊二,,角川書店,2004-02,JPY 7.00,8.6
1962124,东京塔,,[日] 利利·弗兰克,李颖秋,中信出版社,2007-1,25.00元,8.5
1970900,活在多伦多,,吴长缨,,中国出版集团,2007年1月,18.00,8.4
1987986,高老头,,[法] 巴尔扎克,傅雷,人民文学出版社,1963-3,0.73元,8.5
2003226,城堡,,[奥地利] 弗朗茨·卡夫卡,汤永宽,上海译文出版社,1980-1,0.98元,8.7
2008972,沙漏,,饶雪漫,,当代世界出版社,2007-1,25.00元,6.9
2016749,金陵十三钗,,严歌苓,,中国工人出版社,2007-1,17.00元,8.1
2025843,谢尔盖.米哈依洛维奇.爱森斯坦,,董金明,,辽宁美术出版社,2006-12,13.50元,7.8
2032117,纽约三部曲,,保罗·奥斯特,文敏,浙江文艺出版社,2007-3,28.00元,7.7
2052380,巫师与玻璃球,黑暗塔4,[美]斯蒂芬·金,夏威、任战、叶如兰,人民文学出版社,2007-04,39.0,8.6
2053249,麦田里的守望者,,[美国] J. D. 塞林格,孙仲旭,译林出版社,2007-3,28.00元,8.0
2055018,殺人黑貓館,殺人館系列6,綾辻行人、绫辻行人,郭清華,皇冠文化,2006-9,NT$280,7.3
2081286,沙漏II,,饶雪漫,,当代世界出版社,2007-5,25.00元,7.1
2081876,货币战争,,宋鸿兵 编著,,中信出版社,2007-6,38.00元,7.3
1081422,卡夫卡小说全集（全三册）,,[奥] 卡夫卡,韩瑞祥 [等],人民文学出版社,2003-08,60.00元,8.9
2046288,Breaking Night,A Memoir of Forgiveness, Survival, and My Journey from Homeless to Harvard,Liz Murray,,Hyperion,2010-9-7,USD 24.99,8.3
2042338,银河英雄传说VOL.5 风云篇,,[日] 田中芳树,陈惠莉,北京十月文艺出版社,2007-4,24.80元,9.4
2003226,城堡,,[奥地利] 弗朗茨·卡夫卡,汤永宽,上海译文出版社,1980-1,0.98元,8.7
2008972,沙漏,,饶雪漫,,当代世界出版社,2007-1,25.00元,6.9
2016749,金陵十三钗,,严歌苓,,中国工人出版社,2007-1,17.00元,8.1
2025843,谢尔盖.米哈依洛维奇.爱森斯坦,,董金明,,辽宁美术出版社,2006-12,13.50元,7.8
2032117,纽约三部曲,,保罗·奥斯特,文敏,浙江文艺出版社,2007-3,28.00元,7.7
2032529,拉辛戏剧选,,(法)拉辛,齐放、张廷爵、华辰,上海译文出版社,1985,1.60元,8.7
2035179,动物农场,,[英] 乔治·奥威尔,荣如德,上海译文出版社,2007-3,10.00元,9.2
2036561,城堡,,[奥地利] 卡夫卡,高年生,上海译文出版社,2007-3,14.00元,8.4
2036573,儿子与情人,,[英]戴·赫·劳伦斯,张禹九,上海译文出版社,2007-3,21.00元,7.6
2041123,为了诗意的栖居,现代主义经典文本解析,[英]戴·赫·劳伦斯,张禹九,上海译文出版社,2007-3,21.00元,7.1
2118032,窥视工作间,,[日] 妹尾河童,陶振孝,生活·读书·新知三联书店,2007-5,21.00元,8.2
2118747,绿色奇迹,,史蒂芬．金,黃芳田,遠流,30-5-2007,140.00元,8.6
2119843,钝感力,,[日] 渡边淳一,李迎跃,上海人民出版社,2007-5,15.00元,6.9
2134454,手機,Cell,史蒂芬．金,宋瑛堂,皇冠,2007 年 05 月 28 日,360,7.2
2135416,银河英雄传说VOL.9 回天篇,,[日]田中芳树,郭淑娟,北京十月文艺出版社,2007-7,24.80,9.3
2137632,天堂之鸟,三毛摄影诗歌集,三毛、肖全,,成都科技大学出版社,1991年3月,3.2,8.9
2053249,麦田里的守望者,,[美国] J. D. 塞林格,孙仲旭,译林出版社,2007-3,28.00元,8.0
2052380,巫师与玻璃球,黑暗塔4,[美]斯蒂芬·金,夏威、任战、叶如兰,人民文学出版社,2007-04,39.0,8.6
2050861,村上朝日堂,,村上 春樹、安西 水丸,新潮社,1987,02,500 （税込）,7.9
2025843,谢尔盖.米哈依洛维奇.爱森斯坦,,董金明,,辽宁美术出版社,2006-12,13.50元,7.8
2032117,纽约三部曲,,保罗·奥斯特,文敏,浙江文艺出版社,2007-3,28.00元,7.7
2032529,拉辛戏剧选,,(法)拉辛,齐放、张廷爵、华辰,上海译文出版社,1985,1.60元,8.7
2035179,动物农场,,[英] 乔治·奥威尔,荣如德,上海译文出版社,2007-3,10.00元,9.2
2036561,城堡,,[奥地利] 卡夫卡,高年生,上海译文出版社,2007-3,14.00元,8.4
2036573,儿子与情人,,[英]戴·赫·劳伦斯,张禹九,上海译文出版社,2007-3,21.00元,7.6
2041123,为了诗意的栖居,现代主义经典文本解析,[英]戴·赫·劳伦斯,张禹九,上海译文出版社,2007-3,21.00元,7.1
2042338,银河英雄传说VOL.5 风云篇,,[日] 田中芳树,陈惠莉,北京十月文艺出版社,2007-4,24.80元,9.4
2046288,Breaking Night,A Memoir of Forgiveness, Survival, and My Journey from Homeless to Harvard,Liz Murray,,Hyperion,2010-9-7,USD 24.99,8.3
2046977,我是猫,,[日]夏目漱石,刘振瀛,上海译文出版社,2007-3,14.00,8.1
2048364,独步天下（上下卷）,,李歆,,朝华出版社,2007-4,49.80元,8.1
5366278,走吧，张小砚,,张小砚,,文化艺术出版社,2010-11,32.80元,8.0
5389557,姥姥语录,,倪萍,,中华书局,2010-12,26.00元,8.5
5394380,华莱士人鱼,,岩井俊二,孟海霞,南海出版公司,2011-1,25.00元,8.2
5406557,夜色温柔,,[美]F·S·菲茨杰拉德,汤新楣,上海译文出版社,2011-1,39.00元,8.0
5406558,到灯塔去,,（英）弗吉尼亚·伍尔夫,瞿世镜,上海译文出版社,2011-1-1,14.00元,8.4
5408843,旅行从客房开始,,[日] 浦一也 编绘,侍烨,中信出版社,2011-3,45.00元,7.7
5416832,辛亥：摇晃的中国,,张鸣,,广西师范大学出版社,2011-1,29.80元,7.6
5419801,别样的色彩,关于生活、艺术、书籍与城市,[土耳其] 奥尔罕·帕慕克,宗笑飞、林边水,上海人民出版社,2011-3,36.00元,8.4
5421787,定位,有史以来对美国营销影响最大的观念,杰克·特劳特（Jack Trout）、阿尔·里斯（AL Ries）,谢伟山、苑爱冬,机械工业出版社,2011-1-1,42.00元,8.2
5686369,何以笙箫默,,顾漫,,沈阳出版社,2011-1,25.00元,8.0
5906023,最糟也最棒的书店,,[日] 松浦弥太郎,江明玉,山东人民出版社,2011-1,25.00元,7.6
5910768,风景,,方方,,浙江文艺出版社,2011-1,20.00元,8.5
5921802,邮差总按两遍铃,,[美] 詹姆斯·M.凯恩,主万,上海译文出版社,2011-7,24.00元,7.6
