26704403,二手时间,,[白俄] S.A.阿列克谢耶维奇,吕宁思,中信出版社,2016-1,55.00元,9.0
26943161,未来简史,从智人到神人,[以] 尤瓦尔·赫拉利,林俊宏,中信出版社,2017-1,68,8.6
26576861,最好的告别,关于衰老与死亡，你必须知道的常识,[美] 阿图·葛文德（Atul Gawande）,彭小华,浙江人民出版社,2015-7-31,49.90,9.0
1813841,枪炮、病菌与钢铁,人类社会的命运,[美] 贾雷德·戴蒙德,谢延光,上海世纪出版集团,2006-4-1,45.00元,8.8
2328458,社会性动物,（第九版）,Elliot Aronson,邢占军,华东师范大学出版社,2007-12,45.00元,9.1
25985021,人类简史,从动物到上帝,[以色列]尤瓦尔·赫拉利,林俊宏,中信出版社,2014-11,68.00元,9.3
1795079,乡土中国,,费孝通,,上海人民出版社,2006-4,38.00,9.2
1476651,社会心理学,（第8版）,[美] 戴维·迈尔斯,张智勇、乐国安、侯玉波 等,人民邮电出版社,2006-1,68.00元,9.0
3057556,狂热分子,群众运动圣经,[美] 埃里克·霍弗,梁永安,广西师范大学出版社,2011-6,34.00元,9.0
1012611,乌合之众,大众心理研究,(法)古斯塔夫.勒庞,冯克利,中央编译出版社,1998-01,16.00元,8.3
10471333,叫魂,1768年中国妖术大恐慌,[美] 孔飞力,陈兼、刘昶,生活·读书·新知三联书店 上海三联书店,2012-5,38.00元,8.9
1393447,忧郁的热带,,[法] 列维-斯特劳斯,王志明,生活·读书·新知三联书店,2005-6,29.80元,9.1
26902280,田野调查·被遗忘的村落,,[日] 宫本常一,郑民钦,北京十月文艺出版社,2017-1-1,45.00元,9.3
1022238,菊与刀,日本文化的类型,（美）鲁思・本尼迪克特,吕万和、熊达云、王智新,商务印书馆,1990-6,16.00,8.2
26639302,世界的演变,19世纪史,于尔根·奥斯特哈默,强朝晖、刘风,社会科学文献出版社,2016-11-1,CNY 238.00,9.0
4146756,浮生取义,对华北某县自杀现象的文化解读,吴飞,,中国人民大学出版社,2009.11,35.00元,8.5
20427187,看见,,柴静,,广西师范大学出版社,2013-1-1,39.80元,8.8
6712255,天真的人类学家,小泥屋笔记&重返多瓦悠兰,[英] 奈吉尔·巴利,何颖怡,广西师范大学出版社,2011-7,35.00元,8.8
1068912,中国文化的深层结构,,孙隆基,,广西师范大学出版社,2011-6,49.80元,8.6
26150549,人性中的善良天使,暴力为什么会减少,[美]斯蒂芬·平克,安雯,中信出版社,2015-7,128.00元,8.7
25881102,独裁者手册,为什么坏行为几乎总是好政治,布鲁斯·布尔诺·德·梅斯奎塔 (Mesquita B.B.D.)、阿拉斯泰尔·史密斯 (Smith A.),骆伟阳,江苏文艺出版社,2014-5-1,CNY 42.00,8.9
1277981,社会契约论,,卢梭,何兆武,商务印书馆,2003-2-1,18.00元,8.8
1012307,规训与惩罚,监狱的诞生,[法] 米歇尔·福柯,刘北成、杨远婴,生活·读书·新知三联书店,2003-1,21.80元,9.1
26824237,大国大城,当代中国的统一、发展与平衡,陆铭,,上海人民出版社,2016-7-1,CNY 42.00,8.8
1534951,逃避自由,,[美] 埃里希·弗罗姆,刘林海,国际文化出版公司,2002-8,22.00元,8.9
5414391,寻路中国,从乡村到工厂的自驾之旅,[美] 彼得·海斯勒,李雪顺,上海译文出版社,2011-1,33.00元,9.0
26721301,反思史学与史学反思,,王明珂,,上海人民出版社,2016-4-1,49.00元,8.7
1315190,想象的共同体,民族主义的起源与散布,本尼迪克特·安德森,吴叡人,上海人民出版社,2005-05,24.00,8.8
3813669,民主的细节,美国当代政治观察随笔,刘瑜,,上海三联书店,2009-6,25.00,8.6
25822105,无缘社会,,日本NHK特别节目录制组,高培明,上海译文出版社,2014-3,CNY 38.00,8.4
21370327,学做工,工人阶级子弟为何继承父业,[英]保罗·威利斯,秘舒、凌旻华,译林出版社,2013-3,39.00元,8.5
1870268,美国大城市的死与生（纪念版）,,[加拿大] 简·雅各布斯,金衡山,译林出版社,2006-8,34.50元,8.7
26683648,民主的不满,美国在寻求一种公共哲学,[美] 迈克尔·桑德尔,曾纪茂,中信出版社,2016-8,68.00元,8.5
26652242,文明是副产品,,郑也夫,,中信出版社,2016-1,42.00元,7.9
1004322,第二性,(全译本),西蒙娜・德・波伏娃,陶铁柱,中国书籍出版社,2004-4-1,49.8,8.6
3688489,异类,不一样的成功启示录,[美] 马尔科姆·格拉德威尔,季丽娜,中信出版社,2009-6,26.00,7.8
4312810,裸猿,《裸猿》三部曲之一,德斯蒙德·莫利斯,何道宽,复旦大学出版社,2010-3,30.00元,8.6
1015748,开放社会及其敌人（全二卷）,,[英] 卡尔·波普尔,陆衡 等,中国社会科学出版社,1999-8,52.00元,8.9
25845647,天空的另一半,普利策新闻奖得主讲述女性的绝望与希望,[美] 尼可拉斯·D.克里斯多夫、[美]雪莉·邓恩,吴茵茵,浙江人民出版社,2014-5,39.80元,8.7
1041385,论美国的民主,上下,(法)托克维尔,董果良,商务印书馆,1989-1,60.00,9.2
3062632,日常生活中的自我呈现,,[美] 欧文·戈夫曼,冯钢,北京大学出版社,2008-4-1,28.00元,8.6
2259198,合作的进化,,罗伯特·阿克塞尔罗德,吴坚忠,上海人民出版社,2007-8,23.00元,9.0
10828002,游戏改变世界,游戏化如何让现实变得更美好,[美] 简•麦戈尼格尔（Jane McGonigal）,闾佳,浙江人民出版社,2012-9,59.90元,8.1
1325507,江村经济,中国农民的生活,费孝通,,商务印书馆,2001-3,26.00元,8.9
10607615,第三种黑猩猩,人类的身世与未来,贾雷德·戴蒙德,王道还,上海译文出版社,2012-5,38.00元,8.8
1224279,中国法律与中国社会,,瞿同祖,,中华书局,2003-09-01,28.00,9.2
1076378,传统十论,本土社会的制度、文化与其变革,秦晖,,复旦大学出版社,2004-09-01,18.00,9.1
4242172,天才在左 疯子在右,国内第一本精神病人访谈手记,高铭,,武汉大学出版社,2010-2,29.80元,8.3
1433411,新教伦理与资本主义精神,,马克斯·韦伯,于晓、陈维纲等,生活·读书·新知三联书店,1987年,9.80,8.8
21966353,贫穷的本质,我们为什么摆脱不了贫穷,阿比吉特•班纳吉 (Abhijit V.Banerjee)、埃斯特•迪弗洛 (Esther Duflo),景芳,中信出版社,2013-4-1,58.00元,7.7
1787729,单向度的人,发达工业社会意识形态研究,(美)赫伯特·马尔库塞,刘继,上海译文出版社,2006.4,20.00元,8.4
25953571,耳语者,斯大林时代苏联的私人生活,[英] 奥兰多·费吉斯,毛俊杰,广西师范大学出版社,2014-8,108.00,8.8
26292057,性审判史,一部人类文明史,[美] 埃里克·伯科威茨,王一多、朱洪涛,南京大学出版社,2015-5,39.5,8.4
26877271,马克斯·韦伯与德国政治：1890—1920,,[美] 埃里克·伯科威茨,王一多、朱洪涛,南京大学出版社,2015-5,39.5,9.2
6892579,美国种族简史,,[美] 托马斯·索威尔,沈宗美,中信出版社,2011-11,35.00元,8.4
10539126,社会动物,爱、性格和成就的潜在根源,[美]戴维·布鲁克斯,佘引、严冬冬,中信出版社,2012-6-1,69.00元,8.5
2143904,进化心理学,心理的新科学（第二版）,David M.Buss,熊哲宏,华东师范大学出版社,2007-6,49.80元,8.9
1281180,《耶路撒冷的艾希曼》:伦理的现代困境,人文译丛,（美）汉娜·阿伦特,孙传钊,吉林人民出版社,2003-1-1,17.40元,7.3
1025723,潜规则,中国历史中的真实游戏,吴思,,云南人民出版社,2001-1,16.00元,8.3
3431988,人的境况,,[美] 汉娜·阿伦特,王寅丽,上海人民出版社,2009-01,36.00元,9.1
6401128,批评官员的尺度,《纽约时报》诉警察局长沙利文案,[美] 安东尼·刘易斯,何帆,北京大学出版社,2011-7,32.00元,8.9
4745950,第二性Ⅱ,实际体验,[法] 西蒙娜·德·波伏瓦,郑克鲁,上海译文出版社,2011-9,49.00元,9.2
26810502,暴力,一种微观社会学理论,兰德尔·柯林斯 (Randall Collins),刘冉,北京大学出版社,2016-6-1,CNY 88.00,8.5
1083054,现代性与大屠杀,,[英国] 鲍曼,杨渝东、史建华,译林出版社,2002-1,20.00元,9.0
1437687,性经验史,增订版,(法)米歇尔.福柯,佘碧平,上海人民出版社,2011-8-1,42.00元,8.7
26842369,像我们一样疯狂,美式心理疾病的全球化,（美）亿森·沃特斯,,北京师范大学出版社,2016-8-1,54.00元,9.0
26791309,初识传播学（插图第7版）,在信息社会正确认知自我、他人及世界,[美]埃姆·格里芬（Em Griffin),展江,北京联合出版公司·后浪出版公司,2016-6,88.00元,8.9
22806583,国家的常识,政权·地理·文化,[美]迈克尔·罗斯金(Michael G. Roskin),杨勇,世界图书出版公司·后浪出版公司,2013-4,68.00元,8.7
1089142,消费社会,,[法] 让·波德里亚,刘成富、全志钢,南京大学出版社,2001-5,28.00元,8.4
25900802,我在底层的生活,当专栏作家化身女服务生,[美]芭芭拉·艾伦瑞克,林家瑄,北京联合出版公司·后浪出版公司,2014-8,32.00元,7.6
4818177,英国人的言行潜规则,,(英) 凯特·福克斯,姚芸竹,生活·读书·新知三联书店,2010-10,37.00元,8.2
1036541,疯癫与文明,理性时代的疯癫史,米歇尔・福柯,刘北成、杨远婴,生活·读书·新知三联书店,2003-01,18.0,8.7
1196945,集体行动的逻辑,,曼瑟尔·奥尔森,陈郁、郭宇峰、李崇新,生活·读书·新知三联书店 上海人民出版社,1995-4,18.00元,8.5
26425892,我的凉山兄弟,毒品、艾滋与流动青年,刘绍华,三辉图书,中央编译出版社,2015-9-1,48.00元,8.5
1277259,社会学的想像力,,（美）米尔斯,陈强、张永强,生活·读书·新知三联书店,2005-03,18.00元,8.6
1005325,童年的消逝,,[美] 尼尔・波兹曼,吴燕莛,广西师范大学出版社,2011-6,29.80元,8.4
2328178,态度改变与社会影响,,[美]菲利普·津巴多、迈克尔·利佩,邓羽、肖莉、唐小艳 等,人民邮电出版社,2007-11-1,68.00元,9.0
2382433,罗伯特议事规则,第10版（2000年最新版） 中文全译本Robert's Rules of Order Newly Revised, 10th Editio,亨利·罗伯特,孙涤、袁天鹏,世纪出版集团 格致出版社,2008年1月,48.00元,8.7
1006560,血酬定律,中国历史中的生存游戏,吴思,,中国工人出版社,2003-08,23.80,8.2
1277275,学术与政治,韦伯的两篇演说,[德] 马克斯·韦伯,冯克利,生活·读书·新知三联书店,2005-03,17.00元,9.2
1343594,Distinction,A Social Critique of the Judgement of Taste,Pierre Bourdieu,Richard Nice,Harvard University Press,1984-1,USD 39.50,9.0
1274469,自杀论,社会学研究,[法] 埃米尔·迪尔凯姆,冯韵文,商务印书馆,1996-12,27.00元,8.4
6687032,经验的疆界,,[美] 詹姆斯 G. 马奇,丁丹,东方出版社,2011-6,18.00元,8.8
25899380,桑切斯的孩子们,一个墨西哥家庭的自传,奥斯卡·刘易斯 (Oscar Lewis),李雪顺,上海译文出版社,2014-7-1,CNY 59.00,8.9
1013369,格调,社会等级与生活品味,保罗.福塞尔(美),梁丽真、乐涛、石涛,中国社会科学出版社,1998-12,18.00,7.7
1247769,家庭、私有制和国家的起源,,恩格斯,,人民出版社,2003-5-1,12.00元,8.6
4199761,重新发现社会,,熊培云,,新星出版社,2010-01-01,36.00元,8.4
6878212,一个村庄里的中国,,熊培云,,新星出版社,2011-11-5,45.00元,8.0
4243276,田园诗与狂想曲,关中模式与前近代社会的再认识,秦晖、金雁,,语文出版社,2010-01-01,38.00,9.3
26235729,单身社会,,(美) 克里南伯格,沈开喜,上海文艺出版社,2015-2,32.00元,7.6
21432137,共同的底线,,秦晖,,江苏文艺出版社,2013-3-1,48.00元,8.7
1393233,古典时代疯狂史,,[法] 米歇尔·福柯,林志明,生活·读书·新知三联书店,2005-06,39.00元,9.2
1432078,历史的终结及最后之人,,（美）弗朗西斯·福山,黄胜强、许铭原,中国社会科学出版社,2003-1,28.00元,8.0
21458706,出梁庄记,,梁鸿,,花城出版社,2013-4,39.80元,8.4
3864313,The Art of Not Being Governed,An Anarchist History of Upland Southeast Asia,James C. Scott,,Yale University Press,2009-9-30,USD 35.00,8.8
25733170,吾国教育病理,,郑也夫,,中信出版社,2013-9-1,CNY 42.00,8.7
26827391,如何应对愤怒的公众,,[美]劳伦斯·萨斯坎德、[美]帕特里克·菲尔德,霍文利,北京联合出版公司,2016-7-1,49.80,8.5
26692468,智识分子,做个复杂的现代人,万维钢,,电子工业出版社,2016-2-1,49.80元,8.6
1929825,农民进城防骗手册,,蔡建文、马文胜,,湖南人民出版社,2006-8,13.00元,9.3
26320417,自然社会,自然法与现代道德世界的形成,李猛,,生活·读书·新知三联书店,2015-3-1,CNY 58.00,8.9
1031857,虐恋亚文化,,李银河,,今日中国出版社,1998-01,26.00,7.8
3689168,社会学,（第五版）,（英）吉登斯,李康,北京大学出版社,2009.04,86.00,9.1
20373351,城市的胜利,城市如何让我们变得更加富有、智慧、绿色、健康和幸福,[美] 爱德华·格莱泽,刘润泉,上海社会科学院出版社,2012-12,49.80元,8.1
25867785,正义之心,为什么人们总是坚持"我对你错",[美] 乔纳森•海特(Jonathan Haidt),舒明月、胡晓旭,浙江人民出版社,2014-5-1,CNY 79.90,8.7
24527462,人类学入门,像人类学家一样思考,约翰·奥莫亨德罗,张经纬、任珏、贺敬,北京大学出版社,2013-4,78.00元,8.6
3815282,技术与文明,,[美] 刘易斯·芒福德,陈允明、王克仁、李华山,中国建筑工业出版社,2009-08,48.00元,8.9
2270476,A Secular Age,,Charles Taylor,,The Belknap Press of Harvard University Press,2007-9-20,USD 50.00,9.1
25778829,明亮的对话,公共说理十八讲,徐贲,,中信出版社,2014-1,39.00,8.9
26747208,优秀的绵羊,,[美] 威廉·德雷谢维奇,林杰,九州出版社,2016-4,CNY 42.00,8.2
3035593,崩溃,社会如何选择成败兴亡,[美] 贾雷德·戴蒙德,江滢、叶臻,上海译文出版社,2008-4,40.00元,8.2
26609148,声名狼藉者的生活,福柯文选1,[法] 米歇尔·福柯、汪民安 编,,北京大学出版社,2016-1-1,42.00元,9.0
26266067,重返美丽新世界,,[英]阿道司·赫胥黎,庄蝶庵,北京时代华文书局,2015-4-15,36.00,8.9
25836270,厌女,日本的女性嫌恶,(日) 上野千鹤子,王兰,上海三联书店,2015-1,28.00,8.6
1310228,乡土中国 生育制度,,费孝通,,北京大学出版社,1998-5-1,26.00元,9.2
25708550,知识分子与社会,,[美] 托马斯·索维尔,张亚月、梁兴国,中信出版社,2013-8,68.00元,8.0
5906321,开放中的变迁,再论中国社会超稳定结构,金观涛、刘青峰,,法律出版社,2011-1,46.00元,9.1
26642261,回忆空间,文化记忆的形式和变迁,(德) 阿莱达·阿斯曼,潘璐,北京大学出版社,2016-3,70,8.8
2158889,权力的48条法则,75种最使人睿智的必读书之一,罗伯特·格林,金马、卢安安　张小玲,东方出版中心,2007-7,38.00元,8.3
7060184,落脚城市,最终的人口大迁徙与世界未来,(加拿大)道格·桑德斯,陈信宏,上海译文出版社,2012-2,35.00元,8.4
3032690,被人遗忘的人：中国精神病人生存状况,,吕楠,,中国图书出版社,2008,288元,9.3
2988944,金翼,中国家族制度的社会学研究,林耀华,庄孔韶、林宗成,生活·读书·新知三联书店,2008-2,19.00元,8.6
3273876,被劫持的私生活,性、婚姻与爱情的历史,肉唐僧,,山西人民出版社,2008年9月,26.00,8.1
4846032,性别战争,万物爱经,[美] 奥利维雅·贾德森,杜然,山西人民出版社,2010-9,26.80元,8.0
1782312,发现社会之旅,西方社会学思想述评,兰德尔·科林斯、迈克尔·马科夫斯基,李霞,中华书局,2006,32.00,9.1
25913619,理性动物,,[美]道格拉斯·T.肯里克,魏群,中信出版社,2014-8,39.00,7.9
5373043,人情与面子,中国人的权力游戏,黄光国,,中国人民大学出版社,2010-11-1,26.80元,7.6
26178426,稀缺,我们是如何陷入贫穷与忙碌的,塞德希尔·穆来纳森、埃尔德·沙菲尔,魏薇、龙志勇,浙江人民出版社,2014-11,56.90元,7.7
26937690,喂养中国小皇帝,儿童、食品与社会变迁,景军,钱霖亮、李胜,华东师范大学出版社,2017-1,42,7.7
21329758,博弈与社会,,张维迎,,北京大学出版社,2013-1,49.00元,8.7
3339862,性别麻烦,女性主义与身份的颠覆,朱迪斯·巴特勒,宋素凤,上海三联书店,2009-1,30.00元,8.6
4853094,探索现代社会的起源,,金观涛,,社会科学文献出版社,2010-5,28.00元,9.0
26830154,迷信与暴力,历史中的宣誓、决斗、神判与酷刑,[美] 亨利·查尔斯·李（Henry Charles Lea）,X. Li,广西师范大学出版社,2016-7-1,108元,8.7
1704159,街角社会,一个意大利人贫民区的社会结构,[美] 威廉·富特·怀特,黄育馥,商务印书馆,1994-9-1,CNY 35.00,8.6
4312825,人类动物园,,德斯蒙德·莫利斯,何道宽,复旦大学出版社,2010-3-1,30.00元,8.6
1657455,论人类不平等的起源和基础,,[法]卢梭,李常山,商务印书馆,1997-02-01,9.40元,8.6
7060185,江城,,[美] 彼得·海斯勒,李雪顺,上海译文出版社,2012-1,36.00元,9.0
26593192,思想本质,语言是洞察人类天性之窗,史蒂芬·平克 (Steven Pinker),张旭红、梅德明,浙江人民出版社,2015-8-1,CNY 129.90,8.7
26591565,香港重庆大厦,世界中心的边缘地带,[美] 麦高登,杨旸,华东师范大学出版社,2015-11,42.00元,8.1
19976381,政治秩序的起源,从前人类时代到法国大革命,[美]弗朗西斯·福山,毛俊杰,广西师范大学出版社,2012-10-20,68.00元,8.9
3163104,变化社会中的政治秩序,,萨缪尔·P.亨廷顿,王冠华、刘为,上海人民出版社,2008,42.00元,9.3
25917406,音乐神童加工厂,,伊莎贝拉•瓦格纳,黄炎宁,华东师范大学出版社,2016-6,59.8,8.9
1047370,拉丁美洲被切开的血管,,[乌拉圭] 爱德华多·加莱亚诺,王玖 等,人民文学出版社,2001-11,18.00元,8.5
3701456,文明的进程,文明的社会发生和心理发生的研究,[德] 诺贝特·埃利亚斯,王佩莉、袁志英,上海译文出版社,2009-5,48.00元,8.7
26816981,十二幅地图中的世界史,,[英] 杰里·布罗顿（Jerry Brotton）,林盛,后浪出版公司·浙江人民出版社,2016-8,99.80元,8.6
1775264,景观社会,,居依·德波,王昭风,南京大学出版社,2006-3-1,26.00元,8.2
26609146,自我技术,,[法] 米歇尔·福柯、汪民安 编,,北京大学出版社,2015-11-1,CNY 45.00,9.4
2280161,小镇喧嚣,一个乡镇政治运作的演绎与阐释,吴毅,,生活·读书·新知三联书店,2007-10,42.00元,9.1
25794332,反社会的人,上层阶级与下层阶级是如何搞垮德国，而谁又在从中获利,[德]瓦尔特·伍伦韦伯,李欣,光明日报出版社,2014-1,29.80,8.1
20507206,众病之王,癌症传,[美] 悉达多·穆克吉,李虎,中信出版社,2013-2-4,42.00元,9.1
6859959,健全的社会,,[美]艾里希·弗洛姆,孙恺祥,上海译文出版社,2011-9,29.00元,9.1
3735295,未来是湿的,无组织的组织力量,[美] 克莱·舍基,胡泳、沈满琳,中国人民大学出版社,2009-5,39.80,7.5
24325270,道德动物,,罗伯特·赖特Robert Wright,周晓林,中信出版社,2013-5-1,68,8.2
10446295,权力,为什么只为某些人所拥有,[美] 杰弗瑞·菲佛,杨洋,中国人民大学出版社,2012-2,49.80元,8.1
26581737,权力的毛细管作用,清代的思想、学术与心态,王汎森,,北京大学出版社,2015-9-1,95,8.7
26415165,沐猿而冠,文化如何塑造人性,辉格,,四川人民出版社,2015-6-1,CNY 48.00,7.9
25908552,上瘾五百年,烟、酒、咖啡和鸦片的历史,[美] 戴维·考特莱特,薛绚,中信出版社,2014-8,38.00,7.5
1171881,有闲阶级论,关于制度的经济研究,[美] 凡勃伦,蔡受百,商务印书馆,1964-8,16.00元,8.0
5906312,兴盛与危机,论中国社会超稳定结构,金观涛、刘青峰,,法律出版社,2011-1,45.00元,8.7
5379664,浅薄,互联网如何毒化了我们的大脑,[美] 尼古拉斯·卡尔,刘纯毅,中信出版社,2010-12,42.00元,7.6
3521728,城市文化,,[美]刘易斯·芒福德,宋俊岭、李翔宁、周鸣浩,中国建筑工业出版社,2009-8,69.00元,8.8
6851608,奢侈的！,,[美] 黛娜·托马斯,李孟苏 崔薇,重庆大学出版社,2011-12,45.00元,8.0
1810530,中产阶级的孩子们,60年代与文化领导权,程巍,,生活·读书·新知三联书店,2006-06-01,28.00,8.6
6799474,文化与社会,1780-1950,[英]雷蒙•威廉斯,高晓玲,吉林出版集团有限责任公司,2011-12,36.00元,9.0
2138608,中国社会中的宗教,宗教的现代社会功能与其历史因素之研究,杨庆堃,范丽珠,上海人民出版社,2007-6-1,35.00元,8.7
1070007,致命的自负,社会主义的谬误,（英）哈耶克,冯克利等,中国社会科学出版社,2000-09,19.80,8.8
7007666,认知盈余,自由时间的力量,[美] 克莱·舍基,胡泳、哈丽丝,中国人民大学出版社,2011-12,49.80元,7.2
1439253,国家精英,名牌大学与群体精神,[法]P.布尔迪厄,杨亚平,商务印书馆,2004-9,37.00元,8.9
3126411,与社会学同游,人文主义视角,[美] 彼得·伯格,何道宽,北京大学出版社,2008-6,24.00元,8.9
1804960,社会与政治运动讲义,,赵鼎新,,社会科学文献出版社,2006-3-1,39.00元,9.3
2079931,大转型,我们时代的政治与经济起源,[英] 卡尔·波兰尼,刘阳、冯钢,浙江人民出版社,2007年5月,35.00,8.7
6157548,房间里的大象,生活中的沉默和否认,[英] 卡尔·波兰尼,刘阳、冯钢,浙江人民出版社,2007年5月,35.00,7.6
26705829,特权,圣保罗中学精英教育的幕后,西莫斯·可汗,蔡寒韫,华东师范大学出版社,2016-1,42.8,8.4
10546119,弯曲的脊梁,纳粹德国与民主德国时期的宣传活动,西莫斯·可汗,蔡寒韫,华东师范大学出版社,2016-1,42.8,8.4
10799984,大数据,正在到来的数据革命，以及它如何改变政府、商业与我们的生活,涂子沛,,广西师范大学出版社,2013-4-1,49.90元,7.5
1057095,一切坚固的东西都烟消云散了,现代性体验,（美）马歇尔・伯曼,张辑、徐大建,商务印书馆,2003-10,27.00,8.6
6885949,网络、群体与市场,揭示高度互联世界的行为原理与效应机制,大卫·伊斯利(David Esley)、乔恩·克莱因伯格(Jon Kleinberg),李晓明、王卫红、杨韫利,清华大学出版社,2011-10-1,CNY 69.00,8.8
26592899,政治秩序与政治衰败,从工业革命到民主全球化,[美] 弗朗西斯·福山,毛俊杰,广西师范大学出版社,2015-9-1,98.00,8.3
5350804,中国在梁庄,,梁鸿,,江苏人民出版社,2010-11-1,25.00元,8.0
26804793,她身之欲,珠三角流动人口社群特殊职业研究,丁瑜,,社会科学文献出版社,2016-6-1,89.00元,7.8
4312829,亲密行为,《裸猿》三部曲之三,德斯蒙德·莫利斯,何道宽,复旦大学出版社,2010-3,30.00元,8.3
21370840,打工女孩,从乡村到城市的变动中国,[美] 张彤禾,张坤、吴怡瑶,上海译文出版社,2013-3,33.00元,7.6
4909256,人文地理学导论,21世纪的议题,[英]彼得-丹尼尔斯等,邹劲风、顾露雯,南京大学出版社,2014-1-1,98.00,8.4
10563202,可操作的民主,罗伯特议事规则下乡全纪录,寇延丁、袁天鹏,,浙江大学出版社,2012-4,28.00元,8.3
2030855,弱者的武器,农民反抗的日常形式,[美] 詹姆斯·C·斯科特,郑广怀、张敏、何江穗,译林出版社,2007-1,29.50元,8.5
3158094,英国个人主义的起源,,[英]艾伦·麦克法兰,管可秾,商务印书馆,2008-07,35.00元,8.8
1789444,第三次浪潮,,托夫勒,黄明坚,中信出版社,2006-6,38.00元,8.4
4230636,不平等的童年,阶层，种族和家庭生活,[美] 安妮特·拉鲁,张旭,北京大学出版社,2009-12,30.00元,8.2
25764449,社会学的邀请,,(美)威特(WittJ. ),林聚任等,北京大学出版社,2013-12,48.00,8.8
1437973,亲密关系,,[美] 莎伦·布雷姆、丹尼尔·珀尔曼、罗兰·米勒、苏珊·坎贝尔,郭辉、肖斌,人民邮电出版社,2005-10,49.00元,8.7
4046736,神似祖先,,郑也夫,,中国青年出版社,2009-9,25.00元,8.4
3134906,公共人的衰落,,理查德·桑内特,李继宏,上海译文出版社,2008-7,45.00元,7.8
3215660,社会学的邀请,,（美）乔恩·威特,林聚任,北京大学出版社,2008-9-1,40.00元,8.2
1772151,翻身,中国一个村庄的革命纪实,韩丁（William Hinton）,韩倞,北京出版社,1980-1,2.20元,8.6
1493134,文化人类学,,（美）威廉·A·哈维兰,瞿铁鹏,上海社会科学出版社,2006-1,68.00元,8.6
1033273,海蒂性学报告,,[美] 雪儿·海蒂,林淑贞,海南出版社,2002-9,58.00元,7.8
1479194,他们的世界,中国男同性恋群落透视,李银河、王小波,,山西人民出版社,1992-11,4.50元,8.2
25962831,艺术社会史,,[匈] 阿诺尔德·豪泽尔,黄燎宇,商务印书馆,2015-4,168.00,9.5
25908573,昨日之前的世界,我们能从传统社会学到什么?,[美] 贾雷德·戴蒙德,廖月娟,中信出版社,2014-7,69.00元,7.7
1091964,路易·波拿巴的雾月十八日,,马克思,中共中央马克思恩格斯列宁斯大林著作编译局,人民出版社,2001-9,9.50元,9.0
21345957,宣传,观念、话语及其正当化,刘海龙,,中国大百科全书出版社,2013-1,42.00元,8.9
4114636,性学观止（上下册）,,(美)贺兰特•A•凯查杜里安,胡颖翀,世界图书出版公司,2009-12,88.00元,8.3
24847834,黄河边的中国,一个学者对乡村社会的观察与思考,曹锦清,,上海文艺出版社,2000-1-1,78.00,8.8
3803268,历史决定论的贫困,,[英] 卡尔·波普尔,杜汝楫、邱仁宗,上海人民出版社,2009-7,20.00元,8.5
1421310,知识分子的鸦片,,雷蒙·阿隆,吕一民、顾杭,译林出版社,2005-07-27,20.50,8.6
2247109,社会学入门,一种现实分析方法,[美] 詹姆斯·汉斯林,林聚任,北京大学,2007-8-1,76.00元,9.0
2222424,女人的起源,,[英]伊莲·摩根,刘筠,上海译文出版社,2007-8,19.00元,7.5
25750468,中国现代国家的起源,,[美]孔飞力,陈兼、陈之宏,生活·读书·新知三联书店,2013-10,35.00元,8.6
5916004,欲望的演化,,David M.Buss,谭黎、王叶,中国人民大学出版社,2011-1-1,59.00元,8.5
6710686,生命政治的诞生,法兰西学院演讲系列：1978-1979,(法)米歇尔·福柯,莫伟民、赵伟,上海人民出版社,2011-8,38.00元,9.0
3995799,蚁族,大学毕业生聚居村实录,廉思,,广西师范大学出版社,2009-9,29.00元,7.8
1870212,宗教生活的基本形式,,[法]爱弥尔·涂尔干,渠东、汲喆,上海人民出版社,2006-8,42.00元,9.0
26286741,文化记忆,早期高级文化中的文字、回忆和政治身份,(德) 扬·阿斯曼（Jan Assmann）,金寿福、黄晓晨,北京大学出版社,2015-5,49,8.6
1037148,社会分工论,,[法] 埃米尔·涂尔干,渠东,生活·读书·新知三联书店,2000-4,28.00元,8.8
1034759,礼物的流动,一个中国村庄中的互惠原则与社会网络,阎云翔,李放春、刘瑜,上海人民出版社,1999,18.00,8.6
2315287,技术垄断,文化向技术投降,(美)尼尔·波兹曼,何道宽,北京大学出版社,2007-10,22.00元,8.6
1003013,时尚的哲学,,[德] 齐奥尔格·西美尔,费勇 等,文化艺术出版社,2001-9,17.00元,8.7
1009891,公共领域的结构转型,,（德）哈贝马斯,曹卫东等,学林出版社,1999-1,20.00元,8.6
1025829,信任,社会美德与创造经济繁荣,[美] 弗朗西斯·福山,彭志华,海南出版社,2001-12,24.00元,8.1
1051928,跨越边界的社区,北京“浙江村”的生活史,项飚,,生活·读书·新知三联书店,2000-08,28.00元,9.1
11589947,这个时代的无知与傲慢,索罗斯给开放社会的建言,（美）乔治·索罗斯,,中信出版社,2012-9-1,58.00元,7.7
2338638,预知社会,群体行为的内在法则,菲利普·鲍尔,暴永宁,当代中国出版社,2007-11,45.00元,8.2
24888083,西方文明的文化基因,,(加)梁鹤年,,生活·读书·新知三联书店,2013-11,65.00,9.1
25858710,为什么？,,[美] 查尔斯·蒂利,李钧鹏,北京时代华文书局,2014-5,39.8,8.2
25751980,他们以为他们是自由的,1933—1945年间的德国人,[美] 查尔斯·蒂利,李钧鹏,北京时代华文书局,2014-5,39.8,7.5
11612914,恶俗,或现代文明的种种愚蠢,[美] 保罗·福塞尔,何纵,世界图书出版公司,2012-9,29.80元,7.1
26341543,汤姆斯河,一个美国"癌症村"的故事,[美] 丹·费金,王雯,上海译文出版社,2015-5,59.00,8.2
1085366,组织社会学十讲,,周雪光,,社会科学文献出版社,2003-12-1,45.00元,9.1
25725855,人情、面子与权力的再生产（修订版）,,翟学伟,,北京大学出版社,2013-9,49.00元,8.5
1315182,权力与繁荣,,（美）曼瑟・奥尔森,苏长和,上海人民出版社,2005-05,22.00,8.7
1778511,象征交换与死亡,,[法国] 让·波德里亚,车槿山,译林出版社,2006-4,22.50元,8.6
1012379,知识分子论,,萨义德,单德兴,生活·读书·新知三联书店,2005-12-1,16.00,8.6
6799513,跨国灰姑娘,当东南亚帮佣遇上台湾新富家庭,蓝佩嘉,,吉林出版集团有限责任公司,2011-12,32.00元,8.9
7054138,洗脑术,思想控制的荒唐史,[英]多米尼克·斯垂特菲尔德,张孝铎,中国青年出版社,2011-12,32.00元,7.3
3156699,社会生物学,新的综合,爱德华·O·威尔逊,毛盛贤、孙港波、刘晓军、刘耳,北京理工大学出版社,2008-5,125.00元,8.8
4145560,巴黎城记,现代性之都的诞生,【美】大卫· 哈维,黄煜文,广西师范大学出版社,2010-1,39.00元,8.4
1428050,礼物,古式社会中交换的形式与理由,[法] 马塞尔·莫斯,汲喆,上海人民出版社,2002-6,13.80元,8.7
25871778,数据之巅,大数据革命,历史、现实与未来,涂子沛,,中信出版社,2014-5-1,65.00元,8.4
20266235,新阶级,,密洛凡·德热拉斯,陈逸,世界知识出版社,1963,0.78元,8.9
6085181,二号首长,,黄晓阳,,重庆出版社,2011-5-10,38.00元,8.1
4122414,经济与社会（第一卷）,,[德] 马克斯·韦伯,阎克文,上海人民出版社,2010-1,68.00元,9.1
26201890,第四消费时代,共享经济的新型社会,[日]三浦展,马奈,东方出版社,2014-10-30,42.00,8.0
2082036,李银河自选集,性、爱情、婚姻及其他,李银河,,内蒙古大学出版社,2006-12,39.80元,8.4
25947310,21世纪资本论,,[法] 托马斯·皮凯蒂（Thomas Piketty）,巴曙松,中信出版社,2014-9,98.00元,7.3
1054762,实践与反思,反思社会学导引,(法)皮埃乐.布迪厄、华康德,李猛、李康,中央编译出版社,1998-01-01,26.80,9.0
4891219,甜与权力,糖在近代历史上的地位,西敏司,朱健刚、王超,商务印书馆,2010-5,32.00元,8.3
1340429,女性主义,,李银河,,山东人民出版社,2005-1,22.00元,8.0
26544961,24/7,晚期资本主义与睡眠的终结,李银河,,山东人民出版社,2005-1,22.00元,7.9
26659834,盐糖脂,食品巨头是如何操纵我们的,迈克尔•莫斯,张佳安,中信出版集团,2015-11-15,CNY 52.00,7.5
26392829,秩序的沦陷,抗战初期的江南五城,卜正民,潘敏,商务印书馆,2015-10-1,CNY 29.00,7.8
6811366,禅与摩托车维修艺术,,(美)罗伯特·M.波西格,张国辰,重庆出版社,2011-9,36.00元,8.3
2381209,纵向社会的人际关系,日本丛书,中根千枝,陈成,商务印书馆,1994,4.10,8.8
4272339,后现代性下的生命与多重时间,,[英] 基思·特斯特,李康,北京大学出版社,2010-03,18.00元,9.0
2082044,金赛性学报告,男人篇&女人篇,(美)阿尔弗雷德·C.金赛,潘绥铭,海南出版社 三环出版社,2007-5,49.80元,8.1
26813986,如果可以这样做农民,,绿妖,,长江文艺出版社,2016-6,42.50元,8.0
25848493,猿猴的把戏,动物学家眼中的人类关系,Dario Maestripieri,吴宝沛,电子工业出版社,2014-2-1,CNY 49.00,8.4
1274491,文化、权力与国家,1900-1942年的华北农村,[美] 杜赞奇,王福明,江苏人民出版社,2003-8,24.00元,8.3
1047954,社会的构成,,（英）安东尼・吉登斯,李康、李猛,生活·读书·新知三联书店,1998-5-1,27.0,8.6
26260335,上帝与黄金,英国、美国与现代世界的形成,沃尔特•拉塞尔•米德 (Walter Russell Mead),涂怡超、罗怡清,社会科学文献出版社·甲骨文,2014-12,69.00,7.9
1556409,信任论,,郑也夫,,中国广播电视出版社,2006-5,20.00元,8.4
1337312,Writing for Social Scientists,How to Start and Finish Your Thesis, Book, or Article,Howard S. Becker,,University of Chicago Press,1986-3-15,USD 9.95,8.5
26656350,增长的本质,,凯萨·伊达尔戈,,中信出版集团股份有限公司,2015-11-1,CNY 49.00,8.2
26369891,猿形毕露,从猩猩看人类的权利、暴力、爱与性,[美]弗朗斯·德瓦尔（Frans de Waal）,陈信宏,生活·读书·新知三联书店,2015-4,36.00元,8.7
6559258,西方将主宰多久,从历史的发展模式看世界的未来,[美] 伊恩·莫里斯,钱峰,中信出版社,2011-6-28,69.00元,8.0
2252637,诱惑的艺术,,罗伯特·格林,,东方出版中心,2007-9,38.00元,8.0
1477442,为自己的人,,[美] 埃·弗洛姆,孙依依,生活·读书·新知三联书店,1988-11,4.00元,9.0
26388428,匠人,,[美] 理查德·桑内特,李继宏,上海译文出版社,2015-7,45.00,8.0
25900305,舌尖上的历史,食物、世界大事件与人类文明的发展,(美) 斯坦迪奇,杨雅婷,中信出版社,2014-7,38.00元,8.1
26800340,神风特攻队、樱花与民族主义,日本历史上美学的军国主义化,大贯惠美子,石峰,商务印书馆,2016-10-1,45.00元,8.0
26651780,仪式、政治与权力,,[美]大卫·科泽 （David I. Kertzer ）,王海洲,江苏人民出版社,2015-11,35.00元,7.8
4011303,历史学与社会理论,,[英] 彼得·伯克,姚朋[等],上海人民出版社,2010-1,30.00元,9.0
19920715,论中国,,[美] 亨利·基辛格,胡利平、林华、杨韵琴、朱敬文,中信出版社,2012-10,68.00元,8.6
4111974,黑帮老大的一天,,素德·文卡特斯,孙飞宇,上海人民出版社,2009-10,26.00元,7.8
3785326,黑猩猩的政治,猿类社会中的权力与性,弗朗斯·德瓦尔、Frans de Waal,赵芊里,上海译文出版社,2009-06,32.00元,8.4
4292120,低智商社会,如何从智商衰退中跳脱出来,(日) 大前研一,千太阳,中信出版社,2010-4,32.00元,7.0
3268426,洁净与危险,,（英）玛丽·道格拉斯,黄剑波、柳博赟、卢忱,民族出版社,2008年9月,28.00元,8.3
25924608,从莎草纸到互联网：社交媒体2000年,社交媒体2000年,[英]汤姆·斯丹迪奇,林华,中信出版社,2015-12,58.00元,7.7
1190181,国家的视角,那些试图改善人类状况的项目是如何失败的,詹姆斯・C・斯科特,王晓毅,社会科学文献出版社,2004-11-01,35.00,8.4
20429677,大数据时代,生活、工作与思维的大变革,[英] 维克托•迈尔•舍恩伯格（Viktor Mayer-Schönberger）,周涛,浙江人民出版社,2012-12,49.90元,7.5
1517400,清代地方政府,,瞿同祖,范忠信,法律出版社,2003-06-01,28.00,9.2
26260799,农民自杀研究,,刘燕舞,,社会科学文献出版社,2014-10-30,79.00元,8.1
26577705,罪孽的报应,德国和日本的战争记忆,[荷] 伊恩·布鲁玛,倪韬,广西师范大学出版社,2015-9-1,66.00,8.4
26797406,美国独行,西方世界的末日,[加] 马克·斯坦恩,姚遥,新星出版社,2016-8-1,48,7.3
5414013,美好生活,中产阶级的生活史,[瑞典] 奥维·洛夫格伦、乔纳森·弗雷克曼,赵丙祥、罗杨 等,北京大学出版社,2011-1,30.00元,8.1
1262815,关键词,文化与社会的词汇,[英] 雷蒙·威廉斯,刘建基,生活·读书·新知三联书店,2005-03,27.00元,8.1
1907517,社会学与生活（插图修订第9版）,,（美）理查德·谢弗（Richard T. Schaefer）著,刘鹤群 房智慧、赵旭东,世界图书出版公司,2006-9,58.00元,8.3
20473872,幻影公众,,[美]沃尔特·李普曼,林牧茵,复旦大学出版社,2013-1,25.00元,8.2
4126261,身份与暴力,命运的幻象,[印]阿马蒂亚·森,李风华,中国人民大学出版社,2009,28.00元,8.1
3077186,群氓之族,群体认同与政治变迁,[美]哈罗德·伊罗生,邓伯宸,广西师范大学出版社,2008-5,28.00元,8.1
26861897,我们都发狂了,,[美]凯伦·乔伊·富勒（Karen Joy Fowler）,刘敏,重庆出版社,2016-10,36.00元,8.5
26640170,艺术为社会学带来什么,,[法] 纳塔莉·海因里希（Nathalie Heinich）,何蒨,华东师范大学出版社,2016-5-1,28,8.4
26832582,何为正义,,陈宜中,三辉图书,中央编译出版社,2016-9,62.00元,8.1
1052528,流动的现代性,,齐格蒙特・鲍曼,欧阳景根,上海三联书店,2002-1-1,22.00,8.6
25848953,群体性孤独,为什么我们对科技期待更多，对彼此却不能更亲密？,[美] 雪莉·特克尔,周逵、刘菁荆,浙江人民出版社,2014-3-1,CNY 66.90,7.0
1434346,儒教与道教,,(德国)马克斯·韦伯,王容芬,商务印书馆,2004-11,17.00元,8.1
5321843,假装的艺术,一本让你看起来无所不知的书,[美] 劳伦斯·怀特德-弗莱,赵悦,南方出版社,2010-11,25.00,6.5
1112447,群氓的时代,,(法)塞奇·莫斯科维奇,许列民、薛丹云、李继红,江苏人民出版社,2006-5,35.00,8.1
2969410,与本科生谈：论文与治学,,郑也夫,,山东人民出版社,2008-1,18.00元,8.8
5911531,独自打保龄,美国社区的衰落与复兴,[美] 罗伯特·帕特南 著、燕继荣 审校,刘波、祝乃娟、张孜异 等,北京大学出版社,2011-1,66.00元,8.5
1036297,同性恋亚文化,,李银河,,今日中国出版社,1998-01,26,7.7
1057378,非同寻常的大众幻想与群众性癫狂,,（英）麦基,李绍光等,中国金融出版社,2000-05,29.00,7.8
20563266,社会认知,洞悉人心的科学,齐瓦·孔达,周治金、朱新秤,人民邮电出版社·新曲线,2013-2,88.00元,8.7
26699004,掩饰,同性恋的双重生活及其他,[美]吉野贤治（Kenji Yoshino）,朱静姝,清华大学出版社,2016-1,30.00元,9.0
26895836,不发表 就出局,,李连江,,中国政法大学出版社,2016-10-1,CNY 39.00,9.2
1058804,存在与荒谬,中国地下“性产业”考察,潘绥铭,,群言出版社,1999-01,24.8,8.4
1399297,社会研究方法,第10版,艾尔·巴比,邱泽奇,华夏出版社,2005-1,68.00元,8.9
24878434,城乡中国（上）,,周其仁,,中信出版社,2013-8,39.00元,8.5
25721226,沉默的螺旋,舆论——我们的社会皮肤,(德)伊丽莎白·诺尔-诺依曼,董璐,北京大学出版社,2013-9-1,45.00,8.1
1082196,林村的故事,一九四九年后的中国农村变革,黄树民,素兰、纳日碧力戈,生活·读书·新知三联书店,2002-3,18.00元,8.8
1464575,危险的愉悦,20世纪上海的娼妓问题与现代性,（美）贺萧,韩敏中、盛宁,江苏人民出版社,2003-06,68.00元,8.4
26577691,人间采蜜记,李银河自传,李银河,,江西人民出版社,2015-8-10,CNY 32.00,7.5
4832495,工作、消费、新穷人,,[英]齐格蒙特•鲍曼,仇子明、李兰,吉林出版集团有限责任公司,2010-6,22.00元,7.8
2068710,国家的兴衰,经济增长、滞胀和社会僵化,[美] 曼瑟·奥尔森,李增刚,上海人民出版社,2007-3,26.00元,8.3
1084434,以自由看待发展,,[印] 阿马蒂亚·森,任赜、于真,中国人民大学出版社,2002-7,39.00元,9.0
25863979,民主的阴暗面,解释种族清洗,[印] 阿马蒂亚·森,任赜、于真,中国人民大学出版社,2002-7,39.00元,7.7
26852985,惧恨拉斯维加斯,一场直捣美国梦的凶蛮之旅,[美] 亨特·S. 汤普森,经雷,理想国 | 广西师范大学出版社,2016-9,38.00元,7.9
4193722,国富国穷,,戴维 S. 兰德斯,门洪华,新华出版社,2010-1,62.00元,8.3
24751865,暴力与社会秩序,诠释有文字记载的人类历史的一个概念性框架,道格拉斯·C. 诺思、约翰· 约瑟夫· 瓦利斯、巴里·R. 韦格斯特,杭行、王亮,上海格致出版社,2013-8,45.00,8.9
1898651,民主与专制的社会起源,现代社会形成中的地主与农民,巴林顿·摩尔,拓夫,华夏出版社,1988,3.25,8.3
26077095,论家用电器,,汪民安,,河南大学出版社,2015-2,38.00元,7.8
26840483,Hillbilly Elegy,A Memoir of a Family and Culture in Crisis,J. D. Vance,,Harper,2016-6-28,USD 27.99,8.2
6851587,神话的力量,在诸神与英雄的世界中发现自我,[美] 约瑟夫•坎贝尔、[美] 比尔•莫耶斯,朱侃如,万卷出版公司,2011-9-1,49.80元,8.3
6309931,自我·群体·社会,进入西奥迪尼的社会心理学课堂,【美】道格拉斯•肯里克等,谢晓非等,中国人民大学出版社,2011-4-1,69.80元,8.6
10048862,中国社会的个体化,,阎云翔,陆洋 等,上海译文出版社,2012-1,38.00元,8.3
4924898,群体的智慧,如何做出最聪明的决策,[美] 詹姆斯·索罗维基,王宝泉,中信出版社,2010-10,33.00元,7.1
25757933,坎坷之路: 新聞自由在中國,,孫旭培,,巨流,2013-12,NT500,8.3
3259487,文化与无政府状态,,[英]马修·阿诺德,韩敏中,生活·读书·新知三联书店,2008-10,24.00元,8.4
1491734,私人生活的变革,一个中国村庄里的爱情、家庭与亲密关系（1949-1999）,阎云翔,龚小夏,上海书店出版社,2006-1,30.00元,8.3
1085541,传统的发明,,E. 霍布斯鲍姆、T. 兰格,顾杭、庞冠群,译林出版社,2004-3,25.00元,8.2
26840828,古拉格之恋,一个爱情与求生的真实故事,[英] 奥兰多·费吉斯,李广平,广西师范大学出版社,2016-8,64.00元,8.5
1843001,给莉莉的信,关于世界之道,(英)艾伦·麦克法兰,管可秾、严潇潇,商务印书馆,2006-6,22.00元,8.5
2981480,美国人民：创建一个国家和一种社会（上卷）,1492-1877年（第6版）,[美] 加里·纳什(Gary B. Nash)、朱莉·罗伊·杰弗里(Julie Roy Jeffrey)、约翰·豪(John R. How)、彼得·弗雷德里克(Peter J. Frederick)、艾伦·戴维斯(Allen F. Davis)、艾伦·温克尔(Allan M. Winkler),刘德斌 主译,北京大学出版社,2008-1,68.00元,9.1
3171735,行为科学统计,,[美] F. J. Gravetter、[美] L. B. Wallnau,王爱民、李悦,中国轻工业出版社,2008-7,85.00元,9.3
3753870,布满贫民窟的星球,,迈克·戴维斯,潘纯林,新星出版社,2009-11,32.00元,8.0
24720021,权力与无知：寻求暴力的根源,寻求暴力的根源,罗洛·梅,,中国人民大学出版社,2013-5,55.00元,8.7
4730209,经济与社会（第二卷 上下）,,[德] 马克斯·韦伯,阎克文,上海人民出版社,2010-7,88.00元,8.9
1387443,知識社會史,从古腾堡到狄德罗,Peter Burke,賈士蘅,城邦（麥田）,2003-2,NT$ 440,7.5
26436067,Between the World and Me,,Ta-Nehisi Coates,,Spiegel & Grau,2015-7-14,USD 25.00,7.7
3689121,美国,,[法] 让·波德里亚,张生,南京大学出版社,2011-10,28.00元,8.4
2344105,把妹達人之謎男方法,,謎男（Mystery）,李建興,大辣出版股份有限公司,2007,280元,8.1
2025385,后物欲时代的来临,,郑也夫,,上海人民出版社,2007-3,18.00元,7.9
20499070,这个社会会好吗,,熊培云,,广西师范大学出版社 群言出版社,2013-1,39.00元,8.1
4242368,茶馆,成都的公共生活和微观世界，1900-1950,王笛,,社会科学文献出版社,2010-01-01,59.00元,8.6
2379345,中国农村的市场和社会结构,,（美）施坚雅,史建云、徐秀丽,中国社会科学出版社,1998,14.50,8.8
20563189,中国人的焦虑从哪里来,论财富与地位的不平等,茅于轼,,群言出版社,2013-1,38.00元,7.8
26390714,大断裂,人类本性与社会秩序的重建,[美] 弗朗西斯·福山,唐磊,广西师范大学出版社,2015-6,68.00元,7.7
1029957,大狗:富人的物种起源,最逗趣、最尖刻的社会文化批评,[美]李查德・康尼夫,王小飞、李娜,新世界出版社,2004-01,22.80元,7.8
1429998,社会学主要思潮,,[法]雷蒙·阿隆,葛智强、王沪宁、胡秉诚,上海译文出版社,2005-7,49.00元,8.8
1085518,临床医学的诞生,,[法] 米歇尔·福柯,刘北成,译林出版社,2001-8,12.20元,8.4
1026593,信息时代三部曲：经济、社会与文化,,[美] 曼纽尔·卡斯特(Manuel Castells),夏铸九、王志弘,社会科学文献出版社,2003,33.00,8.4
1064298,海蒂性学报告：男人篇,,[美] 雪儿·海蒂,林瑞庭、谭智华,海南出版社,2002-9,56.00元,7.6
1399258,人情、面子与权力的再生产,,翟学伟,,北京大学出版社,2005-06-01,28.00元,8.5
26315800,智慧社会,大数据与社会物理学,阿莱克斯·彭特兰 (Alex Pentland),汪小帆、汪容,浙江人民出版社,2015-4,CNY 56.90,7.5
1080750,精子战争,,罗宾・贝克,李沛沂、章蓓蕾,海南出版社,2004-01,25.00,8.1
4091025,消解性别,,[美] 朱迪斯·巴特勒,郭劼,上海三联书店,2009-11,35.00元,8.4
25859274,感官的教育,《布尔乔亚经验》第一卷,[美] 朱迪斯·巴特勒,郭劼,上海三联书店,2009-11,35.00元,8.0
26769136,为什么长大？,,[美] 苏珊·奈曼,刘建芳,上海文艺出版社,2016-4,38.00元,8.7
4010184,本能,为什么我们管不住自己?,[美]特里·伯纳姆,李存娜,中信出版社,2009-10,28.00元,7.4
2048787,国家与社会革命,对法国、俄国和中国的比较分析,(美)西达·斯考切波,何俊志、王学东,上海人民出版社,2007-3,38.00元,8.4
25854138,右派国家,美国为什么独一无二,[英]约翰·米克尔思韦特、阿德里安·伍尔德里奇,王传兴,中信出版社,2014-4,52.00,8.0
1661440,生育制度,,费孝通,,商务印书馆,1999-07-20,12.00元,8.9
20472494,漫长的革命,,[英]雷蒙德·威廉斯,倪伟,上海人民出版社,2013-1,52.00元,9.0
25807475,城市里的陌生人,中国流动人口的空间、权力与社会网络的重构,张鹂,袁长庚,江苏人民出版社,2014-1,25.00元,8.4
26636503,正义的慈悲,美国司法中的苦难与救赎,[美]布莱恩·史蒂文森,于霄,上海三联书店,2015-11-11,45.00元,8.6
5333574,烹饪、菜肴与阶级,一项比较社会学的研究,[英] 杰克·古迪、Jack Goody,王荣欣、沈南山,浙江大学出版社,2010-10,48.00元,7.6
11578220,量化数据分析,通过社会研究检验想法,Donald Treiman (唐启明),任强,社会科学文献出版社,2012-7,59.00元,9.3
1462854,理想的冲突,西方社会中变化着的价值观念,[美] L. J. 宾克莱,马元德、陈白澄、王太庆、吴永泉 等,商务印书馆,1983-5,1.70元,8.9
5914478,被牺牲的“局部”,淮北社会生态变迁研究（1680-1949）,马俊亚,,北京大学出版社,2011-1,54.00元,8.5
3405756,生活的暗面,日常生活的社会学透视,[美]迈克尔・施瓦布,汪丽华,北京大学出版社,2008-12,30.00元,7.9
4891197,未来简史,,(法) 阿塔利,王一平,上海社会科学院出版社,2010-12,35.00元,6.9
25733957,权力的终结,权力正在失去,世界如何运转,莫伊塞斯•纳伊姆,王吉美、牛晓萌,中信出版社,2013-10-1,59.00元,7.3
20271283,人类沟通的起源,,[美]迈克尔•托马塞洛,蔡雅菁,商务印书馆,2012-9,29.00元,8.6
1275195,恶,在人类暴力与残酷之中,罗伊·F·鲍迈斯特尔,崔洪建,东方出版社,1998-12,30.50,8.8
5401989,自由在高处,,熊培云,,新星出版社,2011-1,30.00元,8.1
1080481,色情史,,（法）巴塔耶,刘晖,商务印书馆,2003-03,12.0,7.7
25768304,社会工程,安全体系中的人性漏洞,海德纳吉 (Christopher Hadnagy),陆道宏、杜娟、邱璟,人民邮电出版社,2013-12,59.00元,8.0
10587755,以利为利,财政关系与地方政府行为,周飞舟,,上海三联书店,2012-2-1,35.00元,9.0
25960996,中国十亿城民,人类历史上最大规模人口流动背后的故事,周飞舟,,上海三联书店,2012-2-1,35.00元,8.1
3729665,欧洲同性恋史,柏林，伦敦，巴黎，1919-1939,【法】弗洛朗斯·塔马涅,周莽,商务印书馆,2009-04,60.00元,8.3
1787092,文化与权力,布尔迪厄的社会学,(美)戴维·斯沃茨,陶东风,上海译文出版社,2006-5,38.00,8.3
25785039,明清社會史論,,何炳棣,徐泓,聯經,2013-12-12,NT$480,9.3
26825463,如何研究网络人群和社区,网络民族志方法实践指导,罗伯特·V.库兹奈特,叶韦明,重庆大学出版社,2016-6,36,7.3
1860946,白领,美国的中产阶级,C.莱特·米尔斯,周晓虹,南京大学出版社,2006-7-1,39.00元,8.7
1092680,消费文化与后现代主义,,[英国]迈克·费瑟斯通,刘精明,译林出版社,2000-05-01,14.20,8.0
10454494,比较的幽灵,民族主义、东南亚与世界,（美）本尼迪克特·安德森,甘会斌,译林出版社,2012-4,48.00元,8.5
1315213,中国文化要义,,梁漱溟,,上海人民出版社,2005-05,25.00元,9.0
19978001,镜子,照出你看不见的世界史,[乌拉圭]爱德华多·加莱亚诺,张伟劼,广西师范大学出版社,2012-11,48.00元,8.1
1083052,现代性的后果,,[英]安东尼·吉登斯,田禾 译、黄平 校,译林出版社,2000-2,10.0,8.3
1869096,乱伦禁忌及其起源,,[法]爱弥尔·涂尔干,汲喆、付德根、渠东,上海人民出版社,2006-8,36.00元,8.4
2016501,另一条道路,一位经济学家对法学家、立法者和政府的明智忠告,赫尔南多·德·索托,,华夏出版社,2007-2,38.00元,8.6
3710319,亚文化,风格的意义,[美] 迪克·赫伯迪格,胡疆锋、陆道夫,北京大学出版社,2009-04,26.00元,7.6
1369755,The Production of Space,,Henri Lefebvre,Donald Nicholson-Smith,Wiley-Blackwell,1992-4-8,USD 59.95,9.0
10593781,如何做田野笔记,,罗伯特•埃默森、雷切尔•弗雷兹、琳达•肖,符裕、何珉,上海译文出版社,2012-6,38.00元,8.2
26796697,让我们害怕的食物,美国食品恐慌小史,[美]哈维·列文斯坦,徐漪,上海三联书店,2016-5,36.00,8.2
26270320,穷忙,,(美) 希普勒,陈丽丽,上海译文出版社,2015-1,45,7.6
26838835,一个人的世界史,,余世存,,广东人民出版社,2016-8,52.00元,7.2
24838641,神堂记忆,一个中国乡村的历史、权力与道德,景军,吴飞,福建教育出版社,2013-7-1,32.00,8.5
26150390,你会杀死那个胖子吗？,一个关于对与错的哲学谜题,[英]戴维·埃德蒙兹,姜微微,中国人民大学出版社,2014-10,38.00元,7.9
1089508,数字化生存,,尼葛洛庞帝,胡泳 等,海南出版社,1996,16.80元,7.8
1291535,Blink,By the author of 《THE TIPPING POINT》,Malcolm Gladwell,,Little, Brown and Company,2005-1-11,USD 25.95,7.6
1042765,金钱、性别、现代生活风格,,（德）西美尔,顾仁明,学林出版社,2000-12,16.00元,8.7
3662234,日本的思想,,(日)丸山真男,区建英、刘岳兵,生活·读书·新知三联书店,2009-5,19.80元,8.6
1740073,中国绅士,,费孝通,,中国社会科学出版社,2006-1,20.00元,8.5
1599672,女性主义思潮导论,,罗斯玛丽·帕特南·童,艾晓明 [等],华中师范大学出版社,2002-10,25.00元,8.8
20388034,大连接,社会网络是如何形成的以及对人类现实行为的影响,[美] 尼古拉斯•克里斯塔基斯（Nicholas A. Christakis）、[美] 詹姆斯•富勒（James H. Fowler）,简学,中国人民大学出版社,2013-1,59.90元,7.3
6537368,中国人的关系原理,时空秩序、生活欲念及其流变,翟学伟,,北京大学出版社,2011-6,45.00元,8.5
25717380,赤裸裸的统计学,除去大数据的枯燥外衣,呈现真实的数字之美,[美]查尔斯·韦兰,曹槟,中信出版社,2013-9,CNY 42.00,8.1
25794646,你的权利从哪里来？,,艾伦•德肖维茨（Alan Dershowitz）,黄煜文,北京大学出版社,2014-1,29.8,8.4
1315260,时代的精神状况,,（德）卡尔・雅斯贝斯,王德峰,上海译文出版社,2005-05,26.00元,8.7
1068301,意识形态与乌托邦,,(德)卡尔﹒曼海姆,黎鸣、李书崇,商务印书馆,2002-02,19.00,8.4
1018498,华北的小农经济与社会变迁,,黄宗智,,中华书局,2000-06-01,33.00元,8.7
1093249,文化的解释,,（美）克利福德·格尔茨,韩莉,译林出版社,1999-11,24.5,8.5
26606521,日本第一,对美国的启示,[美] 傅高义,谷英、张柯、丹柳,上海译文出版社,2016-3,39,7.2
25892534,女巫,,[法]儒勒·米什莱,张颖绮,电子工业出版社,2014-5,38.00元,8.3
26279954,知识的边界,,[美] 戴维·温伯格,胡泳、高美,山西人民出版社,2014-12-1,42.00元,7.3
2567964,道德的重量,在无常和危机前,[美] 阿瑟·克莱曼,方筱丽,上海译文出版社,2007,27.00元,8.6
4742975,法兰克福学派,历史、理论及政治影响,(德) 魏格豪斯,孟登迎、赵文、刘凯,上海人民出版社,2010-11,98.00元,8.8
25917542,共情时代,,弗朗斯•德瓦尔,刘旸,湖南科学技术出版社,2014-8-10,36.00,8.1
10581480,地球的法则,21世纪地球宣言,斯图尔特.布兰德,叶富华、耿新莉,中信出版社,2012-5,68.00元,8.5
22538508,空间的力量,地理、政治与城市发展,陆铭,,格致出版社,2013-3,35.00元,8.5
6965746,科技想要什么,,[美] 凯文·凯利,熊祥,中信出版社,2011-11,58.00元,8.2
20485924,Give and Take,A Revolutionary Approach to Success,Adam M. Grant Ph.D.,,Viking Adult,2013-4-9,USD 27.95,8.4
1278268,十年沧桑,东欧诸国的经济社会转轨与思想变迁,金雁、秦晖,,上海三联书店,2004-1-1,28.00元,8.9
2310726,社会学,（第十一版）,[美]戴维·波普诺,李强,中国人民大学出版社,2007-10-1,98.00元,8.7
25720885,超级合作者,,[美]马丁•诺瓦克 (Martin A. Nowak)、[美]罗杰•海菲尔德 (Roger Highfield),龙志勇、魏薇,浙江人民出版社,2013-9-1,79.90元,8.2
5290299,安全、领土与人口,法兰西学院演讲系列：1977—1978,[法]米歇尔·福柯,钱翰、陈晓径,上海人民出版社,2010-09,38.00元,8.9
24845741,性之变,21世纪中国人的性生活,潘绥铭、黄盈盈,,中国人民大学出版社,2013-7-1,78.00元,8.2
2984021,制造中国,消费文化与民族国家的创建,[美] 葛凯,黄振萍,北京大学出版社,2007,40.00元,7.8
1867642,世界是平的,21世纪简史,[美] 托马斯·弗里德曼,何帆、肖莹莹、郝正非,湖南科学技术出版社,2006-11,56.00元,7.7
1185805,风险社会,,乌尔里希·贝克,何博闻,译林出版社,2004-1,17.70元,8.2
1340525,贫困与饥荒,,[印度]阿马蒂亚·森,王宇、王文玉,商务印书馆,2004-12-01,19.00元,8.9
6308034,从"东欧"到"新欧洲",20年转轨再回首,金雁,,北京大学出版社,2011-4,48.00元,8.4
26737694,西风东土,两个世界的挫折,熊培云,,新星出版社,2016-3-1,59.00元,7.9
3023839,苦痛和疾病的社会根源,现代中国的抑郁、神经衰弱和病痛,[美]凯博文,郭金华,上海三联书店,2008年3月,32.00元,8.1
1038949,资本主义、社会主义与民主,,(美)约瑟夫·熊彼特,吴良健,商务印书馆,1999-02,28.00,8.5
26737948,小城市空间的社会生活,,[美] 威廉·H·怀特,叶齐茂、倪晓晖,上海译文出版社,2016-3,35,8.3
3334723,谣言,世界最古老的传媒,[法] 让－诺埃尔·卡普费雷,郑若麟,上海人民出版社,2008-12,36.00元,7.7
3088531,论人的天性,,[法] 让－诺埃尔·卡普费雷,郑若麟,上海人民出版社,2008-12,36.00元,8.1
24740871,乡村与城市,,[法] 让－诺埃尔·卡普费雷,郑若麟,上海人民出版社,2008-12,36.00元,8.3
1034847,美国与中国,费正清文集,费正清(美),张理京,世界知识出版社,2000-08,26.00元,8.4
25807521,政治的细节（第10版）,,[美]罗伯特·J·阿特、罗伯特·杰维斯,陈积敏、聂文娟、张键,世界图书出版公司·后浪出版公司,2014-3,68.00元,8.3
1000506,蜜蜂的寓言,私人的恶德，公众的利益,[荷] 伯纳德·曼德维尔（Bernard Mandeville）,肖聿,中国社会科学出版社,2002-1,32.00元,8.5
3066800,性別打結——拆除父權違建,The Gender Knot - Unraveling Our Patriarchal Legacy,亞倫·強森（Allan G. Johnson),成令方、王秀雲、游美惠、邱大昕、吳嘉苓,群學出版社,2008.03,NT 450元,9.0
25961876,断臂上的花朵,人生与法律的奇幻炼金术,(南非) 奥比•萨克斯,陈毓奇、陈礼工,广西师范大学出版社,2014-8,58.00,8.3
7055536,资中筠自选集（全五册）,,资中筠,,广西师范大学出版社,2011-10-1,190.00元,8.9
26738494,Evicted,Poverty and Profit in the American City,Matthew Desmond,,Crown,2016-3-1,USD 28.00,7.7
26357635,性存在,,[英] 韦罗妮克·莫捷,刘露,译林出版社,2015-8,25.00元,7.8
4933040,回归分析,,谢宇,,社会科学文献出版社,2010-8,45.00元,9.3
3896758,参谋助手论,为首长服务的艺术,王怀志、郭政,,西北大学出版社,1994-8,6.50元,8.4
25895044,审丑:万物美学,,[英] 史蒂芬·贝利,杨凌峰,金城出版社,2014-10,138.00元,7.7
25902031,她们知道我来过,中国首部高危老人深度关怀笔记,张大诺,,中国青年出版社,2014-4-1,29.00元,8.2
25766497,城市化转型与土地陷阱,,华生,,东方出版社,2013-11-1,55.00,9.3
1047588,酷儿理论,,李银河,李银河,文化艺术出版社,2003-07,19.00,7.9
1556289,立法者与阐释者,论现代性、后现代性与知识分子,[英] 齐格蒙·鲍曼(Zygmunt Bauman),洪涛,上海人民出版社,2000-11-1,16.00元,8.7
4320555,别对我撒谎,23篇震撼世界的新闻调查报道,[澳]约翰·皮尔格（选编）,牟磊等译,华东师范大学出版社,2010-3-1,68.00元,8.6
26586326,来自纳粹地狱的报告,奥斯维辛犹太医生纪述,[匈]米克洛斯·尼斯利,刘建波,北京联合出版公司·后浪出版公司,2015-9,32.00元,8.9
4191591,城市,,[英] 约翰·里德 (John Reader),郝笑丛,清华大学出版社,2010-01,69.00,8.3
24379797,民主•宪法•人权,作之民,费孝通,,生活·读书·新知三联书店,2013-4,25.00,8.7
26383818,父性,,[意]鲁格·肇嘉（Luigi Zoja）,张敏、王锦霞、米卫文,世界图书出版公司,2015-6,58.00元,8.2
7051892,文明,,[英] 尼尔·弗格森,曾贤明、唐颖华,中信出版社,2012-1,69.00元,7.8
10519359,日本边境论,,(日) 内田树,郭勇,上海文化出版社,2012-3,29.80元,7.4
19912132,民主的限制,,赵鼎新,,中信出版社,2012-12-1,38.00元,8.1
1455960,人有人的用处,控制论和社会,N·维纳,,陈步,商务印书馆,1978-6,8.3
26862541,中国农民土地产权幻觉研究,,陈胜祥,,中国社会科学出版社,2015-10-1,CNY 49.00,7.8
1077717,论集体记忆,,[法] 莫里斯·哈布瓦赫,毕然、郭金华,上海人民出版社,2002-10,29.80元,8.2
2269047,游戏的人,文化中游戏成分的研究,（荷兰）约翰·赫伊津哈,何道宽,花城出版社,2007-9,28.00元,7.8
1463026,明清社会性爱风气,,吴存存,,人民文学出版社,2000,15.00元,8.2
26409606,国家、战争与历史发展,前现代中西模式的比较,赵鼎新,,浙江大学出版社,2015-6,42.00,8.1
10867037,认识性学,,[美] 威廉·L. 雅博、[美] 芭芭拉·W. 萨亚德、[美] 布莱恩·斯特朗、[美] 克莉丝汀·德沃尔特,爱白文化教育中心,世界图书出版公司,2012-9,68.00元,8.5
1809130,野性的思维,,（法）克洛德·列维-斯特劳斯,李幼蒸,中国人民大学出版社,2006-1-1,39.00,8.7
4151189,物,60年代纪事,（法）乔治·佩雷克,龚觅,新星出版社,2010-2,20.00元,8.5
4882102,不可思议的年代,面对新世界必须具备的关键概念,[美] 乔舒亚·库珀·雷默,何帆,湖南科学技术出版社,2010-9,45.00元,7.5
4737314,瘟疫与人,,[美] 威廉·H. 麦克尼尔,余新忠、毕会成,中国环境科学出版社,2010-4,30.00元,8.1
3401286,冷记忆1,,[法] 让·波德里亚,张新木、李万文,南京大学出版社,2009-1,26.00,8.2
1851215,东方专制主义,对于极权力量的比较研究,魏特夫,徐式谷、奚瑞森、邹如山,中国社会科学出版社,1989,9.50,7.8
24754918,麻风,一种疾病的医疗社会史,梁其姿,朱慧颖,商务印书馆,2013-5-1,CNY 42.00,9.0
10785930,消散的现代性,全球化的文化维度,梁其姿,朱慧颖,商务印书馆,2013-5-1,CNY 42.00,8.2
26590147,正义的可能,,周濂,,中国文史出版社,2015-8-31,42.00,7.7
26353386,通过仪式抵抗,战后英国的青年亚文化,[英] 斯图亚特·霍尔、[英] 托尼·杰斐逊,孟登迎、胡疆锋、王蕙,中国青年出版社,2015-3-6,46.00元,8.4
1049946,代价论,一个社会学的新视角,郑也夫,,三联书店,1995-04-01,9.00,8.5
1843857,未来的冲击,,托夫勒,蔡伸章,中信出版社,2006-7,36.00元,8.0
24745480,不平等的代价,,（美）约瑟夫 E. 斯蒂格利茨,张子源,机械工业出版社,2013-6,49.00,7.9
4857097,政治思考,一些永久性的问题,[美] 格伦·廷德,王宁坤,世界图书出版公司北京公司,2010-9,29.80元,8.9
1930235,社会心理学,,E. Aronson,侯玉波,中国轻工业出版社,2007-1,58.00元,9.0
25944294,来到地球第一天,大象公会帮你“涨姿势”,黄章晋 等,,中信出版社,2014-8,39,7.5
3380406,祖蔭下,中國鄉村的親屬、人格與社會流動,许烺光,,南天書局有限公司,2001-7,NT$400,8.6
1157293,原始思维,,(法)列维-布留尔,丁由,商务印书馆,1981-1,34.00元,8.3
26769662,雄性衰落,,[美]菲利普·津巴多、[美]尼基塔·库隆布,徐卓,北京联合出版公司,2016-4-1,69.90元,7.5
25873062,艺术界,,[美] 霍华德·S.贝克尔,卢文超,译林出版社,2014-11,48.00元,8.6
1870639,肉体与石头,西方文明中的身体与城市,理查德·桑内特,黄煜文,上海译文出版社,2006-7-1,40.00元,8.4
1315269,心灵、自我与社会,,[美] 乔治·H. 米德,赵月瑟,上海译文出版社,2005-05,39.00,8.3
25848747,审判为什么不公正,西方审判史,[英]萨达卡特·卡德里,杨雄,新星出版社,2014-6,49.50元,8.6
5354688,怀旧的未来,,[美国] 斯维特兰娜·博伊姆,杨德友,译林出版社,2010-10,38.00元,8.0
10355113,社会学家与历史学家,布尔迪厄与夏蒂埃对话录,【法】皮埃尔•布尔迪厄、罗杰•夏蒂埃,马胜利,北京大学出版社,2012-2-1,15.00元,8.2
4882022,马克斯·韦伯社会学文集,,(德) 马克斯·韦伯 著、(美) 格特、米尔斯 编,阎克文,人民出版社,2010-6,65.00元,9.1
1460235,创新的扩散,,[美] 埃弗雷特·M. 罗杰斯,辛欣,中央编译出版社,2002-6,33.00元,8.6
25971616,没有宽恕就没有未来,,[南非]德斯蒙德・图图,江红,广西师范大学出版社,2014-9,58.00,7.9
1012962,货币哲学,,[德] 西美尔,陈戎女,华夏出版社,2002-6,49.00元,8.8
2068662,生活在极限之内,生态学、经济学和人口禁忌,哈丁,,上海译文出版社,2007-4,40.00元,8.1
1044827,现代性与自我认同,现代晚期的自我与社会,（英）安东尼・吉登斯,赵旭东 方文 王铭铭,三联书店,1998,14.80,8.0
1288956,社会资本,关于社会结构与行动的理论,(美)林南,张磊,上海人民出版社,2005-02,29.80,8.5
1772103,再造“病人”,中西医冲突下的空间政治(1832-1985),杨念群,,中国人民大学出版社,2006-03-01,36.80元,8.2
26680436,来份杂碎,中餐在美国的文化史,[美]安德鲁·科伊,严华容,北京时代华文书局,2016-2-1,45.00,8.2
25799718,中國鄉村,論19世紀的帝國控制,蕭公權,張皓、張升,聯經,2014-1-3,NT$900,8.8
25910407,统治史（卷一）：古代的王权和帝国——从苏美尔到罗马（修订版）,,塞缪尔•E•芬纳,王震、马百亮,华东师范大学出版社,2014-8,118,9.1
3792643,谁统治美国？,权力、政治和社会变迁,[美国] 威廉·多姆霍夫,吕鹏、闻翔,译林出版社,2009-6,35.00,8.5
2342942,中国人的气质,,[美]明恩溥,刘文飞、刘晓旸,三联书店上海分店,2007-11,28.00元,7.8
1083053,英国工人阶级的形成（上下）,,[英] E.P. 汤普森,钱乘旦、杨豫、潘兴明、何高藻,译林出版社,2001-1,54.50元,8.8
1869106,教育思想的演进,,[法]爱弥尔·涂尔干,李康,上海人民出版社,2006-8,36.00元,9.3
3865994,污名,受损身份管理札记,（美）欧文·戈夫曼,宋立宏,商务印书馆,2009-12-01,16.00,8.1
3565542,粉丝文化读本,,陶东风 编,,北京大学出版社,2009-2,49.00元,8.5
1316523,孤独的人群,,(美)大卫・理斯曼,王崑,南京大学出版社,2002,19.00元,7.6
26438564,裸城,原真性城市场所的生与死,[美] 莎伦•佐金,丘兆达、刘蔚,上海人民出版社,2015-8-20,48.00,8.3
3601801,变态心理学,变化世界中的视角,Jeffrey S.、Nevid Spencer A、Rathus Beverly Greene,梁宝勇、吉峰、杨丽、卢国华、蔡颖、周亚娟,华东师范大学出版社,2009-3,98.00元,8.7
26581121,天生的烦恼：基因、种族与人类历史,,[美] Nicholas Wade(尼古拉斯·韦德),陈华,电子工业出版社,2015-9,50.00,8.3
1783986,仪式过程,结构与反结构,维克多·特纳,黄剑波、柳博赟,中国人民大学出版社,2006-4,30.00元,8.4
26718553,追随直觉之路,,[美] 约瑟夫·坎贝尔,朱侃如,浙江人民出版社,2016-2,62.90元,8.8
4124834,冬吴相对论,,吴伯凡、梁冬,,商务印书馆,2009-10-1,35.00元,8.6
26786057,不平等，我们能做什么,,安东尼·阿特金森,,中信出版集团股份有限公司,2016-5,CNY 58.00,7.3
10486206,教养与文明,日本通识教育小史,陆一,,生活·读书·新知三联书店,2012-2,32.00元,8.5
1023775,不正常的人,,（法）福柯,钱翰,上海人民出版社,2003-01,22.00元,8.6
1059912,群众与权力,,（德）埃利亚斯·卡内提,冯文光、刘敏、张毅,中央编译出版社,2003-01,39.80元,8.5
25953748,FBI危险人格识别术,,[美]乔·纳瓦罗 Joe Navarro、[美]托妮·斯艾拉·波茵特Toni Sciarra Poynter,吴果锦,九州出版社,2014-8-1,36.80元,6.7
26710929,剩女时代,,洪理达,李雪顺,鹭江出版社,2016-1,38.00元,8.0
1870759,东周战争与儒法国家的诞生,,赵鼎新,夏江旗,华东师范大学出版社,2006年8月1日,18.0,8.0
1452076,The Practice of Everyday Life,,Michel de Certeau,Steven F. Rendall,University of California Press,2002-12-2,GBP 16.95,9.1
25979459,逃离不平等,健康、财富及不平等的起源,[美]安格斯·迪顿,崔传刚,中信出版社,2014-8,58.00元,7.3
1277279,文明与野蛮,,（美）路威,吕叔湘,三联书店,2005-03,19.50,8.2
26604202,皇权不下县?,清代县辖政区与基层社会治理,胡恒,,北京师范大学出版社,2015-5-1,CNY 69.80,8.6
1313588,意识形态与课程,,迈克尔・W・阿普尔,黄忠敬,华东师范大学出版社,2001-11-1,23.00元,8.5
1680190,女性的奥秘,,弗里丹,程锡麟、朱徽、王晓路,广东经济出版社,2005-5,25.90元,7.9
20453794,人体交易,,[美]斯科特•卡尼,姚怡平,中国致公出版社,2013-2,32.00元,7.4
1812895,东宫·西宫,调查报告与未竟稿精品集,王小波、李银河,,陕西师范大学出版社,2006-7,20.00元,8.2
24869453,介入的旁观者,雷蒙·阿隆访谈录,[法] 雷蒙·阿隆,杨祖功、海鹰,吉林出版集团有限责任公司,2013-8,42.00,8.3
20499536,时代的稻草人,,许知远,,广西师范大学出版社 群言出版社,2013-1,36.00元,7.8
1017698,资本主义文化矛盾,,[美] 丹尼尔·贝尔,赵一凡、蒲隆、任晓晋,生活·读书·新知三联书店,1989-5,12.00元,8.6
1291448,寡头统治铁律,现代民主制度中的政党社会学,[德] 罗伯特·米歇尔斯,任军锋 等,天津人民出版社,2003-1,22.00元,8.8
21632268,数字乌托邦,从反主流文化到赛博文化,[美]弗雷德·特纳,张行舟、王芳、叶富华、余倩,电子工业出版社,2013-5-1,49.80元,7.6
2142680,游民文化与中国社会,,王学泰,,同心出版社,2007-7,60.00元,8.5
4071865,石器时代经济学,,[美]马歇尔·萨林斯,张经纬、郑少雄、张帆,生活·读书·新知三联书店,2009年10月,32.00元,8.3
26831740,第一声礼炮,另一种视角下的美国革命,[美]马歇尔·萨林斯,张经纬、郑少雄、张帆,生活·读书·新知三联书店,2009年10月,32.00元,9.2
2341440,自杀作为中国问题,,吴飞,,生活·读书·新知三联书店,2007-11,14.00元,7.8
25981074,古典社会学理论（第6版）,,[美]乔治·瑞泽尔,王建民,世界图书出版公司·后浪出版公司,2014-10,88.00元,9.1
25870757,现代日本,,[英] 克里斯托弗·戈托－琼斯,顾馨媛,译林出版社,2014-7,25.00,8.3
6520826,女太监,,杰梅茵·格里尔,欧阳昱,上海文艺出版社,2011-6,29.00元,8.5
1933952,废弃的生命,现代性及其弃儿,[英]齐格蒙特·鲍曼,谷蕾、胡欣,江苏人民出版社,2006-11,12.00元,8.3
20383645,复杂适应系统,社会生活计算模型导论,约翰·H.米勒、斯科特·E.佩奇,隆云滔,上海人民出版社,2012-9-1,45.00元,8.8
25710178,情感堵塞,民主德国的心理转型,[德] 汉斯-约阿希姆·马茨,徐珺,中央编译出版社,2013-11-1,CNY 49.00,8.5
1013879,韦伯：法律与价值,,李猛 编,,上海人民出版社,2001-7,39.00元,9.0
1026065,长江三角洲小农家庭与乡村发展,,黄宗智,,中华书局,2000-6,29.00元,8.7
26890863,我们如何走到今天,重塑世界的6项创新,史蒂文·约翰逊,秦启越,中信出版社,2016-9-20,CNY 68.00,8.3
1085487,农民的道义经济学,东南亚的反叛与生存,[美] 詹姆斯·C. 斯科特,程立显、刘建 等,译林出版社,2001-7,15.80元,8.5
10785860,现代性,,汪民安,,南京大学出版社,2012-6,24.00元,8.6
1053405,人类的破坏性剖析,,弗洛姆,孟禅林,中央民族大学出版社,1998-01,39.80,8.9
20390477,Far From the Tree,Parents, Children and the Search for Identity,Andrew Solomon,,Scribner,2012-11-13,$ 18 U.S.,9.1
3321968,说谎,揭穿商界、政治与婚姻中的骗局,[美] 保罗·埃克曼,邓伯宸、徐国强,生活·读书·新知三联书店,2008-12,32.00元,7.7
19940447,为什么不杀光？,种族大屠杀的反思,[美] 丹尼尔·希罗、克拉克·麦考利,薛绚,生活·读书·新知三联书店,2012-9,28.00元,7.4
21327827,身体的历史（卷一）,从文艺复兴到启蒙运动,[法]乔治•维加埃罗,张竝、赵济鸿,华东师范大学出版社,2013-4,128.00元,8.3
7564081,人类学,人类多样性的探索,[美]康拉德·菲利普·科塔克,黄剑波、方静文,中国人民大学出版社,2012-1,99.00元,8.8
1013058,武士道,,(日)新渡户稻造,张俊彦,商务印书馆,1993年2月,7.00,7.8
3036311,系统效应,政治与社会生活中的复杂性,[美]罗伯特·杰维斯,李少军、杨少华、官志雄,上海世纪出版集团,2008-3,40.00元,9.0
25982178,世界伟大城市的保护,历史大都会的毁灭与重建,[美] 安东尼·滕,郝笑丛,清华大学出版社,2014-8-1,79.00元,8.6
3222065,伦理学与生活,,[美] 雅克·蒂洛、[美] 基思·克拉斯曼,程立显、刘建 等,世界图书出版公司,2008-1,58.00元,8.6
6105339,煤老板自述三十年,,老五、劲飞,,文化艺术出版社,2011-4,29.80元,7.6
25908549,无政府主义人类学碎片,,[美] 大卫·格雷伯,许煜,广西师范大学出版社,2014-7,32.00,7.5
1970825,自杀与美好生活,,吴飞,,上海三联书店,2007-1,36.00,8.3
25831406,陌生的中国人,,杨猛,,中国人民大学出版社,2014-4-1,36.00元,8.3
4850299,新自由主义简史,,[美] 大卫·哈维,王钦,上海译文出版社,2010-12,32.00元,7.9
4718464,民族主义,走向现代的五条道路,（美）格林菲尔德,王春华 等,上海三联书店,2010-1-1,68.00元,8.8
5293924,美国的弑母文化,20世纪美国大众心态史,孙隆基,,江苏人民出版社,2010-9,45.00元,7.5
4105450,过时的人（第一、二卷）,,（德）安德斯,范捷平,上海译文出版社,2009年12月,75.00元,8.6
25854087,路上觀察學入門,,赤瀬川原平、藤森照信、南伸坊 編,嚴可婷、黃碧君、林皎碧,行人文化實驗室,2014-4,NT$380,8.2
6194593,人类性幻想,,(英)B·卡尔,耿文秀,华东师范大学出版社,2011-6-25,39.80元,7.5
25498796,梦醒子,一位华北乡居者的人生,[英] 沈艾娣,赵妍杰,北京大学出版社,2013-8-1,32.00,8.4
26299530,善恶之源,,[美] 保罗•布卢姆,青涂,浙江人民出版社,2015-3-1,49.90,8.0
1469339,物体系,,[法] 尚·布希亚,林志明,上海人民出版社,2001-4,20.00元,8.7
25801138,是什么带来力量,乡村儿童的教育,卢安克,,中国致公出版社,2014-1-1,36.00,8.7
26918506,绿书,周重林的茶世界,周重林,,海峡出版发行集团·鹭江出版社,2016-12,68,8.4
10769712,爆发,大数据时代预见未来的新思维,[美] 艾伯特-拉斯洛·巴拉巴西,马慧,中国人民大学出版社,2012-6,59.90元,6.3
21318394,论美国的文化,在本土与全球之间双向运行的文化体制,[法]弗雷德里克·马特尔,周莽,商务印书馆,2013-1,65.00元,8.6
2267824,制度是如何形成的,,苏力,,北京大学出版社,2007,26.00元,8.3
26800364,第四次工业革命,,苏力,,北京大学出版社,2007,26.00元,7.5
26899881,探寻一个好社会,费孝通说乡土中国,张冠生,,理想国 | 广西师范大学出版社,2016-10,39.00元,8.1
6954093,追寻事实,两个国家、四个十年、一位人类学家,【美】克利福德·格尔茨,林经纬,北京大学出版社,2011-10,28.00元,8.7
20473412,品牌洗脑,世界著名品牌只做不说的营销秘密,[美] 马丁·林斯特龙,赵萌萌,中信出版社,2013-1,45.00元,7.9
3557583,通往尊严的公共生活,全球正义和公民认同,徐贲,,新星出版社,2009-3,36.00元,8.4
26535520,机械宇宙,艾萨克•牛顿、皇家学会与现代世界的诞生,[美]爱德华·多尼克,黄珮玲,社会科学文献出版社,2016-6,65.00,8.3
1420502,爱欲与文明,对弗洛伊德思想的哲学探讨,(美)赫伯特·马尔库塞,黄勇、薛民,上海译文出版社,2005-07,19.00,8.1
20382579,精神病院,論精神病患與其他被收容者的社會處境,厄文．高夫曼,群學翻譯工作室 譯、萬毓澤 校訂,群學出版有限公司,2012-11,NT$480,9.1
5979211,四大门,,李慰祖、周星 补编,,北京大学出版社,2011-1-1,25.00元,7.9
1072067,性政治,,(美)凯特·米利特著,宋文伟,江苏人民出版社,2000-1,22.00元,7.9
6971750,城市中国的逻辑,,陈映芳,,生活·读书·新知三联书店,2012-5,49.80元,8.5
1017851,文化资本与社会炼金术,布尔迪厄访谈录,布尔迪厄,包亚明,上海人民出版社,1997-10,12.50,8.2
3260366,社会主义,经济与社会学的分析,（奥地利）路德维希·冯·米瑟斯,王建民、冯克利、崔树义,中国社会科学出版社,2008-05-01,45.00元,9.1
10581468,正义的理念,,[印] 阿马蒂亚·森,王磊、李航,中国人民大学出版社,2012-6,58.00元,8.6
1832047,权力的转移,,[美]阿尔文•托夫勒,吴迎春、傅凌,中信出版社,2006-7,39.80元,7.9
1469342,噪音,音乐的政治经济学,贾克·阿达利,宋素凤、翁桂堂,上海人民出版社,2000,15.00元,8.2
3852284,分类数据分析的统计方法,,[美]丹尼尔 •A.鲍威斯、谢宇,任强峥、巫锡炜、穆峥、赖庆,社会科学文献出版社,2009-7,39.00元,8.8
1962680,下流社会,一个新社会阶层的出现,三浦展,陆求实、戴铮,文汇出版社,2007,18.00元,7.0
5941341,全球“猎身”,世界信息产业和印度的技术劳工,项飚,王迪,北京大学出版社,2012-1-1,36.00元,8.3
1256467,权力精英,,C.赖特.米尔斯,许荣、王崑,南京大学出版社,2004-07,33.0,8.1
1929871,认同的力量,,[美]曼纽尔·卡斯特,曹荣湘,社会科学文献出版社,2006-9,59.00元,8.3
3766438,隐藏的逻辑,揭露人类群体行为之谜,马克·布坎南,李晰皆,天津教育出版社,2009-5,22.00元,7.5
4322861,人类学家在田野,参与观察中的案例分析,[澳] 林恩·休谟、简·穆拉克,,上海译文出版社,2010-11,36.00元,8.0
2990695,爱，上了瘾,抚平因爱受伤的心灵,伊东明,,广梅芳,2008-1,28.00元,8.3
25881177,技术世界中的民间文化,,[德]赫尔曼•鲍辛格,户晓辉,广西师范大学出版社,2014-5,59.00,8.7
1075230,关于电视,,（法）布尔迪厄,许钧,辽宁教育出版社,2000-09,9.00,8.7
2090728,LSD：我那惹是生非的孩子,对致幻药物和神秘主义的科学反思,阿尔伯特.霍夫曼,沈逾、常青,北京师范大学,2006-9,10.0,8.4
26429188,基因战争,一切家庭冲突的根源,[美]罗宾﹒贝克、[美] 伊丽莎白﹒奥拉姆,方怡雯,广东旅游出版社,2015-5-1,48.00元,7.9
1988744,阿赞德人的巫术.神谕和魔法,,[英]E.E.埃文思-普里查德,覃俐俐,商务印书馆有限公司,2014-6-1,50.00元,8.4
2049392,社会研究方法,定性和定量的取向,[美]劳伦斯·纽曼,郝大海,中国人民大学出版社,2007,89.80元,8.9
4712828,青春无羁,狂飙时代的社会运动（1875-1945）,乔恩·萨维奇,,吉林出版集团有限公司,2010-3,54.00元,8.2
1015941,继承人,大学生与文化,（法）布尔迪约等,邢克超,商务印书馆,2002-11,11.00元,8.4
6395282,中国当代社会阶层分析 （最新修订本）,,杨继绳,,江西高校出版社,2011-6,42.00元,7.7
1110438,消失的地域,电子媒介对社会行为的影响,[美]约书亚·梅罗维茨,肖志军,清华大学出版社,2002-11-01,35.00,8.3
25707650,别想那只大象,,乔治•莱考夫 (George Lakoff),闾佳,浙江人民出版社,2013-9-1,CNY 42.90,7.0
3200450,小趋势,决定未来大变革的潜藏力量,[美] 马克·佩恩、[美] E. 金尼·扎莱纳,刘庸安、贺和风、周艳辉,中央编译出版社,2008-10,55.00元,7.4
11636077,饥饿的盛世,乾隆时代的得与失,张宏杰,,湖南人民出版社,2012-10-1,39.80元,8.3
24815295,理学、士绅和宗族,宋明时期徽州的文化与社会,章毅,,香港中文大学出版社,2013-5,HK$130.00,8.0
26333923,The Sellout,A Novel,Paul Beatty,,Farrar, Straus and Giroux,2015-3-3,USD 26.00,7.4
3517358,艺术社会学,,[英] 维多利亚·D. 亚历山大,章浩、沈杨,江苏美术出版社,2009-1,46.00元,8.0
1049400,社会是如何可能的,齐美尔社会学文选,[德] 齐美尔,林荣远 编译,广西师范大学出版社,2002-12,24.80元,8.2
1150503,资本论（第一卷）,,马克思,中共中央马克思恩格斯列宁斯大林著作编译局,人民出版社,2004-01-01,45.00元,9.0
1821224,地域文化与国家认同,晚清以来广东文化观的形成,程美宝,,生活·读书·新知三联书店,2006-06,24.80,8.6
1854768,社会学方法与定量研究,,谢宇,,社会科学文献出版社,2006-7,29.00元,8.6
1017452,地方性知识,阐释人类学论文集,[美] 克利福德·吉尔兹,王海龙、张家宣,中央编译出版社,2000-3,24.80元,8.3
4909240,风景与认同,英国民族与阶级地理,[美国] 温迪·J. 达比,张箭飞、赵红英,译林出版社,2011-1,35.00元,8.4
6714961,中国现代思想的起源,超稳定结构与中国政治文化的演变,金观涛、刘青峰,,法律出版社,2011-6,45.00元,9.2
1043419,自由与繁荣的国度,,[奥] 路德维希·冯·米瑟斯,韩光明 等,中国社会科学出版社,1995-1,13.40元,8.9
25902442,二十世纪以来的社会理论,,[英]帕特里克·贝尔特、[葡]菲利佩·卡雷拉·达·席尔瓦,瞿铁鹏,商务印书馆,2014-7,36.00,8.8
1046665,海蒂性学报告：情爱篇,,[美] 雪儿·海蒂,李金梅,海南出版社,2002-9,38.00元,7.5
1418669,社会学方法的准则,,(法)E.迪尔凯姆(Emile Durkeim),狄玉明,商务印书馆,1995-12,15.00元,8.6
26575643,颓废与沉默,透视犬儒文化,徐贲,,东方出版社,2015-7,55.00元,7.9
4236619,福柯读本,,[法]米歇尔·福柯 著、汪民安 主编,,北京大学出版社,2010-1,42.00元,8.4
4246991,疾痛的故事,苦难、治愈与人的境况,[美] 阿瑟·克勒曼 (Arthur Kleinman),方筱丽,上海译文出版社,2010-04,31.00,8.4
1397773,被围困的社会,,(英)齐格蒙特·鲍曼,郇建立,江苏人民出版社,2006-12,20.00,8.3
26766881,社会因何要异见,,[美]桑斯坦,支振锋,中国政法大学出版社,2016-4,46.00元,8.0
1382607,Logics of History,Social Theory and Social Transformation,William H. Sewell Jr.,,University Of Chicago Press,2005-8-1,USD 35.00,9.3
25836383,真相,信息超载时代如何知道该相信什么,比尔•科瓦奇（Bill Kovach）、汤姆•罗森斯蒂尔（Tom Rosenstiel）,陆佳怡、孙志刚、刘海龙,中国人民大学出版社,2014-3-1,38.00元,7.7
6896089,论方法,社会学调查的本土实践与升华,潘绥铭、黄盈盈、王东,,中国人民大学出版社,2011-9-30,75.00元,9.2
4044354,符号政治经济学批判,,鲍德里亚,夏莹,南京大学出版社,2009年9月,28.00元,8.5
26823268,享乐主义宣言,,(法) 米歇尔·翁弗雷,刘成富、王奕涵、段星冬,社会科学文献出版社,2016-9-1,49.00元,7.2
1799788,华夏边缘,历史记忆与族群认同,王明珂,,社会科学文献出版社,2006-04-01,35.00元,8.5
26577466,崖边报告,乡土中国的裂变记录,阎海军,,北京大学出版社,2015-9,CNY 39.00,6.9
1183231,动物解放,,[美] 彼得·辛格,祖述宪,青岛出版社,2006-9,32.00,8.4
3394945,蘇格蘭人如何發明現代世界,西欧最穷的国家如何改变世界的真实故事和详尽内幕,亞瑟.赫曼,韓文正,時報文化,2003,152.00元,8.4
1018822,理念人,一项社会学的考察,[美] 刘易斯·科塞,郭方 等,中央编译出版社,2004-1,24.80元,8.5
1233609,我们的性,,[美] 罗伯特·克鲁克斯(Robert Crooks)、[美] 卡拉·鲍尔(Karla Baur),张拓红,华夏出版社,2003-2,195.00元,8.9
26609147,什么是批判,,[法] 米歇尔·福柯、汪民安 编,,北京大学出版社,2016-1-1,42.00,8.7
5326339,在傻子和英雄之间,群众社会的两张面孔,徐贲,,花城出版社,2010,35.00元,8.5
1017064,现代世界体系(第一卷),16世纪的资本主义农业与欧洲世界经济体的起源,（美）伊曼纽尔・沃勒斯坦,罗荣渠,高等教育出版社,1998,32.10,8.6
4882057,刘易斯·芒福德著作精萃,,(美) 刘易斯·芒福德,宋俊岭,中国建筑工业出版社,2010-11,52.00元,9.2
1449367,社会如何记忆,,保罗·康纳顿、Paul Connerton,纳日碧力戈,上海人民出版社,2000-12,9.50元,8.0
1421923,大国的兴衰,1500-2000年的经济变迁与军事冲突,[美] 保罗·肯尼迪,陈景彪 等,国际文化出版公司,2006-1,58.00元,8.2
1546841,西太平洋的航海者,,[英] 马凌诺斯基,梁永佳、李绍明,华夏出版社,2002-1,48.00元,8.5
4326049,社会选择与个人价值,,[美]肯尼斯·约瑟夫·阿罗、Kenneth Joseph Arrow,丁建峰,上海人民出版社,2010年5月,28.00元,8.7
25754622,大地呻吟: 中國基層政權運作現狀的觀察與思考,,野夫,,南方家園文化,2013-11,NT$380,8.8
1129940,断裂,20世纪90年代以来的中国社会,孙立平,,社会科学文献出版社,2003-10-01,18.00,8.0
10580810,第三次工业革命,新经济模式如何改变世界,[美] 杰里米•里夫金(Jeremy Rifkin),张体伟,中信出版社,2012-5,45.00元,7.1
25839942,跟大卫•哈维读《资本论》,第一卷,[美] 大卫•哈维,刘英,上海译文出版社,2014-4,48,8.5
3525645,蒙元入侵前夜的中国日常生活,,[法] 谢和耐,刘东,北京大学出版社,2008-12,30.00元,8.0
25788846,资本的内部,全球化的哲学理论,【德】彼德•斯洛特戴克 （Peter Sloterdijk）,常晅,社会科学文献出版社,2014-1,49,8.2
26834567,正义的代价,,[美] 劳伦斯•李默尔,张晓林 乔雁,上海译文出版社,2016-7,58,7.5
4860796,哥伦布大交换,1492年以后的生物影响和文化冲击,（美）克罗斯比,郑明萱,中国环境科学出版社,2010-4,28.00元,7.5
6428469,非常与正常,上海“文革”时期的社会生活,金大陆,,上海辞书出版社,2011-4,88.00元,8.0
2053303,神话学,生食和熟食,[法]克洛德·列维-斯特劳斯,周昌忠,中国人民大学出版社,2007-1,32.00元,8.5
1032570,哈耶克文选,哈耶克论文演讲集,哈耶克,冯克利,江苏人民出版社,2000-09,35,9.1
1049337,亲密关系的变革,现代社会中的性、爱和爱欲,[英] 安东尼·吉登斯,陈永国、汪民安 等,社会科学文献出版社,2001-2,18.00元,7.5
3816860,村庄审判史中的道德与政治,1951-1976年中国西南一个山村的故事,应星,,知识产权出版社,2009-6-1,20.00元,8.3
25953932,第二次机器革命,数字化技术将如何改变我们的经济与社会,[美]埃里克·布莱恩约弗森,蒋永军,中信出版社,2014-9,59.80,8.2
1283506,未来的性,原始冲动与未来技术的交融,（英）罗宾·贝克,庞秀成,吉林人民出版社,2002-1,22.0,8.1
26647781,从俾斯麦到希特勒,,[德] 塞巴斯蒂安•哈夫纳,周全,译林出版社,2015-12,42.00,8.8
1784676,占有还是生存,一个新社会的精神基础,[美] 埃里希·弗罗姆,关山,生活·读书·新知三联书店,1989-6,4.90元,8.9
20499285,血殤,,[美] 埃里希·弗罗姆,关山,生活·读书·新知三联书店,1989-6,4.90元,8.5
1085542,实践感,,布迪厄,蒋梓骅,译林出版社,2003-12-1,22.60元,8.1
5299745,中国的隐性农业革命,,黄宗智,,法律出版社,2010-9-1,34.00元,8.4
25932128,巴黎地鐵上的人類學家,,馬克·歐杰（Marc Augé）,周伶芝、郭亮廷,行人文化實驗室,2014-9,NT$220,7.6
1499683,街头文化,成都公共空间、下层民众与地方政治，1870-1930,王笛,李德英、谢继华、邓丽,中国人民大学出版社,2006-2,33.80元,8.2
2057265,社会权力的来源（第一卷）,,[英]迈克尔·曼,刘北成 李少军,上海人民出版社,2007-03,56.00元,8.1
1936262,流氓的盛宴,当代中国的流氓叙事,朱大可,,新星出版社,2006-11,32.00,7.8
1020009,中国问题,,（英）罗素,秦悦,学林出版社,1999-12,18.00元,8.3
3758143,礼物、关系学与国家,中国人际关系与主体性建构的新描述,杨美惠,赵旭东、孙珉,江苏人民出版社,2009-6,25.00元,8.0
7152900,男性统治,,[法]皮埃尔•布尔迪厄（Pierre Bourdieu）,刘晖,中国人民大学出版社,2011-12,25.00元,7.5
3140334,无快乐的经济:人类获得满足的心理学,社会学译丛·学术经典系列,(美)提勃尔.西托夫斯基(Tibor de Scitovsky),高永平,中国人民大学出版社,2008-5,49.80元,8.6
5408894,你需要多少朋友,神秘的邓巴数字与遗传密码,[美] 罗宾·邓巴,马睿、朱邦芊,中信出版社,2011-1-20,32.00元,7.5
5401874,什么是好的公共生活,,徐贲,,吉林出版集团有限责任公司,2011-1,38.00元,7.9
25929815,中国人的一天,,李昕樾、李玉,,中信出版社,2014-8-11,49.80元,7.6
1023293,权力的眼睛,福柯访谈录,福柯,严锋,上海人民出版社,1997-01,14.00元,8.4
1016137,生存与体验,对一个地下“红灯区”的追踪考察,潘绥铭,,中国社会科学出版社,2000-08,28.00,8.4
25763756,现代世界体系（四卷本）,,[美]伊曼纽尔•沃勒斯坦,郭方等,社会科学文献出版社,2013-11,489.00元,8.1
10996167,動物化的後現代,御宅族如何影響日本社會,東浩紀,褚炫初,大鴻藝術股份有限公司,2012-6,NT$280,7.6
1313069,我们是谁,美国国家特性面临的挑战,塞缪尔·亨廷顿,程克雄,新华出版社,2005-1-1,35.00元,8.1
4882131,文化理论与大众文化导论,,(英) 斯道雷,常江,北京大学出版社,2010-7-1,39.00元,8.9
1444252,城市发展史,起源、演变和前景,芒福德,宋俊岭、倪文彦,中国建筑工业出版社,2005-1,98.00元,9.3
25978763,僧侣与哲学家,,让-弗朗索瓦•何维勒、马修•理查德,赖声川,华东师范大学出版社,2014-9-1,CNY 39.00,8.8
1277084,精英的兴衰,,[意] 维尔弗雷多·帕累托,刘北成,上海人民出版社,2003-1,8.80元,8.1
1042755,支配社会学-韦伯作品集III,,韦伯,简惠美,广西师范大学出版社,2004-05,32.00,9.1
1021693,福柯与性,解读福柯《性史》,李银河,,山东人民出版社,2001-3,14.80元,7.8
20625420,怀疑的时代需要怎样的信仰,,徐贲,,东方出版社,2013-1,42.00元,8.0
25953827,城乡中国（下）,,周其仁,,中信出版社,2014-8-1,CNY 39.00,8.4
3605686,发掘新闻,美国报业的社会史,[美] 迈克尔·舒德森(Michael Schudson),陈昌凤、常江,北京大学出版社,2009,22.00元,8.7
25823535,The Son Also Rises,Surnames and the History of Social Mobility,Gregory Clark,,Princeton University Press,2014-2-23,USD 29.95,8.6
24699353,现代世界的诞生,,[英] 艾伦·麦克法兰 主讲、清华大学国学研究院 主编、刘北成 评议、刘东 主持,管可秾,上海人民出版社,2013-8,49.00元,8.0
25786160,记忆的政治,,周海燕,,中国发展出版社,2013-11,48.00,8.3
1766635,违背我们的意愿,Men,Women and Rape,[美] 苏珊·布朗米勒,祝吉芳,江苏人民出版社,2006-4,31.00元,8.4
1085543,社会行动的结构,,[美]塔尔科特·帕森斯,张明德、夏翼南、彭刚,译林出版社,2003-12,43.50,8.7
20480678,逆转,弱者如何找到优势，反败为胜,[加] 马尔科姆•格拉德威尔,,中信出版社,2014-6,36.00元,7.0
1197956,权力论,新社会分析,[英] 伯特兰·罗素(Russeu,B.),吴友三,商务印书馆,1991-1,2.65元,8.8
1390512,家庭论,,加里·斯坦利·贝克尔,王献生，王宇,商务印书馆,2005-04-01,32.00元,8.3
10541078,二十世纪的四种神话理论,卡西尔、伊利亚德、列维-斯特劳斯与马林诺夫斯基,【美】伊万·斯特伦斯基,李创同、张经纬,生活·读书·新知三联书店,2012-6,30.00元,8.1
25777331,美国十讲,,资中筠,,广西师范大学出版社,2014-1,46.00,8.4
2301436,不顾诸神,现代印度的奇怪崛起,爱德华·卢斯,张淑芳,中信出版社,2007-11,39.00元,7.9
1281257,大众的反叛,,奥尔特加·加塞特,刘训练,吉林人民出版社,2004-10,16.0,7.9
1851145,屎的历史,Histoire de la merde,[法]多米尼克·拉波特,周莽,商务印书馆,2006-8,12.00元,7.3
1472854,山坳上的中国,问题.困境.痛苦的选择,何博传,,贵州人民出版社,1989年6月,6.00元,8.5
5975975,无边的恐惧,,【美】段义孚,徐文宁,北京大学出版社,2011-1,24.00元,7.6
5503769,辩论中国模式,,丁学良,,社会科学文献出版社,2011-1,35.00元,8.5
6529665,马克思为什么是对的,,特里·伊格尔顿,李杨、任文科、郑义,新星出版社,2011-7,30.00元,6.8
26589233,1+12:通向常识的道路,,刘苏里,,中国文史出版社,2015-8-1,39.80,8.1
1665587,现代性基本读本,,汪民安、陈永国、张云鹏,,河南大学出版社,2005-5,96.00元,9.0
1315241,知识分子的背叛,,（法）朱利安・班达,佘碧平,上海人民出版社,2005-05,19.00元,7.7
25751975,象牙塔的变迁,学术卡里斯玛与研究性大学的起源,（法）朱利安・班达,佘碧平,上海人民出版社,2005-05,19.00元,9.3
26858099,Strangers in Their Own Land,Anger and Mourning on the American Right,Arlie Russell Hochschild,,New Press, The,2016-9-6,USD 27.95,8.3
1315234,图腾与禁忌,,西格蒙德·弗洛伊德,赵立玮,上海人民出版社,2005-05,16.00元,8.1
1274030,人口原理,,[英] 马尔萨斯,朱泱、胡企林、朱和中,商务印书馆,1992-10,11.00元,7.8
4243170,我是医生不是人,副主任医师口述实录,史纪,,中国检察出版社,2010-1,30.00元,8.0
1061155,中国官僚政治研究,中国官僚政治之经济的历史的解析,王亚南,,中国社会科学出版社,1981-06-01,18.0,8.4
3241909,演化与博弈论,,[英] 约翰·梅纳德·史密斯,潘春阳,复旦大学出版社,2008-10,35.00元,8.8
2186646,蒙塔尤,1294-1324年奥克西坦尼的一个山村,埃马纽埃尔·勒华拉杜里,许明龙、马胜利,商务印书馆,2007-05-01,48.00元,8.8
2678774,模仿律,当代世界学术名著/新闻与传播学译丛/大师经典系列,（法）加布里埃尔·塔尔德,何道宽,中国人民大学出版社,2008年1月,45.00元,8.1
1006332,民族—国家与暴力,,[英] 安东尼·吉登斯,胡宗泽、赵力涛、王铭铭,生活·读书·新知三联书店,1998-5,21.80元,8.0
26411141,世界为何存在？,探索万物之谜的奇妙旅程,[美]吉姆·霍尔特（Jim Holt）,高天羽,北京大学出版社,2015-5,45.00元,7.4
5285379,作为变革动因的印刷机,早期近代欧洲的传播与文化变革,[美] 伊丽莎白·爱森斯坦,何道宽,北京大学出版社,2010-9,85.00,8.7
26339977,Our Kids,The American Dream in Crisis,Robert D. Putnam,,Simon & Schuster,2015-3-10,USD 28.00,8.5
20506299,中国化的日本,日中“文明冲突”千年史,與那霸润,何晓毅,广西师范大学出版社,2013-4,32.00元,7.4
6146412,越轨社会学,,(美) 梯尔,王海霞等,中国人民大学出版社,2011-5,39.80元,8.4
1015660,现代性社会理论绪论,现代性与现代中国,刘小枫,,上海三联书店,1998-01-01,27.20,8.6
1000093,民族国家与经济政策,,韦伯(德),甘阳,生活·读书·新知三联书店,1997,8.50,9.0
19967799,失控的正向思考,,Barbara Ehrenreich,高紫文,左岸,2012-10,NT$320,8.1
1525734,德意志意识形态,节选本,马克思 恩格斯,,人民出版社,2003-2-1,9.00元,8.8
2981481,美国人民（下卷 1865-2002年）,创建一个国家和一种社会,加里·纳什,,北京大学出版社,2008-1,68.00元,8.9
1324893,犯罪心理画像,行为证据分析入门,布伦特·E.特维,李玫瑾 等,中国人民公安大学出版社,2005-4-1,88.00元,8.1
4239120,饥荒与政治,,(法) 布吕内尔,王吉会,社会科学文献出版社,2010-2,18.00元,8.2
1002958,战争论（全三卷）,,[德] 克劳塞维茨,中国人民解放军军事科学院,商务印书馆,1997-2,55.20元,8.7
4920062,别跟我说你懂日本,,王东,,江苏文艺出版社,2010年7月,26.00元,7.3
26307417,后革命时代的中国,讲学社丛书/02,王东,,江苏文艺出版社,2010年7月,26.00元,8.2
1203329,人类行为的经济分析,,加里・S・贝克尔,王业宇、陈琪,上海人民出版社,1995-4-1,23.00元,8.4
26319029,宗教美国，世俗欧洲？,主题与变奏,[美]彼得·伯格（Peter Berger）、[英]格瑞斯·戴维（Grace Davie）、[英]埃菲·霍卡斯（Effie Fokas）,曹义昆,商务印书馆,2015-5,49.00,7.6
4220193,治理中国,从革命到改革,[美] 李侃如,胡国成、赵梅,中国社会科学出版社,2010-1,45.00元,8.5
24878420,明智行动的艺术,你最好让别人去犯的52种行为错误,[德]罗尔夫•多贝里（Rolf Dobelli）,刘菲菲,中信出版社,2013-7,35.00元,7.8
10480987,郁闷的中国人,,梁晓声,,光明日报出版社,2012-3,38.00元,7.3
26727156,关于爱国,论爱国主义与民族主义,[意]毛里齐奥·维罗里,潘亚玲,上海人民出版社,2016-4-1,CNY 38.00,8.0
25867723,日常生活的启蒙者,,[德] 赫尔曼·鲍辛格,吴秀杰,广西师范大学出版社,2014-5,59.00,8.2
1034729,开放社会科学,,华勒斯坦,刘锋,三联书店,1997-04,6.40元,8.7
26257132,So You've Been Publicly Shamed,A Journey Through the World of Public Humiliation,Jon Ronson,,Riverhead Books,2015-3-31,USD 27.95,8.6
2262237,资本主义与现代社会理论,对马克思、涂尔干和韦伯著作的分析,『英』安东尼·吉登斯,郭忠华、潘华凌,上海译文出版社,2007,32.00元,8.4
5264781,创意阶层的崛起,,理查德•佛罗里达,司徒爱勤,中信出版社,2010-9-1,58.00元,7.7
11520291,流动的时代,生活于充满不确定性的年代,【英】齐格蒙特-鲍曼,谷蕾、武媛媛,江苏人民出版社,2012-6,15.00元,8.1
26786410,超级版图,全球供应链、超级城市与新商业文明的崛起,帕拉格·康纳,崔传刚、周大昕,中信出版,2016-5,69,8.3
1866489,欧洲与没有历史的人民,,埃里克·沃尔夫,赵丙祥、刘玉珠、杨玉静,上海人民出版社,2006-8,46.00元,8.2
4927697,社会学之思（第二版）,,齐格蒙特·鲍曼,李康,社会科学文献出版社,2010-7,29.00元,8.5
4313495,哈贝马斯,,芬利森,邵志军,译林出版社,2010-1,18.00元,8.5
26673183,人类的演变,采集者、农夫与大工业时代,伊恩·莫里斯,马睿,中信出版社,2016-1,68,7.9
25704047,2052：未来四十年的中国与世界,罗马俱乐部最新权威报告,[挪威] 乔根·兰德斯,秦雪征、谭静、叶硕,译林出版社,2013-9,58.00,7.5
1018872,艺术的法则,文学场的生成和结构,[法] 皮埃尔·布迪厄,刘晖,中央编译出版社,2001-3,26.00元,8.0
26593901,合作的物种,人类的互惠性及其演化,[美] 塞缪尔·鲍尔斯、[美] 赫伯特·金迪斯,张弘,浙江大学出版社,2015-7,62.00元,7.9
1068579,历史学家的经线,历史心理文集,孙隆基,,广西师范大学出版社,2004-06,34.00,8.2
1151136,神圣的欢爱,性、神话与女性肉体的政治学,[美] 理安·艾斯,黄觉、黄棣光,社会科学文献出版社,2004-5,56.00元,8.5
21346717,大国空巢,反思中国计划生育政策,易富贤,,中国发展出版社,2013-2-1,55.00元,7.3
1836600,希望的空间,,（美国）大卫·哈维,胡大平,南京大学出版社,2006-3,42.00元,8.2
1225684,古老阳光的末日,抢救地球资源,（美）哈特曼,马鸿文,上海远东出版社,2005-1,20.00元,9.0
3116941,帝国,全球化的政治秩序,[美]麦克尔·哈特、[意]安东尼奥·奈格里,杨建国、范一亭,江苏人民出版社,2008-4,32.00,7.6
6720139,最愚蠢的一代,数码世代如何麻痹了年轻的美国人并危及着我们的未来,马克·鲍尔莱因,杨蕾,天津社会科学院出版社,2011-7,39.80元,7.2
6855827,“不死的中国人”,他们干活，挣钱，改变着意大利，因此令当地人害怕,[意] 拉菲尔-欧利阿尼、[意] 李卡多-斯达亚诺,邓京红,社会科学文献出版社,2011-10,39.00元,7.3
1979107,女权主义理论读本,,(美)佩吉·麦克拉肯、艾晓明、柯倩婷,,广西师范大学出版社,2007-1,48.00元,8.2
1476205,非零年代,人类命运的逻辑,罗伯特·赖特,李淑珺,上海人民出版社,2003,25.00,8.4
20428716,公天下,多中心治理与双主体法权,吴稼祥,,广西师范大学出版社,2013-1-1,43.00元,7.5
3528068,文化模式,,[美] 露丝·本尼迪克特,王炜,社会科学文献出版社,2009-1,29.00元,8.2
20276019,公开,当代成都“同志”空间的形成和变迁,魏伟,,上海三联书店,2012-9,40.00元,8.4
1080372,道德的人与不道德的社会,,魏伟,,上海三联书店,2012-9,40.00元,8.3
10562768,电影或想象的人,社会人类学评论,[法] 埃德加·莫兰,马胜利,广西师范大学出版社,2012-4,36.00元,8.1
3338726,信息乌托邦,众人如何生产知识,桑斯坦,毕竞悦,法律出版社,2008,28.50元,7.5
25848679,媒介建构,流行文化中的大众媒介,[美] 劳伦斯·格罗斯伯格 等,祁林,南京大学出版社,2014-1,CNY 69.80,8.2
1027204,必须保卫社会,,米歇尔・福柯,钱翰,上海人民出版社,1999-10,15.70,8.5
26849846,白宫往事,私人记忆中的真实白宫,[美] 凯特·安德森·布劳尔,李鹏程,北京联合出版公司,2016-7,48.00元,7.8
25864125,资本主义还有未来吗,,伊曼纽尔·沃勒斯坦 (Immanuel Wallerstein)、兰德尔·柯林斯 (Randall Collins)、迈克尔·曼 (Michael Mann)、格奥吉·杰尔卢吉扬 (Georgi Derluguia)、克雷格•卡尔霍恩,徐曦白,社会科学文献出版社,2014-4-1,CNY 49.00,8.1
1541591,质的研究方法与社会科学研究,,陈向明,,教育科学出版社,2006-3,49.00元,8.4
1065053,在事实与规范之间,关于法律和民主法治国的商谈理论,(德)哈贝马斯,童世骏,三联书店,2003-08,38.00,8.7
25784167,科场现形记,,郑也夫,,中信出版社,2014-1-1,CNY 48.00,8.1
25861889,婚姻史,婚姻制度的精细描绘与多角度解读,伊丽莎白•阿伯特,孙璐,中央编译出版社,2014-4,49.80元,7.7
3257745,白人的负担,为什么西方的援助总是收效甚微,威廉•伊斯特利,崔新钰,中信出版社,2008-11,45.00元,7.9
25732738,无声的革命,北京大学、苏州大学学生社会来源研究,梁晨、张浩、李中清 等,,生活·读书·新知三联书店,2013-8-1,CNY 49.00,7.3
25768865,集体失忆的黑暗年代,,[加] 简·雅各布斯,姚大钧,中信出版社,2014-1,35.00,7.2
26911423,欲望之石,权力、谎言与爱情交织的钻石梦,[美] 汤姆·佐尔纳,麦慧芬,生活·读书·新知三联书店,2016-10-1,45.00,8.0
1085570,为精英主义辩护,,威廉·享利,胡利平,译林出版社,2000-7,12.3,8.1
26261080,破窗效应（新知文库）,失序世界的关键影响力（新知文库）,［美］乔治·凯林、［美］凯瑟琳·科尔斯,陈智文,生活·读书·新知三联书店,2014-11,34.00,7.5
20380464,谁来守护公正,美国最高法院大法官访谈录,〔美〕布莱恩•拉姆、〔美〕苏珊•斯温、〔美〕马克•法卡斯,何帆,北京大学出版社,2012-12-1,58.00元,7.8
26790128,小集团思维,决策及其失败的心理学研究,[美]欧文·L. 贾尼斯,张清敏、孙天旭、王姝奇,中央编译出版社,2016-5,89.00元,7.9
26741233,天下的当代性,世界秩序的实践与想象,赵汀阳,,中信出版社,2016-5-1,CNY 49.00,8.3
2282133,一种幻想的未来 文明及其不满,,弗洛伊德,严志军、张沫,上海人民出版社,2007-10,22.00,8.1
1871294,历史、身体、国家,近代中国的身体形成（1895-1937）,黄金麟,,新星出版社,2006-08-01,24.00,7.6
25871715,性学入门,人类性学领域的探索,李银河,,上海社会科学院出版社,2014-5-1,CNY 26.80,8.2
1046490,布波族：一个社会新阶层的崛起,,[美] 大卫·布鲁克斯,徐子超,中国对外翻译出版社,2002-10,21.80元,7.2
26775029,依然谨慎的乐观,法治中国的历史与未来,江平,,后浪出版公司·浙江人民出版社,2016-5,36.00元,7.7
25841083,统治史（卷三）：早期现代政府和西方的突破——从民族国家到工业革命,,塞缪尔•E•芬纳,马百亮,华东师范大学出版社,2014-8,132,8.5
1146062,色情、耗费与普遍经济,乔治·巴塔耶文选,乔治·巴塔耶,汪民安,吉林人民出版社,2003-12,23.50元,8.2
1094964,中国绅士,关于其在十九世纪中国社会中作用的研究,张仲礼,李荣昌,上海社会科学院出版社,1991-07-01,22.00,8.2
25699577,这些年我们的精神裂变,看懂你自己的时代,周志强,,社会科学文献出版社,2013-9,48.00元,8.5
26703218,银子：一部生活史,,【英】菲利帕·梅里曼,,北京大学出版社,2016-4,68.00元,7.5
6826610,倾听底层,我们如何讲述苦难,郭于华,,广西师范大学出版社,2011-9,42.00元,7.8
1061468,表征,文化表象与意指实践,(英)斯图尔特.霍尔,徐亮、陆兴华,商务印书馆,2003-11,42.00元,8.5
1076446,财产·法律与政府,,（法）巴斯夏,秋风,贵州人民出版社,2004-05,33.00元,9.1
4729501,抗争政治,,查尔斯·蒂利、西德尼·塔罗,李义中,译林出版社,2010-06-24,28.00元,8.3
26606369,自然的政治,如何把科学带入民主,[法] 布鲁诺·拉图尔,麦永雄,河南大学出版社,2016-4,68.00,7.7
3094759,合作的复杂性,基于参与者竞争与合作的模型,[美]阿克塞尔罗德,梁捷,上海人民,2008年4月,30.00元,8.4
2042046,麦芒上的圣言,一个乡村天主教群体的信仰和生活,吴飞,,道风书社,2001,HK$ 110.00,8.7
1081334,使民主运转起来,现代意大利的公民传统,[英]帕特南,王列、赖海榕,江西人民出版社,2001-9,23.00元,8.8
1060019,古代社会（上下）,,[美] 路易斯·亨利·摩尔根,杨东莼、马雍、马巨,商务印书馆,2012-11-1,24.10元,8.4
25928984,叶,百年动荡中的一个中国家庭,[美] 周锡瑞,史金金、孟繁之、朱琳菲,山西人民出版社,2014-7-1,58.00元,8.1
6539854,光明之子与黑暗之子,,（美）莱因霍尔德•尼布尔,赵秀福,北京大学出版社,2011-7-5,25.00元,8.4
6535183,四千年农夫,,富兰克林.H.金,程存旺、石嫣,东方出版社,2011-6,45.00元,7.9
26617461,写在基因里的食谱——关于饮食、基因与文化的思考,,纳卜汉,,上海世纪出版股份有限公司,2015-8-1,CNY 35.00,7.7
25774522,好公民,美国公共生活史,【美】迈克尔·舒德森,郑一卉,北京大学出版社,2014-1,60.00,8.5
1434524,言语意味着什么,语言交换的经济,[法]皮埃尔·布尔迪厄,褚思真、刘晖,商务印书馆,2005-06-01,13.00,8.3
26545491,福柯、马克思主义与历史,生产方式与信息方式,[美] 马克·波斯特,张金鹏,南京大学出版社,2015-12,30.00元,7.5
1660577,生活在碎片之中,论后现代的道德,齐格蒙特·鲍曼,郁建兴,学林出版社,2002-1,20.00元,8.3
6391215,大西洋的跨越,进步时代的社会政治,[美] 丹尼尔·T. 罗杰斯,吴万伟,译林出版社,2011-9,58.00元,9.1
10502486,社会性自我,自我与社会面面观,【英】伊恩•伯基特,李康,北京大学出版社,2012-3,35.00元,8.6
25714450,自恋主义文化,心理危机时代的美国生活,[美] 克里斯托弗•拉什,陈红雯 吕明,上海译文出版社,2013-8,35,8.3
1517497,无需法律的秩序,邻人如何解决纠纷,〔美〕罗伯特·C·埃里克森（Robert.C.Ellickson）,苏力,中国政法大学出版社,2003,26.00元,8.6
25741139,不由自主的资产阶级,近代早期欧洲的精英斗争与经济转型,［美］理查德·拉克曼 (Richard Lachmann),郦菁、维舟、徐丹,复旦大学出版社,2013-8,33.00元,8.1
5350988,我们从未现代过,对称性人类学论集,[法] 布鲁诺·拉图尔,刘鹏、安涅思,苏州大学出版社,2010-9,25.00元,8.0
26612166,同理心文明,在危机四伏的世界中建立全球意识,[美]杰里米·里夫金（Jeremy Rifkin）,蒋宗强,中信出版社,2015-10,69.00元,8.0
2159464,官场病,帕金森定律,(英)诺斯古德.帕金森,陈休征,三联书店,1982-05-01,0.28,8.5
2377819,惯于争鸣的印度人,印度人的历史文化与身份论集,（印度）阿马蒂亚·森,刘建,上海三联书店,2007-12-01,45元,7.8
24284858,热新闻的冷思考,,袁越,,生活·读书·新知三联书店,2013-4,35.00,8.5
1836616,写文化,民族志的诗学与政治学,（美）克利福德，（美）马库斯  编，高丙中，吴晓黎，李霞  等译,高丙中、吴晓黎、李霞,商务印书馆,2006-6,40.00元,8.5
26286733,性的起源,第一次性革命的历史,[英] 法拉梅兹·达伯霍瓦拉(Faramerz Dabhoiwala),杨朗,译林出版社,2015-3,58.00元,7.2
26433345,现代生活的古代资源,,吴飞,,华东师范大学出版社,2015-8-1,35.00元,7.8
5391701,乡村江湖,两湖平原"混混"研究,陈柏峰,,中国政法大学出版社,2011-1-1,26.00元,8.5
20259504,质性研究访谈,,斯丹纳•苛费尔、斯文•布林克曼,范丽恒,世界图书出版公司,2013-1,58.00元,8.5
4286956,糖史（全二册）,,季羡林,,江西教育出版社,2009年9月1日,71.00元,8.9
25748667,圣战与文明,伊斯兰与西方的永恒冲突,张锡模,,生活·读书·新知三联书店,2013-9,36.00元,8.4
26695107,发明污染：工业革命以来的煤、烟与文化,,〔美〕 彼得•索尔谢姆,启蒙编译所,上海社会科学院出版社,2016-1,45.00元,7.8
2253697,M型社会,中产阶级消失的危机与商机,（日）大前研一,刘锦秀 江裕真,中信出版社,2007年9月第1版,28.00元,7.5
5991773,伪雅史,,[法]弗雷德里克·鲁维洛瓦,李圣云,上海文艺出版社,2011-3,27.00元,7.3
1000773,人类本性与社会秩序,,[法]弗雷德里克·鲁维洛瓦,李圣云,上海文艺出版社,2011-3,27.00元,8.7
1426920,后工业社会的来临,对社会预测的一项探索,（美）丹尼尔·贝尔,高铦等译,新华出版社,1997-08-01,28.00,8.1
4219161,过渡礼仪,门与门坎、待客、收养、怀孕与分娩、诞生、童年、青春期、成人、圣职,[法] 阿诺尔德·范热内普,张举文,商务印书馆,2010-11,21.00元,8.4
21346248,遗失的智慧,除了抱怨制度，我们还能做什么？,巴里•施瓦茨,杜伟华,浙江人民出版社,2013-3,49.90元,7.2
4154973,现实的社会构建,,(美) 伯格, (美) 卢克曼著,汪涌,北京大学出版社,2009-12,20.00元,8.3
25781010,叛逆的城市,从拥有城市权利到城市革命,[美]戴维·哈维,叶齐茂,商务印书馆,2014-6,30.00,7.9
1424341,公共知识分子,衰落之研究,[美] 理查德·A. 波斯纳,徐昕,中国政法大学出版社,2002-12,38.00元,8.2
6067646,亚文化读本,,陶东风、胡疆峰,,北京大学出版社,2011-3,52.00元,7.8
1062404,后现代的状况,,[美]戴维·哈维,阎嘉,商务印书馆,2003-11,25.00元,8.0
26433665,古怪的身体,时尚是什么,[日] 鷲田清一,吴俊伸,重庆大学出版社,2015-10,48.00元,7.7
3358421,社会生活中的交换与权力,,[美]彼得·M.布劳 著,李国武,商务印书馆,2008-11,30.00元,8.5
3233254,社会分层与流动,国外学者对中国研究的新进展,边燕杰、吴晓刚、李路路,,中国人民大学出版社,2008-09-16,59.80元,8.7
24868380,高家村,共和國農村生活素描,高默波,,香港中文大学出版社,2013-7,HK$130,8.0
11443317,痴愚百科全书,,[荷兰]马蒂斯·范博克塞尔,王圆圆,上海文艺出版社,2012-7,27.00元,7.0
26593896,道德的起源,美德、利他、羞耻的演化,【美】克里斯托弗·博姆,贾拥民、傅瑞蓉,浙江大学出版社,2015-7,69.00元,7.9
1550973,同意的计算,立宪民主的逻辑基础,(美)布坎南、(美)塔洛克,陈光金,中国社会科学出版社,2000-1,23.00元,8.2
2296371,毛泽东农村调查文集,,毛泽东,,人民出版社,1982-12,0.77,9.2
1000144,交往行为理论,第一卷 行为合理性与社会合理化,尤尔根.哈贝马斯,曹卫东,上海人民出版社,2004-8-1,39.00,8.2
3693086,富裕社会,,约翰·肯尼思·加尔布雷思,,江苏人民出版社,2009-5,25.00元,8.0
24522665,社会冲突,升级、僵局及解决,[美]D,G,普鲁特、[美]金盛熙,王凡妹,人民邮电出版社,2013-5,88.00元,8.2
10529774,社会世界的意义构成,,[奥]阿尔弗雷德·舒茨,游淙祺,商务印书馆,2012-8,26.00元,8.8
22036647,来自液态现代世界的44封信,,[英]齐格蒙•鲍曼,鲍磊,漓江出版社,2013-2,28.00元,7.5
6087583,割据的逻辑,中国法律服务市场的生态分析,刘思达,,上海三联书店,2011-4,35.00元,8.2
3291183,结构洞,竞争的社会结构,罗纳德·伯特,任敏、李璐、林虹,格致,2008-11,36.00元,7.6
26394048,上帝的跳蚤,改变人类历史的瘟疫,王哲,,同心出版社,2015-5,48.00,8.0
1288989,网络共和国,网络社会中的民主问题,[美] 卡斯·H·桑斯坦,黄维明,上海人民出版社,2003-6-1,15.00元,7.7
26797123,温暖消逝：关于临终、死亡与丧亲关怀,,【美】迈克尔·R.雷明;乔治·E.迪金森,庞洋、周艳,电子工业出版社,2016-8,68.00,7.2
1007625,中国女性的感情与性,,李银河,,今日中国出版社,1998-01,19.00,7.1
2135466,被治理者的政治,思索大部分世界的大众政治,[印度] 帕萨·查特杰,田立年,广西师范大学出版,2007年7月,25.00元,8.1
1930183,千年终结,,曼纽尔·卡斯特,,社科文献,2006-9,45.00元,8.5
5410188,个体化,,乌尔里希·贝克等,,北京大学出版社,2011-4,35.00元,8.3
1042815,理解大众文化,,[美] 约翰·费斯克,王晓珏、宋伟杰,中央编译出版社,2006-9,20.00元,7.6
3340421,空间与政治,《进入都市的权利》第二卷,亨利·勒菲弗（Henri Lefebvre）,李春,上海人民出版社,2008-11,22.00元,7.6
1493168,韦伯作品集X：印度的宗教——印度教与佛教,,韦伯,康乐、简惠美,广西师范大学出版社,2005-12-1,34.00元,8.2
26644832,政治是什么？,,蔡东杰,,上海人民出版社,2015-10,39.00,8.2
1085386,韩国工人,,(韩)具海根,梁光严,社会科学文献出版社,2004-1,26.0,8.7
2052230,赛博空间的奥德赛,走向虚拟本体论与人类学,(荷兰)约斯·德·穆尔,麦永雄,广西师范大学出版社,2007-2,38.00元,7.9
26289614,平民如何变成屠夫,一〇一后备警察营的屠杀案真相,[美]克里斯托弗·R·布朗宁,,张孝铎,中国青年出版社,2015-2,7.0
3878118,波希米亚,迷人的放逐,[英] 伊丽莎白·威尔逊(Elizabeth Wilson),杜冬冬、施依秀,译林出版社,2009.8,28.00元,8.1
1394365,教養的迷思,父母的教养能不能决定孩子的人格发展？,茱蒂.哈里斯 (Judith R.Harris),,洪蘭,商周出版,2000年06月01日,8.7
4862384,文化与组织,心理软件的力量（第2版）,(荷) 霍夫斯泰德  Geert H Hofstede,李原、孙健,中国人民大学出版社,2010-6,49.00元,8.7
1550466,空间·记忆·社会转型,“新社会史”研究论文精选集,杨念群 主编,,上海人民出版社,2001年1月1日,32.00元,8.4
1828292,黑暗时代的人们,,汉娜·阿伦特,王凌云,江苏教育出版社,2006-7,24.00元,8.6
25827514,特权,哈佛与统治阶层的教育,[美] 多塞特,,生活·读书·新知三联书店,2014-4,35.00元,7.6
1000427,古希腊风化史,,利奇德,杜之／常鸣,辽宁教育出版社,2000-12,43.00,8.1
6873104,身体之重,论“性别”的话语界限,[美]朱迪斯·巴特勒,李钧鹏,上海三联书店,2011-8-1,38.00元,7.9
2148369,社会思想名家,,[美]刘易斯·A.科塞,石人,上海人民出版社,2007.7,55.00元,8.7
1315171,奢侈与资本主义,,维尔纳·桑巴特,王燕平、侯小河,上海人民出版社,2005-05,18.00元,7.9
1816327,云南三村,,费孝通、张之毅,,社会科学文献出版社,2006-3,35.00元,8.5
26355703,我相信中国的前途,,黄仁宇,,中华书局,2015-4,36,7.8
5921664,中国社会各阶层分析,,梁晓声,,文化艺术出版社,2011-1-1,38.80元,6.9
2376316,历史社会学的视野与方法,社会与历史译丛,西达·斯考切波 主编,封积文、董国礼,上海人民出版社,2008,32.00元,8.1
25788880,原始的叛乱,十九至二十世纪社会运动的古朴形式,【英】	艾瑞克·霍布斯鲍姆(Eric J. Hobsbawm),杨德睿,社会科学文献出版社,2014-1,49,7.6
26423901,The Confucian-Legalist State,A New Theory of Chinese History,Dingxin Zhao,,Oxford University Press,2015-11-13,USD 85.00,7.7
26900359,鸟度屏风里,,周进,,重庆出版集团 北京华章同人,2016-11,48,9.5
25912257,互联网的误读,,詹姆斯•柯兰（James Curran）、娜塔莉•芬顿（Natalie Fenton）、德  斯•弗里德曼（Des Freedman）,何道宽,中国人民大学出版社,2014-7-1,45.00,8.0
20394150,八次危机,中国的真实经验,温铁军,,东方出版社,2013-1-1,55.00元,8.7
1037587,晚期资本主义的文化逻辑,詹明信批评理论文选,[美] 詹明信、张旭东 编,陈清侨 等,生活·读书·新知三联书店,1997-12,26.80元,8.6
4218542,论剽窃,,[美] 理查德·波斯纳,沈明,北京大学出版社,2010-1,19.00元,8.0
24878818,改革的逻辑,,周其仁,,中信出版社,2013-8,45.00元,8.4
4022709,助推,我们如何做出最佳选择,[美] 理查德·H·泰勒、[美] 卡斯·H·桑斯坦,刘宁,中信出版社,2009-12-1,39.00元,7.4
25886891,卡尔·马克思,一个19世纪的人,[美]乔纳森·斯珀伯,邓峰,中信出版社,2014-5,68.00元,8.3
3011144,权力与特权,社会分层的理论,（美)格尔哈特·伦斯基(Lenski, G. E.)著,关信平、沉重显、谢晋宇,浙江人民出版社,1988,4.20,9.0
26791743,信息图中的世界史,,[意]瓦伦丁娜·德菲里波、[英]詹姆斯·鲍尔,龙彦、马磊、苏彤、王倩,人民邮电出版社,2016-4,59.00元,8.9
25920890,被美国化的英国,娱乐帝国时代现代主义的兴起,[美] 吉纳维芙·阿布拉瓦内尔,,商务印书馆,2015-6,47.00,7.5
1044559,社会学与人类学,,（法）马塞尔・毛斯,佘碧平,上海译文出版社,2003-11,39.80,8.4
2026086,博弈论的诡计,日常生活中的博弈策略,王春永,,中国发展,2007-1-1,29.00元,7.6
1013546,共同体与社会,纯粹社会学的基本概念,[德] 斐迪南·滕尼斯,林荣远,商务印书馆,1999-2,18.60元,8.1
26647745,社会权力的来源(第三卷),全球诸帝国与革命（1890-1945）上下,迈克尔·曼,郭台辉,上海人民出版社,2016-1,98,8.1
5938079,大陆的神话,元地理学批判,[美] 马丁·W. 刘易士、卡伦·E. 魏根,杨瑾、林航、周云龙,上海人民出版社,2011-4,59.00元,8.3
2152606,镶嵌,社会网与经济行动,马克·格兰诺维特,罗家德,社会科学文献出版社,2007-1,25.00元,8.4
20284675,非人,为何我们会贬低、奴役、伤害他人,[美国] 大卫·利文斯顿·史密斯,冯伟,重庆出版社,2012-11,32.80元,7.6
1721591,宗教与资本主义的兴起,,[英]R·H·托尼,赵月瑟、夏镇平,上海译文出版社,2006-3,26.00元,8.4
26315314,作为自我的稻米,日本人穿越时间的身份认同,(美) 大贯惠美子,石峰,浙江大学出版社,2015-4-1,43.00,7.4
5354060,娘家与婆家,华北农村妇女的生活空间和后台权力,李霞,,社会科学文献出版社,2010-11-1,38.00元,8.1
4767422,进化！进化？,达尔文背后的战争,史钧,,辽宁教育出版社,2010-3,28.00元,8.3
1255317,韦伯作品集Ⅶ ：社会学的基本概念,韦伯作品集Ⅶ,（德）马克斯・韦伯,顾忠华,广西师范大学出版社,2005-03,10.00,8.6
26737988,艺术力,,[德]鲍里斯·格洛伊斯,杜可柯、胡新宇,吉林出版集团股份有限公司,2016-4,49.8元,9.0
5905979,斜目而视,透过通俗文化看拉康,[斯洛文尼亚] 斯拉沃热·齐泽克,季广茂,浙江大学出版社,2011-3,45.00元,8.8
4090608,什么在决定新闻,对CBS晚间新闻、NBC夜间新闻、《新闻周刊》及《时代》周刊的研究,赫伯特·甘斯(Herbert J.Gans),石琳、李红涛,北京大学出版社,2009-9,35.00元,8.2
1520314,中国的现代化,,吉尔伯特·罗兹曼 编,国家社会科学基金“比较现代化”课题组,江苏人民出版社,2010-7,45.00元,8.3
26591902,中国思想史十讲（上卷）,,金观涛、刘青峰,,法律出版社,2015-7-1,58,9.2
3039090,中国古代社会,文字与人类学的透视,许进雄,,中国人民大学出版社,2008-3-1,58.00元,8.8
1795078,民族与民族主义,,埃里克·霍布斯鲍姆,李金梅,上海人民出版社,2006-4,22.00元,8.3
26802446,从黄河文明到一带一路第2卷,王朝覆灭的历史宿命,李晓鹏,,中国发展出版社,2016-5,69.80元,9.0
26342463,你就是脸皮太薄！,克服羞怯心理的85个实用心理学法则,[美]莉儿·朗蒂,辛献云,北京时代华文书局,2015-4-1,39.90元,7.0
10565595,文学、通俗文化和社会,,利奥•洛文塔尔,甘锋,中国人民大学出版社,2012-3-1,45.00元,8.5
5502221,新闻的十大基本原则,新闻从业者须知和公众的期待,[美] 比尔·科瓦齐、汤姆·罗森斯蒂尔,刘海龙、连晓东,北京大学出版社,2011-1,30.00元,8.8
1253917,中国社会史,,谢和耐,耿昇,江苏人民出版社,1995-09,43.0,8.0
7058387,手艺中国,中国手工业调查图录,(美) 鲁道夫.P.霍梅尔(Hommel,R.P.),戴吾三,北京理工大学出版社,2011-12-1,98.00元,8.9
26393369,我书架上的神明,72位学者谈影响他们人生的书,刘慈欣、刘瑜、吴思,,山西出版传媒集团•山西人民出版社,2015-7-1,CNY 58.00,7.2
1181221,晚清女性与近代中国,,夏晓虹,,北京大学出版社,2004-8,30.00元,8.4
2984324,文明的解析,人类的艺术与科学成就（公元前800——1950年）,查尔斯·默里,胡利平,上海人民出版社,2008-1,48.00元,8.1
3234797,应用STATA做统计分析,,劳伦斯·汉密尔顿,郭志刚 [等],重庆大学出版社,2008-8,58.00元,8.8
26726213,说真话的勇气,治理自我与治理他者Ⅱ,[法] 米歇尔·福柯,钱翰、陈晓径,上海人民出版社,2016-4,48.00,9.0
6256412,中国妇女史读本,,邓小南、王政、游鉴明,,北京大学出版社,2011-4,48.00元,8.3
1029365,甜蜜的悲哀,西方宇宙观的本土人类学探讨,马歇尔·萨林斯,王铭铭、胡宗泽,三联书店,2000-4,9.80元,8.2
24529592,论著与生活,作为作者的人类学家,克利福德·格尔兹,方静文、黄剑波,中国人民大学出版社,2013-5,25.00元,8.3
20261575,城市的精神,耶路撒冷、蒙特利尔、新加坡、香港、北京、牛津、柏林、巴黎、纽约，,[加] 贝淡宁、[以] 艾维纳,吴万伟,重庆出版社,2012-11,35.00元,7.9
1427761,性与理性,,[美] 理查德·A. 波斯纳,苏力,中国政法大学出版社,2002-5,40.00元,8.5
2975939,论扯淡,,[美] 哈里·G·法兰克福,南方朔,译林出版社,2008-1,16.00元,7.4
1266211,论意识操纵（上下）,,卡拉-穆尔扎  编,徐昌翰,社会科学文献出版社,2004-1,66.00元,9.1
26661749,公寓里的塔,1920年代中国的文学与青年,姜涛,,北京大学出版社,2015-10,52.00元,8.9
1975667,成為「日本人」,殖民地台灣與認同政治,荊子馨(Leo T. S. Ching),,鄭力軒,麥田出版,2006年1月,8.9
1945390,法西斯主义群众心理学,,(奥)赖 希(Reich,W.)著,张峰,重庆出版社,1993-8,11.25元,8.1
25768861,断裂的年代,,【英】霍布斯鲍姆,林华,中信出版社,2014-1,CNY 39.80,7.5
1055273,权力与货币,马克思主义的官僚理论,[比利时] 厄内斯特·曼德尔,孟捷,中央编译出版社,2002-01,19.80元,8.9
4722181,小心，无良是一种病,,【美】玛莎·斯托特,陈雅汝,中信出版社,2010年4月,26.00元,7.5
3288003,女权主义简史,Feminism: A Very Short Introduction,Margaret Walters,朱钢、麻晓蓉,外语教学与研究出版社,2008-11,18.00元,7.4
4312467,毛泽东文集-1-8卷,,Margaret Walters,朱钢、麻晓蓉,外语教学与研究出版社,2008-11,18.00元,9.1
3405045,“三农”问题与制度变迁,,温铁军,,中国经济出版社,2009-1,58.00元,9.3
1049797,科学的反革命,理性滥用之研究,哈耶克,冯克利,译林出版社,2003-02,15.20,8.4
4189598,战后欧洲史,套装上下册,托尼•朱特,林骧华、唐敏,新星出版社,2010-1,88.00元,8.8
3024461,摩洛哥田野作业反思,,保罗·拉比诺,高丙中、康敏,商务印书馆,2008-1,25.00元,8.4
23134218,工厂女孩,,丁燕,,外文出版社,2013-5,32.80元,7.1
1211972,博弈论,,让・梯若尔、朱・弗登博格,黄涛,中国人民大学出版社,2002-10-1,68.00元,8.5
26879584,大都会：手绘地图中的城市记忆与梦想,,（美）杰里米•布莱克,曹申堃,山西人民出版社,2016-9,78.00,7.2
1491537,近代中国社会的新陈代谢,,陈旭麓,,上海社会科学院出版社,2006-1,42.00元,8.9
1129291,风俗论（上册）,,伏尔泰,梁守锵,商务印书馆,1994-11-1,28.00元,8.6
25752974,从相残到相爱,两性行为的自然演化,[德] 维托斯·德吕舍尔,赵芊里,上海科技教育出版社,2013-8-1,49,8.5
26315815,以平等之名,托克维尔与《论美国的民主》,杨照,,广西师范大学出版社,2015-6,26.00,8.1
10576145,无国界医生手记,,无国界医生志愿工作者,,湖南科学技术出版社,2012-3,36.00元,8.8
1902945,去帝國,亞洲作為方法,陳光興,,行人出版社,2006年10月,NT$500,9.1
22988643,流行音乐的秘密,,[新西兰]罗伊·舒克尔(Roy Shuker),韦玮,世界图书出版公司,2013-4,36.00元,7.4
6976968,冬吴相对论2,人人都听得懂的经济学,梁冬、吴伯凡,,商务印书馆,2011-10,49.90元,8.9
11403211,Daring Greatly,How the Courage to Be Vulnerable Transforms the Way We Live, Love, Parent, and Lead,Brene Brown,,Portfolio Penguin,2012-9,USD 29.38,8.2
1410343,西方社会史（共3册）,,(美)巴克勒等、[美] 麦凯,,广西师范大学出版社,2005-5,188.00元,9.1
