26708119,机器学习,,周志华,,清华大学出版社,2016-1-1,88.00元,8.9
1148282,计算机程序的构造和解释,原书第2版,Harold Abelson、Gerald Jay Sussman、Julie Sussman,裘宗燕,机械工业出版社,2004-2,45.00元,9.5
10750155,数学之美,,吴军,,人民邮电出版社,2012-5-1,45.00元,8.7
1230413,深入理解计算机系统,,Randal E.Bryant、David O'Hallaron,龚奕利、雷迎春,中国电力出版社,2004-5-1,85.00元,9.5
4822685,编码,隐匿在计算机软硬件背后的语言,[美] Charles Petzold,左飞、薛佟佟,电子工业出版社,2010,55.00元,9.2
1885170,算法导论（原书第2版）,,[美] Thomas H.Cormen、Charles E.Leiserson、Ronald L.Rivest、Clifford Stein,潘金贵 等,机械工业出版社,2006-9,85.00元,9.4
3288908,集体智慧编程,,TOBY SEGARAN,莫映、王开福,电子工业出版社,2009-1,59.80元,9.0
26931905,终极算法,机器学习和人工智能如何重塑世界,[美] 佩德罗·多明戈斯,黄芳萍,中信出版集团,2017-1-1,68.00元,8.5
19952400,算法（第4版）,,塞奇威克 (Robert Sedgewick)、韦恩 (Kevin Wayne),谢路云,人民邮电出版社,2012-10-1,99.00元,9.4
1139336,C程序设计语言,第 2 版·新版,（美）Brian W. Kernighan、（美）Dennis M. Ritchie,徐宝文、李志译、尤晋元审校,机械工业出版社,2004-1,30.00元,9.4
3227098,编程珠玑,第2版,Jon Bentley,黄倩、钱丽艳,人民邮电出版社,2008-10,39.00元,9.2
1139426,数据结构与算法分析,C语言描述,Mark Allen Weiss (维斯),冯舜玺,机械工业出版社,2004-1-1,35.00元,8.9
26596778,计算广告,互联网商业变现的市场与技术,刘鹏、王超,,人民邮电出版社,2015-9-1,69.00元,8.7
2061116,Pattern Recognition And Machine Learning,,Christopher Bishop,,Springer,2007-10-1,USD 94.95,9.6
3652388,程序员的自我修养,链接、装载与库,俞甲子、石凡、潘爱民,,电子工业出版社,2009-4,65.00,8.8
6862061,计算机科学概论（第11版）,,J. Glenn Brookshear,刘艺、肖成海、马小会、毛倩倩,人民邮电出版社,2011-10-1,69.00元,9.1
1231910,具体数学（英文版第2版）,计算机科学基础,[美] Ronald L. Graham、Donald E. Knuth、Oren Patashnik,,机械工业出版社,2002-8,49.00元,9.5
1834728,人工智能的未来,,Jeff Hawkins、Sandra Blakeslee,贺俊杰、李若子、杨倩,陕西科学技术出版社,2006.1,18.5,8.8
3296317,编译原理,原理、技术与工具,Alfred V. Aho、Monica S.Lam、Ravi Sethi、Jeffrey D. Ullman,赵建华、郑滔、戴新宇,机械工业出版社,2008年12月,89.00元,9.1
3004255,编程之美,微软技术面试心得,《编程之美》小组 编,,电子工业出版社,2008-3,40.00元,8.4
1130500,计算机程序设计艺术（第1卷）,基本算法,[美] Donald E. Knuth,,清华大学出版社,2002-9,80.00元,9.3
1467587,UNIX编程艺术,,Eric S. Raymond,姜宏、何源、蔡晓俊,电子工业出版社,2006-2,59.00元,9.0
1088054,TCP/IP详解 卷1：协议,,W.Richard Stevens,范建华,机械工业出版社,2000-4-1,45.00元,9.2
2130743,离散数学及其应用（原书第5版）,,[美] Kenneth H. Rosen,袁崇义,机械工业出版社,2007-6,79.00元,9.0
3852290,现代操作系统（第3版）,,Andrew S. Tanenbaum,陈向群、马洪兵,机械工业出版社,2009-7,75.00元,9.0
24703171,机器学习实战,,Peter Harrington,李锐、李鹏、曲亚东、王斌,人民邮电出版社,2013-6,69.00元,8.1
26783732,Algorithms to Live By,The Computer Science of Human Decisions,Brian Christian、Tom Griffiths,,Henry Holt and Co.,2016-4-19,USD 28.00,8.1
3117898,Python源码剖析,深度探索动态语言核心技术,陈儒,,电子工业出版社,2008-6,69.80元,8.7
1391740,逻辑的引擎,,[美] 马丁·戴维斯,张卜天,湖南科学技术出版社,2005-5,20.00元,8.4
10746113,HTTP权威指南,权威指南,David Gourley、Brian Totty,陈涓、赵振平,人民邮电出版社,2012-9,109.00元,8.7
10769749,推荐系统实践,,项亮,,人民邮电出版社,2012-6-1,49.00元,8.1
10779604,图灵的秘密,他的生平、思想及论文解读,Charles Petzold,杨卫东,人民邮电出版社,2012-11,69.00元,8.8
10522003,艾伦·图灵传,如谜的解谜者,[英] 安德鲁·霍奇斯,孙天齐,湖南科学技术出版社,2012-3-31,59.00元,8.3
10758624,Machine Learning,A Probabilistic Perspective,Kevin P. Murphy,,The MIT Press,2012-8-24,USD 90.00,9.3
1102235,机器学习,,(美)Tom Mitchell,曾华军、张银奎、等,机械工业出版社,2008-3,35.00元,8.4
26265544,图解密码技术,,[日] 结城浩,周自恒,人民邮电出版社,2014-12,79.00元,9.2
1425950,线性代数及其应用,（原书第3版）,（美）莱（Lay D.C.）,刘深泉 等,机械工业出版社,2005-8-1,59.00元,9.1
1179807,计算机网络,第4版,Andrew S. Tanenbaum,潘爱民,清华大学出版社,2004-8-1,60.00元,8.8
25881855,大教堂与集市,,[美] Eric S. Raymond,卫剑钒,机械工业出版社,2014-5,59.00元,8.5
1632977,The Little Schemer - 4th Edition,,Daniel P. Friedman、Matthias Felleisen,,The MIT Press,1995-12-21,USD 40.00,9.3
1110934,STL源码剖析,,侯捷,,华中科技大学出版社,2002-6,68.00元,8.7
1998341,计算机系统要素,从零开始构建现代计算机,Noam Nisan、Shimon Schocken,周维、宋磊、陈曦,电子工业出版社,2007-01-01,45.00元,9.1
25863515,图解HTTP,,【日】上野宣,于均良,人民邮电出版社,2014-4-15,49.00元,8.1
25965995,构建之法,现代软件工程,邹欣,,人民邮电出版社,2014-9,49.00元,8.6
5432475,穿越计算机的迷雾,,李忠,,电子工业出版社,2011-1,36.00元,8.7
26148763,计算的本质,深入剖析程序和计算机,[英] Tom Stuart,张伟,人民邮电出版社,2014-11,69.00元,8.6
1173548,程序设计实践,,[美] Brian W. Kernighan、Rob Pike,裘宗燕,机械工业出版社,2000-8,20.00元,9.0
1232071,如何求解问题,现代启发式方法,Zbigniew Michalewicz、David B.Fogel,曹宏庆,中国水利水电出版社,2003-2-1,35.00元,8.5
5377669,数据挖掘导论,,Pang-Ning Tan、Michael Steinbach、Vipin Kumar,范明、范宏建,人民邮电出版社,2010-12-10,69.00元,8.3
24749842,挑战程序设计竞赛,,秋叶拓哉、岩田阳一、北川宜稔,巫泽俊、庄俊元、李津羽,人民邮电出版社,2013-7-1,CNY 79.00,9.1
26546914,科学的极致：漫谈人工智能,,集智俱乐部,,人民邮电出版社,2015-7,49.00元,8.1
4838430,数据库系统实现,,加西亚-莫利纳(Hector Garcia-Molina)、Jeffrey D.Ullman、Jennifer Widom,杨冬青、吴愈青、包小源,机械工业出版社,2010-5,59.00元,8.8
10797189,编写可读代码的艺术,,Boswell, D.、Foucher, T.,尹哲、郑秀雯,机械工业出版社,2012-7-10,59.00元,8.6
26593822,程序员的数学2,概率统计,平冈和幸、堀玄,陈筱烟,人民邮电出版社,2015-8-1,CNY 79.00,8.6
2110638,计算机组成与设计硬件/软件接口,,[美] David A.Patterson、John L.Hennessy,郑纬民,机械工业出版社,2007-4,75.00元,9.3
1996256,Algorithms,,[美] David A.Patterson、John L.Hennessy,郑纬民,机械工业出版社,2007-4,75.00元,9.2
7064456,研究之美,一对学友如何启发了对纯数学的兴趣，并获得了终极幸福的故事,[美] Donald E. Knuth,高博,电子工业出版社,2012-1-1,49.00元,8.4
19973015,Operating Systems,Three Easy Pieces,Remzi Arpaci-Dusseau、Andrea Arpaci-Dusseau,,Arpaci-Dusseau Books,2012-8-19,$21.00,9.8
3037562,汇编语言（第2版）,,王爽,,清华大学出版社,2008-4,33.00元,9.3
10555435,七周七语言,理解多种编程范型,Bruce A.Tate,巨成、戴玮、白明,人民邮电出版社,2012-5-8,59.00元,8.1
1159177,高效程序的奥秘,,沃瑞恩,冯速,机械工业出版社,2004-5,28.00元,8.4
10482195,编程语言实现模式,,Terence Parr,李袁奎、尧飘海,华中科技大学出版社,2012-3-20,72.00元,8.4
4291903,Parsing Techniques,A Practical Guide,Dick Grune、Ceriel J.H. Jacobs,,Springer,2010-2-12,USD 109.00,9.3
3735649,Orange'S:一个操作系统的实现,,于渊,,电子工业出版社,2009-6,69.00元,8.8
4889838,鸟哥的Linux私房菜,基础学习篇,鸟哥,,人民邮电出版社,2010-6-28,88.00元,9.1
2152385,程序设计语言,实践之路 （第二版）,斯科特,裘宗燕,电子工业出版社,2007-6,99.00元,9.0
20382244,R语言实战,,卡巴科弗 (Robert I.Kabacoff),高涛、肖楠、陈钢,人民邮电出版社,2013-1,79.00元,8.8
19949020,程序员的数学,,结城浩,管 杰,人民邮电出版社,2012-10,49.00元,7.2
26740548,程序员的数学3,线性代数,[日] 平冈和幸、[日] 堀玄,卢晓南,人民邮电出版社,2016-3,79.00元,8.8
1391207,计算机网络（第4版）,自顶向下方法,[美] James F. Kurose、[美] Keith W. Ross,陈鸣,机械工业出版社,2009-11,66.00元,8.8
11530329,30天自制操作系统,,[日] 川合秀实,周自恒、李黎明、曾祥江、张文旭,人民邮电出版社,2012-8,99.00元,8.3
1230487,人工智能,一种现代方法(第2版)(中文版),Peter Norvig、Stuart Russell,姜哲,人民邮电出版社,2004-6,85.00元,8.9
6424904,大话数据结构,,程杰,,清华大学出版社,2011-6,59.00元,8.0
3112503,Python核心编程（第二版）,,[美]Wesley J. Chun（陳仲才）,CPUG,人民邮电出版社,2008-06,89.00元,7.7
1929984,数据库系统概念,第五版,Abraham Silberschatz、Henry F. Korth、S. Sudarshan,杨冬青、马秀莉、唐世渭,机械工业,2006-10-01,69.50元,8.4
6966465,剑指Offer,名企面试官精讲典型编程题,何海涛,,电子工业出版社,2012-1,45.00元,8.4
1320174,信息论基础,,[美] Thomas M.Cover,Joy A.Thomas,,机械工业出版社,2005-5,56.00元,9.0
24749903,世界是数字的,,[美] Brian W. Kernighan,李松峰、徐建刚,人民邮电出版社,2013-6,49.00,8.3
25984046,大数据日知录,架构与算法,张俊林,,电子工业出版社,2014-9,69.00元,8.0
26365491,程序是怎样跑起来的,,[日] 矢泽久雄,李逢俊,人民邮电出版社,2015-4,39.00元,8.0
1142213,计算机科学导论,,Behrouz A.Forouzan,刘艺,机械工业出版社,2009-1,30.00元,8.2
20436488,编译器设计,,Keith Cooper、Linda Torczon,郭旭,人民邮电出版社,2012-12,99.00元,8.8
4253716,Unix & Linux大学教程,,哈恩(Harley Hahn),张杰良,清华大学出版社,2010-1-1,98.00元,9.5
26740503,Python网络数据采集,,米切尔 (Ryan Mitchell),陶俊杰、陈小莉,人民邮电出版社,2016-3-1,CNY 59.00,7.7
7006719,这就是搜索引擎,核心技术详解,张俊林,,电子工业出版社,2012-1-1,45.00元,8.1
4843567,深入Linux内核架构,全球开源社区集体智慧结晶，领略Linux内核的绝美风光,Wolfgang Mauerer,郭旭,人民邮电出版社,201005,149.00元,8.9
5252170,信息检索导论,,Christopher D.Manning、Hinrich Schütze、Prabhakar Raghavan,王斌,人民邮电出版社,201008,69.00元,9.1
1852515,计算理论导引,第2版,[美]Michael Sipser,唐常杰、陈鹏、向勇、刘齐宏,机械工业出版社,2006-7,36.00元,9.1
10793814,黑客攻防技术宝典（第2版）,Web实战篇（第2版）,[英] Dafydd Stuttard、[英] Marcus Pinto,石华耀、傅志红,人民邮电出版社,2012-6-26,99.00元,8.7
25854872,算法帝国,,克里斯托弗•斯坦纳,李筱莹,人民邮电出版社,2014-6,49.00,7.3
1787103,How to Design Programs,An Introduction to Programming and Computing,Matthias Felleisen、Robert Bruce Findler、Matthew Flatt、Shriram Krishnamurthi,,The MIT Press,2001-2-12,71.00美元,9.1
25869486,Vim实用技巧,,[英] Drew Neil,杨源、车文隆,人民邮电出版社,2014-5-1,59.00元,9.3
2185076,计算机系统概论,（原书第2版）,派特（Patt.Y.N.）,,机械工业,2008-1-1,49.00元,8.9
11026330,Learning From Data,,Yaser S. Abu-Mostafa、Malik Magdon-Ismail、Hsuan-Tien Lin,,AMLBook,2012-3-27,USD 48.00,9.4
1886058,计算机组成：结构化方法,,坦嫩鲍姆,刘卫东,人民邮电出版社,2006-1,65.00元,9.0
5397287,Bayesian Reasoning and Machine Learning,,David Barber,,Cambridge University Press,2011,$ 101.70,9.5
26821357,垃圾回收的算法与实现,,中村成洋、相川光,,丁灵,人民邮电出版社,99.00元,7.7
1954037,计算机体系结构,量化研究方法(英文版第4版),斯坦福大学,,机械工业出版社,2007-1,78.00元,9.5
24737674,图解TCP/IP : 第5版,,[日]竹下隆史、[日]村山公保、[日]荒井透、[日]苅田幸雄,乌尼日其其格,人民邮电出版社,2013-7-1,69.00元,7.7
3423021,通灵芯片,计算机运作的简单原理,Daniel Hillis,崔良沂,上海世纪出版集团,2009-1,19.80元,8.5
4915945,Python Algorithms,Mastering Basic Algorithms in the Python Language,Magnus Lie Hetland,,Apress,2010-11-24,USD 49.99,8.9
25894685,啊哈!算法,,啊哈磊,,人民邮电出版社,2014-6-1,45.00元,8.0
26351257,算法的乐趣,,王晓华,,人民邮电出版社,2015-4,79.00元,8.1
1154204,算法艺术与信息学竞赛,,刘汝佳,,清华大学出版社,2004-1,45.00元,8.5
1506160,操作系统,精髓与设计原理（第五版）,斯托林斯,陈渝,电子工业,2006-2,58.00元,8.6
25735333,自制编程语言,,［日］ 前桥和弥,刘卓、徐谦、吴雅明,人民邮电出版社,2013-11,79.00,8.1
1761910,Types and Programming Languages,,Benjamin C. Pierce,,The MIT Press,2002-2-1,USD 89.00,9.2
10779597,思考的乐趣,Matrix67数学笔记,顾森,,人民邮电出版社,2012-6,45.00元,8.3
4866934,Python基础教程,,Magnus Lie Hetland,司维、曾军崴、谭颖华,人民邮电出版社,2010年7月,69.00元,7.9
1810352,灵魂机器的时代,当计算机超过人类智能时/开放人文,（美）雷·库兹韦尔,沈志彦、祁阿红、王晓冬,上海译文出版社,2006-04-01,37.00,8.2
1788421,UNIX环境高级编程,第2版,W.Richard Stevens、Stephen A.Rago,尤晋元、张亚英、戚正伟,人民邮电出版社,2006年,99.00元,9.4
20452058,The Nature of Code,Simulating Natural Systems with Processing,Daniel Shiffman,,The Nature of Code,2012-12-13,$ 33.84,9.0
2044818,操作系统设计与实现（上册）,,Andrew S. Tanenbaum、Albert S. Woodhull,陈渝、谌卫军,电子工业出版社,2007-3,49.80元,9.1
4188358,数值分析,,索尔 (Timothy Sauer),吴兆金、王国英、范红军,人民邮电出版社,2010-1,79.00元,9.5
24536403,代码的未来,代码的未来,[日] 松本行弘,周自恒,人民邮电出版社,2013-6,79.00元,7.7
4007200,Probabilistic Graphical Models,Principles and Techniques,Daphne Koller、Nir Friedman,,The MIT Press,2009-8-31,$95.00,9.0
1767120,深入理解LINUX内核,,Daniel P.Bovet、Marco Cesati,,东南大学出版社,2006-4-1,98.00元,9.0
4065258,算法：C语言实现,(第1～4部分)基础知识、数据结构、排序及搜索,塞奇威克,霍红卫,机械工业出版社,2009-10,79.00元,8.8
26875239,SRE: Google运维解密,,【美】Betsy Beyer（贝特西 拜尔）等,孙宇聪,电子工业出版社,2016-10-1,CNY 108.00,9.2
4279678,C语言程序设计,现代方法,K. N. King,吕秀锋、黄倩,人民邮电出版社,2010-4,79.00元,9.2
26902177,技术之瞳——阿里巴巴技术笔试心得,,阿里巴巴集团校园招聘笔试项目组,,电子工业出版社,2016-11,69,7.5
24746415,推荐系统,,[奥地利] Dietmar Jannach、Markus Zanker、Alexander Felfernig、Gerhard Friedrich,蒋　凡,人民邮电出版社,2013-6-25,59.00元,8.1
3248794,高等应用数学问题的MATLAB求解,,薛定宇、陈阳泉,,清华大学出版社,2008-10,49.00元,9.2
10432364,奇思妙想,15位计算机天才及其重大发现,Dennis E. Shasha、Cathy A. Lazere,向怡宁,人民邮电出版社,2012-3,32.00元,8.0
1436134,算法引论,一种创造性方法,[美]Udi Manber,黄林鹏、谢瑾奎、陆首博、等,电子工业出版社,2005-9-1,35.00元,8.9
2038599,数据挖掘概念与技术,概念与技术,(加)Jiawei Han;Micheline Kamber,范明、孟小峰,机械工业,2007-3,55.00元,7.7
10561367,Head First Python（中文版）,,巴里（Barry.P.）,林琪 等,中国电力出版社,2012-3-1,68.00元,8.0
4199741,代码整洁之道,,[美]Robert C. Martin,韩磊,人民邮电出版社,2010-1-1,59.00元,8.5
3072383,The Algorithm Design Manual,,Steven S. Skiena,,Springer,2008.07,$79.95,8.7
20472991,Mathematics for Computer Science,,Steven S. Skiena,,Springer,2008.07,$79.95,9.9
5952531,神经网络与机器学习（原书第3版）,,[加] Simon Haykin,申富饶、徐烨、郑俊、晁静,机械工业出版社,2011-3,79.00元,8.2
3136252,Essentials of Programming Languages, 3rd Edition,,Daniel P. Friedman、Mitchell Wand,,The MIT Press,2008-04-30,USD 65.00,9.2
10779534,Think Python,How to Think Like a Computer Scientist,Allen B. Downey,,O'Reilly Media,2012-6,$39.99,8.3
21964984,领域特定语言,,Martin Fowler,ThoughtWorks中国,机械工业出版社华章公司,2013-3,89.00元,8.3
3213439,Real-Time Rendering, Third Edition,,Tomas Akenine-Moller、Eric Haines、Naty Hoffman,A K Peters,CRC Press,2008-7-25,USD 102.95,9.7
6809987,The Garbage Collection Handbook,The Art of Automatic Memory Management,Richard Jones、Antony Hosking、Eliot Moss,Chapman and Hall,CRC,2011-8-17,USD 79.95,8.5
26337939,七周七并发模型,,Paul Butcher,黄炎,人民邮电出版社,2015-3,49.00元,7.9
5257905,深入浅出数据分析,,Michael Milton,李芳,电子工业出版社,2009,88.00元,7.6
5269219,数据之美,解密优雅数据解决方案背后的故事,Toby Segaran、Jeff Hammerbacher,祝洪凯、李妹芳、段炼,机械工业出版社,2010年10月,75.00元,7.2
19934150,大数据,互联网大规模数据挖掘与分布式处理,Anand Rajaraman、Jeffrey David Ullman,王斌,人民邮电出版社,2012-9,59.00元,7.7
1755557,Purely Functional Data Structures,,Chris Okasaki,,Cambridge University Press,1999-6-13,USD 49.99,9.4
3234692,编程珠玑II,,(美)Jon Bentley,钱丽艳;刘田,人民邮电出版社,2008 年10月,39.00元,8.7
1099889,C++程序设计语言（特别版）,,[美] Bjarne Stroustrup 贝尔实验室,裘宗燕,机械工业出版社,2002-7,85.00元,8.9
3076996,统计自然语言处理,,宗成庆,,清华大学出版社,2008-5,66.00元,8.0
1765938,Algorithms on Strings, Trees and Sequences,Computer Science and Computational Biology,Dan Gusfield,,Cambridge University Press,1997-5-28,USD 99.99,9.1
4000927,身体的智能,智能科学新视角,Rolf Pfeifer、Josh Bongard,俞文伟,科学出版社,2009-8,58.00元,8.1
1754619,Paradigms of Artificial Intelligence Programming,Case Studies in Common Lisp,Peter Norvig,,Morgan Kaufmann,1991-10-01,USD 72.95,9.7
25768304,社会工程,安全体系中的人性漏洞,海德纳吉 (Christopher Hadnagy),陆道宏、杜娟、邱璟,人民邮电出版社,2013-12,59.00元,8.0
3354490,MySQL必知必会,,[英] Ben Forta,刘晓霞、钟鸣,人民邮电出版社,2009-1,39.00元,8.3
1435554,计算机科学概论,,(美)Nell Dale、John Lewis,张欣、胡伟,机械工业出版社,2009-2,49.00元,8.9
7175280,Python科学计算,,张若愚,,清华大学出版社,2012-1,98.00元,8.0
26397183,计算机是怎样跑起来的,,[日] 矢泽久雄,胡屹,人民邮电出版社,2015-5,39.00元,7.6
1400374,高级编译器设计与实现,,[日] 矢泽久雄,胡屹,人民邮电出版社,2015-5,39.00元,8.9
7564417,Linux/Unix设计思想,,甘卡兹,漆犇,人民邮电出版社,2012-3-28,39.00元,7.7
5376270,调试九法,软硬件错误的排查之道,David J.Agans,赵俐,人民邮电出版社,2010-12-7,35.00元,8.8
7564093,编程原本,,Alexander Stepanov、Paul McJones,裘宗燕,机械工业出版社华章公司,2012-1-10,59.00元,8.2
25713498,迷茫的旅行商,一个无处不在的计算机算法问题,[美] William J. Cook,隋春宁,人民邮电出版社,2013-10-1,49.00,8.1
1841346,Multiple View Geometry in Computer Vision,,Richard Hartley、Andrew Zisserman,,Cambridge University Press,2004-4-19,USD 122.00,9.8
1088180,应用密码学,协议、算法与C源程序,Richard Hartley、Andrew Zisserman,,Cambridge University Press,2004-4-19,USD 122.00,8.9
1035710,UNIX操作系统设计,,Maurice J.Bach,陈葆珏,机械工业出版社,2000-4,35.00元,9.0
1852976,计算机程序设计艺术,,（美,,机械工业出版社,2006-7,45.00元,9.6
1876898,The AWK Programming Language,,Alfred V. Aho、Brian W. Kernighan、Peter J. Weinberger,,Pearson,1988-1-11,USD 151.40,9.5
25742200,Google软件测试之道,像google一样进行软件测试,James A. Whittaker、Jason Arbon、Jeff Carollo,黄利、李中杰、薛明,人民邮电出版社,2013-10,59.00元,8.2
1116392,计算机与人脑,,[美] 约·冯·诺意曼,甘子玉,商务印书馆,1965-3,7.00元,8.2
26248182,程序员必读之软件架构,,[英] Simon Brown,邓　钢,人民邮电出版社,2014-12,49.00元,7.5
1968704,算法设计与分析基础,,Anany levitin,潘彦,清华大学出版社,2007-1-1,49.00元,8.6
4118577,UNIX网络编程 卷2,进程间通信,W.Richard Stevens,,人民邮电出版社,2009-11,89.00元,9.5
26368668,编程导论,,[美] John V. Guttag,梁杰,人民邮电出版社,2015-4,59.00元,8.5
1138189,模式分类,,Richard O. Duda、Peter E. Hart、David G. Stork,李宏东,机械工业出版社,2003-9,59.00元,8.9
26869992,用Python写网络爬虫,,[澳]理查德 劳森,李斌,人民邮电出版社,2016-8-1,CNY 45.00,8.0
26765979,架构即未来：现代企业可扩展的Web架构、流程和组织(原书第2版),,Martin L. Abbott、Michael T. Fisher,陈斌,机械工业出版社,2016-4-15,99.00,8.7
24529132,改变未来的九大算法,,[美] 约翰.麦考密克,管策,中信出版社,2013-6,39.00元,7.7
1432683,On Lisp,Advanced Techniques for Common LISP,Paul Graham,,Prentice Hall,09 September, 1993,$52.00,9.2
2350559,The Science of Programming,,David Gries,,Springer,1989-4-21,USD 99.00,8.3
1782316,Concepts, Techniques, and Models of Computer Programming,,Peter Van Roy、Seif Haridi,,The MIT Press,2004-2-20,USD 78.00,8.3
6800774,SQL反模式,,[美] Bill Karwin,谭振林、Push Chen,人民邮电出版社,2011-9,59.00元,8.5
1503819,Linux内核设计与实现,,拉芙,陈莉君、唐华、张波,机械工业出版社,2006-1,38.00元,8.7
1822897,Numerical Optimization,,Jorge Nocedal、Stephen Wright,,Springer,2000-04-28,USD 84.95,9.3
6545083,智能Web算法,,Haralambos Marmanis、Dmitry Babenko,阿稳、陈钢,电子工业出版社,2011-11,65.00元,7.5
26285268,第一本Docker书,,[澳]詹姆斯•特恩布尔（James Turnbull）,李兆海 刘斌 巨震,人民邮电出版社,2014-12,59,7.4
2866455,Reinforcement Learning,An Introduction (Adaptive Computation and Machine Learning),Richard S. Sutton、Andrew G. Barto,,The MIT Press,1998-03-01,USD 60.00,8.7
2035809,算法设计,,Jon Kleinberg、Éva Tardos,张立昂、屈婉玲,清华大学出版社,2007-3-1,75.00元,8.2
25884181,心智、语言和机器,维特根斯坦哲学和人工智能科学的对话,徐英瑾,,人民出版社,2013-10-1,CNY 65.00,8.9
1231891,计算机程序设计艺术（第2卷）,半数值算法,Donald E. Knuth,苏运霖,国防工业出版社,2002-8,98.00元,9.5
1933034,人工智能,复杂问题求解的结构和策略,（美）卢格尔（Luger，G.F.）,赵志崑、史忠植、张银奎,机械工业出版社,2006-10,75.00元,8.3
14267904,算法精解,C语言描述,Kyle Loudon,肖翔、陈舸,机械工业出版社,2012-8,79.00元,8.2
1096216,C++语言的设计和演化,,[美] Bjarne Stroustrup,裘宗燕,机械工业出版社,2002-1,48.00元,8.8
1240002,C Primer Plus,（第五版）,Stephen Prata、云巅工作室,云巅工作室,人民邮电出版社,2005-2-1,60.00元,9.2
2709130,A Little Java, A Few Patterns,,Matthias Felleisen、Daniel P. Friedman,,The MIT Press,1997-12-19,USD 28.00,8.0
1806974,现代编译原理,C语言描述,(美)安佩尔,赵克佳、黄春、沈志宇,人民邮电出版社,2006-4,45.00元,8.4
1963318,The Implementation of Functional Programming Languages,,(美)安佩尔,赵克佳、黄春、沈志宇,人民邮电出版社,2006-4,45.00元,8.2
2130190,Java编程思想 （第4版）,,[美] Bruce Eckel,陈昊鹏,机械工业出版社,2007-6,108.00元,9.1
25908672,两周自制脚本语言,,[日]千叶 滋,陈筱烟,人民邮电出版社,2014-6,59.00元,8.3
20254543,算法竞赛入门经典,训练指南,[日]千叶 滋,陈筱烟,人民邮电出版社,2014-6,59.00元,8.7
2016789,线性代数,,[美] 利昂 Steven J.Leon,张文博、张丽静,机械工业出版社,2007-2-1,58.00元,8.7
1144543,事务处理,概念与技术,Jim Gray、Andreas Reuter,,机械工业出版社,2004-1,96.00元,8.8
3707841,Principles of Computer System Design,An Introduction,Jerome H. Saltzer、M. Frans Kaashoek,,Morgan Kaufmann,2009-7-7,USD 82.95,9.4
2098492,数理逻辑,第2版,[美]Herbert B.Enderton,沈复兴、陈磊、孙运传,人民邮电出版社,2007-3,35.00元,8.5
26869219,HTTPS权威指南,在服务器和Web应用上部署SSL-TLS和PKI,[英] Ivan Risti?,杨洋、李振宇、蒋锷、周辉、陈传文,人民邮电出版社,2016-9,99.00元,7.7
1289136,C语言的科学和艺术,,罗伯茨,翁惠玉,机械工业出版社,2005-3,55.00元,8.5
26639401,学习JavaScript数据结构与算法,,[巴西] 格罗纳（Loiane Groner）,孙晓博、邓钢、吴双、陈迪、袁源,人民邮电出版社,2015-10-1,39.00,8.2
4306242,Physically Based Rendering, Second Edition,From Theory To Implementation,Matt Pharr、Greg Humphreys,,Morgan Kaufmann,2010-7-12,USD 99.95,9.5
1789534,Information Theory, Inference and Learning Algorithms,,David J. C. MacKay,,Cambridge University Press,2003-10-6,USD 80.00,9.2
26821588,写给大家看的算法书,,【日】杉浦 贤,绝云,电子工业出版社,2016-6,59.00元,7.7
1231452,组合数学,,布鲁迪,冯舜玺,机械工业出版社,2005-2,45.00元,8.6
10607365,Data Structures and Algorithms in Python,,Michael T. Goodrich、Roberto Tamassia、Michael H. Goldwasser,,Wiley,2013-3-18,$ 176.00,8.1
2129076,The TCP/IP Guide,A Comprehensive, Illustrated Internet Protocols Reference,Charles M. Kozierok,,No Starch Press,2005-10-01,USD 89.95,9.4
1787855,Programming From The Ground Up,,Jonathan Bartlett,,Bartlett Publishing,2004-07-31,USD 34.95,9.3
21325184,Problem Solving with Algorithms and Data Structures Using Python SECOND EDITION,,Bradley N. Miller、David L. Ranum,,Franklin, Beedle & Associates,2011-8-22,USD 45.00,8.9
1783551,Conceptual Blockbusting,A Guide to Better Ideas,James L. Adams,,Basic Books,2001-10,USD 16.95,9.0
3948354,Python学习手册,（第3版）,Mark Lutz,侯靖,机械工业出版社,2009-8,89.00元,8.2
1831698,游戏编程中的人工智能技术,,布克兰德,吴祖增,清华大学出版社,2006-5,39.0,8.4
1726083,The Seasoned Schemer,Seasoned Schemer,Daniel P. Friedman、Matthias Felleisen,,The MIT Press,1995-12-21,USD 38.00,9.1
26593175,Docker——容器与容器云,,浙江大学SEL实验室,,人民邮电出版社,2015-9-1,89.00元,8.5
24335672,淘宝技术这十年,淘宝技术大学校长解密淘宝十年,子柳,,电子工业出版社,2013-5,45.00元,7.4
1319751,C++Primer Plus,,Stephen Prata、孙建春、韦强,孙建春、韦强,人民邮电出版社,2005-5,72.00元,8.6
3695850,Recommender Systems Handbook,A Complete Guide for Research Scientists & Practitioners,Paul B. Kantor、Francesco Ricci、Lior Rokach、Bracha Shapira,,Springer,2010-03-01,$199.00,8.6
25837145,趣学Python编程,,Jason Briggs,尹哲,人民邮电出版社,2014-3,45.00元,8.3
25844633,实现领域驱动设计,,Vaughn Vernon,滕云,电子工业出版社,2014-3,99.00元,8.8
1231271,数学建模,,[美] Frank R.Giordano,Maurice D.Weir,William P.Fox,,机械工业出版社,2004-1,45.00元,8.1
25780703,CPU自制入门,,[日] 水头一寿、[日] 米泽辽、[日] 藤田裕士,赵谦,人民邮电出版社,2014-1,99.00元,7.9
24530461,复杂性思考,,Allen B. Downey,张龙,机械工业出版社,2013-5,49.00元,7.6
3923575,数据库系统基础教程,原书第3版,（美）厄尔曼,岳丽华,机械工业出版社,2009-8,45.00元,8.4
26314527,若为自由故,自由软件之父理查德·斯托曼传,[美] Sam Williams,邓楠、李凡希,人民邮电出版社,2015-4,49,8.5
1446250,汇编语言程序设计,,Richard Blum,马朝晖,机械工业出版社,2006-1,48.00元,8.7
3661214,可视化数据,,Ben Fry,张羽,电子工业出版社,2009-3,65.00元,7.7
4603803,模式识别,第四版,(希)Sergios Theodoridis、(希)Konstantinos Koutroumbas,,电子工业出版社,2010-2,75.00元,8.3
2252163,Database Management Systems,,(希)Sergios Theodoridis、(希)Konstantinos Koutroumbas,,电子工业出版社,2010-2,75.00元,8.5
5336893,Python自然语言处理,,(英)伯德、(英)克莱因、(美)洛普,,东南大学出版社,2010-6,64.00元,8.1
3215423,IT不再重要,互联网大转换的制高点——云计算,（美）尼古拉斯·卡尔,闫鲜宁,中信出版社,2008-10,29.00元,7.5
7007204,编程大师访谈录,,Susan Lammers,李琳骁、吴咏炜、张菁,人民邮电出版社,2012-1,59.00元,7.4
1144007,Java数据结构和算法,,拉佛,计晓云,中国电力出版社,2004-02-01,55.00元,8.4
2173399,Numerical Recipes 3rd Edition,The Art of Scientific Computing,William H. Press、Saul A. Teukolsky,,Cambridge University Press,August 2007,£45.00,9.4
3406939,编程精粹,编写高质量C语言代码,Steve Maguire,,人民邮电出版社,2009.2,45.00元,9.0
1390499,自然语言处理综论,,Daniel Jurafsky、James H. Martin,冯志伟、孙乐,电子工业出版社,2005,78.0,8.4
1760738,编程卓越之道,第一卷：深入理解计算机,Hyde R,韩东海,电子工业出版社,2006-4-1,49.80,8.3
6851207,新机器的灵魂,,Tracy Kidder,龚益、高宏志,机械工业出版社华章公司,2011-10,45.00元,7.6
2024655,数据结构,,严蔚敏、吴伟民,,清华大学出版社,2007-3-1,30.0,7.1
1247361,计算机程序设计艺术(第3卷)-排序和查找(英文影印版),排序和查找,（美）Donald E.Knuth,,清华大学出版社,2002-9,85.00元,9.1
10471912,数学世纪,过去100年间30个重大问题,皮耶尔乔治·奥迪弗雷迪,胡作玄、胡俊美、于金青,上海科学技术出版社,2012-1,28.00元,9.0
1436811,Linkers and Loaders,,John R. Levine,,Morgan Kaufmann,October 1999,USD 49.95,8.7
1230420,操作系统概念（第六版）,,（美）西尔伯斯查兹,郑扣根,高等教育出版社,2005-11,55.00元,7.6
6802440,深入理解Android,卷I,邓凡平,,机械工业出版社,2011-9-5,69.00元,7.9
26386850,图灵的大教堂,数字宇宙开启智能时代,[美] 乔治·戴森,盛杨灿,浙江人民出版社,2015-5,89.90,7.4
25781918,比特币,一个虚幻而真实的金融世界,李钧、长铗,,中信出版社,2014-1-1,39.00元,7.2
6859720,实用Common Lisp编程,,Peter Seibel,田春,人民邮电出版社,2011-10,89.00元,7.9
1786294,C语言编程：一本全面的C语言入门教程（第三版）,本书是极负盛名的C语言入门经典教材，其第一版发行至今已有二十年的,（美）Stephen Kochan,张小潘,电子社博文视点资讯有限公司,2006年,59,8.7
1230338,最优化理论与方法,,袁亚湘,,科学出版社,1997-1,38.00元,8.8
4719230,编程之魂,与27位编程语言创始人对话,Federico Biancuzzi、Shane Warden,闫怀志,电子工业出版社,2010-04,59.80元,7.5
1052241,设计模式,可复用面向对象软件的基础,[美] Erich Gamma、Richard Helm、Ralph Johnson、John Vlissides,李英军、马晓星、蔡敏、刘建中 等,机械工业出版社,2000-9,35.00元,9.1
4753387,Computer Vision,Algorithms and Applications,Richard Szeliski,,Springer,2010-11-24,USD 89.95,8.9
3182112,多处理器编程的艺术,The Art of Multiprocessor Programming,Nir Shavit、Maurice Herlihy,,Morgan Kaufmann,2008-8,69.00元,8.3
26675127,Python语言及其应用,Python语言及其应用,[美] Bill Lubanovic,丁嘉瑞、梁　杰、禹常隆,人民邮电出版社,2015-12,79.00元,8.3
20271450,支撑处理器的技术,永无止境地追求速度的世界,(日) Hisa Ando,李剑,电子工业出版社,2012-10,69.00元,8.1
20962468,Elements of Programming Interviews,300 Questions and Solutions,Adnan Aziz、Amit Prakash、Tsung-Hsien Lee,,CreateSpace Independent Publishing Platform,2012-10-11,USD 39.95,9.4
1224802,统计自然语言处理基础,,Chris Manning、Hinrich Schütze,苑春法、李伟、李庆中,电子工业出版社,2005-1,55.00元,8.1
3099540,数论概论,,希尔弗曼,孙智伟,机械工业出版社,2008-5,42.00元,9.1
4861766,搜索引擎,信息检索实践,W.Bruce Croft、Donald Metzler、Trevor Strohman,刘挺、秦兵、张宇、车万翔,机械工业出版社,2010-6-1,56.00元,8.3
4033320,学习OpenCV（中文版）,学习OpenCV,Gary Bradski、Adrian Kaehler,于仕琪、刘瑞祯,清华大学出版社,2009-10-1,75.00元,8.3
26638586,程序员代码面试指南：IT名企算法与数据结构题目最优解,IT名企算法与数据结构题目最优解,左程云,,电子工业出版社,2015-9,79.00元,8.2
26745156,操作系统真象还原,,郑钢,,人民邮电出版社,2016-3,108.00,8.0
25859528,数据结构,C++语言版 第三版,邓俊辉,,清华大学出版社,2013-9,39.00元,9.0
2994636,计算机组成原理,,唐朔飞,,高等教育出版社,2008-1,43.00元,7.5
1787854,An Introduction to GCC,For the GNU Compilers GCC and G++,Brian J. Gough、Richard M. Stallman,,Network Theory Ltd.,2004-3-30,USD 19.95,8.7
26699412,Python算法教程,,[挪威] Magnus Lie Hetland 赫特兰,凌杰、陆禹淳、顾俊,人民邮电出版社,2016-1-1,69.00元,7.8
3011192,Computational Science and Engineering,,Gilbert Strang,,Wellesley-Cambridge Press,2007-11-1,USD 90.00,9.7
1219329,Unix/Linux编程实践教程,,Bruce Molay、杨宗源、黄海涛,杨宗源、黄海涛,清华大学出版社,2004-10-1,56.00元,9.2
3611865,虚拟机,系统与进程的通用平台,[美] James E. Smith、Ravi Nair,安虹、张昱、吴俊敏,机械工业出版社,2009-3,78.00元,8.3
24841112,编程的修炼（中英双语）,,[荷]Edsger W. Dijkstra,裘宗燕,电子工业出版社,2013-7,79.00元,7.9
4317573,算法技术手册,,George T. Heineman、Gary Pollice、Stanley Selkow,杨晨、李明,机械工业出版社,2010-3,55.00元,8.3
26419771,数据库索引设计与优化,,【美】Tapio Lahdenmaki、【美】Michael Leach,曹怡倩、赵建伟,电子工业出版社,2015-6,79.00元,9.4
4934481,Learn You a Haskell for Great Good!,A Guide for Beginners,Miran Lipovaca,,No Starch Press,2011-4-11,44.95,9.2
1470267,The Elements of Programming Style, 2nd Edition,,Brian W. Kernighan、P. J. Plauger,,McGraw-Hill,1978-1-1,USD 50.93,9.3
11226618,Foundations of Machine Learning,,Mehryar Mohri、Afshin Rostamizadeh、Ameet Talwalkar,,The MIT Press,2012-8-17,USD 70.00,8.6
25906843,Python计算机视觉编程,,[瑞典] Jan Erik Solem,朱文涛、袁勇,人民邮电出版社,2014-6-10,69.00,7.8
20560942,深入理解计算机网络,,王达,,机械工业出版社,2013-1-1,89.00元,8.3
11442031,编程ING,人人都能学会程序设计,蔡学镛,,电子工业出版社,2012-7,68.00元,7.3
1157908,垃圾收集,,琼斯,谢之易,人民邮电出版社,2004-4-1,45.00元,8.2
2082177,编程卓越之道,第二卷：运用底层语言思想编写高级语言代码,海德,张菲,电子工业出版社,2007-4,69.00元,8.2
1418351,TeXbook,,Donald E. Knuth,,Addison-Wesley Professional,01 January, 1984,$44.99,9.5
2269648,正则表达式必知必会,,Ben Forta,杨涛、王建桥、杨晓云,人民邮电出版社,2007,29.00元,8.6
25848924,黑客与设计：剖析设计之美的秘密,,[美] David Kadavy,苑永凯,人民邮电出版社,2014-4,79.00,7.5
3864436,Let Over Lambda,,Doug Hoyte,,Lulu.com,2008-4-2,USD 39.95,9.1
25870206,深入解析Mac OS X & iOS操作系统,,莱文 (Jonathan Levin),郑思遥、房佩慈,清华大学出版社,2014-3-1,108.00,8.1
25848404,Android编程权威指南,,[美] Bill Phillips、[美] Brian Hardy,王明发,人民邮电出版社,2014-4-1,CNY 99.00,8.6
24641620,High Performance Python,Practical Performant Programming for Humans,Micha Gorelick、Ian Ozsvald,,O'Reilly Media,2014-9-10,USD 39.99,7.7
1033144,UNIX编程环境,,Micha Gorelick、Ian Ozsvald,,O'Reilly Media,2014-9-10,USD 39.99,8.7
3422332,你必须知道的495个C语言问题,,Steve Summit,孙云、朱群英,人民邮电出版社,2009-2,45.00元,8.2
26374647,Open Stack设计与实现,,英特尔开源技术中心,,电子工业出版社,2015-5,79.00元,7.8
24251326,机器学习,实用案例解析,（美）Drew Conway、John Myles White,陈开江、刘逸哲、孟晓楠、罗森林 审校,机械工业出版社,2013-4-1,69.00元,7.7
5346169,海量数据库解决方案,,李华植,,电子工业出版社,2010-10,69.00元,8.6
10486319,深入浅出数字信号处理,深入浅出数字信号处理,李华植,,电子工业出版社,2010-10,69.00元,9.4
2294397,The Little MLer,,Matthias Felleisen,,The MIT Press,December 19, 1997,$30.00,9.3
24375031,Hadoop技术内幕,深入解析MapReduce架构设计与实现原理,董西成,,机械工业出版社,2013-4,69.00元,8.3
6799412,Debug Hacks中文版,深入调试的技术和工具,吉岡弘隆、大和一洋、大岩尚宏、安部東洋、吉田俊輔,马晶慧,电子工业出版社,2011-8,69.00元,8.3
25779326,可能与不可能的边界,P/NP问题趣史,[美] Lance Fortnow,杨　帆,人民邮电出版社,2014-1,39.00,7.5
4076215,Oracle性能诊断艺术,,Christian Antognini,童家旺，胡怡文，冯大辉,人民邮电出版社,2009-10,75.00元,9.1
3887824,Machine Learning,An Algorithmic Perspective,Stephen Marsland,Chapman & Hall,CRC,2009,USD 72.95,8.0
6847455,高可用MySQL,构建健壮的数据中心,)Charles Bell    Mats Kindahl    Lars Thalmann,宁青、唐李洋 诸云萍,电子工业出版社,2011-10,98.00元,8.0
1899158,编程之道,,Geoffrey James,郭海,电子工业出版社,2006,28.00元,8.0
1953827,TCP/IP路由技术（第一卷）（第二版）,,（美）多伊尔，（美）卡罗尔,葛建立、吴剑章,人民邮电出版社,2007-1,99.00元,9.5
3670621,计算机的心智,操作系统之哲学原理,邹恒明,,机械工业出版社,2009-4,38.00元,8.2
3743945,数字设计和计算机体系结构,,陈虎,,机械工业出版社,2009-5,58.00元,9.2
4719159,Windows内核原理与实现,,潘爱民,,电子工业出版社,2010年4月,99.00元,8.6
1091086,深度探索C++对象模型,,[美] Stanley B. Lippman,侯捷,华中科技大学出版社,2001-5,54.00元,9.1
3360807,Effective java 中文版（第2版）,,Joshua Bloch,俞黎敏,机械工业出版社,2009-1-1,52.00元,9.1
1434564,情感计算,,皮卡德,罗森林,北京理工大学出版社,2005-4,22.00元,7.6
5948760,A Byte of Python,简明 Python 教程,Swaroop C H,沈洁元,Lulu Marketplace,2008-10-1,USD 27.98,8.8
1171759,统计学习理论,,Vladimir N.vapnik,许建华、张学工,第1版 (2004年1月1日),2004-6-1,59.00,8.7
1216637,系统设计的一般原理,,杰拉尔德・温伯格、丹妮拉・温伯格,张剀、王佳,清华大学出版社,2004-1,29.80元,8.3
2377310,C专家编程,,Peter Van Der Linden,徐波,人民邮电出版社,2008-2,45.00元,9.2
25805152,算法谜题,,Anany Levitin、Maria Levitin,,赵勇、徐章宁、高博,人民邮电出版社,2014-1-1,7.9
1481158,搜索引擎,原理、技术与系统,李晓明,,科学出版社发行部,2005-4,33.00元,8.1
11941213,Learn Python the Hard Way,A Very Simple Introduction to the Terrifyingly Beautiful World of Computers and Code,Zed A. Shaw,,Addison-Wesley Professional,2013-10-11,USD 39.99,8.4
24699632,R语言编程艺术,,（美）Norman Matloff,陈堰平、邱怡轩、潘岚锋 等,机械工业出版社,2013-5,69.00,8.4
2057924,计算机程序设计艺术：第4卷 第4册（双语版）,生成所有树组合生成的历史,Donald E.Knuth,苏运霖,机械工业出版社,2007-4,42.00元,9.7
4292217,The Linux Programming Interface,A Linux and UNIX Programming Handbook,Michael Kerrisk,,No Starch Press,April 2010,$99.95,9.5
1089783,五子连珠必胜法,,新井华石,张书,人民体育出版社,1997-10,12.00元,8.8
21317828,征服C指针,征服C指针,前桥和弥,吴雅明,人民邮电出版社,2013-2,49.00元,8.1
1087767,TCP/IP详解 卷2：实现,,史蒂文斯,陆雪莹,机械工业出版社,2004-1,78.00元,9.1
2056370,概率与计算,,米曾马克,史道齐,机械工业出版社,2007,39.00元,8.4
25737750,Understanding Machine Learning,From Theory to Algorithms,Shai Shalev-Shwartz、Shai Ben-David,,Cambridge University Press,2014,USD 48.51,7.9
10804452,Generative Design,Visualize, Program, and Create with Proce,Harmut Mohnacker、Benedikt Gross、Julia Laub,,Princeton Architectural Press,2012-10-1,USD 100.00,9.5
6849800,C++反汇编与逆向分析技术揭秘,,钱林松、赵海旭,,机械工业出版社华章公司,2011-10,69.00元,8.2
3132271,数理逻辑,第2版,艾宾浩斯 (Ebbinghaus H.D.)、J. Flum、W. Thomas,,世界图书出版公司,2008-5,45.00元,9.2
26743649,通信之道——从微积分到5G,,杨学志 编著,,电子工业出版社,2016-2,79,8.4
1224812,可变目标C编译器,设计与实现,Christopher W. Fraser、David R. Hanson,王挺,电子工业出版社,2005-1-1,43.00,8.5
1058634,TCP/IP详解 卷3：TCP事务协议、HTTP、NNTP和UNIX域协议,,史蒂文斯,胡谷雨,机械工业出版社,2000-9,35.00元,8.6
1316040,ML程序设计教程,,保罗森,柯韦,机械工业出版社,2005-5,45.00元,8.5
1737145,FreeBSD操作系统设计与实现,,(美)麦库西克,,人民邮电出版社,2006-2,69.00元,8.5
1143801,算法I～IV（C++实现）――基础、数据结构、排序和搜索（第三版）,,Robert Sedgewick,张铭泽、赵剑云、梁勇,中国电力出版社,2004-2-1,55.00,8.6
3119946,程序设计语言原理,,（美）賽巴斯塔（Sebesta，R.W.）,张勤,王方矩,机械工业出版社,2008-6-1,75.00元,8.3
1431996,从问题到程序,程序设计与C语言引论,裘宗燕,,机械工业出版社,2005-9-1,36.00元,8.6
1400419,3D数学基础,图形与游戏开发,(美)邓恩、帕贝利|译者、（美）帕贝利（Parberry,I.）、北京递归开元教育科技有限公司、审校,史银雪、陈洪、王荣静,清华大学出版社,1900-01-01,42.0,8.8
25955274,Python编程实战,运用设计模式、并发和程序库创建高质量程序,[美] Mark Summerfield,爱飞翔,机械工业出版社,2014-8,69.00元,7.6
4212921,Python高级编程,,Tarek Ziadé,姚军、夏海轮、译,人民邮电出版社,2010-1,45.00元,7.7
25716079,啊哈C！思考快你一步,用编程轻松提升逻辑力,啊哈磊,,电子工业出版社,2013-9,39.00元,8.0
2330824,Computers and Intractability,A Guide to the Theory of NP-Completeness,Michael R. Garey、David S. Johnson,,W. H. Freeman,1979-1-15,$ 97.17,9.5
10433743,深入Linux设备驱动程序内核机制,,陈学松,,电子工业出版社,2012-1,98.00元,9.4
3802271,初等数论及其应用,,Kenneth H．Rosen,夏鸿刚,机械工业出版社,2009-6-1,68.00元,8.9
26590145,python黑帽子,黑客与渗透测试编程之道,[美]Justin Seitz,孙松柏、李聪、润秋,电子工业出版社,2015-8-1,55,7.5
6887111,An Introduction to Functional Programming Through Lambda Calculus,,Greg Michaelson、Mathematics,,Dover Publications,2011-8-18,USD 24.95,7.8
1400420,经典密码学与现代密码学,,(美)斯皮尔曼,叶阮健 曹英 张长富,清华大学出版社,2005-7,35.0,8.1
20469441,Mastering OpenCV with Practical Computer Vision Projects,,Daniel Lélis Baggio、Shervin Emami、David Millán Escrivá、Khvedchenia Ievgen、Naureen Mahmood、Jason Saragih、Roy Shilkrot,,Packt Publishing,2012-12,$63.43,9.2
2183420,生物信息学算法导论,,N.C.琼斯,,第1版 (2007年7月1日),2007-7,45.0,8.8
1740461,图论导引,（原书第2版）,韦斯特,,机械工业出版社,2006-2,65.00元,8.6
6052205,MATLAB在数学建模中的应用,,卓金武 编,,北京航空航天大学,2011-4,34.80元,8.1
24738301,深入理解C++11,C++ 11新特性解析与应用,Michael Wong、IBM XL编译器中国开发团队,,机械工业出版社,2013-6,69.00元,7.5
1801050,软件测试,,[美]Ron Patton,张小松、王珏、曹跃,机械工业出版社,2006-4,30.00元,7.9
1954238,软件工程,实践者的研究方法(第六版),普雷斯曼,郑人杰,机械工业出版社,2007-1,69.00元,7.7
10773324,Python标准库,,Doug Hellmann,刘炽,机械工业出版社华章公司,2012-6-15,139.00元,8.5
3879823,Java开发实战经典,,李兴华 编著,,清华大学出版社,2009-8,79.80元,8.4
26702570,python绝技：运用python成为顶级黑客,运用Python成为顶级黑客,[美] TJ O'Connor,崔孝晨、武晓音,电子工业出版社,2016-1,79.00元,7.0
20452340,程序员面试逻辑题解析,,萨沙,朱学武、费若愚,人民邮电出版社,2013-1,35.00元,7.7
1101524,C++编程思想（第1卷）,标准C++导引,[美] Bruce Eckel,刘宗田、袁兆山、潘秋菱,机械工业出版社,2002-9,59.00元,8.3
3729518,深入搜索引擎,海量信息的压缩、索引和查询,ian H. Witten、Alistair Moffat、Timothy C. Bell,梁斌,电子工业出版社,2009-6,79.00元,8.1
3907181,LINUX系统编程,LINUX系统编程,Robert Love,O'Reilly Taiwan公司,东南大学出版社,2009-7,56.00元,8.0
26762311,编译系统透视,图解编译原理,新设计团队,,机械工业出版社,2016-3-25,169.00元,6.9
3699395,观止-微软创建NT和未来的夺命狂奔,微软创建NT和未来的夺命狂奔,G.Pascal Zachary,张银奎,机械工业出版社,2009,42.00元,7.9
6675562,Mathematics for 3D Game Programming and Computer Graphics, 3rd Edition,,Eric Lengyel,,Course Technology PTR,2011-6-2,USD 69.99,8.8
2296343,Reversing,逆向工程揭密,艾拉姆（Eilam,E.）,韩琪、杨艳、王玉英、李娜,电子工业出版社,2007-9,79.00元,8.3
1134988,C语言参考手册(原书第5版),,Samuel P.Harbison、Guy L.Steele,邱仲潘,机械工业出版社,2004-2-1,39.00元,8.0
3199621,Rationality for Mortals,How People Cope with Uncertainty (Evolution and Cognition),Gerd Gigerenzer,,Oxford University Press, USA,2008-05-02,USD 65.00,8.3
2162225,离散数学,,多西,章炯民、王新伟、曹立,机械工业,2007-6,55.00元,8.5
25703412,嗨翻C语言,,[美]David Griffiths、[美]Dawn Griffiths,程亦超,人民邮电出版社,2013-9,99.00,9.1
21691692,Wireshark数据包分析实战,,Chris Sanders,诸葛建伟、陈霖、许伟林,人民邮电出版社,2013-3,49.00元,7.9
1766670,Instructor's Manual t/a Structure and Interpretation of Computer Programs,,Gerald Jay Sussman,,The MIT Press,1998-9-15,USD 29.00,9.5
25981248,程序员健康指南,,Joe Kutner,陈少芸,人民邮电出版社,2014-9-20,31.60元,7.5
4879588,Data-intensive Text Processing With Mapreduce,Synthesis Lectures on Human Language Technologies,Jimmy Lin、Chris Dyer,,Morgan and Claypool Publishers,2010-4-30,USD 40.00,8.9
1230037,游戏开发物理学,,David M.Bourg,O'Reilly Taiwan公司,电子工业出版社,2004-1,48.00元,7.8
1316052,网络流,理论、算法与应用,拉文德拉K.阿胡亚　托马斯L.马南提　詹姆斯B.沃林,,机械工业出版社,2005-5,108.0,9.3
2698938,分布式系统概念与设计,,George Coulouris,金蓓弘,机械工业出版社,2008-1,69.00元,7.2
3012360,C和指针,,Kenneth A.Reek,徐波,人民邮电出版社,2008 年4月,65.00元,9.0
4893547,Mahout in Action,,Sean Owen、Robin Anil、Ted Dunning、Ellen Friedman,,Manning Publications,2010-11-28,USD 44.99,8.1
1974704,贝叶斯网引论,,张连文,,科学出版,2006-11,58.00元,7.9
26757537,算法时代,新经济的新引擎,Luke Dormehl,胡小锐、钟毅,中信出版集团,2016-4-1,CNY 59.00,6.5
3229243,Linux内核完全剖析,基于0.12内核,赵炯,,机械工业出版社,2008.10,99.00元,8.9
19986936,深入浅出密码学,,Christof Paar、Jan Pelzl,马小婷,清华大学出版社,2012-9,59.00元,7.5
25911735,TCP/IP网络编程,,[韩] 尹圣雨,金国哲,人民邮电出版社,2014-7,79.00元,8.7
1152528,C算法（第二卷：图算法）（第3版）,,塞德威克(Sedgewick Robert),周良忠,第1版 (2004年1月1日),2004-4,38.0,8.3
1477390,代码大全（第2版）,,[美] 史蒂夫·迈克康奈尔,金戈、汤凌、陈硕、张菲 译、裘宗燕 审校,电子工业出版社,2006-3,128.00元,9.3
1435663,ARM嵌入式系统开发,,斯洛斯,,北京航大,2005-5,75.00元,8.8
26808298,SpringBoot 揭秘,快速构建微服务体系,王福强,,机械工业出版社,2016-5,59.00元,7.3
6967574,死亡之旅,,Edward Yourdon,杨华,机械工业出版社华章公司,2011-11-20,49.00元,8.3
26825082,深度学习：21天实战Caffe,,Edward Yourdon,杨华,机械工业出版社华章公司,2011-11-20,49.00元,6.8
20556210,Android软件安全与逆向分析,,丰生强,,人民邮电出版社,2013-2,69.00元,8.4
25768396,深入浅出Node.js,,朴灵,,人民邮电出版社,2013-12-1,CNY 69.00,8.7
20773481,真实世界的Python仪器监控,数据采集与控制系统自动化,约翰·休斯,OBP Group,电子工业出版社,2013-1,89.00元,7.4
3351565,电子电气工程师必知必会,,（美）阿什比,尹华杰,人民邮电出版社,2009-1,39.00元,8.7
1500149,UNIX网络编程,第1卷:套接口API(第3版),史蒂文斯、芬纳、鲁道夫,杨继张,清华大学出版社,2006-1,98.00元,9.4
4249686,算法之道,从无有 到无穷,邹恒明,,机械工业出版社,2010-2,39.00元,7.6
3788437,琢石成器,Windows环境下32位汇编语言程序设计,罗云彬,,电子工业出版社,2009-6,89.00元,9.2
3290022,大象,Thinking in UML,谭云杰,,中国水利水电出版社,2009年01月,68.00元,8.0
3895531,Computational Complexity,A Modern Approach,Sanjeev Arora、Boaz Barak,,Cambridge University Press,2009,$55.00,9.3
6971366,PostgreSQL 数据库内核分析,,彭智勇、彭煜玮,,机械工业出版社华章公司,2012-1,79.00元,7.5
10591096,正则指引,Regular Expression yet another introduction,余晟,,电子工业出版社,2012-5-1,58.00元,8.5
2968802,CCNA学习指南,,[美]Todd Lammle,程代伟、徐宏、池亚平,电子工业出版社,2008-2,80.00元,8.5
26348151,Android安全攻防权威指南,,[美] Joshua J. Drake、[西] Pau Oliva Fora、[美] Zach Lanier、[美] Collin Mulliner、[美] Stephen A. Ridley、[德] Georg Wincherski,诸葛建伟、杨　坤、肖梓航,人民邮电出版社,2015-3,89.00元,7.2
3715700,Windows内核情景分析,采用开源代码ReactOS,毛德操,,电子工业出版社,2009-5,190.00元,9.1
2250326,Intel汇编语言程序设计,Intel汇编语言程序设计,Kip Irvine,,电子工业出版社,2007-9-1,61.00元,9.0
1886174,数据结构,,霍罗威茨,,机械工业出版社,2006-7-1,48.00元,8.0
2073826,Linux程序设计,,马修,陈健,人民邮电出版社,2007-7,89.00元,8.5
7059900,Python编程实践,,Jennifer Campbell、Paul Gries、Jason Montojo、Greg Wilson,唐学韬,机械工业出版社华章公司,2011-12-31,49.00元,7.2
26148626,Scratch少儿趣味编程,,［ 日］ 阿部和广,陶　旭,人民邮电出版社,2014-11,59.00元,7.6
3990545,Intel® 64 and IA-32 Architectures Software Developer's Manual,Volume 1-3,［ 日］ 阿部和广,陶　旭,人民邮电出版社,2014-11,59.00元,9.6
2000732,Head First Java（第二版·中文版）,,Kathy Sierra,Bert Bates 著、杨尊一 编译 张然等 改编,杨尊一,中国电力出版社,2007-2,79.00元,8.8
1231590,Effective C++中文版,,[美] Scott Meyers,侯捷,华中科技大学出版社,2001-9,49.80元,9.2
2302201,Windows用户态程序高效排错,思路、技巧、案例和方法,熊力,,电子工业出版社,2007-12,35.00元,8.4
2267922,Common Lisp,A Gentle Introduction to Symbolic Computation,熊力,,电子工业出版社,2007-12,35.00元,9.0
3419814,计算机导论,,诺顿,,清华大学出版社,2009-1,49.80元,7.4
1144542,程序设计语言的形式语义,,Glynn Winskel,宋国新 等,中信出版社 机械工业出版社,2004-1,32.00元,8.1
26772677,微服务设计,,[英] Sam Newman,崔力强、张　骏,人民邮电出版社,2016-5,69.00元,8.2
2678340,Introduction to Modern Cryptography,Principles and Protocols,Jonathan Katz、Yehuda Lindell,Chapman and Hall,CRC,2007-8-31,USD 89.95,9.2
1437108,图形程序开发人员指南,Michael Abrash's Graphics Programming Balck Book
Special Edition,Michael Abrash,前导工作室,机械工业出版社,1998,128,9.5
5290339,Pearls of Functional Algorithm Design,,Richard Bird,,Cambridge University Press,2010-11-1,USD 68.00,8.4
1400498,C语言名题精选百则技巧篇,,冼镜光,,机械工业出版社,2005-7,44.00元,9.0
3111282,世界的逻辑构造,,[德]鲁道夫·卡尔纳普,陈启伟,上海译文出版社,2008-6,30.00,8.7
1224798,计算机图形学几何工具算法详解,,史奈德,周长发,电子工业出版社,2005-1-1,89.00,8.0
2038862,柔性字符串匹配,,纳瓦罗,中科院计算所网络信息安全研究组,电子工业,2007-3,38.00元,8.5
1281543,矩阵分析,,纳瓦罗,中科院计算所网络信息安全研究组,电子工业,2007-3,38.00元,8.5
4321340,A First Course in Bayesian Statistical Methods,,Peter D. Hoff,,Springer,2009-06-15,USD 69.95,8.9
1241385,More Effective C++中文版,,Scott meyers,侯捷,中国电力出版社,2003-3,50.00元,8.9
1726085,The Scheme Programming Language,,R. Kent Dybvig,,The MIT Press,2003-9-26,USD 40.00,8.4
3081930,游戏人工智能编程案例精粹,,巴克兰德 (Mat Buckland),罗岱,人民邮电出版社,2008年06月,55.00元,9.0
20421419,Algorithms Unlocked,,Thomas H. Cormen,,The MIT Press,2013-3-1,USD 25.00,7.8
2046630,人工智能,智能系统指南,耐格纳威斯基,顾力栩,机械工业出版社,2007-4,36.00元,7.9
6880466,深入浅出Networking,,(美)Al Anderson(埃尔.安德森)、Ryan Benedetti(瑞安.班纳带蒂),徐定翔,电子工业出版社,2011-10,75.00元,8.6
26282599,证明达尔文,进化和生物创造性的一个数学理论,[美] 格雷戈里·蔡汀,陈鹏,人民邮电出版社,2014-12,29.00元,7.9
1456904,Lisp in Small Pieces,,Christian Queinnec,Callaway, Kathleen,Cambridge University Press,2003-12-04,USD 80.00,8.2
6058986,TCP/IP高效编程,改善网络程序的44个技巧,Jon C.Snader,陈涓、赵振平,人民邮电出版社,2011-4,55.00元,7.9
1289152,计算机视觉,,夏皮罗,赵清杰,机械工业出版社,2005年03月,55.0,8.2
1229913,嵌入式实时操作系统μC\OS-Ⅱ,,JEAN J.LABROSSE,邵贝贝,北京航空航天大学出版社,2003-5,79.00元,8.7
2236899,图论导引,,[美] Gary Chartrand，（美,范益政、王毅,人民邮电出版社,2007-1,49.00元,8.2
24744419,大数据时代的历史机遇——产业变革与数据科学,产业变革与数据科学,赵国栋、易欢欢、糜万军、鄂维南,,清华大学出版社,2013-7,49,7.7
1088057,编译原理及实践,,Kenneth C.Louden,冯博琴,机械工业出版社,2000-3-1,39.00元,7.6
1726088,The Reasoned Schemer,,Daniel P. Friedman、William E. Byrd、Oleg Kiselyov,,The MIT Press,2005-10-14,USD 32.00,7.8
25856314,Web性能权威指南,,Ilya Grigorik,李松峰,人民邮电出版社,2013-9,69,8.8
1899340,游戏开发中的人工智能,,David M.Bourg、Glenn Seemann,O'Reilly Taiwan公司,东南大学出版社,2006,48.00元,7.6
1671885,算法基础,,布拉萨德,,清华大学出版社,2005-7,49.0,8.1
10590856,统计学习方法,,李航,,清华大学出版社,2012-3,38.00元,8.9
6522893,深入理解Java虚拟机,JVM高级特性与最佳实践,周志明,,机械工业出版社,2011-6,69.00元,8.6
3624015,多核计算与程序设计,,周伟明,,华中科技大学,2009-3,88.00元,7.8
2188086,数据通信与网络,,(美)Behrouz A.Forouzan;Sophia Chung Fegan,吴时霖、吴永辉、吴之艳、魏霖,机械工业出版社,2007-07-01,79.00元,8.7
11628134,Programming Languages,Application and Interpretation,(美)Behrouz A.Forouzan;Sophia Chung Fegan,吴时霖、吴永辉、吴之艳、魏霖,机械工业出版社,2007-07-01,79.00元,8.1
3210669,编程匠艺,编写卓越的代码,（美）古德利弗（Goodliffe, P.）著,韩江，陈玉译,电子工业出版社,2008-9,79.00元,8.4
3923731,程序员实用算法,,Andrew Binstock、John Rex,陈宗斌,机械工业出版社,2009-9,65.00元,7.3
24522045,Redis入门指南,,李子骅,,人民邮电出版社,2013-5-1,39.00元,7.8
3078298,Linux操作系统之奥秘,,邱世华,,电子工业出版社,2008-5,39.00元,8.0
20256840,灰帽黑客,正义黑客的道德规范、渗透测试、攻击方法和漏洞分析技术,[美]Allen Harper、[美]Shon Harris,杨明军、韩智文、程文俊,清华大学出版社,2012-11,79.80元,7.6
24844888,蝴蝶效应之谜：走近分形与混沌,,张天蓉,,清华大学出版社,2013-7-1,29,8.2
1856070,Randomized Algorithms,,Rajeev Motwani、Prabhakar Raghavan,,Cambridge University Press,1995-8-25,USD 94.99,9.0
3301233,机器视觉算法与应用,,杨少荣,,清华大学出版社,2008-11,69.00元,8.6
6087548,大话存储Ⅱ,存储系统架构与底层原理极限剖析,张冬,,清华大学出版社,2011-5,99.00元,7.5
1193557,代码优化,有效使用内存,（美）Kris Kaspersky,谭明金,电子工业出版社,2004-10,48.00元,7.7
1767741,C++ Primer 中文版（第 4 版）,,Stanley B.Lippman、Josée LaJoie、Barbara E.Moo,李师贤、蒋爱军、梅晓勇、林瑛,人民邮电出版社,2006,99.00元,9.2
4175538,Flash ActionScript 3.0 动画高级教程,,Keith Peters,苏金国、荆涛,人民邮电出版社,2010-1,65.00元,9.1
1446684,通信原理,,周炯槃,庞沁华等编,北京邮电大学出版社,2005-11,46.00元,8.7
20488750,Functional Programming in Scala,,Paul Chiusano、Rúnar Bjarnason,,Softbound print,2014-9-14,USD 44.99,8.9
1437118,Computability,An Introduction to Recursive Function Theory,N. J. Cutland,,Cambridge University Press,1980,$31.99,8.5
1391000,程序设计抽象思想,C语言描述,Eric S.Roberts、闪四清,闪四清,清华大学出版社,2005-6,78.00元,8.9
2253565,计算机不能做什么：人工智能的极限,,休伯特--德雷福斯,宁春岩,生活.读书.新知 三联书店,1986,2.25,7.4
3879470,挑战编程,,斯基纳,,刘汝佳,2009-7,39.00元,7.6
26593466,架构探险――从零开始写Java Web框架,从零开始写Java Web框架,黄勇,,电子工业出版社,2015-8-1,79.00,6.1
1231984,凌波微步(软件开发警戒案例集),,王咏刚、周虹,,清华大学出版社,2002-11-1,42.00,7.9
6896041,人件集,人性化的软件开发,Larry L. Constantine,谢超、刘颖、谢卓凡、李虎,机械工业出版社,2011-12-1,49.00元,8.1
3639345,Web数据挖掘,,刘兵,俞勇,清华大学出版社,2009-4,49.00元,7.7
3605188,计算理论基础,,Martin Davis、Ron Sigal、ELAINE J. WEYUKER,,人民邮电出版社,2009,79.00元,7.9
5917267,GPU高性能编程CUDA实战,,Jason Sanders、Edward Kandrot,聂雪军,机械工业出版社,2011-3-1,39.00元,7.8
10590848,社会网络分析,方法与应用,斯坦利·沃瑟曼 (Stanley Wasserman)、凯瑟琳·福斯特 (Katherine Faust),,中国人民大学出版社,2012-4-1,78.00元,7.3
1886305,数据结构与算法,Java语言版,德罗兹德克,周翔,机械工业出版社,2006-7,59.00元,8.5
4818689,探索式软件测试,,James A. Whittaker,方敏;张胜、钟颂东;郭艳春,清华大学出版社,2010 年4月,35.00元,8.4
25945449,数据结构与算法JavaScript描述,,[美] Michael McMillan,王群锋、杜　欢,人民邮电出版社,2014-8,49.00元,6.3
1231902,PC游戏编程,人机博弈,王小春,,重庆大学出版社,2002-6-1,38.00元,8.5
3430776,群体智能,swarm intelligence,James Kennedy、Russell C Eberhart、Yuhui Shi,,人民邮电出版社,2009-2-1,75.00元,8.6
26339438,自己动手写编译器、链接器,,王博俊、张宇,,清华大学出版社,2015-1-1,37.80,6.7
3916225,Introduction to Semi-Supervised Learning,,Xiaojin Zhu、Andrew B. Goldberg,,Morgan and Claypool Publishers,2009-6-29,USD 40.00,7.9
6109479,flex与bison（中文版）,,Jobn Levine,陆军,东南大学出版社,2011-3,49.00元,8.0
3108801,分布式系统原理与范型,,（美）特尼博姆,辛春生,清华大学出版社,2008-6-1,59.00元,7.0
1283244,ACM图灵奖演讲集,前20年,阿申豪斯特,苏运霖,电子工业出版社,2005-4,55.0,7.8
1225935,计算机网络系统方法,系统方法,[美] Larry L.Peterson、[美] Bruce S.Davie,,机械工业出版社,2004-1,49.00元,8.8
3705285,从零起步学电子,,[美] Larry D. Wolfgang,王龙、傅道坤,人民邮电出版社,2009-6,45.00元,8.6
3294335,The Elements of Statistical Learning,Data Mining, Inference, and Prediction,Trevor Hastie、Robert Tibshirani、Jerome Friedman,,Springer,December 2008,USD 89.95,9.4
10599300,爱上Processing,Getting Started with Processing,Gasey Reas & Ben Fry,陈思明、郭浩贇,人民郵電出版社,2012-4,38.00元,7.8
2115207,离散数学与组合数学,,(美)Ralph P.Grimaldi,林永钢,清华大学出版社,2007-05-01,98.00元,8.8
24715620,谁说菜鸟不会数据分析（工具篇）,,张文霖，狄松，林凤琼 等,,电子工业出版社,2013-6-1,49.00,7.4
3638826,Numerical Linear Algebra,,Lloyd N. Trefethen、David Bau III,,SIAM: Society for Industrial and Applied Mathematics,1997-06-01,USD 61.00,8.9
1230040,C语言接口与实现,,（美）David R.Hanson,傅蓉、周鹏、张昆琪、权威,机械工业出版社,2004-1,35.00元,8.3
1398413,数字文明,物理学和计算机,郝柏林,张淑誉,科学出版社,2005-7,32.00元,8.4
1823805,Combinatorial Optimization,Algorithms and Complexity,Christos H. Papadimitriou、Kenneth Steiglitz,,Dover Publications,1998-1,USD 21.95,8.5
1230412,计算机图形学原理及实践:C语言描述(原书第2版) (平装),C语言描述,福利,唐泽圣,机械工业出版社,2004-3,95.0,7.4
6529833,Java语言程序设计,基础篇 (原书第8版),（美）  Y. Daniel Liang,李娜,机械工业出版社,2011-6,75.00元,8.7
2180633,地理信息系统与科学,,Paul A.Longley,张晶、刘瑜、张洁、田原,机械工业出版社,2007-1,75.00元,8.5
1952089,密码编码学与网络安全,,斯托林斯,,电子工业出版社,2006-11,49.80元,8.0
1491268,“深蓝”揭秘,追寻人工智能圣杯之旅,许峰雄,,上海科技教育出版社,2005-12,25.00元,8.0
1155470,量子计算和量子信息,,Michael A．Nielsen、Isaac L．Chuang,,清华大学出版社,2004-1,52.00元,7.9
3880304,并行程序设计原理,,[美] Calvin Lin、[美] Lawrence Snyder,陆鑫达、林新华,机械工业出版社,2009-7,45.00元,8.2
1783950,The Java™ Virtual Machine Specification,,Tim Lindholm、Frank Yellin,,Addison-Wesley Professional,1999-4-24,USD 49.99,7.9
3076942,LUA程序设计(第2版),,[巴西] 莱鲁,周惟迪,电子工业出版社,2008-1,39.00元,8.4
1392483,计算机图形学,,（美）赫恩（Donald Hearn）、（美）M.Pauline Baker,宋继强、蔡敏、蔡士杰,电子工业出版社,2005-6,65.00元,7.5
1236778,开源软件文集,开源革命之声,Chris DiBona、Sam Ockman、Mark Stone,洪峰 等,中国电力出版社,1999-12-01,35.00元,8.2
25899625,机器学习系统设计,,[德] Willi Richert、Luis Pedro Coelho,刘峰,人民邮电出版社,2014-7-1,CNY 49.00,7.7
1808611,复杂网络理论及其应用,,汪小帆、李翔、陈关荣,,清华大学出版社,2006,45.00元,7.8
6828678,数学建模算法与应用,,司守奎、孙玺菁,,国防工业出版社,2011-8,49.00元,7.6
2044249,Python Programming,An Introduction to Computer Science,John M. Zelle,,Franklin Beedle & Assoc,2003-12,USD 40.00,8.0
2044626,组合数学教程,,范林特,刘振宏、赵振江,机械工业出版社,2007-4,49.00元,8.7
1138768,深入Java虚拟机(原书第2版),,（美）文纳斯,曹晓钢、蒋靖,机械工业出版社,2003-9,58.00元,8.6
3049700,ACM图灵奖,,吴鹤龄,,高等教育,2008-1,25.00元,7.4
1116431,计算机算法,,Baase,,高等教育出版社,2001-7-1,39.5,9.1
10822017,Learn You Some Erlang for Great Good!,A Beginner's Guide,Fred Hebert,,No Starch Press,2013-1-16,USD 49.95,8.6
26148605,图解网站分析（修订版）,让流量倍增的网站优化方法,[日] 小川卓,沈麟芸,人民邮电出版社,2014-10,69.00元,7.2
3837355,密码学原理与实践,,[加]Douglas R.Stinson,冯登国,电子工业出版社,2009年,55.00元,7.9
24733747,像程序员一样思考,,V. Anton Spraul,徐波,人民邮电出版社,2013-6,49.00元,7.4
20471211,Linux多线程服务端编程,使用muduo C++网络库,陈硕,,电子工业出版社,2013-1-15,89.00元,8.7
4136223,C++模板元编程,,陈硕,,电子工业出版社,2013-1-15,89.00元,8.1
6000169,RabbitMQ in Action,Distributed Messaging for Everyone,Alvaro Videla、Jason J. W. Williams,,Manning Publications,2012-5-4,USD 44.99,8.0
1137262,数据库系统全书,,Jeffrey D.Ullman、Jennifer Widom、Hector Garcia-Molina,,机械工业出版社,2003-12-1,65.00元,7.9
3338834,Ruby设计模式,,Russ Olsen,谈熠  陈熙,机械工业出版社,2009-1,45.00元,8.1
2354769,高质量程序设计艺术,,斯皮内利斯,韩东海,人民邮电出版社,2008-1,55.00元,8.1
26883736,前端函数式攻城指南,,欧阳继超,,电子工业出版社,2016-10-1,59,7.0
3129340,计算机图形学,,[美]Steve Cunningham,石教英、潘志庚,机械工业出版社,2008-6,48.00元,8.1
1289214,信号完整性分析,,伯格丁,,电子工业出版社,2005-4,39.00元,9.6
26313534,Unity游戏设计与实现,南梦宫一线程序员的开发实例,[日]加藤政树,罗水东,人民邮电出版社,2015-2,79.00元,9.3
3769383,寒江独钓,Windows内核安全编程,谭文、杨潇、邵坚磊 著,,电子工业出版社,2009-6,75.00元,8.3
6398127,软件调试修炼之道,,Paul Butcher,曹玉琳,人民邮电出版社,2011-6,32.00元,7.5
19963872,x86/x64体系探索及编程,,邓志,,电子工业出版社,2012-10-1,119.00元,7.6
2256069,Readings in Database Systems,,Joseph M. Hellerstein、Michael Stonebraker,,The MIT Press,2005-1-7,USD 68.00,8.1
1229968,罗彻斯特城堡,IBM eserver i系列技术揭秘,,,机械工业出版社,2003-8,49.00元,8.7
1792387,UML和模式应用,,拉曼,李洋、郑䶮,机械工业出版社,2006-5,66.00元,8.2
1152111,程序员修炼之道,从小工到专家,Andrew Hunt、David Thomas,马维达,电子工业出版社,2005-1,48.00元,8.6
25837646,逆袭大学,传给IT学子的正能量,贺利坚,,人民邮电出版社,2014-3,49.00,7.4
1231974,虚拟机的设计与实现,,布朗登,杨涛,机械工业出版社,2003-1,76.00元,7.3
1236825,POSIX多线程程序设计,,[美] David R.Buten,,中国电力出版社,2003-1,39.00元,7.6
4816447,设计模式沉思录,,John M.Vlissides,葛子昂,人民邮电出版社,201005,35.00元,8.5
1241423,泛型编程与STL,,Matthew H. Austern,侯捷,中国电力出版社,2003-1,72.00元,8.3
6559064,计算机体系结构,,胡伟武、陈云霁、肖俊华、章隆兵,,清华大学出版社,2011-6,29.00元,7.9
2157943,Introduction to Linear Optimization,Athena Scientific Series in Optimization and Neural Computation, 6,Dimitris Bertsimas、John N. Tsitsiklis,,Athena Scientific,1997-02-01,USD 89.00,8.9
1737686,计算机组织与体系结构,,斯托林斯,,清华大学出版社,2006-3,66.00元,7.8
1194565,编写安全的代码,,David LeBlanc、程永敬、Michael Howard、翁海燕、朱涛江,程永敬、翁海燕、朱涛江,机械工业出版社,2005-1-1,55.0,7.8
25884108,程序员的呐喊,,[美]Steve Yegge,徐旭铭,人民邮电出版社,2014-5-1,45.00元,8.1
6809087,大话处理器,处理器基础知识读本,万木杨,,清华大学出版社,2011-10,36.00元,7.2
6903022,Oracle SQL高级编程,,[美] Karen Morton、Kerry Osborne、Robyn Sands、Riyaj Shamsudeen、Jared Still,朱浩波,人民邮电出版社,2011-11,89.00元,8.4
2303830,Java Generics and Collections,,Naftalin、Philip Wadler,,O'Reilly Media,2006-10-24,USD 34.99,8.3
6860890,黑客,计算机革命的英雄(二十五周年新版),Steven Levy,赵俐、刁海鹏、田俊静,机械工业出版社华章公司,2011-10-31,69.00元,8.3
4265432,Programming Massively Parallel Processors,A Hands-on Approach,David B. Kirk、Wen-mei W. Hwu,,Morgan Kaufmann,2010,$62.95,9.2
6758780,大规模Web服务开发技术,,伊藤直也、田中慎司,李剑,电子工业出版社,2011-7,59.00元,8.1
24872314,恰如其分的软件架构,风险驱动的设计方法,George Fairbanks,张逸、倪健、高翌翔,华中科技大学出版社,2013-9-1,88.00,7.3
1484710,Google's PageRank and Beyond,The Science of Search Engine Rankings,Amy N. Langville、Carl D. Meyer,,Princeton University Press,2006-7-23,USD 57.50,9.3
25900156,Redis设计与实现,,黄健宏,,机械工业出版社,2014-6,79.00,8.5
4031906,冒号课堂,编程范式与OOP思想,郑晖,,电子工业出版社,2009-10,65.00元,8.9
1418329,大脑设计,适应性行为的起源,[美] 艾什比,乐秀成、朱熹豪 等,商务印书馆,1991-11,3.50元,7.4
25911182,软件故事,谁发明了那些经典的编程语言,[美] 史蒂夫·洛尔,张沛玄,人民邮电出版社,2014-7,49.00 元,7.5
25927585,代码之髓,编程语言核心概念,[日] 西尾泰和,曾一鸣,人民邮电出版社,2014-8,45.00元,8.0
2154713,精通正则表达式,第3版,Jeffrey E. F. Friedl,余晟,电子工业出版社,2007,75,8.9
3592797,Linux系统架构与目录解析,,邱世华,,电子工业出版社,2009-4,45.00元,7.5
20366373,永无止境,Google传,[美] 道格拉斯•艾德华兹,刘纯毅,中信出版社,2012-12-15,59.00元,7.4
1769322,The Haskell Road to Logic, Maths and Programming. Second Edition,,Kees Doets、Jan van Eijck,,College Publications,2004-5-7,USD 22.75,7.5
1864527,Oracle 9i & 10g编程艺术,深入数据库体系结构,Thomas Kyte,苏金国、王小振,人民邮电出版社,2006-10,99.00元,9.2
21372236,R和Ruby数据分析之旅,,（新加坡） Sau Sheong Chang,钱昊、刘熙,人民邮电出版社,2013-3,45.00元,8.6
1231822,莱昂氏UNIX源代码分析,,(澳)John Lions,尤晋元,机械工业出版社,2000-7-1,49.00,8.8
11629400,Java设计模式,,[美]梅特斯克（Metsker,S.J.）、[美]维克（Wake,W.J.）,张逸、史磊,电子工业出版社,2012-9,75.00元,7.7
4209919,Oracle DBA手记,数据库诊断案例与性能优化实践,盖国强、杨廷琨、熊军、段林仲、邹德平,,电子工业出版社,2010-1,59.80元,8.3
2667420,Real-Time Collision Detection,,Christer Ericson,,CRC Press,2004-12-22,USD 98.95,9.3
1954135,LEMON语法分析生成器,,虞森林,,浙江大学,2006-7,58.00元,7.3
1854664,计算机程序设计艺术：第4卷 第3册（双语版）,生成所有组合和分划,Donald E.Knuth,苏运霖,机械工业出版社,2006-8,45.00元,8.0
3324516,实现模式,,Kent Beck,李剑、熊节、郭晓刚,人民邮电出版社,2009-1,29.00元,8.0
1756954,The Nature of Statistical Learning Theory,,Vladimir Vapnik,,Springer,1999-11-19,USD 104.00,8.2
24089576,Arduino从基础到实践,,米歇尔·麦克罗伯茨,杨继志、郭敬,电子工业出版社,2013-3,79.00元,8.2
24868904,高效能程序员的修炼,软件开发远不止是写代码那样简单……,[美]Jeff Atwood,陆其明、张健,人民邮电出版社,2013-7,49,8.2
25772440,机器学习基础教程,A First Course in Machine Learning,（英）Simon Rogers,、Mark Girolami,郭茂祖、王春宇 刘扬 刘晓燕、刘扬、刘晓燕,机械工业出版社,2014-1,45.00,7.6
2126867,Optimizing Compilers for Modern Architectures,A Dependence-based Approach,Randy Allen、Ken Kennedy,,Morgan Kaufmann,2001-10-10,USD 138.00,7.8
3619896,系统虚拟化,原理与实现,Intel corporatio,,清华大学出版社,2009-1,29.00元,7.6
21965490,设计师式认知,,[英]Nigel Cross,任文永、陈实、沈浩翔,华中科技大学出版社,2013-4,36.00元,7.5
5349816,特征提取与图像处理,,Gregor Kiczales、Jim des Rivieres、Daniel G. Bobrow,,The MIT Press,1991-7-30,USD 58.00,7.8
1944729,程序设计语言理论基础,,米切尔,,电子工业出版社,2006-11,68.00元,7.5
1842622,SQL入门经典,,[美]Paul Wilton、[美]John Colby,敖富江,清华大学出版社,2006-1,48.00元,8.1
24153573,数据挖掘与R语言,数据挖掘与R语言,(葡)Luis Torgo,李洪成、陈道轮、吴立明,机械工业出版社,2013-4,49.00元,7.8
2248759,修改代码的艺术,,Michael Feathers,刘未鹏,人民邮电出版社,2007-09-25,59.00元,8.2
25812550,信用风险评分卡研究,基于SAS的开发与实施,马杜姆.雷法特,王松奇、林智乾,社会科学文献出版社,2013-7,58.00,8.8
3730302,隐喻的逻辑,可能世界中的类比,[美] E. C. 斯坦哈特,黄华新、徐慈华 等,浙江大学出版社,2009-2,40.00元,7.3
1231584,Linux内核源代码情景分析（上册）,,毛德操、胡希明,,浙江大学出版社,2001-9,80.00元,8.7
10123863,The Grammar of Graphics,,Leland Wilkinson,,Springer,2013-7,$ 145.77,7.8
25981760,自然计算：DNA、量子比特和智能机器的未来,,[美]丹尼斯·萨莎　凯茜·拉瑟,金从军、仇祝平,人民邮电出版社,2014-8-1,CNY 45.00,6.7
24735417,数据挖掘十大算法,数据挖掘十大算法,（美）吴信东（Xindong Wu）、（美），库玛尔 ，（Vipin Kumar）,李文波、吴素研,清华大学出版社,2013-5,39.00元,7.9
20382134,社会计算,社区发现和社会媒体挖掘,Lei Tang、Huan Liu,文益民、闭应洲,机械工业出版社华章分社,2012-12-1,35.00元,7.5
26640242,有趣的二进制,软件安全与逆向分析,［ 日］ 爱甲健二,周自恒,人民邮电出版社,2015-10,39.00元,7.8
1801393,人机交互,,迪克斯,,电子工业出版社,2006-3,58.00元,7.1
1128184,密码学导引,,Paul Garrett,吴世忠,机械工业出版社,2003-12-1,39.00元,7.6
3134515,Real World Haskell,Code You Can Believe In,Bryan O'Sullivan、John Goerzen、Don Stewart,,O'Reilly Media,2008-12-01,CAD 49.99,8.4
1246238,计算机视觉,一种现代方法,David A.Forsyth、Jean Ponce、王宏,王宏,电子工业出版社,2004-6-1,55.00,8.1
6021272,API Design for C++,,Martin Reddy,,Morgan Kaufmann,2011-2-18,USD 59.95,8.1
6806862,The Linux Command Line,A Complete Introduction,William E. Shotts, Jr.,,No Starch Press,2012-1-17,0,9.2
2970300,计算机网络,第5版,谢希仁,,电子工业出版社,2008-1,35.00元,7.9
1081005,数据结构、算法与应用,C++语言描述,（美）Sartaj Sahni,汪诗林、孙晓东、等,机械工业出版社,2000-01,49.00,7.9
4199502,大话无线通信,,丁奇,,人民邮电出版社,2010-1,45.00元,8.3
2123175,应用组合数学,,罗伯茨,冯速,机械工业出版社,2007-5,69.00元,8.4
1100792,人工智能,,尼尔森,郑扣根、庄越挺,机械工业出版社,2003-12,30.00元,7.8
1239603,MPI与OpenMP并行程序设计,,Michael J. Quinn,陈文光、武永卫,清华大学出版社,2004-1,51.00元,8.0
2031396,深入解析Windows操作系统,,（美）罗斯（Russinovich,M.E.）、（美）所罗门（Solomon,D.A.）,潘爱民,电子工业出版社,2007-4,99.00元,8.9
1241357,特别版MATHEMATICA全书,,[美] 斯蒂芬·沃尔夫雷,赫孝良、周义仓,西安交通大学出版社,2002-1,60.00元,8.8
1232090,计算机奥秘,,Ron White,,清华大学出版社,2003-4,76.00元,8.0
6047744,Android技术内幕,系统卷,杨丰盛,,机械工业出版社,2011-6,69.00元,6.9
26302645,深入理解Scala,,[美] Joshua D. Suereth 苏瑞茨 著,杨云,人民邮电出版社,2014-12,59元,6.9
1231481,COM本质论,,[美] Don Box,潘爱民,中国电力出版社,2001-8,49.00元,8.6
3905078,世界大学生程序设计竞赛,程序设计中常用的计算思维方式,吴文虎、王建德,,中国铁道出版社,2009-7,42.00元,8.3
6920082,Objective-C编程之道,iOS设计模式解析,钟冠贤(Carlo Chung),刘威,人民邮电出版社,2011-11-1,59.00元,7.4
1231268,矩阵论,,方保镕,,清华大学出版社,2004-1,39.00元,8.4
10427877,信息可视化,,（英） Robert Spence,陈雅茜,机械工业出版社,2012-1,59.00元,6.9
11505704,The Ph.D. Grind,,（英） Robert Spence,陈雅茜,机械工业出版社,2012-1,59.00元,9.1
6559570,国际顶级数字艺术大师佳作赏析,,（英） Robert Spence,陈雅茜,机械工业出版社,2012-1,59.00元,8.0
1989533,Foundations of Computer Science,C Edition (Principles of Computer Science Series),Alfred V. Aho、Jeffrey D. Ullman,,W. H. Freeman,1994-10-15,118.6,7.7
4311436,IDA Pro权威指南,,Chris Eagle,石华耀、段桂菊,人民邮电出版社,2010-3,79.00元,8.3
4065195,Arbitrage Theory in Continuous Time,,Tomas Björk,,Oxford University Press,2009-10-4,USD 85.00,9.0
26005630,跟阿铭学Linux,,李世明,,人民邮电出版社,2014-10,59.00元,7.5
1945005,数据库系统概论（第四版）,,王珊、萨师煊,,高等教育出版社,2006-5,39.00元,6.5
20374756,并行程序设计导论,并行程序设计导论,Peter Pacheco,邓倩妮,机械工业出版社华章公司,2012-12-1,49.00元,7.6
2667214,An Introduction to Programming with Mathematica®,,Paul R. Wellin、Richard J. Gaylord、Samuel N. Kamin,,Cambridge University Press,2005-1-31,USD 96.00,8.5
1141154,程序开发心理学,软件与系统思想家温伯格精粹译丛,（美）杰拉尔德·温伯格,邓俊辉,清华大学出版社,2004-1-1,39.00元,8.4
1231690,离散数学及其应用(原书第4版),,Kenneth H.Rosen,,机械工业出版社,2002-1-1,75.00,9.0
3107523,计算机视觉中的数学方法,,Kenneth H.Rosen,,机械工业出版社,2002-1-1,75.00,8.7
5976115,Vector Basic Training,A Systematic Creative Process for Building Precision Vector Artwork,Von R. Glitschka,,New Riders Press,2011-1-1,USD 44.99,8.4
2116929,高质量程序设计指南,—C++/C语言,林锐、韩永泉,,电子工业,2007-5,39.80元,8.2
1458241,The Computational Beauty of Nature,Computer Explorations of Fractals, Chaos, Complex Systems, and Adaptation,Gary William Flake,,The MIT Press,2000-01-31,USD 45.00,8.1
2627156,The Art of Computer Programming, Volume 4A,Combinatorial Algorithms, Part 1,Donald E. Knuth,,Addison-Wesley Professional,2011-1-22,$74.99,8.4
6889456,Linux Shell脚本攻略,,(印)拉克什曼,门佳,人民邮电出版社,2011-11,49.00元,8.1
26710788,wireshark网络分析艺术,,林沛满,,人民邮电出版社,2016-2-1,45.00元,8.7
1728779,计算机系统结构精髓,,科默,,清华大学出版社,2006-3,29.00元,8.8
26340294,Apache Spark源码剖析,,许鹏,,电子工业出版社,2015-3,68.00元,6.9
1172178,数据挖掘中的新方法：支持向量机,支持向量机,邓乃扬、田英杰,,科学出版社,2004-6-10,53.00元,8.0
4231293,软件调试实战,,Thorsten Grotker、Ulrich Holtmann、Holger Keding、Markus Wloka,赵俐,人民邮电出版社,2010-2,45.00元,7.3
1468622,A New Kind of Science,,Stephen Wolfram,,Wolfram Media Inc,2002-5,GBP 40.00,8.3
5921462,图像处理、分析与机器视觉,,[美]桑卡(Milan Sonka)、[美]赫拉瓦卡(Vaclav Hlavac)、[美]博伊尔(Roger Boyle),艾海舟、苏延超,清华大学,2011-1,69.50元,7.3
25837796,汇编语言,基于Linux环境（第3版）,Jeff Duntemann,梁晓晖,清华大学出版社,2014-2,99元,7.4
3592243,应用组合数学,,Alan Tucker,冯速,人民邮电出版社,2009-3,65.00元,7.7
1086595,用TCP/IP进行网际互联,,Douglas E.Comer、David L.Stecens,赵刚、林瑶、蒋慧,电子工业出版社,2001-4-1,48.00元,8.1
22994746,Servlet和JSP学习指南,,Budi Kurniawan,崔毅、俞哲皆、俞黎敏,机械工业出版社华章公司,2013-4-14,59.00元,7.7
24530471,软件系统架构,使用视点和视角与利益相关者合作,Nick Rozanski、Eoin Woods,侯伯薇,机械工业出版社,2013-5,99.00元,7.4
1503810,C++高级编程,,索尔特,刘鑫、杨健康,机械工业出版社,2006-1,88.00元,8.8
4233750,音乐声学与心理声学,,霍华德、安格斯,陈小平,人民邮电出版社,2010-1,75.00元,8.4
1240321,Linux内核源代码情景分析（下册）,,毛德操、胡希明,,浙江大学出版社,2001-9,70.00元,8.4
5416095,短码之美,,Ozy (著), やねうらお (監修),,人民邮电出版社,2011-1-8,59.00元,6.7
1231696,实用算法的分析与程序设计,,吴文虎 王建德,,电子工业出版社,1998-1,28.00元,8.1
4872461,Intel微处理器,计算机科学丛书,（美）Barry B Brey,金惠华、艾明晶、尚利宏,机械工业出版社,2010年6月,89.00元,7.5
1787534,Structure and Interpretation of Classical Mechanics,,Gerald Jay Sussman、Jack Wisdom,,The MIT Press,2001-3-19,USD 84.00,7.9
2348812,程序员面试攻略,,蒙干,王海鹏,机械工业出版社,2007-12,29.00元,7.7
25911738,Android编程实战,,赫尔曼 (Erik Hellman),丁志虎、武海峰,人民邮电出版社,2014-6-1,CNY 69.00,7.6
1215873,数据结构与程序设计,,Robert L.Kruse、Alexander J.Ryba,,高等教育出版社,2001-5,39.00,7.8
1880471,计算机文化,,[美]JuneJamrichP,,机械工业出版社,2006-9,59.00元,7.5
26278639,精益数据分析,,[加] 阿利斯泰尔·克罗尔、[加] 本杰明·尤科维奇,韩知白、王鹤达,人民邮电出版社,2014-12,79.00元,8.3
1882459,Java语言程序设计基础篇,原书第5版,梁,王镁,机械工业出版社,2006-8,58.00元,7.9
1764668,Logic in Computer Science,Modelling and Reasoning about Systems,Michael Huth、Mark Ryan,,Cambridge University Press,2004-08-30,USD 72.00,8.7
26341154,密码的奥秘（全彩）,,Paul Lunde（保罗·伦德）,刘建伟、王琼,电子工业出版社,2015-3-1,128.00元,8.0
6872849,Social Network Analysis for Startups,Finding connections on the social web,Maksim Tsvetovat、Alexander Kouznetsov,,O'Reilly Media,2011-10-7,USD 24.99,7.4
6530430,Head First Android Development,A Learner's Guide to Creating Applications for Android Devices,Jonathan Simon,,O'Reilly Media,2011-8-5,USD 44.99,8.1
1236987,学习GNU Emacs,,[美] Debra Cameron、Bill Rosenblatt、Hric Raymond,杨涛、杨晓云、王建桥,机械工业出版社,2003-1,68.00元,7.8
1088168,Windows 程序设计：第5版,,CharlesPetzold,北京博彦科技发展有限公司,北京大学出版社,2003-11-1,160.00元,8.9
11613104,Computer Vision,Models, Learning, and Inference,Dr Simon J. D. Prince,,Cambridge University Press,2012-6-18,USD 99.99,7.9
2147362,计算机算法设计与分析,,王晓东,,电子工业出版社,2007-5,29.50元,6.6
5309377,随机过程导论,,(美)Gregory F. Lawler,张景肖,机械工业出版社,2010 年9月,36.00元,7.2
25774649,Hadoop技术内幕,深入解析YARN架构设计与实现原理,董西成,,机械工业出版社,2013-11-30,69.00元,7.7
3088353,软件调试,Software Debugging,张银奎,,电子工业出版社,2008-6,128.00元,8.8
3193388,Spring Recipes,A Problem-Solution Approach,Gary Mak,,apress,2008,USD 49.99,8.8
7154449,信息检索,实现和评价搜索引擎,（美）Stefan Büttcher、（加）Charles L.A.Clarke、（加）Gordon V. Cormack,陈健、黄晋,机械工业出版社,2012-1,65.00元,7.5
6855804,Windows PE权威指南,剖析Windows PE文件格式的原理及编程技术,戚利,,机械工业出版社华章公司,2011-10,89.00元,7.9
24833391,Java Persistence with MyBatis 3,,K. Siva Prasad Reddy,,PACKT PUBLISHING,2013-6-20,GBP 18.99,8.0
2861227,Probabilistic Robotics (Intelligent Robotics and Autonomous Agents),Robotics,Sebastian Thrun、Wolfram Burgard、Dieter Fox,,The MIT Press,September 1, 2005,$60.00,9.1
3923796,黑客之道,漏洞发掘的艺术,Sebastian Thrun、Wolfram Burgard、Dieter Fox,,The MIT Press,September 1, 2005,$60.00,7.7
1896758,计算理论基础,,Harry R. Lewis、Christos H. Papadimitriou,,清华大学出版社,2006-7,29.00元,8.4
6731442,对称的历史,,[美]伊恩·斯图尔特,王天龙,上海人民出版社,2011-8,45.00元,8.0
1551888,贝叶斯统计,贝叶斯统计,茆诗松,,中国统计出版社,1999-1,15.00元,8.2
26419768,颠覆完美软件,软件测试必须知道的几件事,【美】Gerald M. Weinberg,宋锐,电子工业出版社,2015-7,49.00元,7.6
5406042,设计原本,计算机科学巨匠Frederick P. Brooks的思考,Frederick P. Brooks, Jr.,InfoQ中文站、王海鹏、高博,机械工业出版社,2011-1-1,55.00元,7.7
25906453,Getting Started with LLVM Core Libraries,,Bruno Cardoso Lopes、Rafael Auler,,Packt Publishing,2014-8-26,USD 44.99,7.2
4722708,系统程序员成长计划,,李先静,,人民邮电出版社,2010-04,45.00,7.9
20701576,云计算与分布式系统,从并行处理到物联网,（美）Kai Hwang、（美）Geoffrey C Fox、（美）Jack J Dongarra,武永卫、秦中元、李振宇、钮艳,机械工业出版社,2013-1,85.00元,6.6
6529835,Java语言程序设计,进阶篇(原书第8版),（美）  Y. Daniel Liang,李娜,机械工业出版社,2011-6,79.00元,8.4
2778632,C陷阱与缺陷,C语言调试指南,凯尼格,高巍,人民邮电出版社,2008-2-1,30.00元,8.9
5402533,优雅人生,,Kurt W. Beyer,包艳丽、刘珍、陈菲,机械工业出版社华章公司,2010-12-25,39.00元,7.3
1466989,A Course in Game Theory,,Martin J. Osborne、Ariel Rubinstein,,The MIT Press,1994-7-12,USD 46.00,8.6
1823807,Approximation Algorithms,,Vijay V. Vazirani,,Springer,2001-07-02,USD 54.95,8.9
2193777,Joel谈优秀软件开发方法,,Joel Spolsky,王慧,清华大学,2007-7,39.00元,7.6
6125551,走进搜索引擎,,Joel Spolsky,王慧,清华大学,2007-7,39.00元,7.3
20440954,云计算,大数据时代的系统工程,姚宏宇 田溯宁,,电子工业出版社,2013-1,32.00元,7.2
1842456,Open GL编程指南,,[美] Dave Shreiner [等],徐波 [等],机械工业出版社,2006-6,69.00元,9.0
10831542,R Graphics Cookbook,,Winston Chang,,O'Reilly Media,2013-1-3,USD 39.99,9.0
25856712,树莓派学习指南,基于 Linux,[英]Peter Membrey、[澳]David Hows,张志博、孙峻文,人民邮电出版社,2014-4,49.00元,7.4
1231361,图论简明教程,,Fred Buckley、Marty Lewinter,李慧霸、王凤芹,清华大学出版社,2005-1-1,39.0,8.4
10759173,CDN技术详解,,雷葆华、孙颖、王峰、陈晓益,,电子工业出版社,2012-6,69.00元,6.4
1705742,汇编语言与计算机体系结构,,赖斯,,清华大学出版社,2006-1,79.00元,7.9
2122940,深度探索关系数据库,实践者的关系理论,C.J.Date,熊建国,电子工业出版社,2007,35.00元,8.0
1229889,现代体系结构上的UNIX系统,内核程序员的SMP和Caching技术 希梅,希梅尔,,人民邮电出版社,2003-4,39.00元,8.1
3117569,植物的算法美,,希梅尔,,人民邮电出版社,2003-4,39.00元,7.7
4230036,R in a Nutshell,A Desktop Quick Reference,Joseph Adler,,O'Reilly Media,2010-1-11,GBP 38.50,8.5
6392055,iOS软件开发揭密,iPhone & iPad企业应用和游戏开发,虞斌,,电子工业出版社,2011-5-1,79.00元,6.6
2243615,Head First 设计模式（中文版）,,弗里曼,O'Reilly Taiwan公司,中国电力出版社,2007-9,98.00元,9.2
26090543,Data Science at the Command Line,Facing the Future with Time-Tested Tools,Jeroen Janssens,,O'Reilly Media,2014-10-20,USD 39.99,7.5
1231794,Windows图形编程,,Feng Yuan、英宇工作室,英宇工作室,机械工业出版社,2002-4-1,88.00元,9.4
26677686,Python数据分析与挖掘实战,,张良均、王路、谭立云、苏剑林,,机械工业出版社,2016-1,69.00元,7.4
1891912,Distributed Algorithms,,Nancy A. Lynch,,Morgan Kaufmann,1996-3-15,USD 155.00,7.8
1435126,形式语言与自动机导论,,林兹,,机械工业出版社,2005-9,36.00元,7.9
3704991,Land of Lisp,Learn to Program in Lisp, One Game at a Time!,Conrad Barski M.D.,,No Starch Press,October 2009 (est.),386.00 元,9.0
26278021,Fluent Python,,Luciano Ramalho,,O'Reilly Media,2015-8-20,USD 39.99,9.5
25840617,JavaScript编程实战,,[美] Jon Raasch,吴海星,人民邮电出版社,2014-3,59.00,7.6
6793652,MATLAB智能算法30个案例分析,MATLAB智能算法30个案例分析,史峰、王辉、胡斐、郁磊,,北京航空航天大学出版社,2011-7-1,39.00元,7.8
3666232,The Little Book of SEMAPHORES,The Ins and Outs of Concurrency Control and Common Mistakes,Allen B. Downey,,CreateSpace Independent Publishing Platform,2009-3-20,USD 34.95,7.8
1058576,计算机操作系统,,汤子瀛、哲凤屏、汤小丹,,西安电子科技大学出版社,2007-5,27.00,6.4
2122726,无线通信,,哥德史密斯,杨鸿文,人民邮电出版社,2007-6,69.00元,8.7
17665384,Architecture of a Database System,,Joseph M Hellerstein、Michael Stonebraker、James Hamilton,,Now Publishers Inc,2007-9-30,USD 85.00,7.7
6962113,Python for Kids,A Playful Introduction to Programming,Jason R. Briggs,,No Starch Press,2012-12-22,USD 34.95,8.1
5924860,Python 3程序开发指南,,（美）萨默菲尔德,王弘博、孙传庆,人民邮电出版社,2011-2-1,69.00元,7.1
1676583,小块松散组合,全球化、城市化、老龄化的视角,封进,,中信出版社,2003-01-06,15.0,7.3
1246353,C数值算法,,(美国)普雷斯等著、傅祖芸等译,傅祖芸,电子工业出版社,2004-1,68.00,8.9
25854719,程序员的数学思维修炼（趣味解读）,,周颖,,清华大学出版社,2014-4-1,45.00元,5.4
1215826,Essential C++中文版,,[美] Stanley B. Lippman,侯捷,华中科技大学出版社,2001-8,39.80元,8.3
3042029,Linux系统管理技术手册,,奈米斯,张辉,人民邮电出版社,2008-5,99.00元,8.5
20112875,Bandit Algorithms for Website Optimization,,奈米斯,张辉,人民邮电出版社,2008-5,99.00元,7.6
1237544,面向计算机科学的数理逻辑,,陆钟万,,科学出版社,2002-1,24.00元,7.2
1218871,现代编译器的Java实现(第2版),,Andrew w.appel、陈明,陈明,电子工业出版社,2004-9-1,35.00,7.3
11589836,捉虫日记,,Tobias Klein,张伸,人民邮电出版社,2012-9,39.00元,8.8
3519360,Shell脚本学习指南,,Arnold Robbins、Nelson H.F.Beebe,O Reilly Taiwan公司,机械工业出版社,2009-4,79.00元,7.5
26410821,Swift与Cocoa框架开发,,[澳] Jonathon Manning、[澳] Paris Buttfield-Addison、[澳] Tim Nugent,贾洪峰,人民邮电出版社,2015-6,89.00元,7.1
1503812,事务信息系统,并发控制与恢复的理论算法与实践,威肯、沃什,陈立军、邱海艳、赵加奎,机械工业出版社,2006-1-1,78.0,7.5
1230430,高级Perl编程,,[美] Sriram Srinivasan,Perlish,中国电力出版社,2001-1,69.00元,8.7
5355285,编程人生,15位软件先驱访谈录,Peter Seibel,图灵俱乐部,人民邮电出版社,2011-1-1,79.00元,8.4
5401851,Python参考手册（第4版）,,David M.Beazley,谢俊、杨越、高伟,人民邮电出版社,2010-12,89.00元,7.5
1964694,计算机病毒防范艺术,,斯泽,段新海,机械工业出版社,2007-1,49.00元,8.8
7055256,Optimization for Machine Learning,,Suvrit Sra、Sebastian Nowozin、Stephen J. Wright,,The MIT Press,2011-9-30,USD 50.00,7.9
1954700,复杂网络,,郭雷，许晓鸣,,上海科技教育出版社,2006-1,78.00元,8.0
3561816,计算机图形学,,Francis S Hill, Jr.,胡事民、刘利刚,清华大学出版社,2009-2,99.00元,8.1
20270192,程序员面试笔试宝典,,Francis S Hill, Jr.,胡事民、刘利刚,清华大学出版社,2009-2,99.00元,8.0
2016013,用TCP/IP进行网际互连,原理、协议与结构（第五版）,科默 (Douglas E.Comer),林瑶、张娟、王海,电子工业出版社,2007-2-1,45.00元,9.0
6430747,The Architecture of Open Source Applications,Elegance, Evolution, and a Few Fearless Hacks,Amy Brown、Greg Wilson,,Lulu.com,2011-5-23,USD 35,8.5
3171452,HTML+CSS网页设计与布局从入门到精通,,温谦,,人民邮电出版社,2008-8,49.00元,7.4
1439458,心我论,对自我和灵魂的奇思冥想,[美] 道格拉斯.R.霍夫施塔特(Douglas R.Hofstadter)、[美] 丹尼尔·C.丹尼特(D.C.Dennett),陈鲁明,上海译文出版社,1999,15.40元,8.6
6756090,松本行弘的程序世界,,松本行弘,柳德燕、李黎明、夏倩、张文旭,人民邮电出版社,2011-8,75.00元,8.4
25819566,王道程序员求职宝典,,松本行弘,柳德燕、李黎明、夏倩、张文旭,人民邮电出版社,2011-8,75.00元,7.6
4893005,Programming Python,4th edition,Mark Lutz,,O'Reilly Media,2011-1-10,$64.99,7.9
6433169,Linux内核设计的艺术,图解Linux操作系统架构设计与实现原理,新设计团队,,机械工业出版社华章公司,2011-6-20,79.00元,6.8
25772410,操作系统设计：Xinu方法,,(美)Douglas Comer,邹恒明、周亮、曹浩、刘正邦 等,机械工业出版社,2013-12,79.00,7.0
1177989,算法设计技巧与分析,,[沙特]M. H. Alsuwaiyel,吴伟昶、方世昌,电子工业出版社,2004-8,33.00元,7.6
4703192,信息论与编码,,[沙特]M. H. Alsuwaiyel,吴伟昶、方世昌,电子工业出版社,2004-8,33.00元,8.1
10798975,程序语言的奥妙,算法解读,杉浦贤,李克秋,科学出版社,2012-7,32.00元,7.5
2293707,商业数据挖掘导论,,（美）戴维.奥尔森、.（中）石勇,吕巍,机械工业,2007-8,38.00元,7.6
25879705,机器学习实践指南,案例应用解析,麦好,,机械工业出版社,2014-4-1,69.00,6.5
1453645,编译器构造C语言描述,,费希尔,,机械工业出版社,2005年7月1日,65.00元,7.6
1801392,算法分析导论,,（美）Robert Sedgewick、（法）Philippe Flajolet,冯舜玺、李学武、裴伟东、等其他,机械工业出版社,2006-4,38.00元,7.6
1456525,The Design and Implementation of the FreeBSD Operating System,,Marshall Kirk McKusick、George V. Neville-Neil,,Addison-Wesley Professional,2004-8-12,USD 79.99,8.1
10484692,Java并发编程实战,,Brian Goetz、Tim Peierls、Joshua Bloch、Joseph Bowbeer、David Holmes、Doug Lea,童云兰,机械工业出版社华章公司,2012-2,69.00元,9.0
3756977,Programming Scala,Scalability = Functional Programming + Objects,Dean Wampler、Alex Payne,,O'Reilly Media,2009-09-15,USD 44.99,7.9
1232045,《数据结构》算法实现及解析,,高一凡,,西安电子科技大学出版社,2002-10-1,35.0,7.9
25782529,程序员面试攻略(原书第3版),,(美)John Mongan、Eric Giguere、Noah Kindler,李秉义,机械工业出版社,2014-1,59.00,7.4
4164024,高效程序员的45个习惯,敏捷开发修炼之道,Venkat Subramaniam、Andy Hunt,钱安川、郑柯,人民邮电出版社,2010-01,35.00元,8.1
1445082,离散数学,,约翰巴夫,,电子工业出版社,2005-10,66.00元,8.6
21365482,程序员度量,改善软件团队的分析学,Jonathan Alexander,张燎原、周峰、张刚、宋励奋,机械工业出版社,2013-3,59.00元,7.5
1865724,深入理解Linux虚拟内存管理,,[爱尔兰] Mel Gorman,白洛、李俊奎、刘森林,北京航空航天大学出版社,2006-1,76.00元,7.0
1172109,现代密码学理论与实践,,毛文波,,电子工业出版社,2004-1,49.00元,8.8
10801399,The Architecture of Open Source Applications, Volume II,Structure, Scale, and a Few More Fearless Hacks,Amy Brown、Greg Wilson,,lulu.com,2008-5-7,$69.95,8.4
1479316,Matrix Analysis and Applied Linear Algebra Book and Solutions Manual,,Carl D. Meyer,,SIAM: Society for Industrial and Applied Mathematics,2001-02-15,USD 97.00,9.1
2864217,Bayesian Computation With R,,Albert, Jim,,Springer Verlag,2008.07,49.95,8.8
10851324,C# 5.0 in a Nutshell,The Definitive Reference,Joseph Albahari、Ben Albahari,,O'Reilly Media,2012-6-26,GBP 38.50,9.2
1289150,LATEX实用教程（英文版・第4版）,经典原版书库,赫尔穆特·科普卡,,机械工业出版社,2005年04月,69.0,8.1
3007085,SQL解惑,,Joe Celko,米全喜,人民邮电,2008-4,49.00元,7.5
2036942,Why Programs Fail,系统化调试指南,泽勒,王咏武、王咏刚,电子工业出版社,2007-3,59.00元,8.0
3617757,算法少女,,遠藤寬子,周若珍,小知堂文化事業有限公司,2009-5,NT$230,7.7
10851006,计算机科学前沿技术,,王伟 编,,清华大学出版社,2012-7,59.00元,7.9
1064678,意料之外的绞刑和其他数学娱乐,通俗数学名著译丛,（美）加德纳,胡乐士,上海教育出版社,2003-03,16.50元,8.2
3554163,3D游戏引擎设计,实时计算机图形学的应用方法,David H. Eberly,,人民邮电出版社,2009-2,138.00元,9.0
4141733,Linux C编程一站式学习,,宋劲杉,,电子工业出版社,2009-12,60.00元,9.0
2048753,软件工程,,萨默维尔,程成,机械工业出版社,2007-1-1,55.00元,8.1
3093012,Collective Intelligence in Action,,Satnam Alag,,Manning Publications,2008.08,$44.99,7.9
25866394,软件定义网络,SDN与OpenFlow解析,[美] Thomas D. Nadeau Ken Gray,毕　军、单　业、张绍宇、姚　广,人民邮电出版社,2014-4-5,79.00元,6.7
2036081,Algorithmic Game Theory,,Noam Nisan、Tim Roughgarden,,Cambridge University Press,2007-9-24,USD 64.99,7.6
1619631,H.264和MPEG-4视频压缩,新一代多媒体的视频编码技术,理查森,欧阳合、韩军,国防科技大学出版社,2004-11,39.00元,7.7
1230394,离散数学教程,,耿素云、屈婉玲、王捍贫,,北京大学出版社,2002-6-1,49.00元,8.4
26436391,工业互联网,互联网+时代的产业转型,许正,,机械工业出版社,2015-5,39.00,7.2
1095234,离散时间信号处理,第2版,A.V.奥本海姆,刘树棠,西安交通大学出版社,2001-9,78.00元,8.8
20256540,自然语言处理简明教程,现代语言学丛书,A.V.奥本海姆,刘树棠,西安交通大学出版社,2001-9,78.00元,7.8
5360347,Python Text Processing with NLTK 2.0 Cookbook,,Jacob Perkins,,Packt Publishing,2010-11-11,USD 39.99,7.4
1152139,数据结构与STL,,[美] William J.Collins,,机械工业出版社,2004-1,49.00元,8.6
1229715,组合数学,,卢开澄,,清华大学,2002-7-1,19.8,7.4
25942191,第一行代码,Android,郭霖,,人民邮电出版社,2014-8,79.00元,8.4
1184057,离散时间语音信号处理,,夸特尔瑞,赵胜辉,电子工业出版社,2004-8,59.00元,7.7
1040623,数学游戏与欣赏,,[英国] 劳斯·鲍尔、[加拿大] 考克斯特,杨应辰 等,上海教育出版社,2001-4,25.70元,8.5
1888111,Convex Optimization,,Stephen Boyd、Lieven Vandenberghe,,Cambridge University Press,2004-3-8,USD 90.00,9.5
22846521,大数据挑战与NoSQL数据库技术,,陆嘉恒,,电子工业出版社,2013-4-15,79.00元,6.8
2248942,Fortran 95/2003 for Scientists and Engineers,,Bekkerman, Ron; Bilenko, Mikhail; Langford, John,,Cambridge University Press,2011-12-30,USD 90.00,8.0
3288728,设计模式,基于C#的工程化实现及扩展,王翔,,电子工业出版社,2009-1-1,98.00元,8.7
6003832,软件框架设计的艺术,,[捷] Jaroslav Tulach,王磊、朱兴,人民邮电出版社,2011-3,75.00元,7.9
6966320,专业嵌入式软件开发,全面走向高质高效编程,李云,,电子工业出版社,2012-1,108.00元,7.6
1318220,并行程序设计,,Barry Wilkinson、Michael Allen、陆鑫达,陆鑫达,机械工业出版社,2005-5-1,48.00元,7.9
26155050,Advanced R,,Hadley Wickham,Chapman and Hall,CRC,2014-9-25,USD 59.95,9.5
11229716,Getting Started with Storm,,Jonathan Leibiusky、Gabriel Eisbruch、Dario Simonassi,,O'Reilly Media,2012-9-17,USD 19.99,7.3
1440658,Dive Into Python,,Mark Pilgrim,,Apress,19 July, 2004,$39.99,8.3
1435923,游戏编程精粹4,,柯姆斯,,人民邮电出版社,2005-9,85.00元,8.7
1320878,UML精粹,标准对象建模语言简明指南：第3版,(美)Martin Fowle,徐家福,清华大学,2005-1,29.00元,6.7
1184779,数值方法和MATLAB实现与应用,,拉克唐瓦尔德,,机械工业出版社,2004-9,59.00元,8.8
6851098,计算机图形学与几何造型导论,计算机图形学与几何造型导论,戈德曼,,邓建松,2011-9,69.00元,7.4
1507931,统计学习理论的本质,,[美] Vladimir N. Vapnik,张学工,清华大学出版社,2000,27.00元,9.0
6015124,身边的电子学,36个有趣的电子小实验,Charles Platt,尹华杰、王莲,人民邮电出版社,2011-4,79.00元,8.9
2364517,数理逻辑,,李未,,科学出版社,2008-1,58.00元,8.0
5346530,计算机代数系统的数学原理,,李超、阮威、张龙、张翔,,清华大学出版社,2010-10,39.00元,7.6
4086029,架构之美,Beautiful Archiecture,Till Adam,王海鹏、蔡黄辉、徐锋,机械工业出版社,2009,75,7.1
21459993,Clojure程序设计,,哈罗威 (Stuart Halloway)、拜卓 (Aaron Bedra),温瑞云,人民邮电出版社,2013-4-1,49.00元,7.7
2709181,Parallel Computer Architecture,A Hardware/Software Approach,Culler, David、Singh, J.P.、Gupta, Anoop,,Morgan Kaufmann Publishers In,1998-9-29,USD 162.72,8.0
1315127,真实地带：十大科学争论,世纪人文系列丛书,（美）哈尔・赫尔曼,赵乐静,上海科学技术出版社,2005-05,25.00,7.5
1099242,网络机器人Java编程指南,,美 Heaton J.,,电子工业出版社,2002-7,44.00元,7.5
5463738,Polygon Mesh Processing,,Mario Botsch、Leif Kobbelt、Mark Pauly、Pierre Alliez、Bruno Levy,,A K Peters,2010-9-22,USD 59.95,7.9
3033492,语言与机器,计算机科学理论导论,（美）萨德坎普,孙家骕,机械工业出版社,2008年,49.00元,7.8
6434299,算法设计与分析,,屈婉玲、刘田、张立昂、王捍贫,,清华大学,2011-5,25.00元,8.0
25723064,大型网站技术架构,核心原理与案例分析,李智慧,,电子工业出版社,2013-9-1,59.00元,7.8
1088045,Windows核心编程,,Jeffrey Richter,,机械工业出版社,2000-5-1,86.00元,8.8
20492528,x86汇编语言,从实模式到保护模式,李忠、王晓波、余洁,,电子工业出版社,2013-1,56.00元,9.1
3883699,ARM Cortex-M3权威指南,,姚文详,,北京航空航天大学出版社,2009-7-1,49.00元,8.1
1480481,C++编程规范,101条规则、准则与最佳实践,（美）Herb Sutter, Andrei Alexandrescu,刘基诚,人民邮电出版社,2006-1,35.00元,8.2
1894611,范畴论,,贺伟,,科学出版社,2006-7,22.00元,7.7
24737847,七周七数据库,,[美]Eric Redmond,王海鹏、田思源、王晨,人民邮电出版社,2013-5-30,CNY 59.00,7.3
25967355,Kali渗透测试技术实战,,(美)James Broad、Andrew Bindner,IDF实验室,机械工业出版社,2014-9,59.00,6.5
7003341,iOS Hacker's Handbook,,Charlie Miller、Dion Blazakis、Dino DaiZovi、Stefan Esser、Vincenzo Iozzo、Ralf-Philipp Weinmann,,Wiley,2012-5-8,USD 44.99,8.0
6789516,Data Structures and Algorithms Using Python,,Rance D. Necaise,,Wiley,2010-12-21,730.00元,7.4
1723151,Linux设备驱动程序,,科波特,魏永明、耿岳、钟书毅,中国电力出版社,2006-1-1,69.00元,8.8
6813329,R语言初学者指南,,阿兰.F.祖尔,周丙常、王亮,西安交通大学出版社,2011-8,36.00元,7.7
2283255,量子化学,基本原理和从头计算法.上册（第二版）,徐光宪、黎乐民、王德民,,科学出版社,2007,55.00元,9.2
4783556,C Program Language,,徐光宪、黎乐民、王德民,,科学出版社,2007,55.00元,8.0
1194821,并行计算导论,,Ananth Grama、George Karypis、张武、毛国勇、Anshul Gupta、Vipin Kumar、程海英,张武、毛国勇、程海英,机械工业出版社,2005-1-1,49.00元,7.5
1699539,科学计算导论,第2版,希思,,清华大学出版社,2005-10,48.00元,8.3
3152176,Introduction to Programming in Java,An Interdisciplinary Approach,Robert Sedgewick、Kevin Wayne,,Addison-Wesley,2007-7-27,USD 89.00,8.9
10597464,The Data Journalism Handbook,How Journalists Can Use Data to Improve the News,Jonathan Gray、Liliana Bounegru、Lucy Chambers,,O'Reilly Media, Inc, USA,2012-7-24,USD 24.99,8.1
25880219,Python开发实战,,[日] BePROUD股份有限公司,盛荣,人民邮电出版社,2014-6,79.00元,6.6
1119944,Web协议与实践,HTTP1.1、网络协议、缓存技术和流量测量,克里希纳穆尔蒂 (KrishnamurthyBalachander),范群波,科学出版社,2003-7,46.0,8.0
3120034,JavaScript王者归来,,月影,,清华大学出版社,2008-7,86.00元,7.5
10546925,白帽子讲Web安全,,吴翰清,,电子工业出版社,2012-3,69.00元,8.2
4311129,OpenGL编程指南（原书第7版）,,[美] Dave Shreiner,李军、徐波 [等],机械工业出版社,2010-3,89.00元,8.3
4778377,图像局部不变性特征与描述,,王永明、王贵锦,,国防工业出版社,2010-4,35.00元,8.0
3815674,交互式计算机图形学,,Edward Angel,,电子工业大学出版社,2009-7,69.00元,7.7
6748308,软件项目成功之道,,Edward Angel,,电子工业大学出版社,2009-7,69.00元,8.2
2237446,Object-Oriented Programming With ANSI-C,,Edward Angel,,电子工业大学出版社,2009-7,69.00元,8.4
10554193,零基础学算法,,戴艳,,机械工业出版社,2012-3-1,69.00元,7.3
1970421,How Debuggers Work,Algorithms, Data Structures, and Architecture,Jonathan B. Rosenberg,,Wiley,1996-09-27,USD 54.99,7.2
25758064,程序员第二步,从程序员到项目经理,尹华山,,人民邮电出版社,2013-11,45.00元,6.3
25752043,信息简史,,[美] 詹姆斯·格雷克,高博,人民邮电出版社,2013-10,69.00元,8.7
1115600,神经网络设计,,戴葵,戴葵、李伯民 审校,机械工业出版社,2007-09-01,49.0,8.8
4924166,Visual C# 2010从入门到精通,Step by Step,夏普(John Sharp),周靖,清华大学出版社,2010年8月1日,78.00元,8.0
1875360,Common LISP. Second Edition,The Language,Guy Steele,,Digital Press,1990-06-15,USD 101.00,8.1
1312415,业务建模与数据挖掘,,[美] Dorian Pyle；杨冬青,,机械工业出版社,2005-1,55.00元,7.5
20385439,OpenCL编程指南,,Aaftab Munshi、Benedict R. Gaster、Timothy G. Mattson、James Fung、Dan Ginsburg,苏金国、李璜、杨健康,机械工业出版社华章公司,2012-12-1,89.00元,7.3
4710825,妙趣横生的算法,（C语言实现）,杨峰,,清华大学出版社,2010-4,49.00元,7.4
4163938,软件随想录,程序员部落酋长Joel谈软件,Joel Spolsky,阮一峰,人民邮电出版社,2009,49.00元,8.7
24720270,Objective-C高级编程,iOS与OS X多线程和内存管理,坂本一树 (Kazuki Sakamoto)、古本智彦 (Tomohiko Furumoto),黎 华,人民邮电出版社,2013-6-1,CNY 49.00,8.3
26270372,寻路大数据,海量数据与大规模分析,Michael Manoochehri,戴志伟,电子工业出版社,2014-11,59.00,7.2
4114150,虚拟化与云计算,,《虚拟化与云计算》小组,,电子工业出版社,2009-10,45.00元,7.0
10758776,OpenCL异构计算,,Benedict R. Gaster、Lee Howes、David R. Kaeli、Perhaad Mistry、Dana Schaa,张云泉、张先轶、龙国平、姚继锋,清华大学出版社,2012-6,76.00元,7.8
4709510,Java加密与解密的艺术,,梁栋,,机械工业出版社,2010-4,69.00元,7.3
3271104,悟透JavaScript,,李战,,电子工业出版社,2008-12,49.00元,7.6
6028258,光线跟踪算法技术,,萨芬,刘天慧,清华大学出版社,2011-3,98.00元,6.7
2243200,Simply Scheme - 2nd Edition,Introducing Computer Science,Brian Harvey、Matthew Wright,,The MIT Press,1999-08-27,USD 75.00,7.8
5998975,Redis,The Definitive Guide: Data modeling, caching, and messaging,Salvatore Sanfilippo、Ted Nyman、Pieter Noordhuis,,O'Reilly Media,2011-6-15,USD 39.99,7.2
2343850,AI游戏引擎程序设计,,施瓦布,林龙信、张波涛,清华大学出版社,2007-11,59.80元,7.3
1951517,Programming in Haskell,,Graham Hutton,,Cambridge University Press,2007,$45.00,7.7
4705969,小波与傅里叶分析基础,,Graham Hutton,,Cambridge University Press,2007,$45.00,7.8
1823108,Basic Category Theory for Computer Scientists,,Benjamin C. Pierce,,The MIT Press,1991-8-7,USD 29.00,7.6
2294404,The Little LISPer, Third Edition,,Daniel P. Friedman、Matthias Felleisen,,Prentice Hall,1989-3-30,USD 86.00,7.8
1111621,内存受限系统之软件开发,,James Noble & Charles Weir,侯捷、王飞、罗伟,华中科技大学出版社,2003-1,58.00元,7.7
6559159,Cassandra权威指南,,Eben Hewitt,王旭,人民邮电出版社,2011-8,59.00元,7.1
1102259,人月神话,,[美] 弗雷德里克·布鲁克斯,汪颖,清华大学出版社,2002-11,29.80元,8.4
1941193,The Definitive Antlr Reference,Building Domain-Specific Languages (Pragmatic Programmers),Terence Parr,,Pragmatic Bookshelf,2007-05-17,USD 36.95,8.2
17912658,The Definitive ANTLR 4 Reference,,Terence Parr,,Pragmatic Bookshelf,2013-1-22,USD 37.00,8.7
3359523,思科网络技术学院教程CCNA Exploration,网络基础知识,刘颖、刘文龙、苏茜,,中国铁道出版社,2003-5-1,36.00,7.6
1866825,数据结构与问题求解Java语言描述,,维斯,翁惠玉,人民邮电出版社,2006-7,49.00元,7.8
1846355,Algorithmic Architecture,,Kostas Terzidis,,Routledge,2006-6-21,USD 54.95,8.0
1106342,数字图像处理（第二版）,,Rafael C.Gonzalez、Richard E.Woods,阮秋琦、阮宇智,电子工业出版社,2003-3-1,59.00元,8.4
5404177,一步步写嵌入式操作系统,—ARM编程的方法与实践,李无言,,电子工业出版社,2011-1,39.00元,7.9
2309050,NONLINEAR WORKBOOK,,W.-H. Steeb,,World Scientific,1999-12,607.00元,7.5
6430439,WCF服务编程,,Juval Löwy  著,徐雷  徐扬  译,华中科技大学出版社,2011-5-31,118.00元,7.6
3094230,RESTful Web Services中文版,,Leonard Richardson、Sam Ruby,徐涵、胡伟,电子工业出版社,2008-5,69.80元,8.0
1667327,IEEE计算机先驱奖（1980-2000）:计算机科学与技术中的发明史,,崔林等编,,高等教育出版社,2002-3,23.0,8.0
1229923,重构,改善既有代码的设计,Martin Fowler,,中国电力出版社,2003-8-1,68.00元,9.0
1620641,离散数学引论,离散数学引论,王义和,,哈尔滨工业大学出版社,2000-3,19.50元,8.6
25962666,R的极客理想,——工具篇,张丹,,机械工业出版社,2014-8,59.00,7.3
1080037,技术的报复,墨菲法则和事与愿违,爱德华·特纳,徐俊培、钟季康、姚时宗,上海科技教育出版社,2000-06,29.40,6.7
4127895,Google Android开发入门指南,,王世江,,人民邮电出版社,2009-11,45.00元,7.7
1758235,Linear Algebra and Its Applications, 4e,,Gilbert Strang,,Brooks Cole,2005-07-19,USD 220.95,9.3
3124006,Principles of Model Checking,,Christel Baier、Joost-Pieter Katoen,,The MIT Press,2008-05-31,USD 60.00,7.6
3987475,文本挖掘,,（以）费尔德曼、（美）桑格,,人民邮电出版社,2009-8,69.00元,6.9
26616244,Spark快速大数据分析,,[美] Holden Karau、[美] Andy Konwinski、[美] Patrick Wendell、[加] Matei Zaharia,王道远,人民邮电出版社,2015-10,59.00元,8.2
2124078,计算机硬件及组成原理,,格吉尔,吴为民、喻文健、邓澍军、伍绍贺,机械工业,2007-5,55.00元,7.4
25779298,利用Python进行数据分析,,Wes McKinney,唐学韬,机械工业出版社,2013-11-18,89.00,8.5
3781532,Windows高级调试,,Mario Hewardt、Daniel Pravat,聂雪军,机械工业出版社,2009-5,79.00元,8.6
24298701,理解Unix进程,,Jesse Storimer,门佳,人民邮电出版社,2013-6,29.00元,7.5
6047837,Crafting Rails Applications,Expert Practices for Everyday Rails Development,Jose Valim,,Pragmatic Bookshelf,2011-4-15,USD 33.00,8.3
3260311,Erlang 程序设计,,Armstrong,赵东炜、金尹,人民邮电出版社,2008,79.00元,8.8
3061966,语义网基础教程,语义网基础教程,Ｇrigoris Antoniou,,陈小平,2008-4,32.00元,7.8
4813663,Approximation Algorithms,,Vijay V. Vazirani,,Springer,2010-12-1,USD 54.95,8.6
26284706,ODPS权威指南,阿里大数据平台应用开发实践,李妹芳,,人民邮电出版社,2014-12,69元,7.0
2175242,搜索引擎优化,,戴正华,,机械工业出版社,2015-1,89.00,7.6
1138527,C++算法,,Robert Sedgewick,林琪,清华大学出版社,2003-10,49.00元,8.6
1231596,COM技术内幕-微软组件对象模型,,(美)Dale Rogerson,杨秀章、江英,清华大学出版社,1999-1,50.00元,8.3
1858898,Network Algorithmics,,An Interdisciplinary Approach to Designing Fast Networked Devices (The Morgan Kaufmann Series in,George Varghese,,Morgan Kaufmann,2004-12-29,USD 75.95,7.9
25746527,The Performance of Open Source Applications,,George Varghese,,Morgan Kaufmann,2004-12-29,USD 75.95,7.7
1220445,数据库设计教程,,Thomas M.Connolly、Carolyn E.Begg、何玉洁、黄婷儿,何玉洁、黄婷儿,机械工业出版社,2005-1-1,35.00元,7.7
6110217,Qt高级编程,,Thomas M.Connolly、Carolyn E.Begg、何玉洁、黄婷儿,何玉洁、黄婷儿,机械工业出版社,2005-1-1,35.00元,7.6
24699581,数据结构（C语言版）,,严蔚敏、吴伟民,,清华大学出版社,2012-5,29.00元,6.4
3814402,The Quick Python Book, Second Edition,,Naomi R. Ceder,,Manning Publications,2010-1-15,USD 39.99,7.7
22487870,Functional Programming Patterns in Scala and Clojure,Write Lean Programs for the JVM,Michael Bevilacqua-Linn,,Pragmatic Bookshelf,2013-10-30,USD 36.00,7.2
1655769,MATLAB遗传算法工具箱及应用,,雷英杰,,西安电子科技大学出版社,2005-4,26.00元,6.1
