6082808,百年孤独,,[哥伦比亚] 加西亚·马尔克斯,范晔,南海出版公司,2011-6,39.50元,9.2
26698660,巨人的陨落,世纪三部曲,[英] 肯·福莱特,于大卫,江苏凤凰文艺出版社,2016-5-1,129.80元,9.0
26889848,山海经全译,,袁珂 译注,,北京联合出版公司·后浪出版公司,2016-10,49.80元,9.1
2326403,认识电影,插图第11版,[美] 路易斯·贾内梯、[瑞典] 英格玛·伯格曼 [日] 黑泽明 等供图,焦雄屏,世界图书出版公司,2007-11,68.00元,8.9
3162991,艺术的故事,,[英] 贡布里希 (Sir E.H.Gombrich),范景中、杨成凯,广西美术出版社,2008-04,280.00,9.6
1008145,围城,,钱锺书,,人民文学出版社,1991-2,19.00,8.9
1007305,红楼梦,,[清] 曹雪芹 著、高鹗 续,,人民文学出版社,1996-12,59.70元,9.5
1032501,心理学与生活,,[美] 理查德·格里格、菲利普·津巴多,王垒、王甦 等,人民邮电出版社,2003-10,88.00元,8.7
1187842,你一生的故事,特德·蒋科幻佳作集,[美] 特德·蒋,王荣生 等,四川科学技术出版社,2005-2,18.00元,9.0
6781808,杀死一只知更鸟,,[美] 哈珀·李,高红梅,译林出版社,2012-9,32.00元,9.2
1200840,平凡的世界（全三部）,,路遥,,人民文学出版社,2005-1,64.00元,9.0
1084336,小王子,,[法] 圣埃克苏佩里,马振聘,人民文学出版社,2003-8,22.00元,9.0
1068920,飘（上下）,,[美国] 玛格丽特·米切尔,李美华,译林出版社,2000-9,40.00元,9.3
2035162,刀锋,,[英]毛姆,周煦良,上海译文出版社,2007-3,18.00,9.0
1003479,中国历代政治得失,,钱穆,,生活·读书·新知三联书店,2001,12.00元,9.1
1046492,國史大綱（上下）,,錢穆,,商務印書館,2013-8,76.00元,9.3
1028842,经济学原理（上下）,,[美] 曼昆,梁小民,机械工业出版社,2003-8,88.00元,9.0
1829226,肖申克的救赎,,[美] 斯蒂芬·金,施寄青、赵永芬、齐若兰,人民文学出版社,2006-7,29.90元,9.1
1089243,黄金时代,时代三部曲,王小波,,花城出版社,1999-3,19.00元,8.8
26924424,喜欢我也没关系,,王XX,雅众文化,云南人民出版社,2017-1,49.80,9.1
5363767,三体Ⅲ,死神永生,刘慈欣,,重庆出版社,2010-11,38.00元,9.2
1102715,从一到无穷大,科学中的事实和臆测,[美] G. 伽莫夫,暴永宁 译、吴伯泽 校,科学出版社,2002-11,29.00元,9.1
1092168,追忆似水年华（上下册）,,[法国] 马塞尔·普鲁斯特,李恒基、徐继增、桂裕芳、袁树仁、潘丽珍、许渊冲,译林出版社,2001-4,68.00元,9.1
1090043,倾城之恋,,张爱玲,,花城出版社,1997-3-1,11.00,8.5
1119839,王尔德童话,,[英] 王尔德,王林,译林出版社,2003-6,6.00元,9.1
1004821,理想国,,[古希腊] 柏拉图,郭斌和、张竹明,商务印书馆,1986-8,28.00元,8.7
1795079,乡土中国,,费孝通,,上海人民出版社,2006-4,38.00,9.2
2154960,一个陌生女人的来信,,[奥] 斯台芬·茨威格,张玉书,上海译文出版社,2007-7,20.00元,8.7
26872990,余生，请多指教,,柏林石匠,,百花洲文艺出版社,2016-10,32.00元,7.7
1261560,国富论,,[英] 亚当·斯密,唐日松 等,华夏出版社,2005-1,69.00元,9.0
1077847,史记（全十册）,,司马迁,（索引）司马贞，（正义）张守节,中华书局,1982-11,125.00,9.5
1400705,情人,,[法] 玛格丽特·杜拉斯,王道乾,上海译文出版社,2005-7,20.00元,8.1
1085860,基督山伯爵,,大仲马,周克希、韩沪麟,上海译文出版社,1991-12-1,43.90元,8.9
5346110,穷查理宝典,查理·芒格的智慧箴言录,[美]彼得·考夫曼 (编),李继宏,上海人民出版社,2010-10-01,88.00,9.0
1148282,计算机程序的构造和解释,原书第2版,Harold Abelson、Gerald Jay Sussman、Julie Sussman,裘宗燕,机械工业出版社,2004-2,45.00元,9.5
1086249,荆棘鸟,,[澳] 考琳·麦卡洛,曾胡,译林出版社,1998-7,28.00元,8.6
1077528,通往奴役之路,,哈耶克,王明毅、冯兴元、等,中国社会科学出版社,1997-08-01,16.00,8.9
1083428,傲慢与偏见,,[英] 奥斯丁,张玲、张扬,人民文学出版社,1993-7,13.00元,8.8
6789605,树上的男爵,,(意)卡尔维诺,吴正仪,译林出版社,2012-4,30.00元,9.0
1088581,浮生六记,,（清）沈复,,人民文学出版社,1999-1,5.70元,8.9
1225977,全球通史（第7版 上册）,从史前史到21世纪,[美] 斯塔夫里阿诺斯,董书慧、王昶、徐正源,北京大学出版社,2005-1,88.00元,8.9
1057244,边城,,沈从文、黄永玉 卓雅 插图.,,北岳文艺出版社,2002-4,12.00元,8.6
1203426,人间词话,,王国维,,上海古籍出版社,1998-12-01,9.80元,9.0
1440972,博尔赫斯小说集,,[阿根廷] 博尔赫斯,王永年、陈泉,浙江文艺出版社,2005-12,26.00元,9.1
1062343,昨日的世界,一个欧洲人的回忆,[奥］斯蒂芬・茨威格,舒昌善、孙龙生、刘春华、戴奎生,广西师范大学出版社,2004-5,32.00元,9.2
26853835,丝绸之路,一部全新的世界史,[英] 彼得·弗兰科潘,邵旭东、孙芳,浙江大学出版社,2016-10-1,CNY 128.00,8.8
1008988,了不起的盖茨比,,菲茨杰拉德,姚乃强,人民文学出版社,2004-06,12.00元,8.3
1082334,穆斯林的葬礼,,霍达,,北京十月文艺出版社,1988-12-1,32.00,8.3
1040211,福尔摩斯探案全集（上中下）,,霍达,,北京十月文艺出版社,1988-12-1,32.00,9.2
1059258,道德经,,老子,,陕西人民出版社,1999-10,4.50,9.4
1394364,银河系漫游指南,,[英] 道格拉斯·亚当斯,徐百柯,四川科学技术出版社,2005-6,16.00元,8.8
1322025,卓有成效的管理者,,[美] 彼得·德鲁克,许是祥,机械工业出版社,2005-6,28.00元,8.8
26598807,人鼠之间,,[美] 约翰·斯坦贝克（John Steinbeck）,李天奇,上海文艺出版社,2016-1-1,29.00元,9.0
1082387,一九八四·动物农场,,[英] 乔治·奥威尔,董乐山、傅惟慈,上海译文出版社,2003-4,23.00元,9.2
3143537,津巴多普通心理学,,[美] 菲利普·津巴多、[美] 罗伯特·约翰逊、[美] 安·韦伯,王佳艺,中国人民大学出版社,2008-7,98.00元,9.3
1092335,教父,,[美]马里奥·普佐,周汉林,译林出版社,1997.8,23.30元,8.9
1141406,简爱,,[英] 夏洛蒂·勃朗特,,世界图书出版公司,2003-11,18.00元,8.5
1014561,古文观止,,吴楚材、吴调侯,,中华书局,1987-1-1,21.00,9.0
1481311,沙丘,,[美] 弗兰克·赫伯特,顾备,四川科学技术出版社,2006-01,42.00元,8.7
1258490,基地,,[美] 艾萨克·阿西莫夫,叶李华,天地出版社,2005-1,21.00元,9.2
2060491,逻辑学导论,（第11版）,[美] 欧文·M·柯匹、[美] 卡尔·科恩,张建军、潘天群,中国人民大学出版社,2007-3-1,78.00元,8.9
1277981,社会契约论,,卢梭,何兆武,商务印书馆,2003-2-1,18.00元,8.8
1292416,香水,一个谋杀犯的故事,[德] 帕·聚斯金德,李清华,上海译文出版社,2005-5,20.00元,8.5
2052049,海伯利安,,[美] 丹·西蒙斯,潘振华、官善明、李懿,万卷出版公司,2007-5,35.00元,9.0
1216737,纯粹理性批判,,康德,邓晓芒、杨祖陶 [校],人民出版社,2004-10,46.00元,8.9
1082518,麦田里的守望者,,[美国] J. D. 塞林格,施咸荣,译林出版社,1997-2,7.80元,7.9
1885170,算法导论（原书第2版）,,[美] Thomas H.Cormen、Charles E.Leiserson、Ronald L.Rivest、Clifford Stein,潘金贵 等,机械工业出版社,2006-9,85.00元,9.4
26892737,亚辛的世界,独角兽之日,[西] 曼·阿尔纳斯 著绘,潘宁,世界图书出版公司,2017-1,55.00元,8.8
2302217,阿特拉斯耸耸肩（上下）,,安·兰德,杨格,重庆出版社,2007-10,98.00元,8.8
1465324,洛丽塔,,[美] 弗拉基米尔·纳博科夫,主万,上海译文出版社,2005-12,27.00元,7.7
1205054,悲惨世界（上中下）,,[法] 雨果,李丹、方于,人民文学出版社,1992-6,66.00元,8.9
1013469,战争与和平（全四册）,,[俄] 列夫·托尔斯泰,刘辽逸,人民文学出版社,1997-12,59.00元,8.6
1014278,红玫瑰与白玫瑰,,张爱玲,,花城出版社,1996-06,12.80元,8.4
1119522,呼啸山庄,,艾米莉·勃朗特,张扬、张玲,人民文学出版社,1999-1,27.30元,8.4
1760432,受戒,汪曾祺自选集,汪曾祺,,漓江出版社,1987-10,3.95元,9.2
1082584,追忆似水年华 Ⅰ,在斯万家那边,[法] M·普鲁斯特,李恒基、徐继曾,译林出版社,1989-6,5.80元,8.6
1047719,傅雷家书,增订第五版,傅敏 编,,生活·读书·新知三联书店,1990.12.3,18.80元,8.5
1147193,世说新语,,<南朝宋>刘义庆 著,里望 译注,山西古籍出版社,2004,9,9.0
1255625,天龙八部,,金庸,,三联书店,1994-5,96.0,9.1
1013225,生活在别处,,[捷克] 米兰·昆德拉,袁筱一,上海译文出版社,2004-5,25.00元,8.3
1139336,C程序设计语言,第 2 版·新版,（美）Brian W. Kernighan、（美）Dennis M. Ritchie,徐宝文、李志译、尤晋元审校,机械工业出版社,2004-1,30.00元,9.4
1322455,遥远的救世主,,豆豆,,作家出版社,2005-05-01,28.00,8.8
1038196,尤利西斯,,[爱尔兰] 詹姆斯·乔伊斯,萧乾、文洁若,译林出版社,2005-8,58.00元,8.4
1803022,圣经,,[爱尔兰] 詹姆斯·乔伊斯,萧乾、文洁若,译林出版社,2005-8,58.00元,9.0
1474773,海贼王,ONE PIECE,尾田荣一郎,董科,浙江人民美术出版社,2007-11,7.5,9.5
3017857,金锁记,,张爱玲,,哈尔滨出版社,2005年6月,13.5元,8.5
1004699,作为意志和表象的世界,,[德] 叔本华,石冲白,商务印书馆,1982-11,48.00元,8.9
26892733,长城,,[阿尔巴尼亚] 伊斯梅尔·卡达莱,孙丽娜,重庆出版社,2016-12-1,39.80元,8.5
1139360,毛泽东选集 第一卷,第一卷,毛泽东,,人民出版社,1991-6,40.00元,9.1
1449351,呐喊,,鲁迅,,人民文学出版社,1973年3月,0.36元,8.8
1022632,罪与罚,,[俄] 陀思妥耶夫斯基,朱海观、王汶,人民文学出版社,1982-10,22.00元,8.7
1021273,中国哲学简史,,冯友兰,赵复三,新世界出版社,2004-1,38.00元,8.8
25923082,万物运转的秘密,给青少年的物理世界入门书,大卫·麦考利 (David Macaulay)、尼尔·阿德利 (Neil Ardley),赵耀康、韦坤华,电子工业出版社,2014-5,128,9.3
1064275,老人与海,,海明威,吴劳,上海译文出版社,1999-10,8.20元,8.3
19952400,算法（第4版）,,塞奇威克 (Robert Sedgewick)、韦恩 (Kevin Wayne),谢路云,人民邮电出版社,2012-10-1,99.00元,9.4
24382569,一桩事先张扬的凶杀案,,[哥伦比亚] 加西亚·马尔克斯,魏然,南海出版公司,2013-6,25.00,8.6
1058661,飞鸟集,,[印] 罗宾德拉纳德·泰戈尔,徐翰林,哈尔滨出版社,2004-6,16.80元,8.8
1007433,红与黑,,司汤达,郭宏安,译林出版社,1993-7-1,20.00,8.1
6518605,三体全集,地球往事三部曲,刘慈欣,,重庆出版社,2012-1-1,168.00元,9.3
1066165,卡尔维诺文集（第三卷）,我们的祖先,[意大利] 卡尔维诺,吴正仪,译林出版社,2001-9,21.00元,9.3
26435630,经济学原理(第7版):微观经济学分册+宏观经济学分册(套装共2册),微观经济学分册+宏观经济学分册,曼昆 (N.Gregory Mankiw),梁小民、梁砾,北京大学出版社,2015-5-1,128,9.4
1013378,证券分析,,本杰明·格雷厄姆、戴维·多德,邱巍,海南出版社,2004-1,60.00元,8.8
1437852,费恩曼物理学讲义（第1卷）,(第1卷),Richard P. Feynman、Robert B. Leighton、Matthew Sands,王子辅、李洪芳、钟万蘅,上海科学技术出版社,2005-06,85.00元,9.5
2046236,庄子,中华经典藏书,孙通海 译注,方勇 译注,中华书局,2007-04,20.00元,9.3
1012032,查拉图斯特拉如是说,,(德)尼采著,黄明嘉,漓江出版社,2007-2,22.8,8.6
3284547,文心,,夏丏尊、叶圣陶,,三联书店,2008年,29.00元,9.0
2130190,Java编程思想 （第4版）,,[美] Bruce Eckel,陈昊鹏,机械工业出版社,2007-6,108.00元,9.1
25844463,摩根财团,美国一代银行王朝和现代金融业的崛起（1838～1990）,[美]罗恩·彻诺(Ron Chernow),金立群,江苏文艺出版社,2014-4-24,198.00,8.8
1020961,棋王,,阿城,,作家出版社,1999-10,13.00,8.7
1186392,约翰·克利斯朵夫,,（法）罗曼·罗兰,傅雷,人民文学出版社,1957-1-1,74.00元,8.7
1400195,论自由,,[英] 约翰·密尔,许宝骙,商务印书馆,2005-1,14.00元,8.7
1457028,管理的实践,,[美] 彼得·德鲁克,齐若兰,机械工业出版社,2006-1,48.00元,8.9
2747765,中国古代文化常识,,王力 编,,世界图书出版公司,2008-1,25.00元,8.9
1859108,白痴,,[俄]陀思妥耶夫斯基,荣如德,上海译文出版社,2006-8,20.00元,8.8
1063401,精灵宝钻,魔戒起源,托尔金,李尧,译林出版社,2004-05,21.3,8.4
1292412,叔本华思想随笔,,(德)阿・叔本华,韦启昌,上海人民出版社,2005-4,25.00,9.1
1075371,马丁·伊登,,（美）杰克・伦敦,殷惟本,人民文学出版社,2004-01,18.00元,8.7
1005521,伊豆的舞女,,[日] 川端康成,叶渭渠,广西师范大学出版社,2002-2,23.80元,8.1
3673771,项塔兰,,[澳] 格里高利·大卫·罗伯兹,黄中宪,华文出版社,2009-4,58.00,9.0
1051193,麦琪的礼物,欧·亨利短篇小说经典,[美] 欧·亨利,张经浩,上海社会科学院出版社,2003-7,25.00元,8.6
1469878,日瓦戈医生,,〔苏〕鲍里斯·帕斯捷尔纳克,蓝英年、张秉衡,人民文学出版社,2006-1-1,28,8.6
1072295,資治通鑑（全二十冊）,,[宋] 司馬光 編著、[元] 胡三省 音注,標點資治通鑒小組 校點,中華書局,1956-6,332.00元,9.3
1442720,鲁迅全集（2005最新修订版）,,鲁迅,,人民文学出版社,2005-11-1,990.0,9.4
1150503,资本论（第一卷）,,马克思,中共中央马克思恩格斯列宁斯大林著作编译局,人民出版社,2004-01-01,45.00元,9.0
10740958,剑桥中国史（全十册）,,费正清,杨品泉,中国社会科学出版社,2012-1,999.00元,8.9
26610864,浮生六记,,费正清,杨品泉,中国社会科学出版社,2012-1,999.00元,8.1
1391191,京华烟云,,林语堂,张振玉,陕西师范大学出版社,2005-7,43.00元,8.5
1049957,浮士德,,歌德,绿原,人民文学出版社,2003-01,18.00,8.6
1870268,美国大城市的死与生（纪念版）,,[加拿大] 简·雅各布斯,金衡山,译林出版社,2006-8,34.50元,8.7
1024197,巴黎圣母院,,[法]雨果,陈敬容,人民文学出版社,1982-6,22.50元,8.3
1964774,论语,,[法]雨果,陈敬容,人民文学出版社,1982-6,22.50元,9.0
1083477,包法利夫人,,福楼拜,李健吾,人民文学出版社,2003-01,12.00,7.8
1006113,源氏物语,,紫式部(日),丰子恺,人民文学出版社,1999-07,55.00,7.8
3055719,经济学的思维方式（第11版）,经济学导论,[美] 保罗·海恩、[美] 彼得·勃特克、[美] 大卫·普雷契特科,马昕、陈宇,世界图书出版公司,2008-5,49.80,8.7
1073349,写在人生边上 人生边上的边上 石语,,钱锺书,,生活·读书·新知三联书店,2002-10,27.00元,8.8
1433411,新教伦理与资本主义精神,,马克斯·韦伯,于晓、陈维纲等,生活·读书·新知三联书店,1987年,9.80,8.8
1007772,双城记,,查尔斯・狄更斯,石永礼,人民文学出版社,1996-08,14.10,8.2
1213546,变形记,卡夫卡小说,[奥] 卡夫卡,叶廷芳、赵登荣 等,浙江文艺出版社,2003-4,16.00元,8.3
26825412,认识乐理,视唱练耳同步学（第8版）,[美]布鲁斯·本沃德、芭芭拉·加维·杰克逊、布鲁斯·R·杰克逊,蒋瑀,北京联合出版公司·后浪出版公司,2016-7,68.00元,9.2
1088065,阿Q正传,,鲁迅、丰子恺,,上海书店出版社,2003-7-1,14.50,8.6
1013380,茶花女,,小仲马,王振孙,外国文学出版社,1997-03-01,9.00,8.1
6097966,发条橙,,[英] 安东尼·伯吉斯,王之光,译林出版社,2011-7,22.00元,8.1
1085021,蝴蝶梦,,[英] 达夫妮·杜穆里埃,林智玲 程德 译、陆谷孙 校,上海译文出版社,2002-3,16.00元,8.2
1044547,射雕英雄传（全四册）,,金庸,,生活·读书·新知三联书店,1999-04,47.00元,8.9
20279665,“太空漫游”四部曲,,[英]阿瑟·克拉克,郝明义、张启阳、钟慧元、叶李华,上海人民出版社,2013-1,198.00元,9.2
1146267,深渊上的火,,[美] 弗诺·文奇,李克勤,四川科学技术出版社,2004-1,58.00元,8.8
1201821,梦的解析,揭开人类心灵的奥秘,[奥地利] 弗洛伊德,丹宁,国际文化出版公司,1998-5,19.80元,8.0
1061242,写在人生边上,,钱锺书,辽宁人民出版社,辽海出版社,2000-05,6.90元,8.8
26934561,天子谋,,青垚,,百花洲文艺出版社,2017-1,32元,9.1
1029553,西游记（全二册）,,吴承恩,黄肃秋 注释,人民文学出版社,2004-8,47.20元,8.7
1073744,四世同堂（上下）,,老舍,,人民文学出版社,1999-06,49.00,9.0
1002299,笑傲江湖（全四册）,,金庸,,生活·读书·新知三联书店,1994-5,76.80元,8.9
1028268,正义论,,[美] 约翰·罗尔斯,何怀宏、何包钢、廖申白,中国社会科学出版社,2001-6,32.00元,8.8
1203421,王阳明全集（全二册）,,（明）王守仁　撰，吴光、钱明、董平、姚延福 编校,,上海古籍出版社,1992-12-1,130.00元,9.3
2243615,Head First 设计模式（中文版）,,弗里曼,O'Reilly Taiwan公司,中国电力出版社,2007-9,98.00元,9.2
1069059,雪国,,[日] 川端康成,叶渭渠,人民文学出版社,2002-1,7.90元,8.1
1205370,羊脂球,,（法）莫泊桑,柳鸣九,北京燕山出版社,2007-6,13.50元,8.1
26591906,浮生梦,,[英] 达芙妮·杜穆里埃,姜秋霞,花山文艺出版社,2016-1-15,39.90,8.3
2158684,象棋的故事,,[奥] 斯台芬·茨威格,张玉书,上海译文出版社,2007-7,23.00元,9.0
1254942,黄帝内经,,(唐)王冰 注,王冰 注解,中医古籍出版社,2003-11,30.00元,9.2
1022318,爱弥儿,论教育,[法] 卢梭,李平沤,商务印书馆,1978-6,37.00,8.7
1116367,道德情操论,,(英)亚当·斯密,蒋自强、钦北愚、朱钟棣、沈凯璋,商务印书馆,1997-12,30.00元,8.7
1409704,金刚经说什么,,南怀瑾,,复旦大学出版社,2002-6,27.00元,8.9
1192090,球状闪电,,刘慈欣,,四川科学技术出版社,2005-6,22.00元,8.7
3097539,自由选择,,[美] 米尔顿·弗里德曼、罗丝·弗里德曼,张琦,机械工业出版社,2008-6,48.00元,8.9
1082593,经济学,（第 17 版）,(美)保罗﹒萨缪尔森、（美）诺德豪斯,萧琛,人民邮电出版社,2004-1,68.00元,9.1
1085883,青铜时代,时代三部曲,王小波,,花城出版社,1997-5,29.00元,8.6
6797396,焚舟纪,,[英] 安吉拉·卡特,严韵,南京大学出版社,2012-3-29,100.00元,8.5
26923543,现代欧洲史（全6卷）,,[美] 费利克斯•吉尔伯特（Felix Gilbert）、[美] 尤金•赖斯（Eugene F. Rice）、[美] 安东尼•托马斯•格拉夫顿（Anthony Grafton）、[美] 理查德•邓恩（Richard S. Dunn）、[美] 伊塞•沃洛克（Isser Woloch）、[美] 格里高利•布朗（Gregory S. Brown）、[美] 查尔斯•布鲁尼格（Charles Breunig）、[美] 马修•莱温格（Matthew Levinger）、[美] 诺曼•里奇（Norman Rich）、[美] 大卫•克莱•拉奇（David Clay Large）,,中信出版社·新思文化,2016-12,398.00,8.3
2005726,货币金融学,（第7版）,弗雷德里克·S·米什金,郑艳文,中国人民大学出版社,2006-12,79.00元,8.7
3043970,漫步华尔街,A Random Walk Down Wall Street,麦基尔,骆玉鼎、彭晗,机械工业出版社,2008-4,48.00元,8.4
2340609,2001太空漫游,,[英] 阿瑟·克拉克,郝明义,上海人民出版社,2007-11,28.00元,9.0
1083089,博尔赫斯全集,,[阿根廷] 豪·路·博尔赫斯,王永年、林之木,浙江文艺出版社,1999-11,150.00元,9.3
1013267,唐诗三百首,,蘅塘退士、陈婉俊,,中华书局,1984-07-01,0.65,9.3
26647054,小王子（纯美珍藏绘本）,,[法] 安东尼·德·圣-埃克苏佩里,梅思繁,中央广播电视大学出版社.国开童媒,2015-10,45.00元,9.2
1014763,三国志（全五册）,,[晋] 陈寿 撰、[宋] 裴松之 注,,中华书局,2011-10,98.00元,9.2
1767741,C++ Primer 中文版（第 4 版）,,Stanley B.Lippman、Josée LaJoie、Barbara E.Moo,李师贤、蒋爱军、梅晓勇、林瑛,人民邮电出版社,2006,99.00元,9.2
1874411,乞力马扎罗的雪,海明威短篇小说选,[美]海明威,汤永宽、陈良廷 等,上海译文出版社,2006-8,28.00元,8.5
3803820,人生,,路遥,,北京十月文艺出版社,2009-5,20.00元,8.4
1010472,安娜·卡列尼娜（上下）,,[俄罗斯] 托尔斯泰,草婴,上海文艺出版社,2004-7,120.00元,8.4
26892962,声律启蒙：注音朗读版,,[清]车万育 著、吴冠中 绘、李三鹏 注,,中信出版集团,2016-11,39.8,9.9
24107596,神经漫游者,,[美] 威廉·吉布森,Denovo,江苏文艺出版社,2013-6,32.00元,8.0
1255624,神雕侠侣,,金庸,,三联书店,1994-5,76.8,8.8
1770782,追风筝的人,,[美] 卡勒德·胡赛尼,李继宏,上海人民出版社,2006-5,29.00元,8.8
1788421,UNIX环境高级编程,第2版,W.Richard Stevens、Stephen A.Rago,尤晋元、张亚英、戚正伟,人民邮电出版社,2006年,99.00元,9.4
1011754,海子的诗,,海子,,人民文学出版社,1999-04,15.40,8.9
1004992,张爱玲文集,,张爱玲,,安徽文艺出版社,1992年,45元,8.8
1034259,小逻辑,,（德）黑格尔,贺麟,商务印书馆,1997-02,17.10,8.5
1088054,TCP/IP详解 卷1：协议,,W.Richard Stevens,范建华,机械工业出版社,2000-4-1,45.00元,9.2
1038292,精神分析引论,,[奥]西格蒙德·弗洛伊德,高觉敷,商务印书馆,1984-11-1,32.00元,8.6
1783111,存在与时间,修订译本,[德] 马丁·海德格尔,陈嘉映、王庆节 合译、熊伟 校、陈嘉映 修订,生活·读书·新知三联书店,2006-4,28.00元,8.7
1240002,C Primer Plus,（第五版）,Stephen Prata、云巅工作室,云巅工作室,人民邮电出版社,2005-2-1,60.00元,9.2
1439441,伯罗奔尼撒战争史,,修昔底德,谢德风,商务印书馆,1960,40.00元,8.9
26856953,夏目友人帐,,村井贞之,廖雯雯,百花洲文艺出版社,2016-9-1,32.80元,7.7
1277259,社会学的想像力,,（美）米尔斯,陈强、张永强,生活·读书·新知三联书店,2005-03,18.00元,8.6
1041366,管锥编（全五册）,,钱钟书,,中华书局,1979-08,88.00,9.3
1058679,人·兽·鬼,,钱锺书,,生活·读书·新知三联书店,2002-5,10.00元,8.7
1064841,绿山墙的安妮,,[加] 露西·莫德·蒙哥玛利,马爱农,浙江文艺出版社,2003-01,15.00元,9.0
1045352,二十首情诗与绝望的歌,,聂鲁达,李宗荣,中国社会科学出版社,2003-1,20.00,8.7
1102259,人月神话,,[美] 弗雷德里克·布鲁克斯,汪颖,清华大学出版社,2002-11,29.80元,8.4
1325507,江村经济,中国农民的生活,费孝通,,商务印书馆,2001-3,26.00元,8.9
4881998,猜火车,,[英] 欧文·威尔士,石一枫,重庆出版社,2010-7-1,29.80元,8.4
4071859,我在伊朗长大,,玛赞·莎塔碧,马爱农、左涛,生活·读书·新知三联书店,2010-1,39.00元,9.3
1868698,为什么读经典,,[意大利] 伊塔洛·卡尔维诺,黄灿然、李桂蜜,译林出版社,2006-8,25.00元,8.3
1046209,安徒生童话故事集,,（丹麦）安徒生,叶君健,人民文学出版社,1997-08,25.00,9.1
3360807,Effective java 中文版（第2版）,,Joshua Bloch,俞黎敏,机械工业出版社,2009-1-1,52.00元,9.1
1014578,我的精神家园,王小波杂文自选集,王小波,,文化艺术出版社,1997,18.80元,9.0
10785583,思考，快与慢,,[美] 丹尼尔·卡尼曼,胡晓姣、李爱民、何梦莹,中信出版社,2012-7,69.00元,8.2
1321017,九州·缥缈录,,江南,,新世界出版社,2005-6,20.00元,8.8
1123740,科学革命的结构,,[美] 托马斯·库恩,金吾伦、胡新和,北京大学出版社,2004-1,14.00,9.5
2125973,心理学导论,思想与行为的认识之路,Dennis Coon、John O. Mitterer,郑钢,中国轻工业出版社,2007-6,98.00元,9.3
2170030,白鲸,,[美]赫尔曼·麦尔维尔,曹庸,上海译文出版社,2007-7,30.00元,8.1
1231910,具体数学（英文版第2版）,计算机科学基础,[美] Ronald L. Graham、Donald E. Knuth、Oren Patashnik,,机械工业出版社,2002-8,49.00元,9.5
3163104,变化社会中的政治秩序,,萨缪尔·P.亨廷顿,王冠华、刘为,上海人民出版社,2008,42.00元,9.3
1883353,野性的呼唤,,杰克·伦敦,刘荣跃,上海译文出版社,2006-8,25.00元,8.8
1137246,就业、利息和货币通论,就业利息和货币通论,（英）约翰・梅纳德・凯恩斯,高鸿业,商务印书馆,2005-03,28.00元,8.6
26943688,只记花开不记年,,艾小图,,江苏文艺出版社,2017-2,32元,10.0
10594787,霍乱时期的爱情,,[哥伦比亚] 加西亚·马尔克斯,杨玲,南海出版公司,2012-9-1,39.50元,8.9
3296317,编译原理,原理、技术与工具,Alfred V. Aho、Monica S.Lam、Ravi Sethi、Jeffrey D. Ullman,赵建华、郑滔、戴新宇,机械工业出版社,2008年12月,89.00元,9.1
1247769,家庭、私有制和国家的起源,,恩格斯,,人民出版社,2003-5-1,12.00元,8.6
1449352,朝花夕拾,,鲁迅,,人民文学出版社,1972年4月,0.25元,8.6
1043815,骆驼祥子,,老舍,,人民文学出版社,2000-3-1,12.00,8.2
26770145,菊与刀（精装插图版）,日本文化诸模式,[美]鲁思·本尼迪克特（Ruth benedict）、[荷兰]伊恩·布鲁马（Ian Buruma）作序,张弛,群言出版社,2016-5-1,39.80,8.5
1002898,父与子全集,,[德] 埃·奥·卜劳恩 绘,杨莹,中国工人出版社,2003-4,20.00元,9.1
1059040,雅舍小品,,梁实秋,,文化艺术出版社,1999-11,28.80元,8.6
11511232,大师的盛宴,二十世纪最佳科幻小说选,奥森·斯科特·卡德 编,姚向辉 等,新星出版社,2012-9-30,45.00元,8.9
1008094,春秋左傳注（全四冊）,,杨伯峻,,中华书局,1990-01-01,71.70,9.3
1020547,论语新解,,钱穆,,生活·读书·新知三联书店,2005-3,33.00元,8.9
1130500,计算机程序设计艺术（第1卷）,基本算法,[美] Donald E. Knuth,,清华大学出版社,2002-9,80.00元,9.3
26672693,一个叫欧维的男人决定去死,,[瑞典] 弗雷德里克·巴克曼,宁蒙,四川文艺出版社,2015-12,35.00元,9.0
26354200,华杉讲透孙子兵法,,华杉,,江苏文艺出版社,2015-4-5,39.80元,8.9
1931769,心理学,,戴维·迈尔斯,,人民邮电,2006-10-01,99.00元,9.1
1055234,神曲（全三册）,,但丁,田德望,人民文学出版社,2004-05,43.00,8.5
1087547,理解媒介,论人的延伸,[加拿大] 马歇尔·麦克卢汉 (Mcluhan.M.),何道宽,商务印书馆,2000-10-01,28.00,8.5
3249247,高观点下的初等数学,,Felix Klein,舒湘芹、陈义章,复旦大学出版社,2008年9月,68,8.9
1825855,荒原,T·S艾略特诗选,T·S艾略特,赵萝蕤，张子清 等译,北京燕山出版社,2008年,15.0,8.8
1140727,安德的游戏,,（美）奥森·斯科特·卡德,李毅,四川科学技术出版社,2003-09-01,21.0,8.8
1958714,彼得·林奇的成功投资,,[美] 彼得·林奇、约翰·罗瑟查尔德,刘建位、徐晓杰,机械工业出版社,2007-1,38.00元,8.7
26920090,问题之书,,乔治•斯托克,林晓琴,江苏凤凰文艺出版社,2017-1-1,48元,8.4
1807516,罗杰疑案,,[英] 阿加莎·克里斯蒂,张江云,人民文学出版社,2006-5,21.00元,8.9
1204889,机器猫哆啦A梦23,,藤子・F・不二雄,碧日,吉林美术出版社,1999-12-01,8.00,9.4
1608873,山海經,,[晉] 郭璞傳、廣陵書社 編,,廣陵書社,2003-8,90.00元,9.2
2999785,塔木德,,赛妮亚 编译,赛妮亚,重庆出版社,2008年1月,68.00元,8.6
1060025,中国近代史,,蒋廷黻,,上海古籍出版社,2001-12,8.80,8.8
4116629,希区柯克悬念故事集,,（美）希区柯克,王强,中央编译出版社,2009-9,68.00元,8.9
4820710,1984,,[英] 乔治·奥威尔,刘绍铭,北京十月文艺出版社,2010-4-1,28.00元,9.3
3327495,万有引力之虹,,[美国] 托马斯·品钦,张文宇、黄向荣,译林出版社,2009-1,48.00,8.3
1033163,老子注译及评介,,陈鼓应,,中华书局,2009-2,46.00元,9.2
1056023,鼠疫,插图修订本,[法] 阿尔贝·加缪,顾方济、徐志仁,译林出版社,2003-05,20.00元,8.5
1019568,三国演义（全二册）,,[明] 罗贯中,,人民文学出版社,1998-05,39.50元,9.2
1266269,建筑十书,,维特鲁威,高履泰,知识产权出版社,2001-3-1,25.00元,8.1
26915101,桃花尽处起长歌,,侧侧轻寒,,四川文艺出版社,2016-11,38.00,8.4
26742636,鸟人,,[美] 威廉·沃顿,赵元,北京时代华文书局,2016-5-5,49.00元,9.0
1425950,线性代数及其应用,（原书第3版）,（美）莱（Lay D.C.）,刘深泉 等,机械工业出版社,2005-8-1,59.00元,9.1
1005255,博尔赫斯文集,,[阿根廷] 博尔赫斯,王永年 [等],海南国际新闻出版中心,1996-11,65.00元,9.3
1005918,堂吉诃德,,塞万提斯、屠孟超,屠孟超,译林出版社,2002-7-1,35.00元,7.9
1159939,一个陌生女子的来信,,[奥] 茨威格,李政,中国社会科学出版社,2004-5,20.00元,8.5
1011215,论语别裁(上下),,南怀瑾,,复旦大学出版社,2003-01,42.00,8.8
24380079,怎样征服美丽少女,,刘国章,,河北人民出版社,1989-2,2.10元,8.5
26896979,嫡谋,,面北眉南,,江苏凤凰文艺出版社,2016-11,75元,8.6
1041128,天蓝色的彼岸,关于生命和死亡最深刻的寓言,（英）希尔,张雪松,新世界出版社,2003-12,19.80元,8.5
25752043,信息简史,,[美] 詹姆斯·格雷克,高博,人民邮电出版社,2013-10,69.00元,8.7
1016827,阿西莫夫最新科学指南（上下册）,,[美] 阿西莫夫,朱岚 [等],江苏人民出版社,2000-08,48.00元,9.1
1212893,鹿鼎记（全五册）,,金庸,,广州出版社 花城出版社,2008-3,108.00元,8.8
1393724,楚辞,,屈原,陈书彬,山西古籍出版社,2003-03-01,7.00元,9.0
3260902,智慧书,为人处世第一书,巴尔塔沙·葛拉西安,张广森,中央编译出版社,2016-1,28.00元,8.8
1089049,莎士比亚全集（全8册）,,[英] 莎士比亚,朱生豪 等,译林出版社,1998-5,220.00元,9.3
2146279,心灵的焦灼,,斯台芬·茨威格,张玉书,上海译文出版社,2007-7,29.00元,9.0
1012929,二十四史,简体横排本 全63册,中华书局编辑部编著,,中华书局,2000-01,1480.00,9.2
1398395,狂人日记,,鲁迅,,京华出版社,2006-3,39.80元,8.6
1440146,给教师的建议,,[苏] B.A. 苏霍姆林斯基,杜殿坤 编译,教育科学出版社,1984-6,31.00元,9.0
26266067,重返美丽新世界,,[英]阿道司·赫胥黎,庄蝶庵,北京时代华文书局,2015-4-15,36.00,8.9
1051943,尼各马可伦理学,,[古希腊] 亚里士多德(Aristotle),廖申白 译注,商务印书馆,2003-11,22.00元,9.1
2130743,离散数学及其应用（原书第5版）,,[美] Kenneth H. Rosen,袁崇义,机械工业出版社,2007-6,79.00元,9.0
1007459,怎样选择成长股,,菲利普.A.费舍,罗耀宗,海南出版社,1999-10,19.80,8.5
1399992,天渊,,[美] 弗诺·文奇,李克勤,四川科学技术出版社,2005-04,48.00元,8.9
1083429,爱伦·坡短篇小说集,,（美）爱伦・坡,陈良廷,人民文学出版社,1998-2-1,17.00,8.7
1002513,詩經注析（全二冊）,,程俊英、蒋见元,,中华书局,1999-1-1,68.0,9.2
1274953,伦理学,,斯宾诺莎,贺麟,商务印书馆,1998-01,20.00元,8.7
1064101,中国哲学史（上下）,,冯友兰,,华东师范大学出版社,2000-11,40.00元,8.7
21346636,三毛典藏全集,,三毛,,北京十月文艺出版社,2011-11,272,9.4
2381950,论摄影,,[美] 苏珊·桑塔格,黄灿然,上海译文出版社,2008-1,22.00元,8.8
1491239,吾国与吾民,,林语堂,黄嘉德,陕西师范大学出版社,2006-2,23.80元,8.5
1255288,复活,世界文学名著文库·普及本,[俄]列夫·托尔斯泰,汝龙,人民文学出版社,1979年03月,19.90元,8.0
3532347,金庸全集,,[俄]列夫·托尔斯泰,汝龙,人民文学出版社,1979年03月,19.90元,9.6
1043008,格林童话全集,,格林兄弟,魏以新,人民文学出版社,1994-11,21.45元,8.9
2194123,相约星期二,,[美] 米奇·阿尔博姆,吴洪,上海译文出版社,2007-7,19.00元,8.4
1451270,纪伯伦诗集,先知…沙与沫…画作赏析,（黎巴嫩）纪·哈·纪伯伦（Gibran,K.）,王立,北京出版社,2006-12,25.00元,9.2
1507170,外部空间设计,,芦原义信,,尹培桐,中国建筑工业出版社,1985-3,9.0
26303520,婚姻的意义,,提摩太·凯勒 (Timothy Keller)、凯西·凯勒 (Kathy Keller),杨基,上海三联书店,2015-2-1,CNY 38.00,9.0
1035478,静静的顿河（全四册）,,[苏] 肖洛霍夫,金人,人民文学出版社,1988-9,96.00元,8.6
1027030,常识,,托马斯·潘恩,何实,华夏出版社,2004-1,13.00元,8.4
1485625,瑜伽之光,,B.K.S.艾扬格,王晋燕,世界图书出版公司,2009,58.00元,9.1
1051659,我与你,,[德] 马丁·布伯,陈维纲,生活·读书·新知三联书店,2002-1,7.80元,8.9
1393218,大明宫词,,郑重、王要,,人民文学出版社,2000-06,29.80元,9.1
1012637,牛虻,,伏尼契(爱尔兰),李良民,中国青年出版社,1953-07,13.90,8.2
1174721,丧钟为谁而鸣,,海明威,程中瑞,上海译文出版社,2004-6,28.00元,8.4
25815890,费曼物理学讲义 第一卷,,R. P. 费曼、R. B. 莱登、M. 桑兹,本书翻译组,上海科学技术出版社,1983-7,3.05,9.8
3922162,认识商业,,[美] 威廉·尼科尔斯、[美] 詹姆斯·麦克修、[美] 苏珊·麦克修,陈智凯、黄启瑞,世界图书出版公司,2009-10,68.00元,8.2
1137244,判断力批判,,[德] 康德,邓晓芒 译、杨祖陶 校,人民出版社,2002-12,32.00元,9.1
26861949,你要像喜欢甜一样喜欢苦,,[美] 斯蒂芬妮·丹勒,孙璐,江苏凤凰文艺出版社,2017-2,42.00元,7.6
1071384,物种起源,,(英)达尔文,周建人、叶笃庄、方宗熙,商务印书馆,1995-06,23.0,8.5
1065977,共产党宣言,,马克思、恩格斯,中共中央马克思恩格斯列宁斯大林著作编译局,人民出版社,1997-8-1,4.50元,8.6
1707158,微积分学教程（第一卷）,,[俄罗斯] 菲赫金哥尔茨,,高等教育出版社,2006-1-1,45.00元,9.4
1809150,公众舆论,,(美)沃尔特·李普曼,阎克文、江红,上海人民出版社,2006-4,28.00,8.4
26804200,希姆莱兄弟,一个德国家庭的故事,[德] 卡特琳 ·希姆莱,吴林昊、裴婷,世界图书出版公司,2016-8-1,45.00,8.6
3131626,荒原狼,,[德]赫尔曼·黑塞,赵登荣、倪诚恩,上海译文出版社,2008-7,13.00,8.9
1036613,茶馆,,老舍,,人民文学出版社,2002-1,9.80元,8.9
2032523,失乐园,,老舍,,人民文学出版社,2002-1,9.80元,8.5
1082150,白银时代,时代三部曲,王小波,,花城出版社,1997-5,10.00元,8.3
1855231,银河铁道之夜,宫泽贤治童话,(日)宫泽贤治,周龙梅,青岛出版社,2006,19.80,8.6
1001136,彼得·潘,,[英] 詹姆斯·巴里、孙国双 图,艾柯,哈尔滨出版社,2003-7,13.80元,8.8
1221515,灌篮高手31,,[日] 井上雄彦,邹宁,长春出版社,2005-1,7.50元,9.5
1014144,大卫·科波菲尔（上下）,,（英）狄更斯,庄绎传,人民文学出版社,2003-03,35.00,8.3
4149805,了不起的盖茨比,,[美]菲茨杰拉德,巫宁坤等,上海译文出版社,2009年11月,25.00元,8.5
1772786,真名实姓,英美最佳中篇科幻小说选,[美] 弗诺·文奇 等,罗布顿珠 等,四川科学技术出版社,2006-2,20.00元,8.7
1139980,四書章句集注,,朱熹,,中華書局,1983-10,26.00,9.3
2174410,名利场,,[英]萨克雷,荣如德,上海译文出版社,2007-7,33.00元,8.2
1915958,野草,,鲁迅,,人民文学出版社,1973年3月,0.20元,9.2
2335844,Margin of Safety,Risk-Averse Value Investing Strategies for the Thoughtful Investor,Seth A. Klarman,,HarperCollins,1991-10,USD 27.50,9.0
1242927,英国文学名篇选注,,王佐良、李赋宁、周珏良、刘承沛 主编,,商务印书馆,2003-11,79.0,9.7
2218216,金庸作品集,,金庸,,广州出版社,2006-1,683,9.5
1170801,泰戈尔诗集,,[印] 罗宾德拉纳特·泰戈尔,深幻、王立,北京出版社,2004-7,25.00元,8.9
1223897,实践理性批判,,[德] 康德,邓晓芒,人民出版社,2004-5,18.00元,9.1
1427288,小妇人,,（美）路易莎・梅・奥尔科特,刘春英、陈玉立,译林出版社,2004-01,15.00,8.4
1051919,庄子今注今译（全三册）,,陈鼓应 注译,,中华书局,2009-2,76.00元,9.3
1540211,丁丁历险记（共22本）,,埃尔热,,中国少年儿童出版社,2001-04-01,264.0,9.4
1047138,少年维特的烦恼,,[德] 歌德,杨武能,人民文学出版社,1999-7,7.40元,7.7
1006197,哈姆莱特,,[英] 莎士比亚,朱生豪,人民文学出版社,2001-1,7.00元,8.4
1049522,西西弗的神话,,[法] 加缪,杜小真,广西师范大学出版社,2002-2,7.80元,8.8
26918931,彼得兔,毕翠克丝·波特故事集,（英）毕翠克丝·波特,顾湘,云南人民出版社,2016-11,68.00元,8.2
1865765,童年的终结,,阿瑟·克拉克,陈喜荣,四川科学技术出版社,2006-06,15.00元,8.5
1331454,西方正典,伟大作家和不朽作品,[美] 哈罗德·布鲁姆,江宁康,译林出版社,2005-4,34.80元,8.7
1005915,艺术哲学,,丹纳,傅雷,人民文学出版社,1963-1-1,28.85,8.8
3345595,猫城记,,老舍,,人民文学出版社,2008-11,12.00元,8.5
1818583,斯·茨威格中短篇小说选,,斯·茨威格,张玉书,人民文学出版社,2006-6,24.00元,9.1
26897494,香初上舞,,藤萍,,百花洲文艺出版社,2016-11-1,45元,9.4
1588297,统计学,,[美]David Freedman、Robert Pisani、Roger Purves、Ani Adhikari,魏宗舒、施锡铨、林举干、李毅、吕乃刚、范正绮、吴喜之 校,中国统计出版社,1997,49.0,9.1
2364762,唐璜（上下册）,,拜伦,查良铮,人民文学出版社,2007-12,44.00元,8.7
1070851,倚天屠龙记(共四册),,金庸,,三联书店,1999-04,0,8.5
1021056,谁动了我的奶酪？,,[美] 斯宾塞·约翰逊,吴立俊,中信出版社,2001-9,16.80元,7.2
1449348,彷徨,,鲁迅,,人民文学出版社,1973年3月,0.37元,8.8
26775412,最朴素的生活和最遥远的梦想,,胡适,,北京联合出版公司,2016-5-1,32.00,9.0
1441980,特朗斯特罗姆诗全集,,[瑞典] 托马斯·特朗斯特罗姆,李笠,南海出版公司,2001-3,20.00元,9.0
1091904,丰饶之海（上下）,,[日] 三岛由纪夫,许金龙 等,北京燕山出版社,2001-1,38.00元,9.1
3795033,数学天书中的证明,第三版,Martin Aigner、G.M.Ziegler,冯荣权;宋春伟;宗传明[,高等教育出版社,2009-5,34.00元,9.0
1083435,契诃夫短篇小说选,,契诃夫,汝龙,人民文学出版社,2003-01,14.00,8.7
1211972,博弈论,,让・梯若尔、朱・弗登博格,黄涛,中国人民大学出版社,2002-10-1,68.00元,8.5
1008357,水浒传（全二册）,,[明] 施耐庵、罗贯中,,人民文学出版社,1997-1,50.60元,8.5
3608235,失物之书,,[爱尔兰] 约翰·康诺利,安之,人民文学出版社,2009-4,29.90,8.5
1911687,厚黑学,,李宗吾,,群言出版社,2006-9,29.80元,7.4
2191536,资治通鉴-(柏杨白话版)(全九辑三十六册)(双盒装),,司马光,,北岳文艺,2007-03-01,882.0,9.1
25723773,柏拉图对话录,水建馥译文集,[古希腊]柏拉图,水建馥,商务印书馆,2013-10,28.00,9.1
1076426,世界美术名作二十讲,插图珍藏本,傅雷,,三联书店,1998-10-1,66.00,8.8
1013502,钢铁是怎样炼成的,,[苏] 尼·奥斯特洛夫斯基,曹缦西、王志棣,译林出版社,1996-10,20.00元,7.6
1840859,心经,,本书编委会,,宗教文化出版社,2006-3,108.00元,9.6
1082147,热爱生命,,(美)杰克·伦敦著,姬旭升,北京燕山出版社,2000-12-03,15.00,9.0
1011228,远大前程,,（英）狄更斯,主万、叶尊,人民文学出版社,2004-8,24.00,8.3
1078250,洗澡,,杨绛,,人民文学出版社,2004-01,16.00,8.2
1072334,魔戒前传,霍比特人,[英国] 托尔金,李尧,译林出版社,2002-4,15.00元,8.5
1507315,自然哲学之数学原理,,(英)牛顿,王克迪,北京大学出版社,2006,39.00元,9.0
1315184,哲学研究,,[英] 路德维希·维特根斯坦,陈嘉映,上海人民出版社,2005-05,28.00元,9.0
1417878,里尔克诗选,,[奥] 里尔克,黄灿然,河北教育出版社,2002-7,7.20元,8.5
1173548,程序设计实践,,[美] Brian W. Kernighan、Rob Pike,裘宗燕,机械工业出版社,2000-8,20.00元,9.0
1005813,自由秩序原理,,(英)弗里德利希・冯・哈耶克,邓正来,三联书店,1997-12,28.0,9.0
1980436,流言,,张爱玲,,北京十月文艺出版社,2006-12,25.00元,8.7
1077196,蒙田随笔全集（全三册）,,[法国] 蒙田,潘丽珍 等,译林出版社,1996-12,58.00元,8.6
1053759,雪国 古都,,[日] 川端康成,叶渭渠、唐月梅,广西师范大学出版社,2002-2,17.80元,8.3
1013416,雷雨,,曹禺,,人民文学出版社,1999-05,9.20,8.5
26284463,皮特猫,,[美] 艾瑞克•利温、[美]詹姆斯•迪安,彭懿、杨玲玲,北京联合出版公司,2014-12-1,99.80元,9.0
3126411,与社会学同游,人文主义视角,[美] 彼得·伯格,何道宽,北京大学出版社,2008-6,24.00元,8.9
1400059,心,,夏目漱石,林少华,青岛出版社,2005-05-01,19.80,8.7
1042006,十九世纪文学主流（共六册）,,勃兰兑斯,张道真,人民文学出版社,1997-10,90.00元,9.3
1088805,中国古典园林分析,,彭一刚,,建筑工业出版社,1986-12-1,60.00元,9.1
1040104,魔戒（第一部）,魔戒再现,[英国] 托尔金,丁棣,译林出版社,2001-11,22.60元,8.7
26356948,摆渡人,,[英]克莱儿·麦克福尔,付强,百花洲文艺出版社,2015-6-1,36.00,6.9
1203251,雾都孤儿,,[英]狄更斯,荣如德,上海译文出版社,1991-7,5.3,8.1
3518332,绿毛水怪,,王小波,,时代文艺出版社,2009-1,30.00元,8.9
1066108,易经杂说,,南怀瑾,,复旦大学出版社,2002-6,19.00元,8.6
1160320,政治学,,[古希腊] 亚里士多德,吴寿彭,商务印书馆,1997-2,23.70元,8.8
1252057,1844年经济学哲学手稿,,[德] 马克思,中共中央马克思恩格斯列宁斯大林著作编译局,人民出版社,2000-5,12.00元,8.9
1883245,诗经,,孔丘 编订,,北京出版社,2006-7,19.90元,9.4
1012189,柳林风声,,肯尼恩・格雷厄姆,马晓声、朱兆林,新蕾出版社,2003-09,12.00,8.9
1070410,柏拉图对话集,,（古希腊）柏拉图,王太庆,商务印书馆,2004-07-02,48.00元,8.9
26285194,故事新编,鲁迅小说精选集,鲁迅,,天津人民出版社,2015-1-1,25,9.1
3187737,占星术杀人魔法,,[日] 岛田庄司,王鹏帆,新星出版社,2008-9,28.00,8.4
26883681,至简中国史,大数据讲述中国大历史,弘亿,,中国法制出版社,2016-10-15,39.90,9.6
1076330,奥狄浦斯王,,[古希腊] 索福克勒斯,罗念生,人民文学出版社,2002-1,8.00元,8.9
5921802,邮差总按两遍铃,,[美] 詹姆斯·M.凯恩,主万,上海译文出版社,2011-7,24.00元,7.6
26825931,一曲终了,,胡学文,,北京联合出版公司,2016-7,36.00元,9.1
7061949,数学指南,实用数学手册,[德]Eberhard Zeidler、[德]Wolfgang Hackbusch、[德]H.-R.Schwarz,李文林、余德浩、陆柱家,科学出版社,2012-1-1,138.00元,9.5
1258489,第二基地,,[美] 艾萨克·阿西莫夫,叶李华,天地出版社,2005-1,20.00元,9.3
26878042,等待电影的日子,“电影101工作室”20周年纪念志,徐鸢,,中央编译出版社,2016-10,78,9.1
1052178,走向新建筑,,勒·柯布西耶,陈志华,陕西师范大学出版社,2004-01,36.00元,8.5
1000517,故事新编,,鲁迅,,漓江出版社,2000-10,20.00元,8.8
11614503,20世纪中外散文经典,评点珍藏本（上、中、下）,北河 主编、木华 主编,,时代文艺出版社,1997-4,88.00元,9.4
1077833,形而上学,,[古希腊] 亚里士多德,吴寿彭,商务印书馆,1997,30.00元,8.7
1253292,老子今注今译,,老子,陈鼓应,商务印书馆,2003-12,25.0,9.2
1083090,杨绛文集（共8卷）,,杨绛,,人民文学出版社,2004-5,300.00元,9.3
26852275,好妈妈胜过好老师2:自由的孩子最自觉,自由的孩子最自觉,尹建莉,,百花洲文艺出版社,2016-8,49.80,8.7
1084471,管理学,(第7版),罗宾斯,孙健敏,人民大学,2004-1,68.00元,8.4
26916804,开封奇谈.4,,晓晨兽,,沈阳出版社,2016-12,19.8,9.0
1082522,家,,巴金,,人民文学出版社,1981-09-01,29.00元,8.2
1435909,竞争战略,竞争三部曲之一,迈克尔•波特 (Michael E. Porter),陈小悦,华夏出版社,2005-10-1,29.00元,8.6
1506961,西行漫记,红星照耀中国,（美）埃德加·斯诺,董乐山,生活.读书.新知三联书店,1979年,1.30,8.4
1734830,汪曾祺精选集,,汪曾祺,,北京燕山出版社,2011-5-1,20.0,9.2
25881855,大教堂与集市,,[美] Eric S. Raymond,卫剑钒,机械工业出版社,2014-5,59.00元,8.5
3012360,C和指针,,Kenneth A.Reek,徐波,人民邮电出版社,2008 年4月,65.00元,9.0
1447232,伤寒论,,张仲景,,人民卫生出版社,2005-8,13.00元,9.5
3908240,情人,,[法]杜拉斯,王道乾、南山,上海译文出版社,2009-8-1,25.00元,7.8
3816895,雪崩,,（美）尼尔·斯蒂芬森,郭泽,四川科学技术出版社,2009年,38.00元,8.1
1290969,民主主义与教育,,[美] 约翰·杜威,王承绪,人民教育出版社,2001-5,28.40元,8.8
1882915,莎士比亚四大悲剧,,威廉·莎士比亚,孙大雨,上海译文出版社,2006-8,20.00元,8.9
1036446,诗学,,[古希腊] 亚里士多德,陈中梅 译注,商务印书馆,1996-7,16.00元,8.9
1781451,JAVA 2核心技术 卷Ⅰ,基础知识,[美] 霍斯特曼、[美] 科奈尔,叶乃文、邝劲筠 等,机械工业出版社,2006-5,88.00元,8.7
1016003,鲁滨逊漂流记,,[英] 笛福,马静,广西民族出版社,2002-1,9.20元,8.0
1251839,权力意志,重估一切价值的尝试,(德)弗里德里希·尼采,张念东、凌素心,商务印书馆,1991-5,22.8,8.6
26904479,余罪7,我的刑侦笔记,常书欣,,海南出版社,2016-11,42.00,8.0
1035848,一千零一夜,,纳训,,人民文学出版社,2003-01,22.0,8.6
1108762,诗经,,清如许,清如许、王洁,山西古籍出版社,2003-3-1,10.00,9.3
1279212,十日谈,,薄迦丘,钱鸿嘉,江苏译林,1994-7-1,19.50元,7.5
6851810,作家之旅,源自神话的写作要义，第三版,Christopher Vogler,王翀,电子工业出版社,2011-9,69.80元,8.5
1102235,机器学习,,(美)Tom Mitchell,曾华军、张银奎、等,机械工业出版社,2008-3,35.00元,8.4
1429901,财务会计教程,,[美] 查尔斯·亨格瑞、[美] 格里·森登、[美] 约翰·埃利奥特,朱丹,人民邮电出版社,2005-6,55.00元,9.2
2381748,金刚经 心经 坛经,,陈秋平、尚荣,,中华书局,2007-12-1,16.00元,9.1
3746915,资治通鉴,传世经典,司马光,,中华书局,2013-1,788.00元,9.6
1042053,儒林外史,,吴敬梓,,人民文学出版社,2002-1-1,20.00,8.1
1982001,月牙儿,,老舍,,江苏文艺出版社,2006-12-1,19.00元,8.7
1400697,古兰经,,马坚,,中国社会科学出版社,2003-06-01,35.00元,8.0
1069805,给青年的十二封信,,朱光潜,,广西师范大学出版社,2004-12,12.80,8.7
26720841,犹太人的故事,寻找失落的字符（公元前1000年—公元1492年）,[英] 西门·沙马,黄福武,化学工业出版社·悦读名品,2016-8-12,69.80元,9.1
3041463,时间回旋,,[加] 罗伯特·查尔斯·威尔森,陈宗琛,新星出版社,2008-4,29.00元,8.3
1578504,建筑学教程：设计原理,,[荷] 赫曼·赫茨伯格,仲德崑,天津大学出版社,2003-2,70.00元,8.7
4908885,局外人,,[法] 阿尔贝·加缪,柳鸣九,上海译文出版社,2010-9,22.00元,9.0
1072015,人间喜剧 第一卷,,(法)巴尔扎克,丁世中，郑永慧，袁树仁,人民文学出版社,1997-08,28.50,9.1
1001065,麦克白,中英文对照全译本,[英] 莎士比亚,朱生豪,中国国际广播出版社,2001-6,8.50元,8.4
26289739,误入浮华,,不经语,,中国文联出版社,2015-2,49.80元,8.0
1430530,汤姆叔叔的小屋,,（美）斯托夫人（Stowe,H.B.）,林玉鹏,译林出版社,2006-6,23.80元,8.2
7052007,心理学入门,,[德]格尔德米策尔,,中央编译出版社,2011-11,88.00元,8.6
26866300,光芒纪·微光,,侧侧轻寒,,四川文艺出版社,2016-9-1,35.00,9.0
1011702,廊桥遗梦,,（美）罗伯特・沃勒,梅嘉,人民文学出版社,2004-01,10.00,8.1
1489670,老子他说,,南怀瑾,,复旦大学出版社,2002-6,24.00元,8.6
26847644,苏东坡传,,林语堂,,湖南文艺出版社,2016-6,28.00,8.9
1258491,基地与帝国,,[美] 艾萨克·阿西莫夫,叶李华,天地出版社,2005-1,21.00元,9.2
1030200,失落的一角遇见大圆满,新经典文库,Shel Silverstein,陈明俊,南海出版公司,2003-9-1,20.00,8.9
1021977,思考致富,,（美）希尔,曹爱菊,中信出版社,2003-01,21.00,7.9
1037148,社会分工论,,[法] 埃米尔·涂尔干,渠东,生活·读书·新知三联书店,2000-4,28.00元,8.8
1203244,三个火枪手,,大仲马,郝运,上海译文出版社,1996-3-1,27.2,8.2
1029723,汉书（全十二册）,,班固,颜师古 注释,中华书局,1962-06,177.00,9.2
1017213,金融学,,(美)博迪、莫顿,伊志宏,中国人民大学出版社,2000-10,50.00元,8.4
1231590,Effective C++中文版,,[美] Scott Meyers,侯捷,华中科技大学出版社,2001-9,49.80元,9.2
1921597,大学·中庸,,王国轩,,中华书局,2006-10-1,9.00元,8.9
1048047,风沙星辰,,[法] 安东尼·德·圣艾修伯里,艾柯,哈尔滨出版社,2002-3,21.80元,8.5
2116353,不列颠百科全书（全20卷）,国际中文版,中国大百科全书出版社《不列颠百科全书》国际中文版编辑部 编译,,中国大百科全书出版社,2007-4,2300.00元,9.3
1021709,桃花扇,,孔尚任,王季思、苏寰中、杨德平合注,人民文学出版社,1998-05,15.50,8.6
26775415,到山中去,,丰子恺、汪曾祺,,北京联合出版公司,2016-5-1,32.00,9.0
3063888,我的广告生涯&科学的广告,,克劳德·霍普金斯,,邱凯生,2008-4,45.00元,8.5
1157145,建筑模式语言（上下）,城镇·建筑·构造,[美] C. 亚历山大 等,王听度、周序鸣,知识产权出版社,2002-2,150.00元,8.7
2010284,春风沉醉的晚上,,郁达夫,,江苏文艺出版社,2006-12-1,20.00元,8.0
1789444,第三次浪潮,,托夫勒,黄明坚,中信出版社,2006-6,38.00元,8.4
1725606,几何原本,,欧几里得,,人民日报,2005-10,58.00元,8.9
1264579,欢乐英雄,,古龙,,珠海出版社,2005-8,28.00元,8.7
1292322,群星，我的归宿,,阿尔弗雷德·贝斯特、Alfred Bester,赵海虹,四川科学技术出版社,2004-1,18.00元,8.2
2143016,我，机器人,科学小说译丛,(美)阿西莫夫,国强等,科学普及出版社,1983,0.66,9.1
1469028,文選（全六冊）,,萧统,,上海古籍出版社,1986-6-1,198.00,9.4
2363834,春秋大义,中国传统语境下的皇权与学术,熊逸,,陕西师范大学出版社,2007-12,49.80元,8.8
1089512,陆小凤传奇,,古龙,,珠海出版社,2005-8,94.00元,8.6
1321790,华氏451,,（美）雷·布雷德伯利,竹苏敏,重庆出版社,2005-6,20.00元,8.1
1271212,死者代言人,,[美] 奥森·斯科特·卡德,段跣、高颖,四川科学技术出版社,2003-9,26.00元,8.8
1091086,深度探索C++对象模型,,[美] Stanley B. Lippman,侯捷,华中科技大学出版社,2001-5,54.00元,9.1
1083317,北回归线,,亨利・米勒,袁洪庚,中国人民大学出版社,2004-1,19.80,7.8
1182890,严厉的月亮,,罗伯特·海因莱因,卢燕飞、卢巧丹,四川科学技术出版社,2015-2-1,25.0,8.4
2110638,计算机组成与设计硬件/软件接口,,[美] David A.Patterson、John L.Hennessy,郑纬民,机械工业出版社,2007-4,75.00元,9.3
1275608,神秘岛,,(法)儒勒.凡尔纳,联星,中国青年出版社,1957-05,26.70,8.7
26914106,醉流年,,云葭,,百花洲文艺出版社,2016-12,32元,7.9
2042631,弗兰肯斯坦,,[英]玛丽·雪莱,刘新民,上海译文出版社,2007-3,10.00元,7.9
26642866,萤火虫小巷,,[美]克莉丝汀·汉娜,康学慧,百花洲文艺出版社,2015-11-1,36.00元,8.4
1116325,人类理解论（上下）,,[英]洛克,关文运,商务印书馆,1959-02-01,28.1,8.6
2032964,正红旗下,,老舍,,人民文学出版社,1980年6月,0.51,9.1
1140726,计算中的上帝,世界科幻大师丛书,(加拿大)罗伯特﹒J﹒索耶,张建光,四川科学技术出版社,2003-09-01,18.00元,8.2
26896093,坐拥书城意未足,,季羡林,,鹭江出版社,2016-9,39.80,8.3
2031604,离婚,,老舍,,人民文学出版社,1981-9-1,0.72元,8.9
1437858,天行健（全4册）,,燕垒生,,成都时代出版社,2005-9,80.00元,8.7
1219090,沙与沫,,卡里・纪伯伦、廖欣,林志豪,哈尔滨出版社,2004-9,18.00元,9.2
2136140,雨季不再来,,三毛,,北京十月文艺出版社,2007-7,28.00元,8.7
1116338,叔本华论说文集,,[德]叔本华,范进、柯锦华、秦典华、孟庆时,商务印书馆,1999-1,45.00元,9.0
24935031,战争与和平,,(俄)列夫·托尔斯泰,草婴,北京联合出版公司,2014-1,68.80元,9.3
3874395,思想的力量,哲学导论（第6版）,Brooke Noel Moore、Kenneth Bruder,李宏昀、倪佳,上海社会科学院出版社,2009-8,78.00元,8.9
4891108,爱伦坡惊悚小说全集,世界推理侦探小说之父短篇小说最完整译本,(美) 爱伦·坡,简伊婕,安徽教育出版社,2010,39.00元,8.4
1013488,论犯罪与刑罚,,贝卡里亚,黄风,中国大百科全书出版社,2003-02,12.0,9.0
21979017,魔戒,,[英] J.R.R.托尔金,邓嘉宛、石中歌、杜蕴慈,上海人民出版社,2013-9,169.00元,9.5
25929667,你是我学生又怎样,,田畈,,花山文艺出版社,2014-8-15,22.00,7.6
20428302,失明症漫记,,(葡)若泽·萨拉马戈,范维信,南海出版公司,2014-2,29.50,9.1
26913479,华杉讲透《论语》,,华杉,,江苏文艺出版社,2016-11-20,68.00,8.5
1448343,奈特人体解剖彩色图谱,第3版,Frank H.Netter,王怀经,人民卫生出版社,2005-10,212,9.6
1186350,红字,,霍桑,胡允桓,人民文学出版社,1996-6,11.40元,7.8
1843508,管理：使命、责任、实务（实务篇）,,彼得·德鲁克,王永贵,机械工业出版社,2006-6,42.00元,9.1
3092897,政治学说史（上卷）,,[美] 乔治·萨拜因 著、[美] 托马斯·索尔森 修订,邓正来,上海人民出版社,2008-6,46.00元,9.1
26590893,论历史与故事,,[英] A.S.拜厄特,黄少婷,译林出版社,2016-3-31,38,8.5
1157014,伤逝,,鲁迅,,中国青年出版社,2004-1-1,19.50元,8.8
4097264,小兔彼得和他的朋友们（全3册）,彼得兔绘本全集,【英】毕翠克丝•波特,曹剑,安徽教育出版社,2009年10月,84.00元,9.0
1765132,外国现代科学幻想小说,上下册,施咸荣编,施咸荣 董乐山等,上海文艺出版社,1982,1.75元,9.4
5432475,穿越计算机的迷雾,,李忠,,电子工业出版社,2011-1,36.00元,8.7
26939596,殺破狼,,Priest,,昕文化工作室,2016-9,臺幣1200圓,9.2
4175522,概率导论,第2版,Dimitri P.Bertsekas、John N.Tsitsiklis,郑忠国、童行伟,人民邮电出版社,2009-12,69.00元,9.1
7064456,研究之美,一对学友如何启发了对纯数学的兴趣，并获得了终极幸福的故事,[美] Donald E. Knuth,高博,电子工业出版社,2012-1-1,49.00元,8.4
1258498,项链,莫泊桑中短篇小说选,[法] 莫泊桑,顾加琛 等,河北教育出版社,2005-2,28.00元,8.3
26863470,力量训练基础,用5种杠铃动作极速发展身体实力,[法] 莫泊桑,顾加琛 等,河北教育出版社,2005-2,28.00元,9.4
1492433,建筑的复杂性与矛盾性,,(美)罗伯特·文丘里,,中国水利水电,2006-1,40.00元,8.1
5355285,编程人生,15位软件先驱访谈录,Peter Seibel,图灵俱乐部,人民邮电出版社,2011-1-1,79.00元,8.4
1082162,第一炉香,第一炉香,张爱玲,,花城出版社,1997-3,11.5,8.3
2042167,无名的裘德,,托马斯·哈代,刘荣跃,上海译文出版社,2007-3,14.00元,8.1
26763167,狼的恩赐,,[美] 安妮·赖斯,阳曦,江苏凤凰文艺出版社,2016-10-25,52.00元,8.1
1012561,上下五千年,,林汉达、曹余章,,少年儿童出版社,1991-11-01,43.00,8.6
1455274,园冶注释(第二版),,[明] 计成 原著、陈植 注释,,中国建筑工业出版社,1988,14.00元,9.1
1159177,高效程序的奥秘,,沃瑞恩,冯速,机械工业出版社,2004-5,28.00元,8.4
1474736,鲁迅杂文全集,,鲁迅,,河南人民出版社,1994-12-01,35.00,9.0
1389960,七龍珠 34,超越悟空的戰士,鸟山明,牟琳,東立,1993-6-25,6.90,9.2
1040924,金粉世家（上下）,,张恨水,,北岳文艺出版社,2000-1-1,45.00,8.1
1056164,慈禧全传(六卷八册),,高阳,,中国友谊出版公司,1984-11,120.00元,9.0
25827282,悉德·菲尔德经典剧作教程,,[美]悉德·菲尔德(Syd Field),钟大丰、鲍玉珩、魏枫,世界图书出版公司·后浪出版公司,2014-2,106.00元,9.1
2377310,C专家编程,,Peter Van Der Linden,徐波,人民邮电出版社,2008-2,45.00元,9.2
1858493,虹,,[英]D·H·劳伦斯,黄雨石,上海译文出版社,2006-8,16.00元,7.8
26611866,曾国藩治学方法,,胡哲敷,,当代中国出版社,2015-9,28.00元,9.3
12404751,遥远地球之歌,,[英] 阿瑟·克拉克,高天羽,江苏文艺出版社,2013-5-15,29.90元,8.6
4909050,半轮黄日,,奇玛曼达·恩戈齐·阿迪奇埃,石平萍,译林出版社,2010-10-22,35.00元,8.4
26889498,小确幸不如大欢喜,,牛莹,,百花洲文艺出版社,2016-10,32元,8.9
3788399,复分析,可视化方法,(美) 尼达姆 (Needham, T.),齐民友,人民邮电出版社,2009-7,79.00元,9.7
1214303,韩非子,,韩非,徐翠兰,山西古籍出版社,2003-3-1,9.0,8.8
26778494,大哥（下）,,Priest,,上海人民美术出版社,2016-3,64.00元,9.1
1045934,幻灭,,(法)巴尔扎克,傅雷,人民文学出版社,1989-9,29.00元,8.7
1427527,竞争优势,,[美] 迈克尔·波特,陈小悦,华夏出版社,2005-8,38.00元,8.7
1093078,古龙作品全集（全53卷）,,[美] 迈克尔·波特,陈小悦,华夏出版社,2005-8,38.00元,9.1
1039809,草叶集,,(美)瓦尔特.惠特曼,徐翰林,哈尔滨出版社,2004-05,16.80,8.1
2778632,C陷阱与缺陷,C语言调试指南,凯尼格,高巍,人民邮电出版社,2008-2-1,30.00元,8.9
26775411,祝，一切安好,,沈从文、梁实秋、丰子恺,,北京联合出版公司,2016-5-1,30.00,8.7
2062557,地狱变,,芥川龙之介,楼适夷、文洁若,解放军文艺出版社,1999年,8.00,9.1
1035477,德伯家的苔丝,,[英] 哈代,张谷若,人民文学出版社,1984-07,25.50,7.8
1135754,你的灯亮着吗?,发现问题的真正所在,(美国)唐纳德・高斯等著,章柏幸、刘敏,清华大学出版社,2003-1,25.00元,8.1
20537674,先知三部曲（全新插图修订本）,武装的先知：托洛茨基  1879—1921；被解除武装的先知：托洛茨基  1921—19,[波]伊萨克•多伊彻,王国龙、周任辛、施用勤、张冰、刘虎,中央编译出版社,2013-2,258.00元,9.2
1434038,龙枪编年史（全三册）,,[美] 马格丽特·魏丝、崔西·西克曼,朱学恒,龙门书局,2001-6,84.00元,8.8
2350549,海伯利安的陨落,,丹·西蒙斯,李懿、潘振华,万卷出版公司,2008-01,59.6,8.8
1002562,论道德的谱系 善恶之彼岸,,[德] 尼采,谢地坤 宋祖良 刘桂环,漓江出版社,2007-2,15.00元,8.7
2893591,King, Warrior, Magician, Lover,Rediscovering the Archetypes of the Mature Masculine,Robert Moore、Douglas Gillette,,HarperOne,1991-8-16,USD 15.99,8.5
25803529,现代英文选评注,,夏济安 评注,夏志清 校订,外语教学与研究出版社,2014-1-1,45,9.3
1138986,名侦探柯南42,,青山刚昌,natuya,长春出版社,2003-10,9.00元,8.7
1918325,荒凉山庄,狄更斯文集,狄更斯,黄邦杰、陈少衡、张自谋,上海译文出版社,1998,39.50元,8.6
19986372,沉默的大多数,,王小波,,北京工业大学出版社,2012-10,25.00元,8.7
1683152,费恩曼物理学讲义 第3卷,,Richard P. Feynman、Robert B. Leighton、Matthew Sands,潘笃武、李洪芳,上海科学技术出版社,2006-1,60.00元,9.6
1024468,金锁记,,张爱玲,,哈尔滨出版社,2005-6,19.80元,9.0
1052828,玩笑,,米兰 · 昆德拉,蔡若明,上海译文出版社,2003-6-1,24.00,8.4
1391510,机器人短篇全集（上下）,,（美）艾萨克·阿西莫夫,汉声杂志,天地出版社,2005-06,45.0,9.2
1067592,要塞,,（法）安东尼・德・圣埃克苏佩里,马振骋,海南出版社,2003-09,20.00,8.7
10829270,法的门前,经典著作《法律之门》中文精编本,彼得•德恩里科、邓子滨,,北京大学出版社,2012-7,35.00元,8.2
1125026,毛泽东选集 第二卷,,毛泽东,,人民出版社,1991-6,23.00元,9.0
26281317,群魔,《驱魔人》续集,[美]威廉·彼得·布拉蒂,黄显焯,北京时代华文书局,2015-10-30,56.00元,8.2
26836228,江山美人谋·终章,典藏版,袖唐,,百花洲文艺出版社,2016-8,49.80元,8.3
1212488,罗密欧与朱丽叶,,（英）莎士比亚,朱生豪,人民文学出版社,2003-01,18.00,8.3
1230328,数学（第一卷）,它的内容，方法和意义,[俄] A. D. 亚历山大洛夫 等,孙小礼、赵孟养、裘光明、严士健,科学出版社,2001-11,28.00元,9.0
25911858,我们能做什么,胡适与中国青年最真诚的分享,胡适,,九州出版社,2014-8-1,36.00,8.3
1119528,高老头,,(法)巴尔扎克,傅雷,人民文学出版社,1989-09-01,5.60,7.9
1124895,中国古代建筑史,,刘敦桢,,中国建筑工业出版社,2008-8-1,52.00元,9.0
2301377,玛法达,季诺经典漫画,季诺[阿根廷],,当代世界出版社,2008年1月,120.00元,9.2
1180108,恐怖宠物店1,,秋乃茉莉、李英凤,李英凤,哈尔滨出版社,2004-5-1,12.00元,9.0
26534892,未来的序曲,21世纪科幻小说杰作选,(美)刘宇昆，保罗·巴奇加卢皮等 著；(美)戴维·哈特威尔，帕特里克·海登 编,汪梅子、李懿、夏笳、秦鹏、刘壮、阿古 等,新星出版社,2015-8,79.00元,8.2
1281343,微积分和数学分析引论（第一卷）,,Richard Courant、Fritz John,张鸿林、周民强,科学出版社,2005-2-1,48.00元,9.3
7055441,罗马人的故事1,罗马不是一天建成的,盐野七生,计丽屏,中信出版社,2011-12-1,36.00元,8.9
2300010,夜访吸血鬼,吸血鬼史诗系列,安妮·赖斯,姜秋霞,译林,2007-10-01,23.00元,8.5
1433572,随风而来的玛丽阿姨,,（英）帕·林·特拉芙斯,任溶溶,明天出版社,2005,11.50元,9.2
1051745,一个陌生女人的来信,,（奥）斯台芬・茨威格,张玉书,华夏出版社,2000年1月1日,13.50,8.7
1096216,C++语言的设计和演化,,[美] Bjarne Stroustrup,裘宗燕,机械工业出版社,2002-1,48.00元,8.8
3843961,唐诗三百首,唐诗三百首（中华经典藏书）,顾青 编注,,中华书局,2009-07,19.00元,9.4
26869237,人间词话,,王国维,,海南出版社,2016-8-29,36.00,9.3
1083434,莫泊桑短篇小说选,,[法] 莫泊桑,赵少侯,人民文学出版社,2002-6,14.00元,8.6
25833271,萧红全集（精装·全5册·插图本）,,萧红著、章海宁主编,,北京燕山出版社,2014-5-1,268.00,9.0
1031741,欧也妮·葛朗台,,巴尔扎克(法),张冠尧,人民文学出版社,2000-5-1,8.80,7.8
1370274,Level E,全三集,富樫義博、Yoshhiro Togashi,,蘇錦明,集英社授權天下出版,1995,9.2
21325488,俄国文学史（上下卷）,,[俄] 德·斯·米尔斯基,刘文飞,人民出版社,2013-1-1,110.00元,9.3
1042938,礼记集解（全三册）,,[清] 孙希旦 撰、沈啸寰、王星贤 点校,,中华书局,1989-02,146.00元,9.3
2295122,卡门,梅里美中短篇小说选,(法)梅里美,王钢 等,上海译文出版社,2007-9,29.00元,8.4
1028409,中国少年儿童百科全书（全四册）,,林崇德 主编,,浙江教育出版社,1991-4,168.00元,9.4
1421921,幽游白书（全19册）,,冨樫義博,,河南大学出版社,1990,129.2,8.9
25776301,我们的经典,（一函四册）,李零,,三联书店,2013-12,198.00,9.1
1042168,李尔王,,[英] 莎士比亚,张信威 注释,商务印书馆,2001-5,13.00元,8.4
1430657,卡夫卡全集（全10卷）,,叶廷芳 主编,洪天富 等,河北教育出版社,1996-12,248.00元,9.3
26358383,艺术史,1940年至今天,[美]乔纳森·费恩伯格（Jonathan Fineberg）,陈颖、姚岚、郑念缇,上海社会科学院出版社,2015-4,280.00元,9.1
1031354,死魂灵,,[俄] 果戈理,满涛、许庆道,人民文学出版社,1983-9,16.00元,8.0
26383997,天国降临,,[美]马克·怀德、[美]亚历克斯·罗斯,江业华,世界图书出版公司,2015-7,139.00元,9.0
25851002,世界微尘里,,木浮生,,百花洲文艺出版社,2014-4,29.80元,8.0
26281301,和繁重的工作一起修行,平和喜乐地成就事业,一行禅师,向兆明,河南文艺出版社,2015-1-1,28.00元,8.7
25762005,教父3,最后的教父,(美)马里奥·普佐,依廉,江苏文艺出版社,2014-4-1,54.00,8.5
2064688,异乡异客,,(美)马里奥·普佐,依廉,江苏文艺出版社,2014-4-1,54.00,8.3
2050767,绿野仙踪,,弗兰克·鲍姆,张建平,上海译文出版社,2007-3,11.00元,8.6
23238604,莎士比亚悲剧喜剧全集·朱生豪译（全5册）,,[英] 威廉·莎士比亚,朱生豪,中国书店出版社,2013-3,152.00元,9.4
1034922,莎士比亚喜剧悲剧集,,莎士比亚,朱生豪,译林出版社,1998-05,38,8.9
1578609,张爱玲作品集,现当代名家精品书系,张爱玲,,北岳文艺出版社,2001,28、8,8.9
26780911,大哥（上）,,Priest,,上海人民美术出版社,2016-3,32.00元,8.9
1661440,生育制度,,费孝通,,商务印书馆,1999-07-20,12.00元,8.9
1098639,纯真年代,,[美] 伊迪丝·华顿,赵兴国、赵玲,译林出版社,2002-1,17.50元,8.3
1465419,资本主义与自由,,[美] 米尔顿·弗里德曼,张瑞玉,商务印书馆,2004-7,15.00元,8.5
4917220,楚辞,,屈原 等,林家骊 注释,中华书局,2010-6,23.00元,9.3
1870212,宗教生活的基本形式,,[法]爱弥尔·涂尔干,渠东、汲喆,上海人民出版社,2006-8,42.00元,9.0
1550704,法律思维与民法实例,请求权基础理论体系,王泽鉴,,中国政法大学出版社,2001-7,27.00元,9.2
2173262,假如明天来临,,[美] 西德尼·谢尔顿,龚人、宁翊,译林出版社,2007-7,28.00元,8.3
1275195,恶,在人类暴力与残酷之中,罗伊·F·鲍迈斯特尔,崔洪建,东方出版社,1998-12,30.50,8.8
1419377,利息理论,,[美]菲歇尔,陈彪如,上海人民出版社,1999,24.00,9.3
1139359,毛泽东选集 第四卷,第四卷,毛泽东,,人民出版社,2003-7,44.00元,8.9
2267883,色，戒,,张爱玲,,北京十月文艺出版社,2007-10,25.00元,7.9
1082601,羊皮卷,,奥格·曼狄诺,王琼,世界知识出版社,2004-5-1,38.00元,7.6
4902836,王小波小说全集：白银时代 2010 黑铁时代,,王小波,,长江文艺出版社,2010.07.01,25.00元,8.7
1765512,海的女儿,安徒生童话全集之一,安徒生,叶君健,上海译文出版社,1978年6月,0.43,9.1
1257360,孟子,,王常则,,山西古籍出版社,2004-02-01,9.00元,8.8
1034653,國學概論,,钱穆,,商务印书馆,1997-07-01,20.00,8.8
4589142,Book,The Sequel: First lines from the classics of the future by Inventive Imposters,Priddle, Clive (EDT),,PublicAffairs,2009-05-30,USD 9.95,9.7
26586598,性能之巅,洞悉系统、企业与云计算,Brendan Gregg,徐章宁、吴寒思、陈磊,电子工业出版社,2015-8-15,128,8.8
1074178,经济分析史（第一卷）,,[美] 约瑟夫·熊彼特,朱泱、孙鸿敬、李宏,商务印书馆,1996-8,21.20元,9.0
1499645,Essays of E. B. White,,E. B. White,,Harper Perennial Modern Classics,2006-12-12,USD 14.99,9.5
1467519,世界童话名著连环画,全8册,陈伯吹审定、任溶溶,沙音作者作品介绍撰写,,浙江少年儿童出版社,1988-12-01,35元,9.8
1009043,日出,,曹禺,,人民文学出版社,1997-09,9.80,8.4
1626532,地藏菩萨本愿经,,张德宝等著闻妙释义,,黄山书社出版社,2004-11-01,13.80元,9.5
26791537,心静的力量,,[美]拿破仑·希尔,戴至中,北京联合出版公司,2016-5-20,48.00,8.3
1440490,王朔文集（纯情卷）,,王朔,,华艺出版社,1994,4.99,8.6
26878059,人若犯我（全二册）,,四十二吨,,百花洲文艺出版社,2016-10,49.8元,9.3
6006497,诸神的微笑,,芥川龙之介,小Q,复旦大学出版社,2011-1,20.00元,8.6
1185636,娜娜,,【法】左拉（Zola）,郑永慧,人民文学出版社,1998-5,21.60元,7.4
1444077,汪曾祺小说经典,,汪曾祺,,人民文学出版社,2005-8-1,25.00元,9.2
25733467,V字仇杀队,,(美)阿兰·摩尔、大卫·劳埃德,Darth-Nr6、洌月,世界图书出版公司,2013-12-1,75.00元,9.1
26773323,莫泊桑短篇小说精选,,[法] 莫泊桑,木炜,浙江文艺出版社,2016-4-1,32.00元,9.1
26879323,让时间停止的女孩,,[法] 莫泊桑,木炜,浙江文艺出版社,2016-4-1,32.00元,9.0
1276771,政府论（上篇）,,[英] 洛克,瞿菊农、叶启芳,商务印书馆,1982-11,10.00元,8.1
2036573,儿子与情人,,[英]戴·赫·劳伦斯,张禹九,上海译文出版社,2007-3,21.00元,7.6
3673670,怨女,,张爱玲,,北京十月文艺出版社,2009-5,29.80元,8.2
25762007,教父2,西西里人,(美)马里奥·普佐,祁阿红,江苏文艺出版社,2014-4-1,42.00,8.3
1027002,被欺凌与被侮辱的,,[俄] 陀思妥耶夫斯基,南江,人民文学出版社,1980-9,15.00元,8.6
23780616,一个悲观主义者的积极思考,一个悲观主义者的积极思考,叔本华,林康成,中国华侨出版社,2013-5,32.00元,8.7
3269798,量子力学,朗道理论物理学教程 第三卷,Л.Д.朗道、E.A.栗弗席兹,严肃、喀兴林,高等教育出版社,2008-10,85.00元,9.6
1778062,荣格文集,让我们重返精神的家园,（瑞士）荣格,,改革出版社,1997-4,29.8元,8.9
3268399,上海堡垒,,江南,,万卷出版公司,2009-1,26.00,8.5
1009273,三毛流浪记（全集）,,张乐平,少年儿童出版社,1995-10,14.80元,18.00元,9.1
1052360,卡尔维诺文集（第四卷）,命运交叉的城堡 看不见的城市 宇宙奇趣,[意大利] 卡尔维诺,张宓,译林出版社,2001-9,20.30元,8.9
24283160,间客,,[意大利] 卡尔维诺,张宓,译林出版社,2001-9,20.30元,8.6
1954037,计算机体系结构,量化研究方法(英文版第4版),斯坦福大学,,机械工业出版社,2007-1,78.00元,9.5
1496360,建筑空间组合论,（第一版）,彭一刚,,中国建筑工业出版社,1998-10-1,45.00元,8.1
2161691,伊索寓言,,(希腊)伊索,吴健平、于国畔,上海译文出版社,2007-7,12.00元,8.3
1803641,小公主,外国文学经典,(美)伯内特,,外语教学与研究出版社,2006-1,9.90元,8.8
1597252,二十四史全译1-88,,司马迁[西汉]、班固[东汉]、范晔[南朝]、陈寿[西晋]、房玄龄[唐]、梁沈约[南朝]、梁萧子显[南朝]、姚思廉[唐]、魏收[北齐]、李百药[唐]、令狐德棻[唐]、魏征[唐]、李延寿[唐]、刘昫等[后晋]、欧阳修、宋祁[宋]、薛居正[宋]、脱脱[元]、宋濂[明]、张廷玉[清],许嘉璐,汉语大词典出版社,2010年1月1日,12000.0,9.2
1015398,卡尔维诺文集（第二卷）,通向蜘蛛巢的小路 烟云 阿根廷蚂蚁 短篇小说八篇,（意大利）伊塔洛・卡尔维诺,吕同六、张洁、萧天佑,译林出版社,2001-9-1,16.30,8.8
6791962,契科夫短篇小说精选,契科夫短篇小说精选,契诃夫,梅春才,吉林出版集团,2011-5,15.80元,8.9
25900181,宝宝圣经：怀孕·分娩·育婴图解大百科（白金修订版）,,（韩）三省出版社编辑部,,刘钻扩、郭小明、王双红,2014-6,120.00元,8.9
1027587,恶之花 巴黎的忧郁,,波德莱尔(法),钱春绮,人民文学出版社,1996-10,24.10,8.6
1032431,卡尔维诺文集（第五卷）,寒冬夜行人 帕洛马尔 美国讲稿,[意大利] 卡尔维诺,萧天佑,译林出版社,2001-9,21.60元,9.0
2340610,2010太空漫游,,(英)阿瑟·克拉克,张启阳,上海人民出版社,2007-11,29.00元,8.8
1027427,论语今读,,李泽厚,,生活·读书·新知三联书店,2004-3,38.60元,8.4
26833437,凯尔特人·三巨头传,,张佳玮,,江苏凤凰文艺出版社,2016-12-25,59.9,8.2
25848086,春秋左传精读,,刘勋,,新世界出版社,2014-4-1,399.80元,8.4
1107841,战国策,,宋韬,,山西古籍,2003-1-1,10.0,9.0
1051314,钢琴师,二战期间华沙幸存记,(波)瓦迪斯瓦夫.什皮尔曼,,人民文学出版社,2004-1,12.00,9.0
2266772,绿色童话,彩色童话集,安德鲁·朗格,张训达,少年儿童出版社,1991年11月1日,20.00元,9.1
1003387,雪国 古都 千只鹤,,[日本] 川端康成,,译林出版社,1996-4-1,18.00元,8.5
2064814,毛主席语录,,[日本] 川端康成,,译林出版社,1996-4-1,18.00元,8.2
19977973,空间·时间·建筑,一个新传统的成长,希格弗莱德·吉迪恩,王锦堂、孙全文,华中科技大学出版社,2014-2,188.00 元,8.8
26394906,凤囚凰 漫画壹,,希格弗莱德·吉迪恩,王锦堂、孙全文,华中科技大学出版社,2014-2,188.00 元,8.1
2127498,罗念生全集：第二卷：埃斯库罗斯悲剧三种、索福克勒斯悲剧四种,埃斯库罗斯悲剧三种、索福克勒斯悲剧四种,罗念生,,上海人民出版社,2007,50.00元,9.5
10775812,远行,,[美]大卫·梭罗、[美]爱默生,董晓娣,光明日报出版社,2012-7,28.00元,8.4
26710589,落花生,精编插图版,许地山,,云南人民出版社,2016-1-1,32.00元,8.4
1855425,当代英雄,,[俄]米·莱蒙托夫,冯春,上海译文出版社,2006,9.00元,8.6
2009914,为权利而斗争,,鲁道夫·冯·耶林,郑永流,法律出版社,2007-1,14.00元,8.8
4259311,章太炎说文解字授课笔记,,章太炎 讲授、朱希祖、钱玄同、周树人 记录、王宁 主持整理,,中华书局,2010-1-1,86.00元,9.3
2059252,力学,理论物理学教程 第一卷,П.Д.朗道、Е.М.栗弗席兹,李俊峰、鞠国兴,高等教育出版社,2007-4,35.00元,9.5
3119865,物理学的概念与文化素养,,[美] Art Hobson,秦克诚、刘培森、周国荣,高等教育出版社,2011-5,53.00元,9.5
1257294,传奇,,张爱玲,,湖南文艺出版社,2003-4-1,36.00,9.2
10566123,山海经,中国创世史诗，上古奇幻巨著,徐客,,陕西师范大学出版社,2012-3-1,68.00元,8.3
1050368,子夜,,茅盾,,人民文学出版社,2002-1,19.80元,7.3
1009285,童年,,[苏] 高尔基,刘辽逸,人民文学出版社,2002-01,10.80元,7.6
1076598,宋诗选注,,钱钟书,,生活·读书·新知三联书店,2002-5,45.00元,8.7
26261036,生命之灵,国际野生生物摄影年赛50年精选,罗莎蒙德•基德曼•考克斯,沈成、野性中国,中信出版社,2015-1,198.00元,9.6
1018881,穆旦诗全集,,穆旦,李方 编,中国文学出版社,1996-08,16.00元,9.0
1878495,拜伦诗选,,拜伦,查良铮,上海译文出版社,1982.02,1.28,8.6
1037121,寒柳堂集,,陈寅恪,,生活·读书·新知三联书店,2001-4,30.00元,9.3
1456692,金瓶梅,张竹坡批评第一奇书,兰陵笑笑生,,齐鲁出版社,1991,268.00元,8.5
1477390,代码大全（第2版）,,[美] 史蒂夫·迈克康奈尔,金戈、汤凌、陈硕、张菲 译、裘宗燕 审校,电子工业出版社,2006-3,128.00元,9.3
2185235,历史是什么?,,[英] 爱德华·霍列特·卡尔,陈恒,商务印书馆,2007-6,19.00元,8.5
1929984,数据库系统概念,第五版,Abraham Silberschatz、Henry F. Korth、S. Sudarshan,杨冬青、马秀莉、唐世渭,机械工业,2006-10-01,69.50元,8.4
3788397,豺狼的日子,,弗·福赛斯,姜焜,新星出版社,2009-6,29.00元,8.5
2308234,CSS权威指南（第三版）,,[美] Eric A.Meyer,侯妍、尹志忠,中国电力出版社,2007-10,58.00,8.5
1858513,月亮和六便士,,[英] 毛姆,傅惟慈,上海译文出版社,2006-8,15.00元,8.9
1075540,拉奥孔,,（德）莱辛,朱光潜,人民文学出版社,1979-12,12.00元,8.8
2354969,衣香鬓影,,寐语者,,花山文艺出版社,2007-11,25.00元,8.2
1085799,白鹿原,,陈忠实,,人民文学出版社,1997年,28.00元,8.6
3117249,华夏美学·美学四讲,李泽厚集,李泽厚,,生活·读书·新知三联书店,2008-6,41.00元,9.0
1545936,唐宋名家词选,,龙榆生,,上海古籍出版社,2009-11,25.00元,9.4
1006770,卡尔维诺文集（第一卷 上下）,意大利童话,[意大利] 卡尔维诺,文铮、马箭飞、魏怡、李帆,译林出版社,2001-9,48.80元,8.4
1885262,笑面人,,雨果,鲁膺,上海世纪出版集团（上海译文出版社）,2006-8,17.00元,8.6
1287865,老子,,[春秋] 李耳,卫广来,山西古籍出版社,2003-3,5.00元,9.4
2282946,直面内心的恐惧,分裂、忧郁、强迫、歇斯底里四大人格心理分析,[德] 弗里兹·李曼,杨梦茹,山西人民出版社,2007-10,25.00元,7.8
4275052,九型人格,了解自我.洞悉他人的秘诀,（美）里索、（美）赫德森,徐晶,南海出版公司,2010-2,38.00元,8.1
1580461,园林景观设计：从概念到形式,,（美）格兰特·W.里德（Grant W.Reid）,,中国建筑工业出版社,2004-1,49.00元,8.8
1161117,股市趋势技术分析,第8版,爱德华,,中国发展出版社,2004-02-01,68.00元,8.2
1398461,梁实秋散文,插图珍藏版,梁实秋,,人民文学出版社,2005-5,21.00元,8.7
1211572,世界文学名著连环画 欧美部分（全十册）,,荷马、索福克勒斯、拉伯雷、笛福、埃斯库罗斯、歌德,,浙江人民美术出版社,1987-1-1,136.00元,9.7
26686263,论语新注新译,,杨逢彬,,北京大学出版社,2015-12,42,9.3
26919754,当下的你，最好的你,,杜昆阳,,武汉出版社,2017-1,36.80,9.1
1230413,深入理解计算机系统,,Randal E.Bryant、David O'Hallaron,龚奕利、雷迎春,中国电力出版社,2004-5-1,85.00元,9.5
1023494,罗马史（第一卷）,,[德] 特奥多尔·蒙森,李稼年 译、李澍泖 校,商务印书馆,1994-10,12.00元,7.8
1792474,易卜生戏剧集（三卷）,,[挪]易卜生,潘家洵、萧乾、成时,人民文学出版社,2006-4,97.00元,9.1
26043287,我的拖延症女友,,Priest,,百花洲文艺出版社,2014-10-1,29.8,8.0
1949061,不合时宜的沉思,,[德]尼采,李秋零,华东师范大学出版社,2007年1月,34.80元,8.6
1081422,卡夫卡小说全集（全三册）,,[奥] 卡夫卡,韩瑞祥 [等],人民文学出版社,2003-08,60.00元,8.9
1496384,图解思考,建筑表现技法,[美] 保罗·拉索,邱贤丰、刘宇光、郭建青,中国建筑工业出版社,2002-7,38.00元,8.2
1077621,毛泽东选集 第三卷,,毛泽东,,人民出版社,1991-6,18.00元,8.8
10773248,无条件养育,,艾尔菲·科恩,,天津教育出版社,2012-6,29.80元,8.6
5394453,历史是造物主写的小说 第一部,一部中西全史，当代通鉴,长河飞舟,,新世界出版社,2010-12-1,36.00元,9.0
1852515,计算理论导引,第2版,[美]Michael Sipser,唐常杰、陈鹏、向勇、刘齐宏,机械工业出版社,2006-7,36.00元,9.1
1052241,设计模式,可复用面向对象软件的基础,[美] Erich Gamma、Richard Helm、Ralph Johnson、John Vlissides,李英军、马晓星、蔡敏、刘建中 等,机械工业出版社,2000-9,35.00元,9.1
26779398,WKW,The Cinema of Wong Kar Wai,Wong Kar Wai、John Powers,,Rizzoli International Publications,2016-4-19,USD 65.00,9.6
25828065,中国政治二千年,,张纯明,,当代中国出版社,2014-3-1,20.00元,8.6
1089511,三少爷的剑,,古龙,,珠海出版社,2005-8,20.00元,7.6
1086444,沉沦,,郁达夫,,作家出版社,2000-7,8.00元,7.5
1419432,熵：一种新的世界观,,(美)杰里米·里夫金、特德·霍华德,吕明、袁舟,上海译文出版社,1987.02,2.05元,8.0
24944340,尤比克,,[美]菲利普·迪克,金明,译林出版社,2013-9-1,26.00元,8.5
24736899,雪国,川端康成作品01,[日] 川端康成,叶渭渠、唐月梅,南海出版公司,2013-9-15,32.00,8.0
1856494,卡拉马佐夫兄弟,,[俄]陀思妥耶夫斯基,荣如德,上海译文出版社,2006-8,25.00,9.3
26304954,存在主义心理治疗,,(美) 亚隆,沈东郁,商务印书馆,2015-5,79.00,9.5
7015176,管理的常识,《华尔街日报》萃取全球120年管理思想精粹,[美]艾伦·默里,邱璟旻,中华工商联合出版社有限责任公司,2012-2-1,32.00元,8.1
26769766,开封奇谈.3,,晓晨兽,,沈阳出版社,2016-5-1,19.8,8.0
1425636,杯雪·夜雨打金荷,,小椴,,新世界出版社,2005-07,16.0,8.7
1883991,王小波全集,,王小波,,云南人民出版社,2006-7,288.00元(全十册),9.3
1211267,阿甘正传,,[美] 温斯顿·葛鲁姆,于而彦,人民文学出版社,2002-8,12.00元,8.5
25880067,安珀志1：安珀九王子,,(美)罗杰·泽拉兹尼,胡纾,北京联合出版公司,2014-7,32.00元,7.5
25789686,相遇,格非中短篇小说精选集,格非,,译林出版社,2014-2-15,35.00元,8.3
1849409,易经,,于春海 译评,,吉林文史出版社,2006-8-1,15.00,9.1
1486619,阁楼上的光,,[美] 谢尔·希尔弗斯坦 文·图,叶硕,南海出版公司,2006-2,25.00元,8.3
26883132,英格兰简史,从公元410年到21世纪的帝国兴衰,[英] 西蒙·詹金斯（Simon Jenkins）,钱峰,化学工业出版社·悦读名品,2016-11-1,98.00元,8.8
26919794,现在就是最好的时光,,林清玄,,江西教育出版社,2016-10-1,38.00元,10.0
1489494,人与永恒,,周国平,,北岳文艺出版社,2006年2月1日,18.0,8.5
26931701,长安十二时辰,,马伯庸,,湖南文艺出版社,2016-11-21,79.60元,8.7
3007268,传习录,,[明] 王阳明撰,于自力、孔薇、杨骅骁,中州古籍出版社,2008-1,32.00元,9.3
14439405,哲学的故事,,[美] 威尔·杜兰特,蒋剑峰、张程程,新星出版社,2013-5,49.00元,8.9
26579966,医生的修炼,在不完美中探索行医的真相,[美]阿图·葛文德,欧冶,浙江人民出版社,2015-8,49.90,8.6
1139881,微观经济学,现代观点,[美] 哈尔·R·范里安,费方域,上海人民出版社,1994-1,42.00元,8.7
3117247,中国古代思想史论,,李泽厚,,生活·读书·新知三联书店,2008-6,35.00元,9.0
26775414,茶，汤和好天气,,汪曾祺、丰子恺,,北京联合出版公司,2016-5-1,32.00,8.9
24887735,和平与战争,国际关系理论,[法] 雷蒙·阿隆,朱孔彦,中央编译出版社,2013-9,168.00元,9.6
1500149,UNIX网络编程,第1卷:套接口API(第3版),史蒂文斯、芬纳、鲁道夫,杨继张,清华大学出版社,2006-1,98.00元,9.4
1083882,白先勇经典作品,,白先勇,,当代世界出版社,2007-9,22.80元,8.5
26791320,哇，历史原来可以这样学1,,林欣浩,,四川少年儿童出版社,2016-4-1,29.8,8.5
6425061,哲学家们都干了些什么？,,林欣浩,,辽宁教育出版社,2011-5,26.80元,8.6
1477437,唐人故事,,王小波,,中国档案出版社,2006-1,18.00元,8.9
3262395,垂暮之战,,（美）约翰·斯卡尔齐,曾真,四川科学技术出版社,2008-10,23.00元,7.8
3722967,人生十论,,钱穆,,生活·读书·新知三联书店,2009-9,18.00元,8.3
1016930,论法的精神（上）,,(法)孟德斯鸠,张雁深,商务印书馆,1961-11,14.40,9.0
5392437,魏晋南北朝隋唐史三论,中国封建社会的形成和前期的变化,唐长孺,,中华书局,2011-4,46.00元,9.2
1006967,宋词三百首,,武玉成，顾丛龙 注,,人民文学出版社,2004-08,18.00元,9.3
4169488,思维导图系列丛书（全五册）,,东尼·博赞（Tony Buzan),叶刚,中信出版社,2009-4,101.00元,7.7
1482322,绿化树,,张贤亮,,人民文学出版,2006-1,9.00元,8.0
1074364,哲学史讲演录(第一卷),哲学史讲演录,黑格尔,,商务印书馆,1959-8-1,14.70,8.9
26418117,我也有过小时候,任溶溶寄小读者,任溶溶,,浙江大学出版社,2015-5,22.00元,7.6
3707886,中国通史,,吕思勉,,上海古籍出版社,2009-4-1,35.00,9.0
1055128,传奇(上下),,张爱玲,,经济日报出版社,2003-1-1,46.00,9.0
26318808,我的脖子让我很不爽,,[美]诺拉·艾芙隆（Nora Ephron）,李亚萍,北京联合出版公司,2015-4,35.00元,7.5
26745030,陌生女人的来信,孟京辉作序推荐版,【奥】斯蒂芬·茨威格,沈锡良,云南人民出版社,2016-4,32.00元,8.8
1394250,荒原,中国翻译名家自选集·赵萝蕤卷,T.S.艾略特、H.W朗费罗、沃尔特·惠特曼,赵萝蕤,中国工人出版社,1995-11,19.20,8.8
1468426,利维坦,,[英] 霍布斯,黎思复、黎廷弼,商务印书馆,1985-9,35.00元,8.7
2271222,鬼谷子（第二版）,,[战国] 鬼谷子 原著、[梁] 陶弘景 旧注、张卫国 注译,,崇文书局,2010,15.00元,9.1
21268040,竞逐富强,公元1000年以来的技术，军事与社会,威廉·H·麦尼尔 (William H.McNeill),倪大昕、杨润殷,上海辞书出版社,2013-1-1,58.00元,8.8
1865089,瓦尔登湖,,[美] 梭罗,徐迟,上海译文出版社,2006-8,11.00元,8.4
26328513,零伯爵,神经漫游者2,[美] 威廉·吉布森,姚向辉,江苏凤凰文艺出版社,2015-4,39.90元,7.7
25826936,冰与火之歌,（1-5卷：权力的游戏、列王的纷争、冰雨的风暴、群鸦的盛宴、魔龙的狂,[美]乔治·R.R.马丁,谭光磊、屈畅、胡绍晏,重庆出版社,2013-10-1,330.00元,9.6
25836383,真相,信息超载时代如何知道该相信什么,比尔•科瓦奇（Bill Kovach）、汤姆•罗森斯蒂尔（Tom Rosenstiel）,陆佳怡、孙志刚、刘海龙,中国人民大学出版社,2014-3-1,38.00元,7.7
3852290,现代操作系统（第3版）,,Andrew S. Tanenbaum,陈向群、马洪兵,机械工业出版社,2009-7,75.00元,9.0
3111282,世界的逻辑构造,,[德]鲁道夫·卡尔纳普,陈启伟,上海译文出版社,2008-6,30.00,8.7
1060852,呼兰河传,1947年版本・原版珍藏,萧红,,百花文艺出版社,2005-01,19.00,8.8
1439017,进入盛夏之门,世界科幻大师丛书,（美）罗伯特·海因莱因,顾备,四川科技,2004-6-1,15.00元,8.2
26617248,开封奇谈.1,这个包公有点萌,晓晨兽,,沈阳出版社,2015-11-1,19.80元,7.4
4733982,轴心时代,塑造人类精神与世界观的大转折时代,[英国] 凯伦·阿姆斯特朗,孙艳燕、白彦兵,海南出版社,2010-5,68.00元,8.3
7064370,罗马人的故事2,汉尼拔战记,盐野七生,计丽屏,中信出版社,2011-12,39.00元,9.2
1626467,民法学说与判例研究,,王泽鉴,,政法大学,2005-01-01,32.00元,9.3
24541955,史玉柱自述,我的营销心得,优米网,,同心出版社,2013-6-1,42.00元,8.0
1507657,小山词,,晏几道,,上海古籍出版社,2005-6,24.00元,9.2
1254588,城南旧事,纪念普及版,林海音 文、关维兴 图,,中国青年出版社,2003-7,16.00元,8.9
26268737,西尔斯橙色亲子课,做一个自信又有安全感的妈妈,【美】威廉•西尔斯、【美】玛莎•西尔斯,邵艳美,九州出版社·阳光博客,2015-1,38.00,8.2
4201552,用户体验草图设计,,比尔·巴克斯顿(Bill Buxton),黄峰,电子工业出版社,2009-11,168.00元,7.8
1921589,周易,,郭彧 译注,,中华书局,2006-9-1,22.00元,8.9
2115906,周易译注（全二册）,,黄寿祺、张善文,,上海古籍出版社,2010-3-1,49.00元,9.1
6718052,从“为什么”开始,乔布斯让Apple红遍世界的黄金圈法则,[美] 西蒙·斯涅克,苏西,海天出版社,2011-7,32.00元,8.2
26895865,线下社交：网络之外，才是真正属于你的圈子,,曹竞仁,,江苏凤凰文艺出版社,2016-10,38.00,8.5
5907515,浮云,,[日] 林芙美子,吴菲,复旦大学出版社,2011-1,26.00元,8.3
1212469,荷马史诗·伊利亚特,,荷马,罗念生,人民文学出版社,2003-1-1,22.00,8.9
4258923,穿越歧路花园,司马贺传,亨特·克劳瑟-海克,黄军英、蔡荣海、任洪波 等,上海科技教育出版社,2009-12,35.00元,9.0
5406559,鼠疫,,（法）加缪,刘方,上海译文出版社,2011-1-1,15.00元,8.7
26828061,遗忘在乡下的植物,,安宁,,北京联合出版公司,2016-6,34.80元,8.9
26812051,假如海洋空荡荡,一部自我毁灭的人类文明史,[英]卡鲁姆·罗伯茨（Callum Roberts）,吴佳其,北京大学出版社,2016-6,68.00元,8.4
26793124,区线与环线,,[爱尔兰]谢默斯·希尼,雷武铃,广西人民出版社,2016-7,38.00,9.1
3465962,素书,,黄石公,,经济日报出版社,2009-1,30.00元,8.9
25779152,超级符号就是超级创意,席卷中国市场10年的华与华战略营销创意方法,华杉、华楠,,天津人民出版社,2014-1,46.00,8.3
1087767,TCP/IP详解 卷2：实现,,史蒂文斯,陆雪莹,机械工业出版社,2004-1,78.00元,9.1
1110934,STL源码剖析,,侯捷,,华中科技大学出版社,2002-6,68.00元,8.7
1254731,欧·亨利短篇小说选,,[美] 欧·亨利(O’Henry),王永年,人民文学出版社,2003-01,15.00元,8.8
3864464,我愛過，所以我活過,,張小嫻,,皇冠出版社,2009-07-22,HK$78,8.3
26673156,关于山本耀司的一切,,[日] 田口淑子,许建明,广西师范大学出版社,2016-1,79.00,7.8
1048173,忏悔录,,卢梭,黎星、范希衡,人民文学出版社,1982-9-1,29.80,8.0
10488580,鬼谷子,,许富宏  译注,许富宏 注释,中华书局,2011-12,15.00元,8.9
1033843,张看（上下）,张爱玲散文结集,张爱玲,,经济日报出版社,2002-9,46.00元,8.7
1179807,计算机网络,第4版,Andrew S. Tanenbaum,潘爱民,清华大学出版社,2004-8-1,60.00元,8.8
26666471,夜空最亮的星,,颜月溪,,百花洲文艺出版社,2015-12-1,29.8,7.6
6913349,巴黎女人的时尚经,你不必生在巴黎，也可以拥有巴黎女人般的时尚魅力！,伊娜•德拉弗拉桑热（Ines de la Fressange）,张一乔、彭欣乔、蔡宛娜、刘韵韶,中信出版社,2011-11,98.00元,7.1
1484018,中兴百货广告作品全集,中兴百货与意识形态广告公司,许舜英,,湖南美术出版社,2001-10,138.00元,8.9
26921237,果壳里的一百五十九个宇宙,,李淼,,鹭江出版社,2016-11,39.80元,8.7
3092871,欧洲：一堂丰富的人文课,现代人应该知道的西方历史、文学、艺术、音乐、哲学与风俗文化,（德）迪特里希·施万尼茨,刘锐、刘雨生,山西人民出版社,2008-6,58.00元,8.3
1322324,思想史研究课堂讲录,视野、角度与方法,葛兆光,,生活·读书·新知三联书店,2005-04,34.00,8.8
1397467,理智与情感,,（英）简・奥斯丁,孙致礼,译林出版社,2004-01,11.00,7.9
1082154,活着,,余华,,南海出版公司,1998-5,12.00元,9.1
1827374,东方快车谋杀案,,[英] 阿加莎·克里斯蒂,陈尧光,人民文学出版社,2006-5,18.00元,9.0
26639786,舍得，舍不得,带着《金刚经》旅行,蒋勋,,湖南美术出版社,2015-10,45.00 元,8.1
1066957,罗织经,,来俊臣,马树全,吉林摄影出版社,2003-03,22.00,8.1
3227098,编程珠玑,第2版,Jon Bentley,黄倩、钱丽艳,人民邮电出版社,2008-10,39.00元,9.2
1449168,Photoshop设计师圣经,高级蒙版与图像合成技法,凯特琳·艾斯曼,罗小春,中国青年出版社,2005年11月1日,79.90元,9.1
1959134,中国皇帝的五种命运,,张宏杰,,山西人民出版社,2007-01,28.00元,8.1
1060774,君主论,,[意]尼科洛·马基雅维里,潘汉典,商务印书馆,2005-10,9.00,8.7
5913475,高难度谈话,,[美] 道格拉斯·斯通、布鲁斯·佩顿、希拉·汉,王甜甜,中国城市出版社,2011-2,38.00元,8.2
1286547,菜根谭,,洪应明,,吉林文史出版社,1999-3-1,11.00元,8.6
4279678,C语言程序设计,现代方法,K. N. King,吕秀锋、黄倩,人民邮电出版社,2010-4,79.00元,9.2
1463225,快乐之道-游戏设计的黄金法则,,[美]拉夫•科斯特,姜文斌等,百家出版社,2005.7,48.00,8.4
1230095,数学分析原理,英文版 第3版,Walter Rudin,,机械工业出版社,2004-1,35.00元,9.4
1001013,杨绛散文,,杨绛,,浙江文艺出版社,1998-09,20.00,8.8
25843055,花花朵朵坛坛罐罐,沈从文谈艺术与文物,沈从文,重庆大学出版社,楚尘文化,2014-3,149.00,9.1
11612052,路边野餐,世界科幻大师丛书,(俄罗斯)阿卡迪·斯特鲁伽茨基、(俄罗斯)鲍里斯·斯特鲁伽茨基,苏宁宁,四川科学技术出版社,2013-1,15.00元,8.4
1077778,爱的教育,,（意）亚米契斯,夏丏尊,广西师范大学出版社,2004-07,18.00,8.1
1895965,鬼谷子,,佚名,,蓝天出版社,1970-1,29.80元,8.6
19894466,爱情笔记,中英双语珍藏本,[英] 阿兰·德波顿,孟丽,上海译文出版社,2012-9,49.00元,8.3
1098643,聊斋志异,,蒲松龄,,岳麓书社,2002-1,18.00元,8.7
1012117,仲夏夜之梦,中英文对照全译本,[英] 莎士比亚,朱生豪,中国国际广播出版社,2001-6,7.50元,8.2
1491153,曾国藩家书,,曾国藩,陈书凯,蓝天,2006-4,35.00元,8.7
10734881,曾文正公嘉言钞,,曾国藩　著，梁启超　辑,杨为刚,中国书店出版社,2012-5,29.80元,9.1
1454687,政府论（下篇）,,[英] 洛克,叶启芳、瞿菊农,商务印书馆,1964-2,13.00元,9.0
26426513,蓝领，白领，无领,,[美] 理查德·福特 编,魏立红,译林出版社,2015-12,39.00元,7.8
26716260,中国文学史,,钱穆 讲述、叶龙 记录整理,,天地出版社,2016-3,45,8.2
3117248,中国近代思想史论,,李泽厚,,生活`读书`新知三联书店,2008-6,49.00元,8.5
2254615,西线无战事,,[德国]埃里希·玛丽亚·雷马克,李清华,译林出版社,2007-8,18.00元,8.9
1077492,大师和玛格丽特,,[俄] 布尔加科夫,钱诚,人民文学出版社,2004-06,21.00元,9.0
1058634,TCP/IP详解 卷3：TCP事务协议、HTTP、NNTP和UNIX域协议,,史蒂文斯,胡谷雨,机械工业出版社,2000-9,35.00元,8.6
10555486,分成两半的子爵,,[意大利] 伊塔洛•卡尔维诺,吴正仪,译林出版社,2012-4-1,20.00元,8.7
1034106,威尼斯商人,,（英）莎士比亚,,外语教学与研究出版社,1997-04,11.80元,8.1
1854151,金圣叹批评本水浒传,,施耐庵,,岳麓书社出版社,2006-6-1,68.00元,9.2
3263006,飞越疯人院,,[美] 肯·克西,胡红,重庆出版集团,2008-11,25.00元,8.8
1000888,論語譯註,,楊伯峻 譯註,,中华书局,1980,22.00元,9.0
24284213,最详尽的缝纫教科书,,河合公美子,杨彩群,河南科学技术出版社,2013-6,36.00元,8.8
4311472,后来的事,,[日] 夏目漱石,吴树文,上海译文出版社,2010-7,27.00元,8.4
2201479,概率论与数理统计,,陈希孺,,中国科学技术大学出版社,2009-2,38.00元,9.4
10830940,法式西餐制作大全,,川上文代 (Fumiyo Kawakami),马金娥,辽宁科学技术出版社,2012-9,48.00元,9.0
1373788,玩偶之家,,易卜生,劉森堯,書林,2001-12,新台币180元,8.2
1916533,毛泽东选集 第五卷,,毛泽东,,人民出版社,1977年4月,1.25元,8.8
2036561,城堡,,[奥地利] 卡夫卡,高年生,上海译文出版社,2007-3,14.00元,8.4
3425159,数学的统一性,,阿蒂亚,袁向东,大连理工大学出版社,2009-1,19.50元,9.3
1071821,你不可不知的人性,,[美] 刘墉,,接力出版社,2004-03,22.80元,8.1
3261600,人生的智慧,,[德] 叔本华,韦启昌,上海人民出版社,2008-10,28.00元,9.3
1185912,变形记,,奥维德,杨周翰,人民文学出版社,1984-5,26.00元,8.4
26264967,神们自己,关于平行宇宙的一切,[美] 艾萨克·阿西莫夫,崔正男,江苏凤凰文艺出版社,2014-12-1,39.00元,8.4
1774227,脂砚斋重评石头记庚辰校本,,曹雪芹 著 脂砚斋 评、郑遂夫 校订,邓遂夫 校订,作家出版社,2006年5月,99.00,9.6
1437488,群魔,,[俄] 费·陀思妥耶夫斯基,臧仲伦,译林出版社,2002-5,36.50元,9.2
26689989,余罪2,我的刑侦笔记,常书欣,,海南出版社,2016-1-1,38.00元,8.0
1963684,半生缘,,张爱玲,,北京十月文艺出版社,2006-12,28.00元,8.6
4212812,紫川（全五册）,,老猪,,江苏文艺,2010-1,150.00元,8.7
1690728,沈从文精选集,,沈从文 著、陈骏涛 编选,,北京燕山出版社,2010-3,25.00元,8.8
2042629,九三年,,[法]雨果,叶尊,上海译文出版社,2007-3,13.00,8.7
3368865,老子道德经注校释,,[魏]王弼注、楼宇烈校释,,中华书局,2008-12-1,22.00元,9.3
26827391,如何应对愤怒的公众,,[美]劳伦斯·萨斯坎德、[美]帕特里克·菲尔德,霍文利,北京联合出版公司,2016-7-1,49.80,8.5
1391207,计算机网络（第4版）,自顶向下方法,[美] James F. Kurose、[美] Keith W. Ross,陈鸣,机械工业出版社,2009-11,66.00元,8.8
1398441,汪曾祺散文,,汪曾祺,,人民文学出版社,2005-5,21.00元,9.1
1085470,海底两万里,,[法国] 儒尔·凡尔纳,沈国华、钱培鑫、曹德明,译林出版社,2002-9,19.50元,8.4
20392523,没有人给他写信的上校,,[哥伦比亚] 加西亚·马尔克斯,陶玉平,南海出版公司,2013-5,19.50元,8.5
10945834,蝙蝠侠：黑暗骑士归来,,【美】弗兰克·米勒,江业华,世界图书出版公司,2012-7,49.50元,9.3
26584140,民国清流1,那些远去的大师们,汪兆骞,,现代出版社,2015-8,49.80元,7.9
1093098,爱玛,,[英] 简·奥斯丁,孙致礼,译林出版社,2001-8,19.00元,7.8
4822685,编码,隐匿在计算机软硬件背后的语言,[美] Charles Petzold,左飞、薛佟佟,电子工业出版社,2010,55.00元,9.2
1017143,不能承受的生命之轻,,[捷克] 米兰·昆德拉,许钧,上海译文出版社,2003-7,23.00元,8.4
10560798,面纱,,[英] W.萨默塞特·毛姆,阮景林,重庆出版社,2012-5,32.00元,8.7
4843454,坛经,佛教十三经,尚荣 译注,,中华书局,2010-5,14.00元,9.3
6744648,与拉玛相会,,[英] 阿瑟·C. 克拉克,胡瑛,四川科学技术出版社,2011-11,21.00元,8.8
3674537,明朝那些事儿（1-9）,限量版,当年明月,,中国海关出版社,2009-4,358.20元,9.1
3066477,三体Ⅱ,黑暗森林,刘慈欣,,重庆出版社,2008-5,32.00,9.2
1912993,海蒂,阿尔卑斯山的少女,约翰娜·斯比丽,,海豚出版社,2006年09月,18.00元,9.2
25829693,永恒的终结,关于时间旅行的终极奥秘和恢宏构想,[美] 艾萨克·阿西莫夫,崔正男,江苏文艺出版社,2014-9-1,CNY 32.00,9.0
1025808,梦溪笔谈,,（宋）沈括,,上海书店出版社,2003-03,22.00,8.5
1039389,新概念英语3,培养技能,（英）亚历山大（Alexander,L.G.)、何其莘编著,,外语教学与研究出版社,1997-10,18.90,9.0
6403593,时寒冰说,经济大棋局，我们怎么办,时寒冰、时菱蔓 绘,,上海财经大学出版社,2011-7,39.90元,8.6
1291204,哥德尔、艾舍尔、巴赫,集异璧之大成,[美] 侯世达,严勇、刘皓明、莫大伟,商务印书馆,1997-5,88.00元,9.4
4038615,阿加莎·克里斯蒂侦探推理“波洛”系列（全32册）,,[英] 阿加莎·克里斯蒂,,人民文学出版社,2009-11,680.00元,9.2
1002958,战争论（全三卷）,,[德] 克劳塞维茨,中国人民解放军军事科学院,商务印书馆,1997-2,55.20元,8.7
1016631,西厢记,,王实甫,张燕瑾 校注,人民文学出版社,1998-04,15.90,8.5
1229923,重构,改善既有代码的设计,Martin Fowler,,中国电力出版社,2003-8-1,68.00元,9.0
1066217,坎特伯雷故事,,（英）乔叟,方重,人民文学出版社,2004-01,16.00元,7.8
3381387,论持久战,,毛泽东,,人民出版社,1952-3,0.22元,8.9
25923597,Effective Modern C++,42 Specific Ways to Improve Your Use of C++11 and C++14,Scott Meyers,,O'Reilly Media,2014-12,USD 49.99,9.3
2035179,动物农场,,[英] 乔治·奥威尔,荣如德,上海译文出版社,2007-3,10.00元,9.2
1707050,狭义与广义相对论浅说,,[美] 爱因斯坦,杨润殷,北京大学出版社,2006-1,32.00元,9.1
26470077,西尔斯亲密育儿练习手册,亲密关系是一切教育问题的基础,【美】威廉•西尔斯、【美】玛莎•西尔斯、【美】伊丽莎白•潘特莉,李鑫,九州出版社,2015-9-1,38.00,9.1
1971678,国家间政治,权力斗争与和平,汉斯·摩根索、肯尼斯·汤普森 修订、戴维·克林顿 修订,徐昕、郝望、李保平、王缉思 校,北京大学出版社,2006-11,82.00元,9.3
26110579,暗店街,,[法] 帕特里克·莫迪亚诺,王文融,上海文艺出版社,2015-1-1,25.00,7.6
1883349,永别了，武器,,(美)海明威,林疑今,上海译文出版社,2006-8,18.00元,8.3
1779243,摄影构图学,,【美】本·克来门茨、大卫·罗森菲尔德,,姜雯、林少忠,长城出版社,1983-1,8.9
1317853,斯特林堡文集（全五册）,,[瑞典] 斯特林堡,李之义,人民文学出版社,2005-5-1,158.00元,8.8
24840349,幽灵舰队,,(美)约翰·斯卡尔齐,姚向辉,江苏文艺出版社,2013-9-1,32.00元,8.2
1044446,在黑暗的河流上,,席慕蓉,,南海出版公司,2003-08,20.00,8.7
1152111,程序员修炼之道,从小工到专家,Andrew Hunt、David Thomas,马维达,电子工业出版社,2005-1,48.00元,8.6
1927487,乌托邦,,[英] 托马斯·莫尔,戴镏龄,商务印书馆,1982-7,7.90元,7.7
1837654,审判,,弗兰茨·卡夫卡,曹庸,上海文艺出版社,2006-5,35.00元,8.7
1006624,孟子譯注,中国古典名著译注丛书,杨伯峻 译注,,中华书局,2005-01-01,28.00,8.4
2036569,愤怒的葡萄,,[美]斯坦贝克,胡仲持,上海译文出版社,2007-3,19.00元,8.2
26805297,我必须恋爱的理由,明天会更好,王大根,,江西人民出版社,2016-7-1,36.00,7.4
2377241,世說新語箋疏（全三冊）,,余嘉锡,周祖谟（整理）、余淑宜 （整理）、周士琦 （整理）,中华书局,2008,120.00元,9.6
11636270,最简单的小户型收纳整理术,最简单的小户型收纳整理术,日本主妇与生活社,吴宣劭,江西科学技术出版社,2012-10,42.00元,8.4
2083981,了凡四训,,(明)袁了凡、净庐主人 译,净庐主人,百花文艺出版社,2007,16.00元,8.7
1881837,三言二拍,,冯梦龙,,北京出版社,2006-7,19.90元,8.1
26835556,生死民主,,冯梦龙,,北京出版社,2006-7,19.90元,8.0
1684863,费恩曼物理学讲义（第2卷）,(第2卷),Richard P. Feynman、Robert B. Leighton、Matthew Sands,桑兹 (M.Sands)、王子辅、李江芳,上海科学技术出版公司,2006-1-1,85.00元,9.5
20470849,神的九十亿个名字,,[英] 阿瑟·克拉克,邹运旗,江苏文艺出版社,2013-3,28.00元,8.3
3006581,无人生还,,[英] 阿加莎・克里斯蒂,祁阿红,人民文学出版社,2008-3,19.00,8.9
1109968,英雄志（全三册）,第一部,孙晓,,京华出版社,2003-05,54.0,8.8
2282706,智囊全集,,冯梦龙,,中华书局,2007-9,39.00元,8.9
25776456,老味道,,汪曾祺,,中国青年出版社,2013-10-1,CNY 32.00,8.7
26857095,只因暮色难寻,,御井烹香,,青岛出版社,2016-9,85.00元,8.7
25985126,迷宫中的将军,,[哥伦比亚] 加西亚·马尔克斯,王永年,南海出版公司,2014-11,39.50元,8.6
1418058,小径分岔的花园,博尔赫斯小说,[阿根廷] 博尔赫斯,王永年,浙江文艺出版社,2002-7,13.00元,9.1
1318126,雪国,,[日] 川端康成,叶渭渠、唐月梅,天津人民出版社,2005-5,25.00元,8.3
10774752,毛姆短篇小说精选集,,(英)威廉·萨默塞特·毛姆,冯亦代、傅惟慈、陆谷孙,译林出版社,2012-11,36.00元,9.1
1761114,物理学的进化,物理学的进化,[德] 艾·爱因斯坦、[波] 利·英费尔德,周肇威,湖南教育出版社,1999-8,17.28元,8.9
1021990,唐诗鉴赏辞典,,萧涤非、等,,上海辞书出版社,1999-11,52.10元,9.2
4711466,培根随笔,,[英]弗朗西斯·培根,蒲隆,上海译文出版社,2010年3月,32.00元,8.1
1317899,生死场,,萧红,,人民文学出版社,2005-5-1,11.00,8.1
2050779,魔山,,托马斯·曼,钱鸿嘉,上海译文出版社,2007-1,27.00元,8.3
1231399,托马斯微积分,第10版,芬尼、韦尔、焦尔当诺,叶其孝、王耀东、唐兢,高等教育出版社,2003-1-1,88.0,9.2
6789551,不存在的骑士,,[意] 伊塔洛·卡尔维诺,吴正仪,译林出版社,2012-4,22.00元,8.8
1076280,第一哲学沉思集,反驳和答辩,笛卡尔,庞景仁,商务印书馆,1986-06,29.00元,8.7
3223719,围炉夜话,中华经典随笔,王永彬,,中华书局,2008-9-23,21.00元,8.2
1054762,实践与反思,反思社会学导引,(法)皮埃乐.布迪厄、华康德,李猛、李康,中央编译出版社,1998-01-01,26.80,9.0
3136271,罗生门,,[日]芥川龙之介,林少华,上海译文出版社,2008-7,12.00元,8.6
3268426,洁净与危险,,（英）玛丽·道格拉斯,黄剑波、柳博赟、卢忱,民族出版社,2008年9月,28.00元,8.3
1004088,长袜子皮皮,,[瑞典] 阿斯特丽德·林格伦,李之义,中国少年儿童出版社,1999-3,17.80元,9.0
24749903,世界是数字的,,[美] Brian W. Kernighan,李松峰、徐建刚,人民邮电出版社,2013-6,49.00,8.3
10583075,英国病人,,[加拿大] 迈克尔·翁达杰,丁骏,人民文学出版社,2012-10-1,29.00元,8.5
2160556,十万个为什么,,[加拿大] 迈克尔·翁达杰,丁骏,人民文学出版社,2012-10-1,29.00元,9.0
1000251,王尔德全集,,[英] 奥斯卡·王尔德,杨烈、黄杲炘,中国文学出版社,2000-9,198.00,9.0
1091964,路易·波拿巴的雾月十八日,,马克思,中共中央马克思恩格斯列宁斯大林著作编译局,人民出版社,2001-9,9.50元,9.0
1051714,等待戈多,,[爱尔兰] 萨缪尔·贝克特,施咸荣,人民文学出版社,2002-1,6.80元,8.2
1856025,道连·葛雷的画像,,[英] 奥斯卡·王尔德,荣如德,上海译文出版社,2006-8,12.00元,8.9
6781794,过于喧嚣的孤独,,(捷克) 赫拉巴尔,杨乐云,北京十月文艺出版社,2011-10,22.00元,8.8
1055347,中国史纲,,张荫麟,,上海古籍出版社,1999-12-1,12.60,9.0
10546125,JavaScript高级程序设计（第3版）,,[美] Nicholas C. Zakas,李松峰、曹　力,人民邮电出版社,2012-3-29,99.00元,9.3
1022914,谈艺录,,钱钟书,,中华书局,1998-04,39.00,9.1
1880825,希腊神话,,尼·库恩,朱志顺,上海译文出版社,2006-1,13.00元,8.2
1760548,三毛作品集,,尼·库恩,朱志顺,上海译文出版社,2006-1,13.00元,9.2
1467239,铳梦,,木城幸人,,東立,1990,90元,9.1
1144385,镜花缘,,李汝珍,,北京十月文艺出版社,2004-1,9.80元,7.8
1853785,天是红河岸,,篠原千绘,丁梵馨,日本小学馆,1990,37.00,8.7
3228779,出埃及记,,（美）里昂·尤里斯,高卫民,中国青年出版社,2008-10,50.00元,8.7
1034282,时间简史,插图本,[英] 史蒂芬·霍金,许明贤、吴忠超,湖南科学技术出版社,2010-4,45.00元,8.8
25953656,写真的话,,(日) 荒木经惟,彭盈真,广西师范大学出版社,2014-10,58.00,7.4
1036274,夏洛的网,,[美] E.B.怀特,任溶溶,上海译文出版社,2004-5,17.00元,8.5
1040397,假如给我三天光明,海伦·凯勒自传,海伦・凯勒(helen keller),李汉昭,华文出版社,2003-1,21.80元,8.1
10759466,地下室手记,,[俄] 陀思妥耶夫斯基,臧仲伦,漓江出版社,2012-5-1,15.00元,9.0
1476651,社会心理学,（第8版）,[美] 戴维·迈尔斯,张智勇、乐国安、侯玉波 等,人民邮电出版社,2006-1,68.00元,9.0
1006720,新概念英语第一册,英语初阶,(英)亚历山大、何其莘,,外语教学与研究出版社,2003-01,23.90,8.4
1119590,老残游记,,[清] 刘鹗,陈翔鹤 校、戴鸿森 注,人民文学出版社,1982-4,13.50元,8.0
4766916,爱默生随笔,,[美] 爱默生,蒲隆,上海译文出版社,2010-9,42.00元,8.6
1008189,西方哲学史（上卷）,,[英] 罗素,何兆武、李约瑟,商务印书馆,1963年9月1版,25.00,8.9
3629804,概率论沉思录,（英文版）,杰恩斯,,人民邮电出版社,2009-4,99.00元,9.3
2567698,三体,“地球往事”三部曲之一,刘慈欣,,重庆出版社,2008-1,23.00,8.8
2152385,程序设计语言,实践之路 （第二版）,斯科特,裘宗燕,电子工业出版社,2007-6,99.00元,9.0
25736982,菲利普·迪克作品集（全5册）,,[美]菲利普·迪克,陈灼、许东华、金明、李广荣、周昭蓉,译林出版社,2013-10,145.6,9.4
1017334,没有个性的人,,(奥地利)罗伯特·穆齐尔,张荣昌,作家出版社,2001-1,60.00元,9.0
24089492,恶童日记（珍藏纪念版）,,(奥地利)罗伯特·穆齐尔,张荣昌,作家出版社,2001-1,60.00元,8.8
1174722,太阳照常升起,,海明威,赵静男,上海译文出版社,2004-6-1,17.00,7.9
1012611,乌合之众,大众心理研究,(法)古斯塔夫.勒庞,冯克利,中央编译出版社,1998-01,16.00元,8.3
26390426,比利战争,,[美] 丹尼尔·凯斯,邢世阳,外语教学与研究出版社,2016-4,39.00元,8.3
3689168,社会学,（第五版）,（英）吉登斯,李康,北京大学出版社,2009.04,86.00,9.1
1052074,喧哗与骚动,,(美)威廉﹒福克纳,李文俊,上海译文出版社,2004-08,25.00,8.7
4199741,代码整洁之道,,[美]Robert C. Martin,韩磊,人民邮电出版社,2010-1-1,59.00元,8.5
1097835,名人传,,罗曼·罗兰,傅雷,译林出版社,2001-9,20.50元,8.0
1040382,人间词话手稿本全编,,王国维,,内蒙古人民出版社,2003-1,20.00,8.9
1073708,牡丹亭,,汤显祖,,人民文学出版社,1963-4-1,14.50,9.0
2255896,绿里奇迹,The Green Mile,[美] 斯蒂芬•金,张琼 张冲,上海译文出版社,2007.9,28.00元,8.8
2185076,计算机系统概论,（原书第2版）,派特（Patt.Y.N.）,,机械工业,2008-1-1,49.00元,8.9
1254278,思想录,论宗教和其他主题的思想,[法] 帕斯卡尔,何兆武,商务印书馆,1985-11,24.30元,8.7
1192706,大盗贼,大幻想文学,奥得弗雷德·普鲁士勒,陈俊,二十一世纪出版社,2004-10-01,22.00元,9.1
4908872,都柏林人,,[爱尔兰] 詹姆斯·乔伊斯,王逢振,上海译文出版社,2010-9,26.00元,8.6
2035171,人生的枷锁,,[英] 毛姆,张柏然、张增健、倪俊,上海译文出版社,2007-3,32.00元,9.0
1787103,How to Design Programs,An Introduction to Programming and Computing,Matthias Felleisen、Robert Bruce Findler、Matthew Flatt、Shriram Krishnamurthi,,The MIT Press,2001-2-12,71.00美元,9.1
1958791,朝霞,,【德】尼采,田立年,华东师范大学出版社,2007-1,29.80元,9.1
3117898,Python源码剖析,深度探索动态语言核心技术,陈儒,,电子工业出版社,2008-6,69.80元,8.7
1657455,论人类不平等的起源和基础,,[法]卢梭,李常山,商务印书馆,1997-02-01,9.40元,8.6
2050776,凯旋门,,(德)雷马克,朱雯,上海译文出版社,2007-3,19.00元,8.7
20273057,象棋的故事,,[奥] 斯台芬·茨威格,张玉书,上海译文出版社,2012-11,23.00元,9.0
1422833,多情剑客无情剑(上、中、下),,古龙,,海天出版社,1991-12-01,49.8,8.7
26692468,智识分子,做个复杂的现代人,万维钢,,电子工业出版社,2016-2-1,49.80元,8.6
