"1148282","计算机程序的构造和解释","原书第2版","Harold Abelson、Gerald Jay Sussman、Julie Sussman","裘宗燕","机械工业出版社","2004-2","45.00元","9.5"
"4822685","编码","隐匿在计算机软硬件背后的语言","[美] Charles Petzold","左飞、薛佟佟","电子工业出版社","2010","55.00元","9.2"
"1477390","代码大全（第2版）","","[美] 史蒂夫·迈克康奈尔","金戈、汤凌、陈硕、张菲 译、裘宗燕 审校","电子工业出版社","2006-3","128.00元","9.3"
"1139336","C程序设计语言","第 2 版·新版","（美）Brian W. Kernighan、（美）Dennis M. Ritchie","徐宝文、李志译、尤晋元审校","机械工业出版社","2004-1","30.00元","9.4"
"1230413","深入理解计算机系统","","Randal E.Bryant、David O'Hallaron","龚奕利、雷迎春","中国电力出版社","2004-5-1","85.00元","9.5"
"1885170","算法导论（原书第2版）","","[美] Thomas H.Cormen、Charles E.Leiserson、Ronald L.Rivest、Clifford Stein","潘金贵 等","机械工业出版社","2006-9","85.00元","9.4"
"19952400","算法（第4版）","","塞奇威克 (Robert Sedgewick)、韦恩 (Kevin Wayne)","谢路云","人民邮电出版社","2012-10-1","99.00元","9.4"
"3227098","编程珠玑","第2版","Jon Bentley","黄倩、钱丽艳","人民邮电出版社","2008-10","39.00元","9.2"
"2130190","Java编程思想 （第4版）","","[美] Bruce Eckel","陈昊鹏","机械工业出版社","2007-6","108.00元","9.1"
"10546125","JavaScript高级程序设计（第3版）","","[美] Nicholas C. Zakas","李松峰、曹　力","人民邮电出版社","2012-3-29","99.00元","9.3"
"6021440","黑客与画家","硅谷创业之父Paul Graham文集","[美] Paul Graham","阮一峰","人民邮电出版社","2011-4","49.00元","8.8"
"3288908","集体智慧编程","","TOBY SEGARAN","莫映、王开福","电子工业出版社","2009-1","59.80元","9.0"
"3652388","程序员的自我修养","链接、装载与库","俞甲子、石凡、潘爱民","","电子工业出版社","2009-4","65.00","8.8"
"1767741","C++ Primer 中文版（第 4 版）","","Stanley B.Lippman、Josée LaJoie、Barbara E.Moo","李师贤、蒋爱军、梅晓勇、林瑛","人民邮电出版社","2006","99.00元","9.2"
"1788421","UNIX环境高级编程","第2版","W.Richard Stevens、Stephen A.Rago","尤晋元、张亚英、戚正伟","人民邮电出版社","2006年","99.00元","9.4"
"1152111","程序员修炼之道","从小工到专家","Andrew Hunt、David Thomas","马维达","电子工业出版社","2005-1","48.00元","8.6"
"1240002","C Primer Plus","（第五版）","Stephen Prata、云巅工作室","云巅工作室","人民邮电出版社","2005-2-1","60.00元","9.2"
"1229923","重构","改善既有代码的设计","Martin Fowler","","中国电力出版社","2003-8-1","68.00元","9.0"
"3360807","Effective java 中文版（第2版）","","Joshua Bloch","俞黎敏","机械工业出版社","2009-1-1","52.00元","9.1"
"1052241","设计模式","可复用面向对象软件的基础","[美] Erich Gamma、Richard Helm、Ralph Johnson、John Vlissides","李英军、马晓星、蔡敏、刘建中 等","机械工业出版社","2000-9","35.00元","9.1"
"3004255","编程之美","微软技术面试心得","《编程之美》小组 编","","电子工业出版社","2008-3","40.00元","8.4"
"25779298","利用Python进行数据分析","","Wes McKinney","唐学韬","机械工业出版社","2013-11-18","89.00","8.5"
"10484692","Java并发编程实战","","Brian Goetz、Tim Peierls、Joshua Bloch、Joseph Bowbeer、David Holmes、Doug Lea","童云兰","机械工业出版社华章公司","2012-2","69.00元","9.0"
"3117898","Python源码剖析","深度探索动态语言核心技术","陈儒","","电子工业出版社","2008-6","69.80元","8.7"
"4199741","代码整洁之道","","[美]Robert C. Martin","韩磊","人民邮电出版社","2010-1-1","59.00元","8.5"
"1130500","计算机程序设计艺术（第1卷）","基本算法","[美] Donald E. Knuth","","清华大学出版社","2002-9","80.00元","9.3"
"26836700","Python编程快速上手 让繁琐工作自动化","","[美] Al Sweigart  斯维加特","","人民邮电出版社","2016-6-1","CNY 69.00","9.1"
"2377310","C专家编程","","Peter Van Der Linden","徐波","人民邮电出版社","2008-2","45.00元","9.2"
"3590768","JavaScript语言精粹","","Douglas Crockford","赵泽欣、鄢学鹍","电子工业出版社","2009年","35.00","9.1"
"2243615","Head First 设计模式（中文版）","","弗里曼","O'Reilly Taiwan公司","中国电力出版社","2007-9","98.00元","9.2"
"3012360","C和指针","","Kenneth A.Reek","徐波","人民邮电出版社","2008 年4月","65.00元","9.0"
"26351021","你不知道的JavaScript（上卷）","","[美] Kyle Simpson","赵望野、梁杰","人民邮电出版社","2015-4","49.00元","9.4"
"11941213","Learn Python the Hard Way","A Very Simple Introduction to the Terrifyingly Beautiful World of Computers and Code","Zed A. Shaw","","Addison-Wesley Professional","2013-10-11","USD 39.99","8.4"
"5372651","程序员的思维修炼","开发认知潜能的九堂课","Andy Hunt","崔康","人民邮电出版社","2010-12-10","39.00元","8.3"
"1139426","数据结构与算法分析","C语言描述","Mark Allen Weiss (维斯)","冯舜玺","机械工业出版社","2004-1-1","35.00元","8.9"
"26278021","Fluent Python","","Luciano Ramalho","","O'Reilly Media","2015-8-20","USD 39.99","9.5"
"6862061","计算机科学概论（第11版）","","J. Glenn Brookshear","刘艺、肖成海、马小会、毛倩倩","人民邮电出版社","2011-10-1","69.00元","9.1"
"25965995","构建之法","现代软件工程","邹欣","","人民邮电出版社","2014-9","49.00元","8.6"
"2000732","Head First Java（第二版·中文版）","","Kathy Sierra,Bert Bates 著、杨尊一 编译 张然等 改编","杨尊一","中国电力出版社","2007-2","79.00元","8.8"
"4866934","Python基础教程","","Magnus Lie Hetland","司维、曾军崴、谭颖华","人民邮电出版社","2010年7月","69.00元","7.9"
"1173548","程序设计实践","","[美] Brian W. Kernighan、Rob Pike","裘宗燕","机械工业出版社","2000-8","20.00元","9.0"
"25815142","游戏引擎架构","","[美] Jason Gregory (杰森.格雷戈瑞)","叶劲峰","电子工业出版社","2014-1","128.00元","9.0"
"2154713","精通正则表达式","第3版","Jeffrey E. F. Friedl","余晟","电子工业出版社","2007","75","8.9"
"1500149","UNIX网络编程","第1卷:套接口API(第3版)","史蒂文斯、芬纳、鲁道夫","杨继张","清华大学出版社","2006-1","98.00元","9.4"
"10797189","编写可读代码的艺术","","Boswell, D.、Foucher, T.","尹哲、郑秀雯","机械工业出版社","2012-7-10","59.00元","8.6"
"25768396","深入浅出Node.js","","朴灵","","人民邮电出版社","2013-12-1","CNY 69.00","8.7"
"1786294","C语言编程：一本全面的C语言入门教程（第三版）","本书是极负盛名的C语言入门经典教材，其第一版发行至今已有二十年的","（美）Stephen Kochan","张小潘","电子社博文视点资讯有限公司","2006年","59","8.7"
"5948760","A Byte of Python","简明 Python 教程","Swaroop C H","沈洁元","Lulu Marketplace","2008-10-1","USD 27.98","8.8"
"1219329","Unix/Linux编程实践教程","","Bruce Molay、杨宗源、黄海涛","杨宗源、黄海涛","清华大学出版社","2004-10-1","56.00元","9.2"
"26829016","Python编程：从入门到实践","从入门到实践","[美]埃里克·马瑟斯","袁国忠","人民邮电出版社","2016-7-1","CNY 89.00","8.7"
"1781451","JAVA 2核心技术 卷Ⅰ","基础知识","[美] 霍斯特曼、[美] 科奈尔","叶乃文、邝劲筠 等","机械工业出版社","2006-5","88.00元","8.7"
"1110934","STL源码剖析","","侯捷","","华中科技大学出版社","2002-6","68.00元","8.7"
"5338024","与孩子一起学编程","","[美] 桑德Warren Sande、Carter Sande","苏金国、姚曜 等","人民邮电出版社","2010-11","65.00元","8.5"
"4031906","冒号课堂","编程范式与OOP思想","郑晖","","电子工业出版社","2009-10","65.00元","8.9"
"26148763","计算的本质","深入剖析程序和计算机","[英] Tom Stuart","张伟","人民邮电出版社","2014-11","69.00元","8.6"
"4163938","软件随想录","程序员部落酋长Joel谈软件","Joel Spolsky","阮一峰","人民邮电出版社","2009","49.00元","8.7"
"3112503","Python核心编程（第二版）","","[美]Wesley J. Chun（陳仲才）","CPUG","人民邮电出版社","2008-06","89.00元","7.7"
"1231590","Effective C++中文版","","[美] Scott Meyers","侯捷","华中科技大学出版社","2001-9","49.80元","9.2"
"3037562","汇编语言（第2版）","","王爽","","清华大学出版社","2008-4","33.00元","9.3"
"24749842","挑战程序设计竞赛","","秋叶拓哉、岩田阳一、北川宜稔","巫泽俊、庄俊元、李津羽","人民邮电出版社","2013-7-1","CNY 79.00","9.1"
"1632977","The Little Schemer - 4th Edition","","Daniel P. Friedman、Matthias Felleisen","","The MIT Press","1995-12-21","USD 40.00","9.3"
"5355285","编程人生","15位软件先驱访谈录","Peter Seibel","图灵俱乐部","人民邮电出版社","2011-1-1","79.00元","8.4"
"10555435","七周七语言","理解多种编程范型","Bruce A.Tate","巨成、戴玮、白明","人民邮电出版社","2012-5-8","59.00元","8.1"
"1152971","DOOM启世录","","[美] 大卫·卡什诺","孙振南","电子工业出版社","2004-4","29.00元","9.0"
"26462816","GitHub入门与实践","","[日] 大塚弘记","支鹏浩、刘斌","人民邮电出版社","2015-7","39.00元","8.0"
"26745943","CSS揭秘","","[希] Lea Verou","CSS魔法","人民邮电出版社","2016-4","99.00元","9.3"
"25869486","Vim实用技巧","","[英] Drew Neil","杨源、车文隆","人民邮电出版社","2014-5-1","59.00元","9.3"
"1091086","深度探索C++对象模型","","[美] Stanley B. Lippman","侯捷","华中科技大学出版社","2001-5","54.00元","9.1"
"4292217","The Linux Programming Interface","A Linux and UNIX Programming Handbook","Michael Kerrisk","","No Starch Press","April 2010","$99.95","9.5"
"4141733","Linux C编程一站式学习","","宋劲杉","","电子工业出版社","2009-12","60.00元","9.0"
"7056800","Ruby元编程","","[意] Paolo Perrotta","廖志刚、陈睿杰","华中科技大学出版社","2012-1-10","56.00元","9.5"
"1159177","高效程序的奥秘","","沃瑞恩","冯速","机械工业出版社","2004-5","28.00元","8.4"
"2152385","程序设计语言","实践之路 （第二版）","斯科特","裘宗燕","电子工业出版社","2007-6","99.00元","9.0"
"11530329","30天自制操作系统","","[日] 川合秀实","周自恒、李黎明、曾祥江、张文旭","人民邮电出版社","2012-8","99.00元","8.3"
"19949020","程序员的数学","","结城浩","管 杰","人民邮电出版社","2012-10","49.00元","7.2"
"25884108","程序员的呐喊","","[美]Steve Yegge","徐旭铭","人民邮电出版社","2014-5-1","45.00元","8.1"
"25942191","第一行代码","Android","郭霖","","人民邮电出版社","2014-8","79.00元","8.4"
"2778632","C陷阱与缺陷","C语言调试指南","凯尼格","高巍","人民邮电出版社","2008-2-1","30.00元","8.9"
"2334288","大话设计模式","","程杰","","清华大学出版社","2007-12-1","45.00元","8.3"
"3549421","PHP和MySQL Web开发(原书第4版)","PHP and MySQL Web Development, Fourth Edition","Luke Welling、Laura Thomson","武欣","机械工业出版社","2009","95.00元","8.4"
"6756090","松本行弘的程序世界","","松本行弘","柳德燕、李黎明、夏倩、张文旭","人民邮电出版社","2011-8","75.00元","8.4"
"4164024","高效程序员的45个习惯","敏捷开发修炼之道","Venkat Subramaniam、Andy Hunt","钱安川、郑柯","人民邮电出版社","2010-01","35.00元","8.1"
"26740548","程序员的数学3","线性代数","[日] 平冈和幸、[日] 堀玄","卢晓南","人民邮电出版社","2016-3","79.00元","8.8"
"4279678","C语言程序设计","现代方法","K. N. King","吕秀锋、黄倩","人民邮电出版社","2010-4","79.00元","9.2"
"2248759","修改代码的艺术","","Michael Feathers","刘未鹏","人民邮电出版社","2007-09-25","59.00元","8.2"
"3142280","梦断代码","","Scott Rosenberg","韩磊","电子工业出版社","2008.06","49.00元","7.9"
"6966465","剑指Offer","名企面试官精讲典型编程题","何海涛","","电子工业出版社","2012-1","45.00元","8.4"
"1096216","C++语言的设计和演化","","[美] Bjarne Stroustrup","裘宗燕","机械工业出版社","2002-1","48.00元","8.8"
"1787103","How to Design Programs","An Introduction to Programming and Computing","Matthias Felleisen、Robert Bruce Findler、Matthew Flatt、Shriram Krishnamurthi","","The MIT Press","2001-2-12","71.00美元","9.1"
"3948354","Python学习手册","（第3版）","Mark Lutz","侯靖","机械工业出版社","2009-8","89.00元","8.2"
"26365491","程序是怎样跑起来的","","[日] 矢泽久雄","李逢俊","人民邮电出版社","2015-4","39.00元","8.0"
"3354490","MySQL必知必会","","[英] Ben Forta","刘晓霞、钟鸣","人民邮电出版社","2009-1","39.00元","8.3"
"26593822","程序员的数学2","概率统计","平冈和幸、堀玄","陈筱烟","人民邮电出版社","2015-8-1","CNY 79.00","8.6"
"3897837","Spring揭秘","","王福强","","人民邮电出版社","2009.8","99.00元","9.0"
"25923597","Effective Modern C++","42 Specific Ways to Improve Your Use of C++11 and C++14","Scott Meyers","","O'Reilly Media","2014-12","USD 49.99","9.3"
"6529833","Java语言程序设计","基础篇 (原书第8版)","（美）  Y. Daniel Liang","李娜","机械工业出版社","2011-6","75.00元","8.7"
"26337939","七周七并发模型","","Paul Butcher","黄炎","人民邮电出版社","2015-3","49.00元","7.9"
"3735649","Orange'S:一个操作系统的实现","","于渊","","电子工业出版社","2009-6","69.00元","8.8"
"3296317","编译原理","原理、技术与工具","Alfred V. Aho、Monica S.Lam、Ravi Sethi、Jeffrey D. Ullman","赵建华、郑滔、戴新宇","机械工业出版社","2008年12月","89.00元","9.1"
"26854244","你不知道的JavaScript（中卷）","","[美] Kyle Simpson","单业、姜南","人民邮电出版社","2016-8","79.00元","8.7"
"1088045","Windows核心编程","","Jeffrey Richter","","机械工业出版社","2000-5-1","86.00元","8.8"
"24250054","SQL必知必会","（第4版）","福达 (Ben Forta)","钟鸣、刘晓霞","人民邮电出版社","2013-5-1","29.00元","8.6"
"10561367","Head First Python（中文版）","","巴里（Barry.P.）","林琪 等","中国电力出版社","2012-3-1","68.00元","8.0"
"11589828","Linux命令行与shell脚本编程大全","","Richard Blum、Christine Bresnahan","武海峰","人民邮电出版社","2012-9","99.00元","8.5"
"10482195","编程语言实现模式","","Terence Parr","李袁奎、尧飘海","华中科技大学出版社","2012-3-20","72.00元","8.4"
"3558788","卓有成效的程序员","一本揭示高效程序员的思考模式，一本告诉你如何缩短你与优秀程序员的","Neal Ford","ThoughtWorks公司（中国）","机械工业出版社","2009-3","45.00元","8.0"
"26382780","JavaScript设计模式与开发实践","","曾探","","人民邮电出版社","2015-5","59.00元","9.1"
"25848404","Android编程权威指南","","[美] Bill Phillips、[美] Brian Hardy","王明发","人民邮电出版社","2014-4-1","CNY 99.00","8.6"
"25894685","啊哈!算法","","啊哈磊","","人民邮电出版社","2014-6-1","45.00元","8.0"
"26351257","算法的乐趣","","王晓华","","人民邮电出版社","2015-4","79.00元","8.1"
"26274202","Flask Web开发：基于Python的Web应用开发实战","","[美] Miguel Grinberg","安道","人民邮电出版社","2014-12","59.00元","8.7"
"11614538","程序员的职业素养","","Robert C.Martin","章显洲、余晟","人民邮电出版社","2012-9-1","49.00元","8.7"
"26832468","Go语言学习笔记","","雨痕","","电子工业出版社","2016-6","89","8.5"
"25735333","自制编程语言","","［日］ 前桥和弥","刘卓、徐谦、吴雅明","人民邮电出版社","2013-11","79.00","8.1"
"26599538","Android开发艺术探索","","任玉刚","","电子工业出版社","2015-9-1","79.00元","8.5"
"26312313","Effective Python","59 Specific Ways to Write Better Python","Brett Slatkin","","Addison-Wesley Professional","2015-3-8","USD 39.99","8.0"
"4924165","CLR via C#","","(美)Jeffrey Richter","周靖","清华大学出版社","2010-9","99.00元","9.5"
"1099889","C++程序设计语言（特别版）","","[美] Bjarne Stroustrup 贝尔实验室","裘宗燕","机械工业出版社","2002-7","85.00元","8.9"
"3406939","编程精粹","编写高质量C语言代码","Steve Maguire","","人民邮电出版社","2009.2","45.00元","9.0"
"20452058","The Nature of Code","Simulating Natural Systems with Processing","Daniel Shiffman","","The Nature of Code","2012-12-13","$ 33.84","9.0"
"24536403","代码的未来","代码的未来","[日] 松本行弘","周自恒","人民邮电出版社","2013-6","79.00元","7.7"
"26360716","The Effective Engineer","How to Leverage Your Efforts in Software Engineering to Make a Disproportionate and Meaningful I","'[日] 松本行弘'","'周自恒'","'人民邮电出版社'","'2013-6'","'79.00元'","8.9"
"3043693","C语言入门经典","","霍顿 (Ivor Horton)","","清华大学出版社","2008-4-1","69.80元","8.8"
"1110941","C++标准程序库","自修教程与参考手册","[德] Nicolai M. Josuttis","侯捷、孟岩","华中科技大学出版社","2002-9","108.00元","8.9"
"10591096","正则指引","Regular Expression yet another introduction","余晟","","电子工业出版社","2012-5-1","58.00元","8.5"
"25829244","Effective Objective-C 2.0","编写高质量iOS与OS X代码的52个有效方法","Matt Galloway","爱飞翔","机械工业出版社","2014-1","69.00元","8.5"
"26337545","The Go Programming Language","","Brian W. Kernighan、Alan Donovan","","Addison-Wesley Professional","2015-11-23","$37.3","9.2"
"10773324","Python标准库","","Doug Hellmann","刘炽","机械工业出版社华章公司","2012-6-15","139.00元","8.5"
"7175280","Python科学计算","","张若愚","","清华大学出版社","2012-1","98.00元","8.0"
"21964984","领域特定语言","","Martin Fowler","ThoughtWorks中国","机械工业出版社华章公司","2013-3","89.00元","8.3"
"10779534","Think Python","How to Think Like a Computer Scientist","Allen B. Downey","","O'Reilly Media","2012-6","$39.99","8.3"
"26852057","Python Web开发实战","","董伟明","","电子工业出版社","2016-9-15","105","7.5"
"3248794","高等应用数学问题的MATLAB求解","","薛定宇、陈阳泉","","清华大学出版社","2008-10","49.00元","9.2"
"6424904","大话数据结构","","程杰","","清华大学出版社","2011-6","59.00元","8.0"
"5376270","调试九法","软硬件错误的排查之道","David J.Agans","赵俐","人民邮电出版社","2010-12-7","35.00元","8.8"
"3246499","疯狂Java讲义","","李刚","","电子工业出版社","2008-10","99.00元","8.3"
"25927585","代码之髓","编程语言核心概念","[日] 西尾泰和","曾一鸣","人民邮电出版社","2014-8","45.00元","8.0"
"26835090","软技能","代码之外的生存指南","John Sonmez","王小刚","人民邮电出版社","2016-7","59.00元","8.1"
"1230040","C语言接口与实现","","（美）David R.Hanson","傅蓉、周鹏、张昆琪、权威","机械工业出版社","2004-1","35.00元","8.3"
"1119904","C++设计新思维","泛型编程与设计模式之应用","(美)Andrei Alexandrescu","侯捷、於春景","华中科技大学出版社","2003-03","59.8","8.9"
"24699632","R语言编程艺术","","（美）Norman Matloff","陈堰平、邱怡轩、潘岚锋 等","机械工业出版社","2013-5","69.00","8.4"
"5345682","Maven实战","","许晓斌","","机械工业出版社","2010年12月","65.00元","8.2"
"4241826","高性能MySQL（第二版）","","Baron Schwartz、Peter Zaitsev、Vadim Tkachenko、Jeremy D.Zawodny、Arjen Lent、Derek J.Ballin","王小东、李军、康建勋","电子工业出版社","2010年1月","99.00元","8.8"
"1241385","More Effective C++中文版","","Scott meyers","侯捷","中国电力出版社","2003-3","50.00元","8.9"
"3234692","编程珠玑II","","(美)Jon Bentley","钱丽艳;刘田","人民邮电出版社","2008 年10月","39.00元","8.7"
"3088353","软件调试","Software Debugging","张银奎","","电子工业出版社","2008-6","128.00元","8.8"
"3224524","代码之美","","Grey Wilson","聂雪军","机械工业出版社","2008年09月","99.00元","7.8"
"1441780","游戏之旅","我的编程感悟","云风","","电子工业出版社","2005-12-01","46.00","8.1"
"3775842","C标准库","C标准库“圣经”","P. J. Plauger","卢红星、徐明亮、霍建同","人民邮电出版社","2009-7","79.00元","8.8"
"24738301","深入理解C++11","C++ 11新特性解析与应用","Michael Wong、IBM XL编译器中国开发团队","","机械工业出版社","2013-6","69.00元","7.5"
"24868904","高效能程序员的修炼","软件开发远不止是写代码那样简单……","[美]Jeff Atwood","陆其明、张健","人民邮电出版社","2013-7","49","8.2"
"11530748","Android开发精要","","范怀宇","","机械工业出版社","2012-8","69.00元","8.2"
"4875599","C++程序设计原理与实践","","（美）Bjarne Stroustrup","王刚 等","机械工业出版社","2010.7","108.00元","8.7"
"2269648","正则表达式必知必会","","Ben Forta","杨涛、王建桥、杨晓云","人民邮电出版社","2007","29.00元","8.6"
"4831448","Linux程序设计","第4版","Neil Matthew、Richard Stones","陈健、宋健建","人民邮电出版社","201005","99.00元","8.4"
"6860890","黑客","计算机革命的英雄(二十五周年新版)","Steven Levy","赵俐、刁海鹏、田俊静","机械工业出版社华章公司","2011-10-31","69.00元","8.3"
"1319751","C++Primer Plus","","Stephen Prata、孙建春、韦强","孙建春、韦强","人民邮电出版社","2005-5","72.00元","8.6"
"19962787","Objective-C编程","Big Nerd Ranch入门经典","[美] Aaron Hillegass","夏伟频、李骏","华中科技大学出版社","2012-9-25","58.00元","8.5"
"3338669","Programming in Scala","A Comprehensive Step-by-step Guide","Martin Odersky、Lex Spoon、Bill Venners","","Artima Inc","2008-11-26","USD 49.99","9.0"
"1138768","深入Java虚拟机(原书第2版)","","（美）文纳斯","曹晓钢、蒋靖","机械工业出版社","2003-9","58.00元","8.6"
"19952184","别怕，Excel VBA其实很简单","","Excel之家 (Excel Home)","","人民邮电出版社","2012-10-1","49.00元","8.3"
"26675127","Python语言及其应用","Python语言及其应用","[美] Bill Lubanovic","丁嘉瑞、梁　杰、禹常隆","人民邮电出版社","2015-12","79.00元","8.3"
"21792530","编写可维护的JavaScript","","扎卡斯","李晶、郭凯、张散集","人民邮电出版社","2013-4","55.00元","8.3"
"1723151","Linux设备驱动程序","","科波特","魏永明、耿岳、钟书毅","中国电力出版社","2006-1-1","69.00元","8.8"
"1921890","JavaScript DOM编程艺术","","Jeremy Keith","杨涛、王建桥、杨晓云","人民邮电出版社","2006年12月","39.00元","8.7"
"7564093","编程原本","","Alexander Stepanov、Paul McJones","裘宗燕","机械工业出版社华章公司","2012-1-10","59.00元","8.2"
"20382244","R语言实战","","卡巴科弗 (Robert I.Kabacoff)","高涛、肖楠、陈钢","人民邮电出版社","2013-1","79.00元","8.8"
"6806862","The Linux Command Line","A Complete Introduction","William E. Shotts, Jr.","","No Starch Press","2012-1-17","0","9.2"
"26740503","Python网络数据采集","","米切尔 (Ryan Mitchell)","陶俊杰、陈小莉","人民邮电出版社","2016-3-1","CNY 59.00","7.7"
"25703412","嗨翻C语言","","[美]David Griffiths、[美]Dawn Griffiths","程亦超","人民邮电出版社","2013-9","99.00","9.1"
"22994051","格蠹汇编","软件调试案例集锦","张银奎","","电子工业出版社","2013-3-1","66.00元","9.1"
"2350559","The Science of Programming","","David Gries","","Springer","1989-4-21","USD 99.00","8.3"
"19933548","JavaScript编程精解","","Marijn Haverbeke","徐涛","机械工业出版社华章公司","2012-10-1","49.00元","7.9"
"4130141","C++ Concurrency in Action","Practical Multithreading","Anthony Williams","","Manning Publications","2012-2-28","USD 69.99","8.9"
"3329887","Ruby编程语言","","David Flanagan、松本行弘","廖志刚、张禾","电子工业出版社","2009-1","68.00元","8.6"
"19986441","Android系统源代码情景分析","","罗升阳","","电子工业出版社","2012-10","109.00元","8.6"
"1154204","算法艺术与信息学竞赛","","刘汝佳","","清华大学出版社","2004-1","45.00元","8.5"
"1470267","The Elements of Programming Style, 2nd Edition","","Brian W. Kernighan、P. J. Plauger","","McGraw-Hill","1978-1-1","USD 50.93","9.3"
"4088038","Perl语言入门","第五版","Randal L.Schwartz、Tom Phoenix、brian d foy","盛春、蒋永清、王晖","东南大学出版社","2009-8","48.00元","8.9"
"10789820","Node.js开发指南","","郭家寶（BYVoid）","","人民邮电出版社","2012-7","45.00元","7.5"
"26368668","编程导论","","[美] John V. Guttag","梁杰","人民邮电出版社","2015-4","59.00元","8.5"
"6799412","Debug Hacks中文版","深入调试的技术和工具","吉岡弘隆、大和一洋、大岩尚宏、安部東洋、吉田俊輔","马晶慧","电子工业出版社","2011-8","69.00元","8.3"
"3076942","LUA程序设计(第2版)","","[巴西] 莱鲁","周惟迪","电子工业出版社","2008-1","39.00元","8.4"
"1792179","Effective STL中文版","50条有效使用STL的经验","[美]Scott Meyers","潘爱民、陈铭、邹开红","清华大学出版社","2006-1","30.00元","8.8"
"1432683","On Lisp","Advanced Techniques for Common LISP","Paul Graham","","Prentice Hall","09 September, 1993","$52.00","9.2"
"7055340","深入理解C#（第2版）","","Jon Skeet","周靖、朱永光、姚琪琳","人民邮电出版社","2012-1","79.00元","9.0"
"26287812","iOS编程（第4版）","","[美] Christian Keur、[美] Aaron Hillegass、[美] Joe Conway","丁道骏、张召、吴春燕","华中科技大学出版社","2015-1-1","99.90","9.0"
"26869992","用Python写网络爬虫","","[澳]理查德 劳森","李斌","人民邮电出版社","2016-8-1","CNY 45.00","8.0"
"1088168","Windows 程序设计：第5版","","CharlesPetzold","北京博彦科技发展有限公司","北京大学出版社","2003-11-1","160.00元","8.9"
"1782316","Concepts, Techniques, and Models of Computer Programming","","Peter Van Roy、Seif Haridi","","The MIT Press","2004-2-20","USD 78.00","8.3"
"3072383","The Algorithm Design Manual","","Steven S. Skiena","","Springer","2008.07","$79.95","8.7"
"4924164","软件开发者路线图","","Dave H. Hoover、Adewale Oshineye","王江平","机械工业出版社","2010年9月","35.00元","8.3"
"3007076","精通JavaScript","","John Resig","江疆、陈贤安","人民邮电出版社","2008-4-1","49.00元","8.6"
"6800774","SQL反模式","","[美] Bill Karwin","谭振林、Push Chen","人民邮电出版社","2011-9","59.00元","8.5"
"25910544","编写高质量代码：改善Python程序的91个建议","","张颖、赖勇浩","","机械工业出版社","2014-6","59.00元","7.6"
"25866389","逆向工程核心原理","","[韩] 李承远","武传海","人民邮电出版社","2014-4-25","109.00元","8.9"
"6025284","Python灰帽子","黑客与逆向工程师的Python编程之道","[美] Justin Seitz","丁赟卿 译、崔孝晨 审校","电子工业出版社","2011-3","39.00元","7.5"
"26644935","Android 源码设计模式解析与实战","","何红辉、关爱民","","人民邮电出版社","2015-11","79.00元","8.4"
"3010746","Advance Bash-Scripting Guide","","'何红辉、关爱民'","''","'人民邮电出版社'","'2015-11'","'79.00元'","9.0"
"1679623","C程序设计","新世纪计算机基础教育丛书","谭浩强","","清华大学出版社","2005-7-1","26.00元","7.0"
"1998341","计算机系统要素","从零开始构建现代计算机","Noam Nisan、Shimon Schocken","周维、宋磊、陈曦","电子工业出版社","2007-01-01","45.00元","9.1"
"10733304","基于MVC的JavaScript Web富应用开发","","麦卡劳(Alex MacCaw)","李晶、张散集","电子工业出版社","2012-5","59.00元","8.3"
"26670241","Python金融大数据分析","","[德] 伊夫·希尔皮斯科","姚军","人民邮电出版社","2015-12","CNY 99.00","8.2"
"25863515","图解HTTP","","【日】上野宣","于均良","人民邮电出版社","2014-4-15","49.00元","8.1"
"1440658","Dive Into Python","","Mark Pilgrim","","Apress","19 July, 2004","$39.99","8.3"
"1852976","计算机程序设计艺术","","（美","","机械工业出版社","2006-7","45.00元","9.6"
"3136252","Essentials of Programming Languages, 3rd Edition","","Daniel P. Friedman、Mitchell Wand","","The MIT Press","2008-04-30","USD 65.00","9.2"
"14267904","算法精解","C语言描述","Kyle Loudon","肖翔、陈舸","机械工业出版社","2012-8","79.00元","8.2"
"25786138","Effective JavaScript","编写高质量JavaScript代码的68个有效方法","赫尔曼 (David Herman)","黄博文、喻杨","机械工业出版社","2014-1-1","CNY 49.00","8.4"
"3260311","Erlang 程序设计","","Armstrong","赵东炜、金尹","人民邮电出版社","2008","79.00元","8.8"
"5362856","高性能JavaScript","","Nicholas C.Zakas","丁琛、赵泽欣","电子工业出版社","2010-11","49.00元","8.9"
"3360866","JAVA核心技术卷2","高级特性","Cay S. Horstmann、Gary Cornell","陈昊鹏、王浩、姚建平","机械工业出版社","2008-12","118.00元","8.6"
"26274206","写给大忙人看的Java SE 8","","【美】Cay S. Horstmann（凯.S.霍斯曼） 编","张若飞","电子工业出版社","2014-11","59.00元","8.1"
"1473329","Java解惑","","布洛赫、加夫特","陈昊鹏","人民邮电出版社","2006-1","39.00元","8.4"
"1787855","Programming From The Ground Up","","Jonathan Bartlett","","Bartlett Publishing","2004-07-31","USD 34.95","9.3"
"4934481","Learn You a Haskell for Great Good!","A Guide for Beginners","Miran Lipovaca","","No Starch Press","2011-4-11","44.95","9.2"
"1968704","算法设计与分析基础","","Anany levitin","潘彦","清华大学出版社","2007-1-1","49.00元","8.6"
"26248182","程序员必读之软件架构","","[英] Simon Brown","邓　钢","人民邮电出版社","2014-12","49.00元","7.5"
"4118577","UNIX网络编程 卷2","进程间通信","W.Richard Stevens","","人民邮电出版社","2009-11","89.00元","9.5"
"24720270","Objective-C高级编程","iOS与OS X多线程和内存管理","坂本一树 (Kazuki Sakamoto)、古本智彦 (Tomohiko Furumoto)","黎 华","人民邮电出版社","2013-6-1","CNY 49.00","8.3"
"1289136","C语言的科学和艺术","","罗伯茨","翁惠玉","机械工业出版社","2005-3","55.00元","8.5"
"26639401","学习JavaScript数据结构与算法","","[巴西] 格罗纳（Loiane Groner）","孙晓博、邓钢、吴双、陈迪、袁源","人民邮电出版社","2015-10-1","39.00","8.2"
"1232061","JAVASCRIPT权威指南(第四版)","","David Flanagan","张铭泽、等","机械工业出版社","2003-1-1","99.00","8.7"
"26821588","写给大家看的算法书","","【日】杉浦 贤","绝云","电子工业出版社","2016-6","59.00元","7.7"
"25908672","两周自制脚本语言","","[日]千叶 滋","陈筱烟","人民邮电出版社","2014-6","59.00元","8.3"
"2043236","Processing","A Programming Handbook for Visual Designers and Artists","Casey Reas、Ben Fry","","MIT Press","2007-9-28","GBP 35.95","8.9"
"25912747","Java 8 in Action","Lambdas, Streams, and functional-style programming","Raoul-Gabriel Urma、Mario Fusco、Alan Mycroft","","Manning","2014-8","49.99","8.2"
"1456906","ANSI Common Lisp","","Paul Graham","","Prentice Hall","1995-11-12","USD 116.40","9.1"
"1482240","深入浅出 MFC 第二版","","'Paul Graham'","''","'Prentice Hall'","'1995-11-12'","'USD 116.40'","8.6"
"1087767","TCP/IP详解 卷2：实现","","史蒂文斯","陆雪莹","机械工业出版社","2004-1","78.00元","9.1"
"20471211","Linux多线程服务端编程","使用muduo C++网络库","陈硕","","电子工业出版社","2013-1-15","89.00元","8.7"
"2709130","A Little Java, A Few Patterns","","Matthias Felleisen、Daniel P. Friedman","","The MIT Press","1997-12-19","USD 28.00","8.0"
"1942934","Head First Servlets & JSP（中文版）","通过SCWCD考试之路","（美）巴萨姆、（美）塞若、（美）贝茨","苏钰函、林剑","中国电力出版社","2006-10","98.00元","8.8"
"26702570","python绝技：运用python成为顶级黑客","运用Python成为顶级黑客","[美] TJ O'Connor","崔孝晨、武晓音","电子工业出版社","2016-1","79.00元","7.0"
"4212921","Python高级编程","","Tarek Ziadé","姚军、夏海轮、译","人民邮电出版社","2010-1","45.00元","7.7"
"1102180","C++沉思录","十年编程生涯的真知灼见","Andrew Koenig、Barbara Moo","黄晓春、孟岩(审校)","人民邮电出版社","2002-11-01","50.00元","8.5"
"7007204","编程大师访谈录","","Susan Lammers","李琳骁、吴咏炜、张菁","人民邮电出版社","2012-1","59.00元","7.4"
"3422332","你必须知道的495个C语言问题","","Steve Summit","孙云、朱群英","人民邮电出版社","2009-2","45.00元","8.2"
"1446250","汇编语言程序设计","","Richard Blum","马朝晖","机械工业出版社","2006-1","48.00元","8.7"
"6859720","实用Common Lisp编程","","Peter Seibel","田春","人民邮电出版社","2011-10","89.00元","7.9"
"25716079","啊哈C！思考快你一步","用编程轻松提升逻辑力","啊哈磊","","电子工业出版社","2013-9","39.00元","8.0"
"4719230","编程之魂","与27位编程语言创始人对话","Federico Biancuzzi、Shane Warden","闫怀志","电子工业出版社","2010-04","59.80元","7.5"
"26598045","Web全栈工程师的自我修养","","余果","","人民邮电出版社","2015-9-1","49.00","7.5"
"4923179","我编程，我快乐","程序员职业规划之道","[美] Chad Fowler","于梦瑄","人民邮电出版社","2010-8","39.00元","7.9"
"20254543","算法竞赛入门经典","训练指南","'[美] Chad Fowler'","'于梦瑄'","'人民邮电出版社'","'2010-8'","'39.00元'","8.7"
"1876898","The AWK Programming Language","","Alfred V. Aho、Brian W. Kernighan、Peter J. Weinberger","","Pearson","1988-1-11","USD 151.40","9.5"
"26346017","Java 8函数式编程","","[英] Richard Warburton","王群锋","人民邮电出版社","2015-3","39.00元","8.2"
"6522893","深入理解Java虚拟机","JVM高级特性与最佳实践","周志明","","机械工业出版社","2011-6","69.00元","8.6"
"6957175","Is Parallel Programming Hard, And, If So, What Can You Do About It?","","'周志明'","''","'机械工业出版社'","'2011-6'","'69.00元'","9.4"
"2032343","Programming Ruby中文版","","托马斯","孙勇、姚延栋、张海峰","电子工业出版社","2007-3","99.00元","8.3"
"4291903","Parsing Techniques","A Practical Guide","Dick Grune、Ceriel J.H. Jacobs","","Springer","2010-2-12","USD 109.00","9.3"
"1033144","UNIX编程环境","","'Dick Grune、Ceriel J.H. Jacobs'","''","'Springer'","'2010-2-12'","'USD 109.00'","8.7"
"3704991","Land of Lisp","Learn to Program in Lisp, One Game at a Time!","Conrad Barski M.D.","","No Starch Press","October 2009 (est.)","386.00 元","9.0"
"1755557","Purely Functional Data Structures","","Chris Okasaki","","Cambridge University Press","1999-6-13","USD 49.99","9.4"
"1726083","The Seasoned Schemer","Seasoned Schemer","Daniel P. Friedman、Matthias Felleisen","","The MIT Press","1995-12-21","USD 38.00","9.1"
"23779374","明解C语言","","柴田望洋","管杰、罗勇","人民邮电出版社","2013-5","59.00元","8.7"
"25837145","趣学Python编程","","Jason Briggs","尹哲","人民邮电出版社","2014-3","45.00元","8.3"
"1831698","游戏编程中的人工智能技术","","布克兰德","吴祖增","清华大学出版社","2006-5","39.0","8.4"
"19930393","老码识途","从机器码到框架的系统观逆向修炼之路","韩宏","","电子工业出版社","2012-8","56.00元","9.0"
"10746113","HTTP权威指南","权威指南","David Gourley、Brian Totty","陈涓、赵振平","人民邮电出版社","2012-9","109.00元","8.7"
"25899841","The Swift Programming Language","Swift编程语言手册","苹果公司","","Apple Inc.","2014-6-2","免费","8.5"
"1141221","Microsoft.NET框架程序设计","","Jeffrey Richter","李建忠","清华大学出版社","2003-11","68.00元","9.1"
"25909351","WebGL编程指南","","【美】Kouichi Matsuda,Rodger Lea（松田浩一，罗杰•李）","谢光磊","电子工业出版社","2014-6","98.00元","9.0"
"3143256","Learning Processing","A Beginner's Guide to Programming Images, Animation, and Interaction (Morgan Kaufmann Series in","Daniel Shiffman","","Morgan Kaufmann","2008-08-15","USD 49.95","8.8"
"3628911","Dive Into Python 3","","Mark Pilgrim","","Apress","2009-11-6","USD 44.99","8.5"
"3884108","可爱的Python","","哲思社区","","电子工业出版社","2009-9","55.00元","7.4"
"1760738","编程卓越之道","第一卷：深入理解计算机","Hyde R","韩东海","电子工业出版社","2006-4-1","49.80","8.3"
"3423021","通灵芯片","计算机运作的简单原理","Daniel Hillis","崔良沂","上海世纪出版集团","2009-1","19.80元","8.5"
"26649050","App研发录：架构设计、Crash分析和竞品技术分析","","包建强","","机械工业出版社","2015-10-21","CNY 59.00","8.1"
"25955274","Python编程实战","运用设计模式、并发和程序库创建高质量程序","[美] Mark Summerfield","爱飞翔","机械工业出版社","2014-8","69.00元","7.6"
"26740520","Java性能权威指南","","奥克斯 (Scott Oaks)","柳飞、陆明刚、臧秀涛","人民邮电出版社","2016-3-1","CNY 79.00","8.3"
"2116929","高质量程序设计指南","—C++/C语言","林锐、韩永泉","","电子工业","2007-5","39.80元","8.2"
"3142908","Python Tutorial","","Guido Van Rossum、Fred L. Drake, Jr (editor)","","Iuniverse Inc","April 2000","USD 12.95","8.6"
"4915945","Python Algorithms","Mastering Basic Algorithms in the Python Language","Magnus Lie Hetland","","Apress","2010-11-24","USD 49.99","8.9"
"11577300","Go语言编程","","许式伟","","人民邮电出版社","2012-8","49.00元","7.2"
"24718740","Ruby Under a Microscope","An Illustrated Guide to Ruby Internals","Pat Shaughnessy","","No Starch Press","2013-11","USD 39.95","9.1"
"6003832","软件框架设计的艺术","","[捷] Jaroslav Tulach","王磊、朱兴","人民邮电出版社","2011-3","75.00元","7.9"
"6889456","Linux Shell脚本攻略","","(印)拉克什曼","门佳","人民邮电出版社","2011-11","49.00元","8.1"
"26266378","Game Programming Patterns","","Robert Nystrom","","Genever Benning","2014-11-2","USD 31.90","9.5"
"2334295","Head First SQL","Your Brain on SQL -- A Learner's Guide","Lynn Beighley","","O'Reilly Media","2007-9-1","USD 49.99","8.3"
"6517501","Processing互动编程艺术","","谭亮","","电子工业出版社","2011-6","39.00元","7.1"
"3864073","Objective-C基础教程","","Mark Dalrymple、Scott Knaster","高朝勤、杨越、刘霞","人民邮电出版社","2009-8","49.00元","7.3"
"4732242","Java入门1•2•3","一个老鸟的Java学习心得","臧萌","","清华大学出版社","2010-5-1","69.00元","8.7"
"24737847","七周七数据库","","[美]Eric Redmond","王海鹏、田思源、王晨","人民邮电出版社","2013-5-30","CNY 59.00","7.3"
"20962468","Elements of Programming Interviews","300 Questions and Solutions","Adnan Aziz、Amit Prakash、Tsung-Hsien Lee","","CreateSpace Independent Publishing Platform","2012-10-11","USD 39.95","9.4"
"1101524","C++编程思想（第1卷）","标准C++导引","[美] Bruce Eckel","刘宗田、袁兆山、潘秋菱","机械工业出版社","2002-9","59.00元","8.3"
"1157908","垃圾收集","","琼斯","谢之易","人民邮电出版社","2004-4-1","45.00元","8.2"
"1140457","敏捷软件开发","原则、模式与实践","Robert C. Martin","邓辉","清华大学出版社","2003-09-01","59.00元","9.1"
"24316255","Go Web编程","","谢孟军","","电子工业出版社","2013-6-1","65.00元","7.8"
"21317828","征服C指针","征服C指针","前桥和弥","吴雅明","人民邮电出版社","2013-2","49.00元","8.1"
"3134515","Real World Haskell","Code You Can Believe In","Bryan O'Sullivan、John Goerzen、Don Stewart","","O'Reilly Media","2008-12-01","CAD 49.99","8.4"
"21661495","Clojure编程","Java世界的Lisp实践","Chas Emerick、Brian Carper、Christophe Grand","徐明明、杨寿勋","电子工业出版社","2013-3-26","99.00元","8.4"
"26389274","Python高手之路","","Julien Danjou","王飞龙","人民邮电出版社","2015-5","49.00元","7.8"
"11442031","编程ING","人人都能学会程序设计","蔡学镛","","电子工业出版社","2012-7","68.00元","7.3"
"24841112","编程的修炼（中英双语）","","[荷]Edsger W. Dijkstra","裘宗燕","电子工业出版社","2013-7","79.00元","7.9"
"7564417","Linux/Unix设计思想","","甘卡兹","漆犇","人民邮电出版社","2012-3-28","39.00元","7.7"
"3210669","编程匠艺","编写卓越的代码","（美）古德利弗（Goodliffe, P.）著","韩江，陈玉译","电子工业出版社","2008-9","79.00元","8.4"
"1480481","C++编程规范","101条规则、准则与最佳实践","（美）Herb Sutter, Andrei Alexandrescu","刘基诚","人民邮电出版社","2006-1","35.00元","8.2"
"25906843","Python计算机视觉编程","","[瑞典] Jan Erik Solem","朱文涛、袁勇","人民邮电出版社","2014-6-10","69.00","7.8"
"26638586","程序员代码面试指南：IT名企算法与数据结构题目最优解","IT名企算法与数据结构题目最优解","左程云","","电子工业出版社","2015-9","79.00元","8.2"
"1899158","编程之道","","Geoffrey James","郭海","电子工业出版社","2006","28.00元","8.0"
"3907181","LINUX系统编程","LINUX系统编程","Robert Love","O'Reilly Taiwan公司","东南大学出版社","2009-7","56.00元","8.0"
"25854872","算法帝国","","克里斯托弗•斯坦纳","李筱莹","人民邮电出版社","2014-6","49.00","7.3"
"20436488","编译器设计","","Keith Cooper、Linda Torczon","郭旭","人民邮电出版社","2012-12","99.00元","8.8"
"25918029","Linux就是这个范儿","","[中] 赵鑫磊、[加] Jie Zhang（张洁）","","人民邮电出版社","2014-7","95.00元","7.8"
"19971952","快学Scala","","[美] C. S. 霍斯曼","高宇翔","电子工业出版社","2012-10","79.00元","7.4"
"3519360","Shell脚本学习指南","","Arnold Robbins、Nelson H.F.Beebe","O Reilly Taiwan公司","机械工业出版社","2009-4","79.00元","7.5"
"25900156","Redis设计与实现","","黄健宏","","机械工业出版社","2014-6","79.00","8.5"
"26838547","深入理解 Flask","掌握用Python创建强大动态Web应用的技术","[美]Jack Stouffer","苏丹","电子工业出版社","2016-7-1","79.00","7.9"
"25826578","MacTalk 人生元编程","","池建强","","人民邮电出版社","2014-2-1","45","7.1"
"24641620","High Performance Python","Practical Performant Programming for Humans","Micha Gorelick、Ian Ozsvald","","O'Reilly Media","2014-9-10","USD 39.99","7.7"
"25743846","深度探索Linux操作系统","系统构建和原理解析","王柏生","","机械工业出版社","2013-10-15","89.00","8.5"
"2082177","编程卓越之道","第二卷：运用底层语言思想编写高级语言代码","海德","张菲","电子工业出版社","2007-4","69.00元","8.2"
"1215826","Essential C++中文版","","[美] Stanley B. Lippman","侯捷","华中科技大学出版社","2001-8","39.80元","8.3"
"1231481","COM本质论","","[美] Don Box","潘爱民","中国电力出版社","2001-8","49.00元","8.6"
"4254318","MATLAB实用教程","","穆尔(Holly Moore)","高会生 刘童娜 李聪聪","电子工业出版社","2010-1-1","59.00元","8.2"
"4311129","OpenGL编程指南（原书第7版）","","[美] Dave Shreiner","李军、徐波 [等]","机械工业出版社","2010-3","89.00元","8.3"
"24522045","Redis入门指南","","李子骅","","人民邮电出版社","2013-5-1","39.00元","7.8"
"4033320","学习OpenCV（中文版）","学习OpenCV","Gary Bradski、Adrian Kaehler","于仕琪、刘瑞祯","清华大学出版社","2009-10-1","75.00元","8.3"
"3324516","实现模式","","Kent Beck","李剑、熊节、郭晓刚","人民邮电出版社","2009-1","29.00元","8.0"
"26397183","计算机是怎样跑起来的","","[日] 矢泽久雄","胡屹","人民邮电出版社","2015-5","39.00元","7.6"
"19894872","Head First HTML5 Programming（中文版）","","埃里克•弗里曼 (Eric Freeman)、伊丽莎白•罗布森 (Elisabeth Robson)","","中国电力出版社","2012-9","78.00元","8.3"
"6011680","Head First PHP & MySQL（中文版）","","Lynn Beighley、Michael Morrison","苏金国、徐阳","中国电力","2010-6","98.00元","8.6"
"4151159","写给大家看的C语言书","","佩里(Greg Perry)","刘艳娟、谢晓钢","人民邮电出版社","2010-1-1","39.00元","8.1"
"1151672","代码阅读方法与实践","","斯平内利斯","赵学良","清华大学出版社","2004-03-01","45.00元","6.9"
"24381562","统计思维","程序员数学之概率统计","Allen B.Downey","张建锋、陈钢","图灵教育","2013-5","29.00元","6.6"
"5401851","Python参考手册（第4版）","","David M.Beazley","谢俊、杨越、高伟","人民邮电出版社","2010-12","89.00元","7.5"
"1761910","Types and Programming Languages","","Benjamin C. Pierce","","The MIT Press","2002-2-1","USD 89.00","9.2"
"1168618","时间触发嵌入式系统设计模式","使用8051系列微控制器开发可靠应用","Michael J.Pont","周敏","中国电力出版社","2004-7-1","85.0","9.1"
"1193557","代码优化","有效使用内存","（美）Kris Kaspersky","谭明金","电子工业出版社","2004-10","48.00元","7.7"
"26352658","JavaScript面向对象精要","","Nicholas C. Zakas","胡世杰","人民邮电出版社","2015-4","39.00","8.9"
"1231697","Perl语言编程","","[美] Larry Wall、Tom Christiansen、Jon Orwant","何伟平","中国电力出版社","2001-12","129.00元","8.7"
"26772677","微服务设计","","[英] Sam Newman","崔力强、张　骏","人民邮电出版社","2016-5","69.00元","8.2"
"4317573","算法技术手册","","George T. Heineman、Gary Pollice、Stanley Selkow","杨晨、李明","机械工业出版社","2010-3","55.00元","8.3"
"1761742","Head First Object-Oriented Analysis and Design","A Brain Friendly Guide to OOA&D","Brett D. McLaughlin、Gary Pollice、Dave West","","O'Reilly Media","2006-12-4","USD 49.99","8.7"
"1798896","The Definitive Guide to Django","Web Development Done Right","Adrian Holovaty、Jacob Kaplan-Moss","","Apress","2007-12-06","CAD 45.14","8.6"
"11610789","Python入门经典","以解决计算问题为导向的Python编程实践","'Adrian Holovaty、Jacob Kaplan-Moss'","''","'Apress'","'2007-12-06'","'CAD 45.14'","8.1"
"25850090","网络游戏核心技术与实战","","中嶋谦互","毛姝雯、田剑","人民邮电出版社","2014-4","99.00元","7.6"
"25767719","JavaScript编程全解","","［日］井上诚一郎、［日］土江拓郎、［日］滨边将太","陈筱烟","人民邮电出版社","2013-12","79.00","8.4"
"25934516","单元测试的艺术（第2版）","","[以] Roy Osherove","金　迎","人民邮电出版社","2014-8","59.00","7.5"
"25856314","Web性能权威指南","","Ilya Grigorik","李松峰","人民邮电出版社","2013-9","69","8.8"
"4065258","算法：C语言实现","(第1～4部分)基础知识、数据结构、排序及搜索","塞奇威克","霍红卫","机械工业出版社","2009-10","79.00元","8.8"
"1513863","MATLAB编程","第2版","查普曼","","科学出版社","2010-6","41.00元","8.8"
"4722708","系统程序员成长计划","","李先静","","人民邮电出版社","2010-04","45.00","7.9"
"10804452","Generative Design","Visualize, Program, and Create with Proce","Harmut Mohnacker、Benedikt Gross、Julia Laub","","Princeton Architectural Press","2012-10-1","USD 100.00","9.5"
"25908396","元素模式","","Jason McC. Smith","高博、凌杰、徐平平","电子工业出版社","2014-7-1","69.00元","8.1"
"1787854","An Introduction to GCC","For the GNU Compilers GCC and G++","Brian J. Gough、Richard M. Stallman","","Network Theory Ltd.","2004-3-30","USD 19.95","8.7"
"26274169","游戏开发的数学和物理","","［ 日］ 加藤洁","","徐　谦","人民邮电出版社","59.00元","7.4"
"3661214","可视化数据","","Ben Fry","张羽","电子工业出版社","2009-3","65.00元","7.7"
"26663605","实战Java高并发程序设计","","葛一鸣、郭超","","电子工业出版社","2015-11","69.00元","8.2"
"10599300","爱上Processing","Getting Started with Processing","Gasey Reas & Ben Fry","陈思明、郭浩贇","人民郵電出版社","2012-4","38.00元","7.8"
"4225167","黑客攻防技术宝典","系统实战篇（第2版）","Chris Anley、John Heasman、Felix Linder、Gerardo Richarte","罗爱国、郑艳杰","人民邮电出版社","2010-1","79.00元","9.1"
"4848587","分布式Java应用","基础与实践","林昊","","电子工业出版社","2010-6","49.80元","7.7"
"3879823","Java开发实战经典","","李兴华 编著","","清华大学出版社","2009-8","79.80元","8.4"
"25892709","Python for Informatics","Exploring Information","Dr. Charles R Severance","","CreateSpace Independent Publishing Platform","2013-9-2","USD 9.99","8.8"
"3081930","游戏人工智能编程案例精粹","","巴克兰德 (Mat Buckland)","罗岱","人民邮电出版社","2008年06月","55.00元","9.0"
"1230286","WINDOWS游戏编程大师技巧<第2版>(附光盘)","","Andre Lamothe","沙鹰","中国电力出版社","2004-2-1","89.00元","8.6"
"3173123","C++GUI Qt4编程","","Jasmin Blanchette、Mark Summerfield","闫锋欣","电子工业出版社","2008-8","65.00元","8.1"
"2137490","Python网络编程基础","使用Python构建网络程序的综合指南","John Goerzen","莫迟 等","电子工业出版社","2007","68.00","7.1"
"1230037","游戏开发物理学","","David M.Bourg","O'Reilly Taiwan公司","电子工业出版社","2004-1","48.00元","7.8"
"2031396","深入解析Windows操作系统","","（美）罗斯（Russinovich,M.E.）、（美）所罗门（Solomon,D.A.）","潘爱民","电子工业出版社","2007-4","99.00元","8.9"
"4099306","PHP经典实例","","（美）斯克拉、（美）切贝特伯格","李松峰、秦绪文、李丽","中国电力出版社","2009-10","98.00元","7.9"
"19973015","Operating Systems","Three Easy Pieces","Remzi Arpaci-Dusseau、Andrea Arpaci-Dusseau","","Arpaci-Dusseau Books","2012-8-19","$21.00","9.8"
"24841235","Java程序员修炼之道","","[英] Benjamin J. Evans、[荷兰] Martijn Verburg","吴海星","人民邮电出版社","2013-7","89.00元","7.3"
"1143879","Accelerated C++中文版","","Andrew Koenig、Barbara E.Moo","覃剑锋","中国电力出版社","2003-12","39.50元","8.7"
"3351935","C#图解教程","","索利斯","苏林、朱晔","人民邮电出版社","2009-1","65.00元","8.3"
"1436134","算法引论","一种创造性方法","[美]Udi Manber","黄林鹏、谢瑾奎、陆首博、等","电子工业出版社","2005-9-1","35.00元","8.9"
"1119852","J2EE设计开发编程指南","","Rod Johnson","魏海萍、于晓菲、毛选","电子工业出版社","2003-7-1","64.00元","8.3"
"25713498","迷茫的旅行商","一个无处不在的计算机算法问题","[美] William J. Cook","隋春宁","人民邮电出版社","2013-10-1","49.00","8.1"
"3563971","C#与.NET 3.5高级程序设计","第4版","特罗尔森","朱晔、肖逵、张大磊、王少葵、范睿","人民邮电出版社","2009-3","138.00元","9.0"
"24529132","改变未来的九大算法","","[美] 约翰.麦考密克","管策","中信出版社","2013-6","39.00元","7.7"
"26285268","第一本Docker书","","[澳]詹姆斯•特恩布尔（James Turnbull）","李兆海 刘斌 巨震","人民邮电出版社","2014-12","59","7.4"
"1470838","Imperfect C++中文版","Practical Solutions for Real-Life Programming","威尔逊","荣耀、刘未鹏","人民邮电出版社","2006-1","75.0","8.3"
"1102259","人月神话","","[美] 弗雷德里克·布鲁克斯","汪颖","清华大学出版社","2002-11","29.80元","8.4"
"4111413","软件调试的艺术","Linux/Unix平台软件调试权威著作","Norman Matloff、Peter Jay Salzman","张云","人民邮电出版社","2009-11","39.00元","7.7"
"2065284","Release It!","Design and Deploy Production-Ready Software (Pragmatic Programmers)","Michael T. Nygard","","Pragmatic Bookshelf","2007-03-30","USD 34.95","8.5"
"25911735","TCP/IP网络编程","","[韩] 尹圣雨","金国哲","人民邮电出版社","2014-7","79.00元","8.7"
"19976838","Android应用性能优化","","[法] Hervé Guihot","白龙","人民邮电出版社","2012-10","49.00元","8.2"
"5243513","C#本质论","","米凯利斯","周靖","人民邮电出版社","2010-9","99.00元","8.5"
"1431996","从问题到程序","程序设计与C语言引论","裘宗燕","","机械工业出版社","2005-9-1","36.00元","8.6"
"24530461","复杂性思考","","Allen B. Downey","张龙","机械工业出版社","2013-5","49.00元","7.6"
"2372267","Head First JavaScript","","Michael Morrison","","O'Reilly","December 2007","$39.99","8.2"
"3788437","琢石成器","Windows环境下32位汇编语言程序设计","罗云彬","","电子工业出版社","2009-6","89.00元","9.2"
"25959139","Java特种兵（上册）","","谢宇","","电子工业出版社","2014-9-1","79.00元","7.6"
"25828043","Java性能优化权威指南","Java性能优化权威指南","Charlie Hunt、Binu John","柳飞、陆明刚","人民邮电出版社","2014-3","109.00 元","8.4"
"22793675","深入理解Nginx","模块开发与架构解析","陶辉","","机械工业出版社","2013-4-15","89.00元","8.3"
"1134988","C语言参考手册(原书第5版)","","Samuel P.Harbison、Guy L.Steele","邱仲潘","机械工业出版社","2004-2-1","39.00元","8.0"
"1143801","算法I～IV（C++实现）――基础、数据结构、排序和搜索（第三版）","","Robert Sedgewick","张铭泽、赵剑云、梁勇","中国电力出版社","2004-2-1","55.00","8.6"
"3781532","Windows高级调试","","Mario Hewardt、Daniel Pravat","聂雪军","机械工业出版社","2009-5","79.00元","8.6"
"6802440","深入理解Android","卷I","邓凡平","","机械工业出版社","2011-9-5","69.00元","7.9"
"10863118","Erlang/OTP并发编程实战","","[美] Martin Logan、[美] Eric Merritt、[瑞典] Richard Carlsson","连城","人民邮电出版社","2012-7-12","79.00元","8.3"
"3864436","Let Over Lambda","","Doug Hoyte","","Lulu.com","2008-4-2","USD 39.95","9.1"
"2335649","Head First C#","","Andrew Stellman、Jennifer Greene","","O'Reilly Media","2007-12-6","USD 49.99","9.0"
"1850191","设计模式解析","A New Perspective on Object-Oriented Design","ALAN SHALLOWAY、JAMES R.TROTT","徐言声","人民邮电出版社","2006-10","45.00元","8.3"
"1127940","大规模C++程序设计","","John Lakos","李师贤、明仲、曾新红、刘显明 等","中国电力出版社","2003.9","72.00","7.7"
"4136223","C++模板元编程","","'John Lakos'","'李师贤、明仲、曾新红、刘显明 等'","'中国电力出版社'","'2003.9'","'72.00'","8.1"
"4746407","深入PHP","面向对象、模式与实践（第2版）","Matt Zandstra","陈浩、吴孙滨、胡丹","人民邮电出版社","2010-5","59.00元","8.5"
"3948373","Objective-C 2.0程序设计","","Stephen G. Kochan","张波、黄湘琴","机械工业出版社","2009年9月","66.00元","7.9"
"6021272","API Design for C++","","Martin Reddy","","Morgan Kaufmann","2011-2-18","USD 59.95","8.1"
"24722611","Linux高性能服务器编程","","游双","","机械工业出版社","2013-5-1","CNY 69.00","8.0"
"1915868","Python编程（第三版·英文影印版）","","Mark Lutz","","东南大学出版社","2006","138.00元","8.3"
"26612779","Redis实战","","Josiah L. Carlson","","黄健宏","人民邮电出版社","2015-10","8.4"
"2294397","The Little MLer","","Matthias Felleisen","","The MIT Press","December 19, 1997","$30.00","9.3"
"1899340","游戏开发中的人工智能","","David M.Bourg、Glenn Seemann","O'Reilly Taiwan公司","东南大学出版社","2006","48.00元","7.6"
"1917706","重构与模式","","[美]Joshua Kerievsky","杨光、刘基诚","人民邮电出版社","2006年10月","45.00元","8.0"
"1866824","理解专业程序员","","（美）杰拉尔德·温伯格（GeraldM.Weinberg）","刘天北","清华大学出版社","2006-7","25.00元","8.2"
"2057790","Java JDK6学习笔记","","林信良","","清华大学出版社","2007-4","59.90元","8.4"
"2073826","Linux程序设计","","马修","陈健","人民邮电出版社","2007-7","89.00元","8.5"
"4149253","Head First Programming","A learner's guide to programming using the Python language","David Griffiths、Paul Barry","","O'Reilly Media","2009-12-4","USD 49.99","7.7"
"6849800","C++反汇编与逆向分析技术揭秘","","钱林松、赵海旭","","机械工业出版社华章公司","2011-10","69.00元","8.2"
"3053232","Rapid GUI Programming with Python and Qt","The Definitive Guide to PyQt Programming (Prentice Hall Open Source Software Development)","Mark Summerfield","","Prentice Hall","2007-10-18","GBP 39.99","8.4"
"1766670","Instructor's Manual t/a Structure and Interpretation of Computer Programs","","Gerald Jay Sussman","","The MIT Press","1998-9-15","USD 29.00","9.5"
"7059900","Python编程实践","","Jennifer Campbell、Paul Gries、Jason Montojo、Greg Wilson","唐学韬","机械工业出版社华章公司","2011-12-31","49.00元","7.2"
"11629400","Java设计模式","","[美]梅特斯克（Metsker,S.J.）、[美]维克（Wake,W.J.）","张逸、史磊","电子工业出版社","2012-9","75.00元","7.7"
"25856712","树莓派学习指南","基于 Linux","[英]Peter Membrey、[澳]David Hows","张志博、孙峻文","人民邮电出版社","2014-4","49.00元","7.4"
"1232071","如何求解问题","现代启发式方法","Zbigniew Michalewicz、David B.Fogel","曹宏庆","中国水利水电出版社","2003-2-1","35.00元","8.5"
"24869910","Go 语言程序设计","","Mark Summerfield","许式伟、吕桂华、徐立、何李石","人民邮电出版社","2013-8-1","CNY 69.00","7.2"
"20370984","PHP核心技术与最佳实践","","列旭松，陈文","","机械工业出版社","2013-1-1","89.00元","8.0"
"25827246","深入理解C指针","","[美] Richard Reese","陈晓亮","人民邮电出版社","2014-2","45.00","8.4"
"25780703","CPU自制入门","","[日] 水头一寿、[日] 米泽辽、[日] 藤田裕士","赵谦","人民邮电出版社","2014-1","99.00元","7.9"
"21372236","R和Ruby数据分析之旅","","（新加坡） Sau Sheong Chang","钱昊、刘熙","人民邮电出版社","2013-3","45.00元","8.6"
"1454723","游戏编程全接触","","（美）Mike McShaffry","","人民邮电出版社","2006-1","48.00元","8.2"
"24846574","iOS开发指南","从零基础到App Store上架","关东升","","人民邮电出版社","2013-8-1","99.00元","7.3"
"1435663","ARM嵌入式系统开发","","斯洛斯","","北京航大","2005-5","75.00元","8.8"
"1435936","游戏编程入门","","莫里森","","人民邮电出版社","2005-9","49.00元","8.4"
"1927405","游戏脚本高级编程","","瓦兰尼斯 (Alex Varanese)","陈洪","清华大学出版社","2006-10","98.0","7.8"
"26640242","有趣的二进制","软件安全与逆向分析","［ 日］ 爱甲健二","周自恒","人民邮电出版社","2015-10","39.00元","7.8"
"26287363","The iOS Apprentice","Third Edition: Beginning iOS Development with Swift","Matthijs Hollemans","","Razeware LLC","2014-12-15","USD 54.00","9.4"
"4821286","重构","Ruby版","Jay Fields、Shane Harvie、Martin Fowler","徐旭铭","机械工业出版社","2010","49.00元","8.2"
"3892590","面向对象分析与设计","（第3版）","'Jay Fields、Shane Harvie、Martin Fowler'","'徐旭铭'","'机械工业出版社'","'2010'","'49.00元'","8.6"
"25767596","了不起的Node.js","将JavaScript进行到底","劳奇 (Guillermo Rauch)","赵静","电子工业出版社","2014-1","79.00元","7.4"
"1723351","软件工程的事实与谬误","","[美] Robert L. Glass","严亚军、龚波","中国电力出版社","2006-1","23.00元","9.0"
"1231596","COM技术内幕-微软组件对象模型","","(美)Dale Rogerson","杨秀章、江英","清华大学出版社","1999-1","50.00元","8.3"
"1231584","Linux内核源代码情景分析（上册）","","毛德操、胡希明","","浙江大学出版社","2001-9","80.00元","8.7"
"26148626","Scratch少儿趣味编程","","［ 日］ 阿部和广","陶　旭","人民邮电出版社","2014-11","59.00元","7.6"
"1842622","SQL入门经典","","[美]Paul Wilton、[美]John Colby","敖富江","清华大学出版社","2006-1","48.00元","8.1"
"1437108","图形程序开发人员指南","Michael Abrash's Graphics Programming Balck Book
Special Edition","Michael Abrash","前导工作室","机械工业出版社","1998","128","9.5"
"1230036","测试驱动开发","","Kent Beck","孙平平、张小龙","中国电力出版社","2004-4-1","28.00元","8.2"
"2237446","Object-Oriented Programming With ANSI-C","","'Kent Beck'","'孙平平、张小龙'","'中国电力出版社'","'2004-4-1'","'28.00元'","8.4"
"2030264","C++大学教程","","[美]H.M.Deitel，","张引","电子工业出版社","2007-2","98.00元","8.1"
"1836464","MATLAB数值计算","","莫勒","喻文健","机械工业出版社","2006-6","35.00元","8.5"
"2303830","Java Generics and Collections","","Naftalin、Philip Wadler","","O'Reilly Media","2006-10-24","USD 34.99","8.3"
"5353163","Android开发入门教程","","李雪飞、吴明晖","Mark Murphy","人民邮电出版社","2010-12","59.00元","7.0"
"19977785","MongoDB实战","","[美] Kyle Banker","丁雪丰","人民邮电出版社","2012-10","59.00元","8.3"
"6052205","MATLAB在数学建模中的应用","","卓金武 编","","北京航空航天大学","2011-4","34.80元","8.1"
"1400498","C语言名题精选百则技巧篇","","冼镜光","","机械工业出版社","2005-7","44.00元","9.0"
"7059903","编写高质量代码","改善Java程序的151个建议","秦小波","","机械工业出版社华章公司","2011-12-28","59.00元","6.9"
"4260618","设计模式之禅","","秦小波","","机械工业出版社","2010年3月","69.00元","7.6"
"1231984","凌波微步(软件开发警戒案例集)","","王咏刚、周虹","","清华大学出版社","2002-11-1","42.00","7.9"
"20452340","程序员面试逻辑题解析","","萨沙","朱学武、费若愚","人民邮电出版社","2013-1","35.00元","7.7"
"26807339","爱上Python","一日精通Python编程","[新加坡] Jamie Chan","王磊","人民邮电出版社","2016-6","39.00元","6.9"
"1436811","Linkers and Loaders","","John R. Levine","","Morgan Kaufmann","October 1999","USD 49.95","8.7"
"1247589","21天学通C语言","","Bradley L.Jones、Peter Aitken","信达工作室","人民邮电出版社","2003-3-1","52.00元","8.5"
"6038927","R Cookbook","","Paul Teetor","","O'Reilly Media","2011-3-22","USD 39.99","9.0"
"1244943","More Exceptional C++中文版","40个新的工程难题、编程疑问及解决方法","[美] Herb Sutter","於春景","华中科技大学出版社","2002-9","39.80元","8.6"
"2111771","DirectX 9.0 3D游戏开发编程基础","","Frank D.luna","段菲","清华大学","2007-4","46.00元","8.6"
"25966265","ECMAScript6入门","","阮一峰","","电子工业出版社","2014-8-1","CNY 49.00","8.1"
"5263681","程序员应该知道的97件事","","Kevlin Henney","李军 译、吕骏 审校","电子工业出版社","2010-9","45.00元","7.3"
"1241423","泛型编程与STL","","Matthew H. Austern","侯捷","中国电力出版社","2003-1","72.00元","8.3"
"24703731","LaTeX入门","","刘海洋","","电子工业出版社","2013-6-1","CNY 79.00","8.7"
"26435858","Spring Boot in Action","","Craig Walls","","Manning Publications","2016-1-3","USD 44.99","7.6"
"6515839","疯狂Android讲义","","李刚","","电子工业出版社","2011-6","89.00元","7.5"
"3012828","JAVASCRIPT语言精髓与编程实践","","周爱民","","电子工业出版社","2008-3","68.00元","8.5"
"26576631","数据科学中的R语言","","李舰、肖凯","","西安交通大学出版社","2015-7-3","79.00元","9.2"
"1470842","Exceptional C++ Style中文版","40个新的工程难题、编程问题及解决方案的新描述","Herb Sutter","刘未鹏","人民邮电出版社","2006-1","39.00元","8.4"
"1264692","Java大学简明教程","实例程序设计","戴特尔","张琛恩","电子工业出版社","2005-2","72.00元","8.4"
"3519369","Java TCP/IP Socket编程","","Kenneth L. Calvert、Michael J. Donahoo","周恒民","机械工业出版社","2009-1","29.00元","8.1"
"10426640","深入剖析Tomcat","","Budi Kurniawan、Paul Deck","曹旭东","机械工业出版社华章公司","2011-12-31","59.00元","8.3"
"24697944","Web开发秘方","","Brian P. Hogan、Chris Warren、Mike Weber、Chris Johnson、Aaron Godin","七印部落","华中科技大学出版社","2013-7-10","66.00元","8.2"
"3229243","Linux内核完全剖析","基于0.12内核","赵炯","","机械工业出版社","2008.10","99.00元","8.9"
"1184779","数值方法和MATLAB实现与应用","","拉克唐瓦尔德","","机械工业出版社","2004-9","59.00元","8.8"
"20445258","简约之美","软件设计之道","[美] Max Kanat-Alexander","余晟","人民邮电出版社","2013-1","25.00元","7.0"
"1456904","Lisp in Small Pieces","","Christian Queinnec","Callaway, Kathleen","Cambridge University Press","2003-12-04","USD 80.00","8.2"
"1958938","PHP与MySQL 5程序设计","","W.Jason Gilmore","朱涛江","人民邮电出版社","2007年01月","79.00元","7.7"
"24319975","JavaScript异步编程","设计快速响应的网络应用","Trevor Burnham","许青松","人民邮电出版社","2013-6","32.00元","7.8"
"3923731","程序员实用算法","","Andrew Binstock、John Rex","陈宗斌","机械工业出版社","2009-9","65.00元","7.3"
"1859393","xUnit Test Patterns","Refactoring Test Code","Gerard Meszaros","","Addison-Wesley","2007-05-31","USD 59.99","8.8"
"7154446","Struts2技术内幕","深入解析Struts2架构设计与实现原理","陆舟","","机械工业出版社","2012-1","69.00元","8.7"
"1444656","C++程序设计教程","（第二版）","钱能","","清华大学出版社","2005-9","39.50元","7.4"
"26743627","跟老齐学Python","从入门到精通","齐伟 编著","","电子工业出版社","2016-2","69.00元","7.4"
"1231702","Win32多线程程序设计","线程完全手册","[美] Jim Beveridge、Robert Wiener","侯捷","华中科技大学出版社","2002-1","59.80元","8.3"
"21372235","JavaScript面向对象编程指南","编写可扩展、可重用、高质量的JavaScript应用程序","斯托扬","凌杰","人民邮电出版社","2013-3","59.00元","8.2"
"1835449","VC++深入详解","","孙鑫","","电子工业出版社","2006-6","89.00元","8.1"
"4935260","深入浅出WPF","CSDN最火爆专家博主”水之真谛”心血结晶","刘铁猛","","中国水利水电出版社","2010-7","45.00元","8.2"
"4037097","我和LabVIEW","一个NI工程师的十年编程经验","阮奇桢","","北京航空航天大学出版社","2009-9","45.00元","9.1"
"10733306","WCF全面解析（上下册）","","蒋金楠","","电子工业出版社","2012-4","168.00元","8.7"
"1837608","Java面向对象编程","","孙卫琴","","电子工业出版社","2006-7","65.80元","7.8"
"26578004","Two Scoops of Django","Best Practices for Django 1.8","Daniel Roy Greenfeld、Audrey Roy Greenfeld","","Two Scoops Press","2015-5-15","USD 44.95","8.1"
"3022779","ppk谈JavaScript","","Peter-Paul Koch","淘宝UED","人民邮电出版社","2008-4","59.00元","8.6"
"1391000","程序设计抽象思想","C语言描述","Eric S.Roberts、闪四清","闪四清","清华大学出版社","2005-6","78.00元","8.9"
"26762595","JavaEE开发的颠覆者","Spring Boot实战","汪云飞","","电子工业出版社","2016-3","89.00元","6.4"
"26883736","前端函数式攻城指南","","欧阳继超","","电子工业出版社","2016-10-1","59","7.0"
"26265544","图解密码技术","","[日] 结城浩","周自恒","人民邮电出版社","2014-12","79.00元","9.2"
"1503810","C++高级编程","","索尔特","刘鑫、杨健康","机械工业出版社","2006-1","88.00元","8.8"
"26581184","Docker源码分析","","孙宏亮","","机械工业出版社","2015-8-1","59.00","6.7"
"4816562","MATLAB神经网络30个案例分析","","MATLAB中文论坛","","北京航空航天大学","2010-4","39.00元","7.8"
"3794471","锋利的jQuery","","单东林、张晓菲、魏然","","人民邮电出版社","2009-6","39.00元","8.1"
"3288728","设计模式","基于C#的工程化实现及扩展","王翔","","电子工业出版社","2009-1-1","98.00元","8.7"
"3624015","多核计算与程序设计","","周伟明","","华中科技大学","2009-3","88.00元","7.8"
"2057924","计算机程序设计艺术：第4卷 第4册（双语版）","生成所有树组合生成的历史","Donald E.Knuth","苏运霖","机械工业出版社","2007-4","42.00元","9.7"
"2226913","C语言核心技术","","Peter Prinz、Tony Crawford","O'Reilly TaiWan","机械工业出版社","2007年","69.00元","8.5"
"5263109","Ruby on Rails 3 Tutorial","Learn Rails by Example","Michael Hartl","","Addison-Wesley Professional","2010-12-16","USD 39.99","9.3"
"26586598","性能之巅","洞悉系统、企业与云计算","Brendan Gregg","徐章宁、吴寒思、陈磊","电子工业出版社","2015-8-15","128","8.8"
"25880845","程序员的修炼","从优秀到卓越","Jeff Atwood","陆其明、杨溢","人民邮电出版社","2014-4","45.00元","7.5"
"3879470","挑战编程","","斯基纳","","刘汝佳","2009-7","39.00元","7.6"
"1231891","计算机程序设计艺术（第2卷）","半数值算法","Donald E. Knuth","苏运霖","国防工业出版社","2002-8","98.00元","9.5"
"6058986","TCP/IP高效编程","改善网络程序的44个技巧","Jon C.Snader","陈涓、赵振平","人民邮电出版社","2011-4","55.00元","7.9"
"2249511","Flash ActionScript 3殿堂之路","","孙颖","","电子工业出版社","2007-09","53.80元","8.1"
"20488750","Functional Programming in Scala","","Paul Chiusano、Rúnar Bjarnason","","Softbound print","2014-9-14","USD 44.99","8.9"
"1793123","C#入门经典","","[美] Karli Watson、Christian Nagel","齐立波","清华大学出版社","2006-5","98.00元","8.0"
"2354769","高质量程序设计艺术","","斯皮内利斯","韩东海","人民邮电出版社","2008-1","55.00元","8.1"
"1080511","80X86汇编语言程序设计教程","","杨季文","","清华大学出版社","1998-6-1","39.00元","8.0"
"24733747","像程序员一样思考","","V. Anton Spraul","徐波","人民邮电出版社","2013-6","49.00元","7.4"
"2035809","算法设计","","Jon Kleinberg、Éva Tardos","张立昂、屈婉玲","清华大学出版社","2007-3-1","75.00元","8.2"
"4909629","Scala程序设计","Java虚拟机多核编程实战","[美]Venkat Subramaniam","郑晔、李剑","人民邮电出版社","2010-8","39.00","7.7"
"1236825","POSIX多线程程序设计","","[美] David R.Buten","","中国电力出版社","2003-1","39.00元","7.6"
"1886174","数据结构","","霍罗威茨","","机械工业出版社","2006-7-1","48.00元","8.0"
"1231902","PC游戏编程","人机博弈","王小春","","重庆大学出版社","2002-6-1","38.00元","8.5"
"25867920","Node.js 实战","","赵坤、寸志、雷宗民、吴中骅","","电子工业出版社","2014-5-1","59","6.5"
"4249385","Pro Python","","Marty Alchin","","Apress","2010-06-15","USD 49.99","8.5"
"1433583","Java Nio","","Ron Hitchens","","O'Reilly Media","2002-8-15","USD 39.99","7.3"
"26762311","编译系统透视","图解编译原理","新设计团队","","机械工业出版社","2016-3-25","169.00元","6.9"
"3082278","JavaScript DOM高级程序设计","","Jeffrey Sambells、Aaron Gustafson","李松峰、李雅雯","人民邮电出版社","2008-7","59.00元","8.8"
"2036942","Why Programs Fail","系统化调试指南","泽勒","王咏武、王咏刚","电子工业出版社","2007-3","59.00元","8.0"
"26244729","Go并发编程实战","Go并发编程实战","郝林","","人民邮电出版社","2015-1","89元","6.6"
"6526452","Git权威指南","","蒋鑫","","机械工业出版社华章公司","2011-6-27","89.00元","8.1"
"24298701","理解Unix进程","","Jesse Storimer","门佳","人民邮电出版社","2013-6","29.00元","7.5"
"3912140","Autotools","A Practioner's Guide to GNU Autoconf, Automake, and Libtool","John Calcote","","No Starch Press","2010-7-20","USD 44.95","8.6"
"3687859","Matlab for Neuroscientists","An Introduction to Scientific Computing in Matlab","Pascal Wallisch、Michael Lusignan、Marc Benayoun、Tanya I. Baker、Adam Seth Dickey、Nicho Hatsopoulos","","Academic Press","2008-11-12","$79.95","9.0"
"11542973","深入理解Android","卷II","邓凡平","","机械工业出版社","2012-8","79.00元","8.1"
"19969386","Java程序性能优化","让你的Java程序更快、更稳定","葛一鸣","","清华大学出版社","2012-9-1","59.00元","7.9"
"1756393","Intermediate Perl","","Randal L. Schwartz、Tom Phoenix、brian d foy","","O'Reilly Media","2006-3-15","USD 39.99","8.6"
"4719159","Windows内核原理与实现","","潘爱民","","电子工业出版社","2010年4月","99.00元","8.6"
"25958845","Ruby基础教程","","高桥征义、后藤裕藏","何文斯","人民邮电出版社","2014-9-1","CNY 79.00","7.8"
"26353219","Java虚拟机精讲","","高翔龙","","电子工业出版社","2015-5","69.00元","7.5"
"4823621","Python 3 Object Oriented Programming","","Dusty Phillips","","Packt","2010","£21.99","8.1"
"7046813","精通MATLAB R2011a","","张志涌 等","","北京航空航天大学出版社","2011-12","88.00元","8.3"
"25765743","ZooKeeper","Distributed process coordination","Flavio Junqueira、Benjamin Reed","","O'Reilly Media","2013-11-29","USD 29.99","7.9"
"2112672","精通脚本黑客","","曾云好","","齐鲁电子","2009-6","30","8.0"
"3861113","Head First Ajax（中文版）","","莱尔(Rebecca M.Riordan)、等","","中国电力出版社","2010-7-1","78.00元","8.5"
"26302645","深入理解Scala","","[美] Joshua D. Suereth 苏瑞茨 著","杨云","人民邮电出版社","2014-12","59元","6.9"
"1671885","算法基础","","布拉萨德","","清华大学出版社","2005-7","49.0","8.1"
"1365710","Creative Code","Aesthetics + Computation","John Maeda","","Thames & Hudson","30 October, 2004","$34.95","8.9"
"10851324","C# 5.0 in a Nutshell","The Definitive Reference","Joseph Albahari、Ben Albahari","","O'Reilly Media","2012-6-26","GBP 38.50","9.2"
"3765227","写给大家看的C++书","","Larry Ullman、Andreas Signer","杨涛等","人民邮电出版社","2009.7","49.00元","8.4"
"10558892","The Way To Go","A Thorough Introduction To The Go Programming Language","Ivo Balbaert","","iUniverse","2012-3-8","USD 34.95","8.1"
"1247361","计算机程序设计艺术(第3卷)-排序和查找(英文影印版)","排序和查找","（美）Donald E.Knuth","","清华大学出版社","2002-9","85.00元","9.1"
"7061934","SQLite权威指南","","Grant Allen、Mike Owens","杨谦、刘义宣、谢志强","电子工业出版社","2012-1-15","69.00元","7.5"
"1845284","GNU Make项目管理（第三版）","","(美)Robert Mecklenburg","O'Reilly Taiwan","东南大学出版社","2006-7","37.00","7.9"
"26302623","JavaScript面向对象编程指南（第2版）","","[加拿大] Stoyan Stefanov 斯托扬 著","陆禹淳、凌杰","人民邮电出版社","2014-12","69元","8.7"
"2071057","PHP程序设计","","勒道夫","陈浩、胡丹、徐景","电子工业出版社","2009-3","80.00元","7.7"
"2160753","Windows编程启示录","The Old New Thing: Practical Development Throughout the Evolution of Windows","Raymond Chen","聂雪军","机械工业出版社","2007","49.00元","8.0"
"1726085","The Scheme Programming Language","","R. Kent Dybvig","","The MIT Press","2003-9-26","USD 40.00","8.4"
"1241386","Exceptional C++中文版","","萨特 (Sutter Herb)","卓小涛","中国电力出版社","2003-3","35.00元","8.4"
"1231236","Linux内核完全注释","","赵炯","","机械工业出版社","2005-8","42.00元","8.5"
"4312737","jQuery","Novice to Ninja","Earle Castledine、Craig Sharkie","","SitePoint","2010-02-28","USD 39.95","8.7"
"5917267","GPU高性能编程CUDA实战","","Jason Sanders、Edward Kandrot","聂雪军","机械工业出版社","2011-3-1","39.00元","7.8"
"1141154","程序开发心理学","软件与系统思想家温伯格精粹译丛","（美）杰拉尔德·温伯格","邓俊辉","清华大学出版社","2004-1-1","39.00元","8.4"
"25805152","算法谜题","","Anany Levitin、Maria Levitin","","赵勇、徐章宁、高博","人民邮电出版社","2014-1-1","7.9"
"4090200","细说PHP","","高洛峰","","电子工业出版社","2009-10","79.00元","7.8"
"5924860","Python 3程序开发指南","","（美）萨默菲尔德","王弘博、孙传庆","人民邮电出版社","2011-2-1","69.00元","7.0"
"1088057","编译原理及实践","","Kenneth C.Louden","冯博琴","机械工业出版社","2000-3-1","39.00元","7.6"
"1231794","Windows图形编程","","Feng Yuan、英宇工作室","英宇工作室","机械工业出版社","2002-4-1","88.00元","9.4"
"5360961","C#高效编程","改进C#代码的50个行之有效的办法(第2版)","（美）瓦格纳　著","陈黎夫","人民邮电出版社","2010-12-3","49.00元","8.6"
"6028267","JavaScript入门经典","","威尔顿(Paul Wilton)、麦克匹克(Jeremy McPeak)","张敏、高宇辉、王东亚","清华大学出版社","2011-2","88.00元","7.8"
"4282585","Getting Started with Processing","A Hands-on Introduction to Making Interactive Graphics","Casey Reas、Ben Fry","","Maker Media, Inc","2010-7-5","USD 19.99","8.1"
"25723064","大型网站技术架构","核心原理与案例分析","李智慧","","电子工业出版社","2013-9-1","59.00元","7.8"
"25909247","RESTful Web APIs中文版","","[美] Leonard Richardson、Mike Amundsen","李哲、赵震一","电子工业出版社","2014-6","79.00元","7.1"
"3008512","Advanced Linux Programming","","CodeSourcery LLC、Mark L. Mitchell、Alex Samuel、Jeffrey Oldham","","New Riders","2001","USD 45.00","8.3"
"1218873","黑客反汇编揭秘","","Kris Kaspersky、谭明金","谭明金","电子工业出版社","2004-10-1","59.00","7.8"
"1829262",".NET设计规范","NET约定、惯用法与模式","克瓦林纳","葛子昴","人民邮电出版社","2006-7","49.00元","8.5"
"3119946","程序设计语言原理","","（美）賽巴斯塔（Sebesta，R.W.）","张勤,王方矩","机械工业出版社","2008-6-1","75.00元","8.3"
"1240321","Linux内核源代码情景分析（下册）","","毛德操、胡希明","","浙江大学出版社","2001-9","70.00元","8.4"
"2024655","数据结构","","严蔚敏、吴伟民","","清华大学出版社","2007-3-1","30.0","7.1"
"1485468","C++ Design Patterns and Derivatives Pricing","","Mark S. Joshi","","Cambridge University Press","2004-9-6","USD 71.99","8.7"
"2075755","C语言解惑","","Alan R.Feuer","杨涛、王建桥","人民邮电出版社","2007","25.00元","7.3"
"3644726","Ruby Programming","向Ruby之父学程序设计","高桥征义、后藤裕藏","博硕文化","电子工业出版社","2009-4","42.00元","7.4"
"3756977","Programming Scala","Scalability = Functional Programming + Objects","Dean Wampler、Alex Payne","","O'Reilly Media","2009-09-15","USD 44.99","7.9"
"6524185","MySQL技术内幕（第4版）","","[美] Paul DuBois","杨晓云、王建桥、杨涛","人民邮电出版社","2011-7","139.00元","7.5"
"6887111","An Introduction to Functional Programming Through Lambda Calculus","","Greg Michaelson、Mathematics","","Dover Publications","2011-8-18","USD 24.95","7.8"
"26821262","React Native开发指南","","[美]艾森曼","黄为伟","人民邮电出版社","2016-6-1","CNY 59.00","7.1"
"3880304","并行程序设计原理","","[美] Calvin Lin、[美] Lawrence Snyder","陆鑫达、林新华","机械工业出版社","2009-7","45.00元","8.2"
"4127895","Google Android开发入门指南","","王世江","","人民邮电出版社","2009-11","45.00元","7.7"
"26635862","Modern PHP（中文版）","","Josh Lockhart","安道","中国电力出版社","2015-9","39","8.7"
"4031959","软件开发沉思录","ThoughtWorks文集","ThoughtWorks","ThoughtWorks中国公司","人民邮电出版社","2009-9","39.00元","7.6"
"6545083","智能Web算法","","Haralambos Marmanis、Dmitry Babenko","阿稳、陈钢","电子工业出版社","2011-11","65.00元","7.5"
"1231821","LINUX与UNIX Shell编程指南","","[美] （D.坦思","","机械工业出版社","2000-1","38.00元","8.0"
"5338398","自己动手写网络爬虫","","罗刚、王振东","","清华大学出版社","2010-10-1","43.00元","5.7"
"1824542","PHP和MySQL Web应用开发核心技术","","温施耐德","马朝晖","机械工业出版社","2006-9","78.00元","8.1"
"25920214","日志管理与分析权威指南","","Anton A. Chuvakin、Kevin J. Schmidt、Christopher Phillips","姚军、简于涵、刘晖","机械工业出版社","2014-6","69.00元","7.4"
"3767699","C++语言99个常见编程错误","避免编码和设计中的常见问题","Stephen C. Dewhurst","高博","清华大学出版社","2009","39.00元","8.0"
"5276434","Boost程序库完全开发指南","深入C++“准”标准库","罗剑锋","","电子工业出版社","2010-9","79.00元","7.4"
"25911182","软件故事","谁发明了那些经典的编程语言","[美] 史蒂夫·洛尔","张沛玄","人民邮电出版社","2014-7","49.00 元","7.5"
"1194565","编写安全的代码","","David LeBlanc、程永敬、Michael Howard、翁海燕、朱涛江","程永敬、翁海燕、朱涛江","机械工业出版社","2005-1-1","55.0","7.8"
"4872186","正则表达式经典实例","","[美]高瓦特斯 (Goyvaerts, Jan)、[美]利维森 (Levithan, Steven)","郭耀","人民邮电出版社","2010-6","69.00元","6.9"
"19963872","x86/x64体系探索及编程","","邓志","","电子工业出版社","2012-10-1","119.00元","7.6"
"6813329","R语言初学者指南","","阿兰.F.祖尔","周丙常、王亮","西安交通大学出版社","2011-8","36.00元","7.7"
"21325184","Problem Solving with Algorithms and Data Structures Using Python SECOND EDITION","","Bradley N. Miller、David L. Ranum","","Franklin, Beedle & Associates","2011-8-22","USD 45.00","8.9"
"3259433","代码之道","微软开发项目大揭密","Eric Brechner","陆其明","机械工业出版社","2009-1","36.00元","7.8"
"24153574","Android 4高级编程","Android权威专家撰写，经典作品最新升级版","(美)迈耶(Meier, R.) 著","佘建伟、赵凯","清华大学出版社","2013-4-1","98.00元","7.4"
"3176860","Secrets of the JavaScript Ninja","","John Resig、Bear Bibeault","","Manning Publications","2012-11-28","USD 39.99","9.3"
"10434779","Unity 3.x Game Development Essentials","","Will Goldstone","","Packt Publishing","2011-12-20","USD 49.99","8.5"
"26654431","Scala编程思想（原书第2版）","","Bruce Eckel、Dianne Marsh","陈昊鹏","机械工业出版社","2015-11-11","69.00","7.2"
"1035710","UNIX操作系统设计","","Maurice J.Bach","陈葆珏","机械工业出版社","2000-4","35.00元","9.0"
"26902158","Python高效开发实战","","刘长龙","","电子工业出版社","2016-10","89","7.0"
"4287404","Web编程入门经典","HTML、XHTML和CSS","达科特 (Jon Duckett)","杜静、敖富江","清华大学出版社","2010-1-1","79.80元","7.9"
"2250326","Intel汇编语言程序设计","Intel汇编语言程序设计","Kip Irvine","","电子工业出版社","2007-9-1","61.00元","9.0"
"6521022","OpenCV 2 Computer Vision Application Programming Cookbook","","Robert Laganière","","Packt Publishing","2011-5-23","USD 44.99","9.0"
"6110217","Qt高级编程","","'Robert Laganière'","''","'Packt Publishing'","'2011-5-23'","'USD 44.99'","7.6"
"1231195","游戏编程精粹 1","","德洛拉（Mark A.Deloura）","王淑礼","人民邮电出版社","2004-10","80.00元","8.6"
"1243809","Practical Java中文版","中文版","（美）Peter Haggar","侯捷、刘永丹","中国电力出版社","2003-1","46.00元","8.0"
"3666230","Think Python","An Introduction to Software Design: How To Think Like A Computer Scientist","Allen B. Downey","","CreateSpace","2009-02-27","USD 22.95","8.8"
"19965586","深入分析Java Web技术内幕","","许令波","","电子工业出版社","2012-9","69.00元","7.3"
"1882459","Java语言程序设计基础篇","原书第5版","梁","王镁","机械工业出版社","2006-8","58.00元","7.9"
"5343318","研磨设计模式","","陈臣、王斌","","清华大学出版社","2011-1","89.00元","8.3"
"4189498","Linux从入门到精通","","刘忆智、等","","清华大学出版社","2010-1-1","59.00元","7.9"
"1908274","Java程序设计语言","","[美] Ken Arnold, James Gosling, David Holmes","陈昊鹏、章程、张思博、李楠","人民邮电出版社","2006-11","69.00元","8.3"
"5432475","穿越计算机的迷雾","","李忠","","电子工业出版社","2011-1","36.00元","8.7"
"3666232","The Little Book of SEMAPHORES","The Ins and Outs of Concurrency Control and Common Mistakes","Allen B. Downey","","CreateSpace Independent Publishing Platform","2009-3-20","USD 34.95","7.8"
"24708820","Programming Elixir","Functional |> Concurrent |> Pragmatic |> Fun","Dave Thomas","","The Pragmatic Bookshelf","2013-10-15","USD 24.00","8.1"
"25866350","Spring源码深度解析","","郝佳","","人民邮电出版社","2013-9","69.00元","6.6"
"3446112","jQuery实战","","Bear Bibeault、Yehuda Katz","陈宁","人民邮电出版社","2009.1","49.00元","8.1"
"1241039","Fortran95程序设计","","彭国伦","","中国电力出版社","2002-9","59.00元","8.7"
"25847620","HotSpot实战","","陈涛","","人民邮电出版社","2014-3","69","7.9"
"1797513","Programming Python","3rd edition","Mark Lutz","","O'Reilly Media","2006-8-30","USD 59.99","8.0"
"6529835","Java语言程序设计","进阶篇(原书第8版)","（美）  Y. Daniel Liang","李娜","机械工业出版社","2011-6","79.00元","8.4"
"26363669","Clojure for the Brave and True","Learn the Ultimate Language and Become a Better Programmer","Daniel Higginbotham","","No Starch Press","2015-10-25","USD 34.95","7.7"
"25758783","iOS 7 Programming Cookbook","","Vandad Nahavandipoor","","O'Reilly Media","2013-10-30","USD 54.99","8.7"
"2302201","Windows用户态程序高效排错","思路、技巧、案例和方法","熊力","","电子工业出版社","2007-12","35.00元","8.4"
"1138919","C程序设计语言","习题解答","Clovis L.Tondo、SCOTT E.GIMPEL","","机械工业出版社","2004-1-1","15.00元","8.5"
"1144007","Java数据结构和算法","","拉佛","计晓云","中国电力出版社","2004-02-01","55.00元","8.4"
"3033296","你必须知道的.NET","","王涛","","电子工业出版社","2008-4","69.80元","8.3"
"6805117","Node.js in Action","","Mike Cantelon、Marc Harter、TJ Holowaychuk、Nathan Rajlich","","Manning Publications","2013-11-25","USD 44.99","8.0"
"20374756","并行程序设计导论","并行程序设计导论","Peter Pacheco","邓倩妮","机械工业出版社华章公司","2012-12-1","49.00元","7.6"
"2044249","Python Programming","An Introduction to Computer Science","John M. Zelle","","Franklin Beedle & Assoc","2003-12","USD 40.00","8.0"
"3765462","PHP高级程序设计","模式、框架与测试","Kevin McArthur","汪泳　等","人民邮电出版社出版","2009.7","45.00元","7.5"
"3644725","写给大家看的面向对象编程书","第3版","Matt Weisfeld","张雷生、刘晓兵","人民邮电出版社","2009-4","45.00元","7.8"
"1503819","Linux内核设计与实现","","拉芙","陈莉君、唐华、张波","机械工业出版社","2006-1","38.00元","8.7"
"3764948","Google API大全","编程·开发·实例","高昂、段念、何峰、张凯峰、姚尚朗、苏哲、王翔、田淼、王俊煜、林胜、李明、刘宏伟","","电子工业出版社","2009-6","69.80元","7.3"
"2028747","HTTP Developer's Handbook","","Chris Shiflett","","Sams Publishing","2003-3-29","USD 39.99","9.0"
"23759678","深入剖析Nginx","","高群凯","","人民邮电出版社","2013-5-1","59.00元","7.2"
"26376363","Bootstrap实战","","[美] David Cochran、[美] Ian Whitley","李松峰","人民邮电出版社","2015-5","49.00元","7.3"
"4149534","C安全编码标准","","Robert C. Seacord","徐波","机械工业出版社","2010-1","69.00元","8.1"
"1454486","C++必知必会","","杜赫斯特","荣耀","人民邮电出版社","2006-1","29.00元","8.0"
"26386453","Swifter : 100 个 Swift 开发必备 Tip","","'杜赫斯特'","'荣耀'","'人民邮电出版社'","'2006-1'","'29.00元'","7.9"
"5908849","精通Android游戏开发","","[美] Vladimir Silva","王恒、苏金国 等","人民邮电出版社","2011-2","45.00元","7.0"
"3338834","Ruby设计模式","","Russ Olsen","谈熠  陈熙","机械工业出版社","2009-1","45.00元","8.1"
"1316040","ML程序设计教程","","保罗森","柯韦","机械工业出版社","2005-5","45.00元","8.5"
"4743790","The Joy of Clojure","Thinking the Clojure Way","Michael Fogus、Chris Houser","","Manning Publications","2011-4-4","USD 44.99","8.4"
"20256291","卓越程序员密码","卓越程序员密码","[美] Ka Wai Cheung","劳　佳","人民邮电出版社","2012-11-3","29.00元","7.5"
"10436050","Clean Code","Clean Code","罗伯特·马丁","","电子工业","2012-2","79.00元","7.7"
"26320992","Java 8编程入门官方教程","","Herbert Schildt","王楚燕、鱼静","清华大学出版社","2015-1","69.00","7.5"
"6859710","Hadoop实战","","Chuck Lam","韩冀中","人民邮电出版社","2011-10","59.00元","7.8"
"26579320","JavaScript 函数式编程","","[美] Michael Fogus","欧阳继超、王妮","人民邮电出版社","2015-8","49","7.2"
"2054931","Effective C# 中文版","改善C#程序的50种方法","Bill Wagner","李建忠","人民邮电出版社","2007-5","49.00元","8.3"
"25895196","思考软件，创新设计——A段架构师的思考技术","","高焕堂  【美】高燕平","","电子工业出版社","2014-6","59.00元","7.2"
"25837646","逆袭大学","传给IT学子的正能量","贺利坚","","人民邮电出版社","2014-3","49.00","7.4"
"3769383","寒江独钓","Windows内核安全编程","谭文、杨潇、邵坚磊 著","","电子工业出版社","2009-6","75.00元","8.3"
"25866305","打造高质量Android应用","Android开发必知的50个诀窍(china-pub首发)","Carlos Sessa","杨云君","机械工业出版社","2014-4","49.00","7.5"
"10607365","Data Structures and Algorithms in Python","","Michael T. Goodrich、Roberto Tamassia、Michael H. Goldwasser","","Wiley","2013-3-18","$ 176.00","8.1"
"24696924","一个程序员的奋斗史","","莫雨","","人民邮电出版社","2013-6","49.00元","6.9"
"5363255","Invent Your Own Computer Games with Python, 2nd Edition","","Albert Sweigart","","Albert\Sweigart","May 1, 2010","$ 28.26","8.7"
"5273949","OpenGL超级宝典","","Richard S. Wright、Benjamin Lipchak、Nicholas Haemel","张琪、付飞","人民邮电出版社","2010-9","118.00元","8.0"
"3154784","Windows驱动开发技术详解","","张帆等","","电子工业出版社","2008-1","65.00元","8.0"
"1173876","Servlet与JSP核心编程","","(美国)霍尔等著、赵学良译","霍尔","清华大学出版社","2004-06-01","59.0","8.1"
"4231293","软件调试实战","","Thorsten Grotker、Ulrich Holtmann、Holger Keding、Markus Wloka","赵俐","人民邮电出版社","2010-2","45.00元","7.3"
"1241361","学习bash","Learning the bash Shell, Second Edition","Cameron Newham、Bill Rosenblatt","徐炎、查石祥","机械工业出版社","2003-1-1","45.00","7.5"
"5338025","iPhone开发秘籍 （第2版）","","[美] Erica Sadun","张彩霞、高颖、易磊 等","人民邮电出版社","2010-11","99.00元","7.7"
"1426838","Joel说软件","Joel on Software","Joel Spolsky","谭明金、王平","电子工业出版社","2005-9","39.00元","7.9"
"25893830","失业的程序员","","'Joel Spolsky'","'谭明金、王平'","'电子工业出版社'","'2005-9'","'39.00元'","8.1"
"3990545","Intel® 64 and IA-32 Architectures Software Developer's Manual","Volume 1-3","''Joel Spolsky''","''谭明金、王平''","''电子工业出版社''","''2005-9''","''39.00元''","9.6"
"1244021","Java并发编程","设计原则与模式","(美)Doug Lea","赵涌、齐科科、关承豫","中国电力出版社","2004-2-1","35.00元","8.4"
"2667214","An Introduction to Programming with Mathematica®","","Paul R. Wellin、Richard J. Gaylord、Samuel N. Kamin","","Cambridge University Press","2005-1-31","USD 96.00","8.5"
"26419368","深入应用C++11","代码优化与工程级应用","祁宇","","机械工业出版社","2015-5","79","6.6"
"1128016","MFC Windows程序设计","","[美] Jeff Prosise","北京博彦科技发展有限责任公司","清华大学出版社","2001-9","128.00元","8.0"
"2029866","Linux命令、编辑器与Shell编程","","Mark G. Sobell","杨明军、王凤芹","清华大学出版社","2007年02","98.00元","8.0"
"25773122","Python编程入门（第3版）","","[加] Toby Donaldson","袁国忠","人民邮电出版社","2013-11","39.00","7.4"
"4893005","Programming Python","4th edition","Mark Lutz","","O'Reilly Media","2011-1-10","$64.99","7.9"
"4189495","Java Web整合开发王者归来","","刘京华","","清华大学","2010-1","99.80元","7.5"
"3770255","Google Android开发入门与实战","","姚尚朗、靳岩","","人民邮电出版社","2009 年6月","55.00元","6.4"
"1321769","3D游戏编程大师技巧","","[美] 拉莫泽","李祥瑞、陈武","人民邮电出版社","2005-6","118.00元","9.0"
"2378124","C++Templates中文版","","David Vandevoorde、Nicolai M.Josuttis","陈伟柱","人民邮电出版社","2008-2","69.00元","8.4"
"6903022","Oracle SQL高级编程","","[美] Karen Morton、Kerry Osborne、Robyn Sands、Riyaj Shamsudeen、Jared Still","朱浩波","人民邮电出版社","2011-11","89.00元","8.4"
"26602146","程序员之禅","","[德] Christian Grobmeier","荣耀、朱艳","人民邮电出版社","2015-8","39.00元","7.6"
"4924419","C语言深度解剖","","'[德] Christian Grobmeier'","'荣耀、朱艳'","'人民邮电出版社'","'2015-8'","'39.00元'","7.6"
"25704613","Unity3D手机游戏开发","","金玺曾","","清华大学出版社","2013-8","59","7.2"
"11602008","编码整洁之道","专业程序员的行为准则","罗伯特·C.马丁","","电子工业出版社","2012-8","59.00元","8.0"
"10801399","The Architecture of Open Source Applications, Volume II","Structure, Scale, and a Few More Fearless Hacks","Amy Brown、Greg Wilson","","lulu.com","2008-5-7","$69.95","8.4"
"6392055","iOS软件开发揭密","iPhone & iPad企业应用和游戏开发","虞斌","","电子工业出版社","2011-5-1","79.00元","6.6"
"20556210","Android软件安全与逆向分析","","丰生强","","人民邮电出版社","2013-2","69.00元","8.4"
"5416095","短码之美","","Ozy (著), やねうらお (監修)","","人民邮电出版社","2011-1-8","59.00元","6.7"
"25711796","XSS跨站脚本攻击剖析与防御","","邱永华","","人民邮电出版社","2013-9-1","49.00元","7.2"
"1834459","深入理解LINUX网络内幕","Understanding Linux Network Internals","Christian Benvenuti","","东南大学出版社","2006-5","98.00元","9.1"
"6977329","HTML5和CSS3实例教程","","Brian P.Hogan","李杰、刘晓娜、柳靖、朱嵬","人民邮电出版社","2012-1","39.00元","7.3"
"5951422","Learning Android","","Marko Gargenta","","O'Reilly Media","2011-3-28","USD 34.99","8.0"
"1116431","计算机算法","","Baase","","高等教育出版社","2001-7-1","39.5","9.1"
"4175538","Flash ActionScript 3.0 动画高级教程","","Keith Peters","苏金国、荆涛","人民邮电出版社","2010-1","65.00元","9.1"
"25911738","Android编程实战","","赫尔曼 (Erik Hellman)","丁志虎、武海峰","人民邮电出版社","2014-6-1","CNY 69.00","7.6"
"24380600","Android的设计与实现","卷I","杨云君","","机械工业出版社","2013-5-1","79.00元","7.6"
"1314538","UNIX系统编程","","罗宾斯","陈涓","机械工业出版社","2005-5","78.00元","8.4"
"1231822","莱昂氏UNIX源代码分析","","(澳)John Lions","尤晋元","机械工业出版社","2000-7-1","49.00","8.8"
"25752512","用AngularJS开发下一代Web应用","","[美] Brad Green、Sbyam Seshadri","大漠穷秋","电子工业出版社","2013-10","55.00元","7.2"
"22190840","iOS 6编程实战","","内皮尔 (Rob Napier)、库马尔 (Mugunth Kumar)","陈晓亮、武海峰、邓　强、周庆成","人民邮电出版社","2013-4-1","99.00元","8.3"
"1236944","sed与awk","","（美）多尔蒂、（美）罗宾斯","张旭东、杨作梅、田丽华","机械工业出版社","2003-8","55.00元","8.2"
"3740086","Django Web开发指南","Python Web Development with Django","Jeff Forcier、Paul Bissex","徐旭铭","机械工业出版社","2009-5","49.00元","6.6"
"5380976","GAE编程指南","","Dan Sanderson","唐学韬、何继业","机械工业出版社华章公司","2010-12-1","65.00元","8.1"
"26354292","实战Java虚拟机","JVM故障诊断与性能优化","葛一鸣","","电子工业出版社","2015-3","79.00元","7.5"
"2348812","程序员面试攻略","","蒙干","王海鹏","机械工业出版社","2007-12","29.00元","7.7"
"2046281","大道至简","软件工程实践者的思想","周爱民","","电子工业出版社","2007-3","25.00","7.4"
"3181249","Java从入门到精通","","李钟尉、马文强、陈丹丹","","清华大学出版社","2008-9","59.80元","6.1"
"10793814","黑客攻防技术宝典（第2版）","Web实战篇（第2版）","[英] Dafydd Stuttard、[英] Marcus Pinto","石华耀、傅志红","人民邮电出版社","2012-6-26","99.00元","8.7"
"26340992","贝叶斯思维","统计建模的Python学习法","[美]Allen B. Downey（艾伦·唐尼）","许杨毅","人民邮电出版社","2015-3","49.00","7.7"
"1165791","C++网络编程（卷1）","运用ACE和模式消除复杂性","[美]Douglas C.Schmidt，Stephen D.Huston  著，於春景  译","","华中科技","2004-6-1","35.00元","7.5"
"1231696","实用算法的分析与程序设计","","吴文虎 王建德","","电子工业出版社","1998-1","28.00元","8.1"
"26591326","Java并发编程的艺术","","方腾飞、魏鹏、程晓明","","机械工业出版社","2015-7-1","59.00元","6.8"
"3793761","Ruby Best Practices","","Gregory Brown","","O'Reilly Media, Inc.","June 25, 2009","$34.99","8.2"
"5989872","构建高性能可扩展ASP.NET网站","","Richard Kiessig","余昭辉","人民邮电出版社","2011-3","65.00元","8.6"
"1192062","ACE程序员指南","网络与系统编程的实用设计模式","[美] Stephen D. Huston、James CE Johnson、Umar Syyid","马维达","中国电力出版社","2004-11","48.00元","7.8"
"26372385","iOS开发指南 从零基础到App Store上架（第3版）","","关东升","","人民邮电出版社","2015-4-1","CNY 99.00","6.7"
"25837796","汇编语言","基于Linux环境（第3版）","Jeff Duntemann","梁晓晖","清华大学出版社","2014-2","99元","7.4"
"1144542","程序设计语言的形式语义","","Glynn Winskel","宋国新 等","中信出版社 机械工业出版社","2004-1","32.00元","8.1"
"25844633","实现领域驱动设计","","Vaughn Vernon","滕云","电子工业出版社","2014-3","99.00元","8.8"
"4910588","C语言从入门到精通","","'Vaughn Vernon'","'滕云'","'电子工业出版社'","'2014-3'","'99.00元'","7.1"
"25868289","恶意代码分析实战","恶意代码分析实战","Michael Sikorski、Andrew Honig","诸葛建伟、姜辉 张光凯","电子工业出版社","2014-4","128","8.0"
"4865667","MATLAB高效编程技巧与应用","","吴鹏","","北京航空航天大学","2010-6","39.00元","7.6"
"1929984","数据库系统概念","第五版","Abraham Silberschatz、Henry F. Korth、S. Sudarshan","杨冬青、马秀莉、唐世渭","机械工业","2006-10-01","69.50元","8.4"
"6787104","Excel VBA程序开发自学宝典","","罗刚君","","电子工业出版社","2011-8-1","79.00元","7.7"
"25837367","JavaScript启示录","","Cody Lindley","徐涛","人民邮电出版社","2014-3-1","35.00元","7.2"
"1139244","编程高手箴言","","梁肇新","","电子工业出版社","2003-11-1","50.00元","6.8"
"26308738","C++ Primer习题集（第5版）","","【美】Stanley B. Lippman( 斯坦利 李普曼)、【美】Barbara E. Moo (芭芭拉 默) 著、【美】Josee Lajoie(约瑟 拉乔伊 )","王刚、杨巨峰、李忠伟","电子工业出版社","2015-3-1","CNY 89.00","7.8"
"24165880","JavaScript核心概念及实践","","邱俊涛","","人民邮电出版社","2013-5-1","49.00元","7.8"
"25897187","Elixir in Action","","Saša Juri&cacute;","","Manning Publications","2015-5-1","USD 44.99","7.8"
"21459993","Clojure程序设计","","哈罗威 (Stuart Halloway)、拜卓 (Aaron Bedra)","温瑞云","人民邮电出版社","2013-4-1","49.00元","7.7"
"20876182","Scala Cookbook","Recipes for Object-Oriented and Functional Programming","Alvin Alexander","","O'Reilly Media","2013-8-23","USD 54.99","8.7"
"10483528","测试驱动的JavaScript开发","","Christian Johansen","赵勇、程德、凌杰、高博","机械工业出版社","2012-2-9","69.00元","8.1"
"6989995","嵌入式系统开发之道","菜鸟成长日志与项目经理的私房菜","'Christian Johansen'","'赵勇、程德、凌杰、高博'","'机械工业出版社'","'2012-2-9'","'69.00元'","8.7"
"10518867","Making Games with Python & Pygame","","Al Sweigart","","CreateSpace Independent Publishing Platform","2012-1-12","USD 25.01","8.0"
"4214617","Windows并发编程指南","","杜飞","聂雪军","机械工业出版社","2010-1","89.00元","8.2"
"1244042","C++编程惯用法","","Robert B. Murray","王昕","中国电力出版社","2004-2","26.00元","8.0"
"20773481","真实世界的Python仪器监控","数据采集与控制系统自动化","约翰·休斯","OBP Group","电子工业出版社","2013-1","89.00元","7.4"
"3870385","苹果开发之Cocoa编程","","Aaron Hillegas","钱友才 陈勇 王健","电子工业出版社","2009年7月","65.00元","8.3"
"20368754","Android 4游戏编程入门经典","","(美) 策希纳(Zechner, M.)、无(美) 格林(Green, R.) 著","","清华大学出版社","2012-11","69.00元","7.8"
"4149124","jQuery Cookbook","Solutions & Examples for jQuery Developers","Lindley  Cody","","O'Reilly Media","2009-11-26","USD 34.99","8.6"
"4136222","C和C++安全编码","","西科德","","机械工业出版社","2010-1","45.00元","7.7"
"20492528","x86汇编语言","从实模式到保护模式","李忠、王晓波、余洁","","电子工业出版社","2013-1","56.00元","9.1"
"1231823","GNU/Linux编程指南(第二版)","入门·应用·精通","Kurt Wall,et al.","张辉","清华大学出版社","2002-6-1","68.00元","7.4"
"6052175","Eloquent Ruby","","Russ Olsen","","Addison-Wesley","2011-2","USD 39.99","9.2"
"26201913","Swift语言实战入门","Swift从入门到精通","伍星、罗飞、刘志华、王浩力、刘蕾","","人民邮电出版社","2014-10-23","79","6.7"
"1438754","Java网络编程(中文版 第三版)(O＇Reilly Java系列)","Java Network Programming","（美）Elliotte Rusty Harold","朱涛江,林剑","中国电力出版社","2005-11-22","85.00元","7.6"
"25853677","大话重构","","范钢","","人民邮电出版社","2014-4","45.00元","7.7"
"3117645","LabVIEW大学实用教程","LabVIEW for Everyone
Graphical Programming Made Easy and Fun","Jeffrey Travis、Jim Kring","乔瑞萍","电子工业出版社","2008-6","59.80元","8.7"
"4111350","Android基础教程","你的第一本Android书","[美] Ed Burnette","高朝勤、杨越","人民邮电出版社","2009-11","39.00元","7.2"
"4086029","架构之美","Beautiful Archiecture","Till Adam","王海鹏、蔡黄辉、徐锋","机械工业出版社","2009","75","7.1"
"2193777","Joel谈优秀软件开发方法","","Joel Spolsky","王慧","清华大学","2007-7","39.00元","7.6"
"25716519","NumPy攻略","Python科学计算与数据分析","[印尼] Ivan Idris","张崇明","人民邮电出版社","2013-10","49.00","6.0"
"26208707","驯服烂代码","在编程操练中悟道","伍斌","","机械工业出版社","2014-11","69.00","7.6"
"21324330","深入理解OSGi","Equinox原理、应用与最佳实践","周志明、谢小明","","机械工业出版社","2013-2-25","79.00元","7.3"
"3038677","英国游戏设计基础教程","","汤普森","张凯功","上海人美","2008-2","78.00元","8.0"
"3908324","Fortran 95/2003程序设计","","'汤普森'","'张凯功'","'上海人美'","'2008-2'","'78.00元'","8.0"
"26756137","C现代编程","集成开发环境、设计模式、极限编程、测试驱动开发、重构、持续集成","[日] 花井志生","杨文轩","人民邮电出版社","2016-4","59.00元","7.1"
"25892704","Node.js权威指南","","陆凌牛","","机械工业出版社","2014-4-1","89.00元","7.1"
"4265432","Programming Massively Parallel Processors","A Hands-on Approach","David B. Kirk、Wen-mei W. Hwu","","Morgan Kaufmann","2010","$62.95","9.2"
"1839273","应用Rails进行敏捷Web开发","","Dave Thomas, David Hansson等","林芷薰","电子工业出版社","2006-7","65.00元","8.6"
"1796409","GNU Autoconf, Automake, and Libtool","","Gary V. Vaughn、Ben Elliston、Tom Tromey、Ian Lance Taylor","","Sams Publishing","2000-10-16","USD 40.00","7.6"
"20395440","SQL权威指南（第4版）","","Joe Celko","朱 巍、钟 鸣、王 渊","人民邮电出版社","2013-1","99.00元","7.4"
"20285069","Pro Android C++ with the NDK","","Onur Cinar","","Apress","2012-12-5","USD 49.99","7.6"
"25756435","逐梦旅程：Windows游戏编程之从零开始","","毛星云","","清华大学出版社","2013-9-16","98.00元","7.4"
"1896792","程序员面试宝典","","欧立奇、刘洋、段韬","","电子工业出版社","2006-7","39.00元","6.7"
"2147362","计算机算法设计与分析","","王晓东","","电子工业出版社","2007-5","29.50元","6.6"
"4309489","Professional Android 2 Application Development","","Reto Meier","","Wrox","2010-3-1","USD 44.99","8.5"
"25854719","程序员的数学思维修炼（趣味解读）","","周颖","","清华大学出版社","2014-4-1","45.00元","5.4"
"25840617","JavaScript编程实战","","[美] Jon Raasch","吴海星","人民邮电出版社","2014-3","59.00","7.6"
"26854236","软件设计重构","","[印度] Girish Suryanarayana、[印度] Ganesh Samarthyam、[印度] Tushar Sharma","袁国忠","人民邮电出版社","2016-8","59.00元","7.4"
"26289061","Processing互动编程","","'[印度] Girish Suryanarayana、[印度] Ganesh Samarthyam、[印度] Tushar Sharma'","'袁国忠'","'人民邮电出版社'","'2016-8'","'59.00元'","7.5"
"26155050","Advanced R","","Hadley Wickham","Chapman and Hall","CRC","2014-9-25","USD 59.95","9.5"
"1214355","Python 编程金典","","P.J.Deitel、J.P.Liperi、B.A.Wiedermann、H.M.Deitel","","清华大学出版社","2003-6","88.00元","7.9"
"2981954","PHP 5权威编程","","(美)古曼兹等","简张桂","电子工业出版社","2007-12","90.00元","7.6"
"26378583","React","引领未来的用户界面开发框架","卓越开发者联盟","寸志、范洪春、杨森、陈涌","电子工业出版社","2015-5-1","CNY 65.00","6.5"
"26710388","写给大忙人看的Java核心技术","","【美】Cay S. Horstmann（凯.S.霍斯特曼） 著","","杨谦 等 译","电子工业出版社","108.00元","6.9"
"1230430","高级Perl编程","","[美] Sriram Srinivasan","Perlish","中国电力出版社","2001-1","69.00元","8.7"
"2005622","PYTHON技术手册","","马特利","","东南大学出版社","2006-11","78.00元","7.7"
"3729201","零基础学C语言","","'马特利'","''","'东南大学出版社'","'2006-11'","'78.00元'","7.7"
"26261153","Spark大数据处理：技术、应用与性能优化","","高彦杰","","机械工业出版社","2014-11","59.00","6.5"
"3007085","SQL解惑","","Joe Celko","米全喜","人民邮电","2008-4","49.00元","7.5"
"6530430","Head First Android Development","A Learner's Guide to Creating Applications for Android Devices","Jonathan Simon","","O'Reilly Media","2011-8-5","USD 44.99","8.1"
"4934648","Erlang编程指南","","Francesco Cesarini、Simon Thompson","慕尼黑Isar工作组","机械工业出版社","2011-3","79.00元","7.5"
"24833391","Java Persistence with MyBatis 3","","K. Siva Prasad Reddy","","PACKT PUBLISHING","2013-6-20","GBP 18.99","8.0"
"26284823","Docker 技术入门与实战","","杨保华、戴王剑、曹亚仑","","机械工业出版社","2015-1","59.00","5.9"
"10798975","程序语言的奥妙","算法解读","杉浦贤","李克秋","科学出版社","2012-7","32.00元","7.5"
"1748395","Text Processing in Python","","David Mertz","","Addison-Wesley Professional","2003-6-12","USD 54.99","7.4"
"1815459","Software Tools","","Brian W. Kernighan、P. J. Plauger","","Addison-Wesley Professional","1976-1-11","USD 37.95","7.9"
"3246500","天书夜读","从汇编语言到Windows内核编程","谭文、邵坚磊","","电子工业出版社","2008-10","45.00元","7.6"
"1240500","GNU Emacs Lisp 编程入门","","(美) Robert J.Chassell","","机械工业出版社","2001-5","38.00元","7.7"
"25867042","大型网站系统与Java中间件开发实践","","曾宪杰","","电子工业出版社","2014-4-24","65.00","8.1"
"1922702","Extending and Embedding PHP","","Sara Golemon","","Sams","2006-6-9","USD 54.99","8.9"
"4924166","Visual C# 2010从入门到精通","Step by Step","夏普(John Sharp)","周靖","清华大学出版社","2010年8月1日","78.00元","8.0"
"1507419","Getting Real","Ten Truth Skills You Need to Live an Authentic Life","Ph.D. Susan Campbell","HJ Kramer","New World Library","2001-05-10","USD 14.95","9.1"
"1445661","软件测试的艺术","","梅尔斯","","机械工业出版社","2006年01月","22.0","8.3"
"1086595","用TCP/IP进行网际互联","","Douglas E.Comer、David L.Stecens","赵刚、林瑶、蒋慧","电子工业出版社","2001-4-1","48.00元","8.1"
"26287445","Python编程初学者指","","[美]Michael Dawson","","王金兰","人民邮电出版社","2014-10-1","8.1"
"25976913","iOS编程实战","","[美] Rob Napier、[美] Mugunth Kumar","美团移动","人民邮电出版社","2014-9","79.00元","9.3"
"2352059","C++ GUI Programming with Qt 4 (2nd Edition) (Prentice Hall Open Source Software Development Series)","","Jasmin Blanchette、Mark Summerfield","","Prentice Hall","2008-02-14","USD 64.99","8.2"
"4838430","数据库系统实现","","加西亚-莫利纳(Hector Garcia-Molina)、Jeffrey D.Ullman、Jennifer Widom","杨冬青、吴愈青、包小源","机械工业出版社","2010-5","59.00元","8.8"
"26546893","精通Linux（第2版）","","[美] Brian Ward","姜南、袁志鹏","人民邮电出版社","2015-7","59.00元","8.7"
"25743022","C语言点滴","","赵岩","","人民邮电出版社","2013-10-1","45.00元","7.2"
"1088054","TCP/IP详解 卷1：协议","","W.Richard Stevens","范建华","机械工业出版社","2000-4-1","45.00元","9.2"
"23780706","Node.js入门经典","","[英] George Ornbo","傅强、陈宗斌","人民邮电出版社","2013-4-1","59.00元","6.7"
"1440851","Professional Java Development with the Spring Framework","","Rod Johnson、Jürgen Höller、Alef Arendsen、Thomas Risberg、Colin Sampaleanu","","Wrox","2005-7-8","USD 39.99","7.7"
"1241357","特别版MATHEMATICA全书","","[美] 斯蒂芬·沃尔夫雷","赫孝良、周义仓","西安交通大学出版社","2002-1","60.00元","8.8"
"26642320","Node.js实战（第2季）","","'[美] 斯蒂芬·沃尔夫雷'","'赫孝良、周义仓'","'西安交通大学出版社'","'2002-1'","'60.00元'","6.6"
"10734875","深入理解Java7","核心技术与最佳实践","成富","","机械工业出版社","2012-5","79.00元","6.9"
"25812006","Raspberry Pi Python编程入门","","Simon Monk","姜斐祚","科学出版社","2014-1-2","38.00","7.1"
"4189500","Linux网络编程","","宋敬彬、孙海滨","","清华大学出版社","2010-1","79.00元","6.8"
"1099376","解析极限编程","拥抱变化","[美] Kent Beck","唐东铭","人民邮电出版社","2002-6","29.00元","8.0"
"26277393","Objective-C编程全解（第3版）","","[日]荻原刚志","唐　璐、翟俊杰","人民邮电出版社","2014-12","79.00元","7.6"
"1217343","C程序设计教程","","迪特尔","薛万鹏","机械工业出版社","2000-7-1","33.00元","8.7"
"1220624","Verilog HDL高级数字设计","","Michael D.Ciletti、李锵、张雅绮","李锵、张雅绮","电子工业出版社","2005-1-1","65.0","8.5"
"25782529","程序员面试攻略(原书第3版)","","(美)John Mongan、Eric Giguere、Noah Kindler","李秉义","机械工业出版社","2014-1","59.00","7.4"
"4225166","PHP基础教程","第3版","厄尔曼","贾菡、刘彦博","人民邮电出版社","2010-1","49.00元","8.0"
"3845030","Java程序员，上班那点事儿","","钟声","","清华大学","2009-7","39.00元","6.8"
"25830085","Arduino程序设计基础","","陈吕洲","","北京航空航天大学出版社出版","2014-1","39","7.5"
"3411497","Advanced Bash Scripting Guide 5.3 Volume 2","","Mendel Cooper","","Lulu.com","2008-07-30","USD 30.00","9.2"
"25720141","A Tour of C++","","Bjarne Stroustrup","","Addison-Wesley","2013-10-18","GBP 13.92","9.3"
"7055331","你就是极客","软件开发人员生存指南","Michael Lopp","何逸勤、卞斌","人民邮电","2012-1","49.00元","6.7"
"25808326","Unity 4.X 从入门到精通","","'Michael Lopp'","'何逸勤、卞斌'","'人民邮电'","'2012-1'","'49.00元'","7.0"
"6047744","Android技术内幕","系统卷","杨丰盛","","机械工业出版社","2011-6","69.00元","6.9"
"6962113","Python for Kids","A Playful Introduction to Programming","Jason R. Briggs","","No Starch Press","2012-12-22","USD 34.95","8.1"
"10599786","深入浅出CoffeeScript","","[英] Trevor Burnham","寸志","人民邮电出版社","2012-5","35.00元","7.5"
"2382413","Cocoa入门","使用Objective-C","James Duncan Davidson、Apple Inc.","彭舰,张磊,李征,琚生根","O'Reilly","2008-2","39.00元","7.6"
"1027574","Visual C++ 技术内幕（第四版）","","'James Duncan Davidson、Apple Inc.'","'彭舰,张磊,李征,琚生根'","'O'Reilly'","'2008-2'","'39.00元'","8.1"
"25945442","AngularJS权威教程","","[美] Ari Lerner","赵望野、徐　飞、何鹏飞","人民邮电出版社","2014-8","99.00元","7.3"
"3129340","计算机图形学","","[美]Steve Cunningham","石教英、潘志庚","机械工业出版社","2008-6","48.00元","8.1"
"1232045","《数据结构》算法实现及解析","","高一凡","","西安电子科技大学出版社","2002-10-1","35.0","7.9"
"6855804","Windows PE权威指南","剖析Windows PE文件格式的原理及编程技术","戚利","","机械工业出版社华章公司","2011-10","89.00元","7.9"
"4031965","Python UNIX 和Linux 系统管理指南","","基弗特 (Gift, Noab)、琼斯 (Jones, Jeremy M.)","杨明华、谭励","机械工业出版社","2009-9","65.00元","7.5"
"4074478","Python Pocket Reference","Python in Your Pocket","Mark Lutz","","O'Reilly Media","2009-10-15","USD 14.99","8.2"
"1151348",".NET本质论 第1卷:公共语言运行库","","博克斯 (BoxDon)","张晓坤","中国电力出版社","2004-1","48.00元","9.0"
"5301287",".NET 4.0面向对象编程漫谈","基础篇","金旭亮","","电子工业出版社","2010-10","45.00元","8.5"
"2109775","PHP与MySQL基础教程","","厄尔曼","陈宗斌","人民邮电出版社","2007-5","59.00元","8.2"
"25858070","JavaScript框架设计","","司徒正美","","人民邮电出版社","2014-4-9","89.00","8.1"
"1088180","应用密码学","协议、算法与C源程序","'司徒正美'","''","'人民邮电出版社'","'2014-4-9'","'89.00'","8.9"
"3105314","Linux高级程序设计","","Jon Masters、Richard Blum","陈健","人民邮电出版社","2008-7","59.00元","7.2"
"20392269","Lua游戏开发实践指南","","Paul Schuytema、Mark Manyen","田剑","机械工业出版社","2013-1","59.00元","5.0"
"3883699","ARM Cortex-M3权威指南","","姚文详","","北京航空航天大学出版社","2009-7-1","49.00元","8.1"
"26581686","Java Web高级编程","涵盖WebSockets、Spring Framework、JPA Hibernate和Spring Security","威廉斯 (Nicholas S.Williams)","王肖锋","清华大学出版社","2015-6-1","CNY 99.80","8.0"
"4200822","Android应用开发揭秘","","杨丰盛","","机械工业出版社","2010-1","69.00元","6.6"
"6068947","MongoDB权威指南","","[美] Kristina Chodorow、Michael Dirolf","程显峰","人民邮电出版社","2011-5","39.00元","7.6"
"3526595","Head First Web Design","A Brain Friendly Guide","Ethan Watrall、Jeff Siarto","","O’Reilly Media, Inc.","2009-01-02","$49.99","8.4"
"2248942","Fortran 95/2003 for Scientists and Engineers","","'Ethan Watrall、Jeff Siarto'","''","'O’Reilly Media, Inc.'","'2009-01-02'","'$49.99'","8.0"
"26005630","跟阿铭学Linux","","李世明","","人民邮电出版社","2014-10","59.00元","7.5"
"1482279","Wxpython in Action","","Noel Rappin、Robin Dunn","","Manning Publications","2006-3-1","USD 49.95","8.0"
"3076612","Flash CS3 ActionScript 3.0游戏开发基础与范例","风云Ⅱ","沈钧、李庆","","电子工业出版社","2008-4","46.00元","7.5"
"2044818","操作系统设计与实现（上册）","","Andrew S. Tanenbaum、Albert S. Woodhull","陈渝、谌卫军","电子工业出版社","2007-3","49.80元","9.1"
"26022847","精通AngularJS","","Pawel Kozlowski、Peter Bacon Darwin","李路、王永强、马海波","华中科技大学出版社","2014-11-1","79.00","8.6"
"2062857","ROOTKITS","","霍格兰德","韩智文","清华大学出版社","2007-4","39.00元","8.5"
"4709510","Java加密与解密的艺术","","梁栋","","机械工业出版社","2010-4","69.00元","7.3"
"1450829","21天学通C++","第五版","利伯帝,","","人民邮电出版社","2005-01-01","59.00元","8.7"
"17912658","The Definitive ANTLR 4 Reference","","Terence Parr","","Pragmatic Bookshelf","2013-1-22","USD 37.00","8.7"
"24703171","机器学习实战","","Peter Harrington","李锐、李鹏、曲亚东、王斌","人民邮电出版社","2013-6","69.00元","8.1"
"20440928","HTML、CSS、JavaScript网页制作从入门到精通","","刘西杰、柳林","","人民邮电出版社","2013-1-1","49.00元","6.5"
"1094802","C语言解析教程(原书第4版)","","Al Kelley、Ira Pohl","","中国标准出版社","2002-1-1","48.00","7.5"
"6522009","Flash游戏编程基础教程","","Rex van der Spuy","李　鑫、陈文登、付　斌","人民邮电","2011-6","75.00元","8.6"
"6851098","计算机图形学与几何造型导论","计算机图形学与几何造型导论","戈德曼","","邓建松","2011-9","69.00元","7.4"
"25886197","深入理解Bootstrap","","徐涛","","机械工业出版社","2014-5","69.00元","7.0"
"2380863","51单片机应用从零开始","","杨欣、王玉凤、刘湘黔","","清华大学","2008-1","39.80元","8.7"
"1801280","Perl最佳实践","","Damian Conway","","东南大学出版社","2006-4","74.00元","8.4"
"11506062","JavaScript模式","","Stoyan Stefanov","陈新","中国电力出版社","2012-7","38.00元","8.6"
"25910720","Mastering Python Regular Expressions","","Félix López、Víctor Romero","","Packt Publishing - ebooks Account","2014-2-26","USD 24.99","7.2"
"1392483","计算机图形学","","（美）赫恩（Donald Hearn）、（美）M.Pauline Baker","宋继强、蔡敏、蔡士杰","电子工业出版社","2005-6","65.00元","7.5"
"1547078","Object-Oriented Software Construction","","Bertrand Meyer","","Prentice Hall","2000-03-21","USD 132.65","7.6"
"11542838","内存数据管理","","(德)普拉特纳(Plattner, H.)","(德)蔡尔(Zeier, A.)","清华大学出版社","2012-8-2","49.80元","7.3"
"1436131","expert one-on-one J2EE Development without EJB 中文版","","[美] Rod Johnson、Juergen Hoeller","JavaEye","电子工业出版社","2005-9","59.80元","9.0"
"1919816","C#高级编程(第4版)","","Christian Nagel Bill Evjen Jay Glynn等","李敏波","清华大学出版社","2006-10","128.00元","8.1"
"6398127","软件调试修炼之道","","Paul Butcher","曹玉琳","人民邮电出版社","2011-6","32.00元","7.5"
"4725273","GNU/LINUX环境编程","","琼斯","张元章","清华大学出版社","2010-3","69.00元","8.3"
"25798462","Python数据分析基础教程（第2版）","NumPy学习指南","伊德里斯 (Ivan Idris)","张驭宇","人民邮电出版社","2014-1-1","49.00元","6.2"
"1453645","编译器构造C语言描述","","费希尔","","机械工业出版社","2005年7月1日","65.00元","7.6"
"1796047","Debugging with GDB","The GNU Source-Level Debugger","Richard M. Stallman、Roland H. Pesch、Stan Shebs","","Free Software Foundation","2002-01","USD 30.00","7.9"
"2038862","柔性字符串匹配","","纳瓦罗","中科院计算所网络信息安全研究组","电子工业","2007-3","38.00元","8.5"
"25962666","R的极客理想","——工具篇","张丹","","机械工业出版社","2014-8","59.00","7.3"
"3213439","Real-Time Rendering, Third Edition","","Tomas Akenine-Moller、Eric Haines、Naty Hoffman","A K Peters","CRC Press","2008-7-25","USD 102.95","9.7"
"1908201","Textmate","Power Editing for the Mac (Pragmatic Programmers)","James Edward Gray II","","Pragmatic Bookshelf","2007-02-22","USD 29.95","8.2"
"1864527","Oracle 9i & 10g编程艺术","深入数据库体系结构","Thomas Kyte","苏金国、王小振","人民邮电出版社","2006-10","99.00元","9.2"
"19983642","Learn C the Hard Way","A Clear & Direct Introduction To Modern C Programming","Zed A. Shaw","","Addison-Wesley Professional","2015-4-30","USD 39.99","8.1"
"6539319","OpenGL 4.0 Shading Language Cookbook","","David Wolff","","Packt Publishing","2011-7-9","USD 49.99","7.7"
"2127663","Event-Based Programming","Taking Events to the Limit","Ted Faison","","Apress","2006-4-30","USD 89.99","7.6"
"24734031","C++ GUI Qt 4编程","","布兰切特 (Jasmin Blanchette)、萨默菲尔德 (Mark Summerfield)","","电子工业出版社","2013-5-1","CNY 65.00","7.6"
"1152116","Tomcat与Java Web开发技术详解","","孙卫琴","","电子工业出版社","2004-4-1","45.00元","6.6"
"1831697","MUD游戏编程","","[美] Ron Penton；苏正泉翻译","苏正泉","清华大学出版社","2006-1","64.0","7.9"
"4201514","精通Hibernate（第2版）","Java对象持久化技术详解","孙卫琴","","电子工业出版社","2010-2","75.00元","7.5"
"2280936","The Ruby Way中文版","","富尔顿(Hal Fulton)","陈秋萍","人民邮电出版社","2007年11月1日","79.00元","8.1"
"25662138","NoSQL精粹","","[美]Pramod J. Sadalage、[美]Martin Fowler","爱飞翔","机械工业出版社","2013-8","49.00元","8.1"
"6075127","程序员成长路线图","从入门到优秀","N216（倪燕农）、张磊、吉阳","","机械工业出版社华章公司","2011-5-5","39.00元","6.3"
"10344307","疯狂Java","突破程序员基本功的16课","李刚","","人民邮电出版社","2012-1","59.00元","7.0"
"1035119","COM原理与应用","","潘爱民","","清华大学出版社","1999-11","39.00","7.4"
"1240919","Java Servlet编程","","Jason Hunter、William Crawford","","中国电力出版社","2002-6-1","85.00","7.4"
"1446790","并行编程模式","","[美]Timothy","","清华大学出版社","2005-11-22","29.80元","7.5"
"1970421","How Debuggers Work","Algorithms, Data Structures, and Architecture","Jonathan B. Rosenberg","","Wiley","1996-09-27","USD 54.99","7.2"
"4829597","漫画数据库","","[日] 高桥麻奈 著、[日] あづま笙子 漫画绘制、[日] 株式会社TREND-PRO 漫画制作","崔建锋","科学出版社","2010-5","32.00元","7.9"
"2267922","Common Lisp","A Gentle Introduction to Symbolic Computation","'[日] 高桥麻奈 著、[日] あづま笙子 漫画绘制、[日] 株式会社TREND-PRO 漫画制作'","'崔建锋'","'科学出版社'","'2010-5'","'32.00元'","9.0"
"26649141","Spark技术内幕","深入解析Spark内核架构设计与实现原理","''[日] 高桥麻奈 著、[日] あづま笙子 漫画绘制、[日] 株式会社TREND-PRO 漫画制作''","''崔建锋''","''科学出版社''","''2010-5''","''32.00元''","7.4"
"22601258","学习正则表达式","","菲茨杰拉德","王热宇","人民邮电出版社","2013-4","35.00元","7.2"
"25847295","Software Design 中文版 01","","［日］ 技术评论社","","人民邮电出版社","2014-3","39.00","6.8"
"26918038","深入react 技术栈","","陈屹","","人民邮电出版社","2016-11-1","CNY 79.00","7.8"
"5346548",".NET高级调试","","Mario Hewardt","聂雪军","机械工业出版社","2011年1月","59.00元","7.9"
"11530747","HTML5游戏开发实战","","Makzan","吕定平、陈升想","机械工业出版社","2012-8","59.00元","7.8"
"1434696","巧学巧用Excel 2003 VBA与宏（中文版）","","杰林","王军","电子工业出版社","2005-9","43.0","8.6"
"1237806","Verilog数字系统设计教程","","夏宇闻","","北京航空航天大学出版社","2003-7-1","38.0","8.1"
"26414709","零基础学Python","","张志强、赵越","","机械工业出版社","2015-2","CNY 79.00","6.6"
"21354736","Karel The Robot Learns Java","","Eric Roberts、Prof. Jimenez","Burr","Department Of Computer Science - Stanford","2005","USD 10.00","7.9"
"4935288","Shell脚本专家指南","","彼得","李晓群、付弘宇","人民邮电出版社","2010-8","39.00元","7.6"
"3152176","Introduction to Programming in Java","An Interdisciplinary Approach","Robert Sedgewick、Kevin Wayne","","Addison-Wesley","2007-7-27","USD 89.00","8.9"
"5390095","小小黑客之路","黑客工具、攻防及防火墙编程入门","聂森 , 陈沁茜 , 陈树林  等","","电子工业","2011-1","59.00元","6.6"
"6127082","我的第一本C++书","","陈良乔","","华中科技大学出版社","2011-5-5","58.80元","6.9"
"3710133","Programming Interactivity","A Designer's Guide to Processing, Arduino, and Openframeworks","Joshua Noble","","O'Reilly Media","2009-7-28","USD 49.99","8.3"
"1765938","Algorithms on Strings, Trees and Sequences","Computer Science and Computational Biology","Dan Gusfield","","Cambridge University Press","1997-5-28","USD 99.99","9.1"
"4851197","魔兽世界编程宝典","World of Warcraft Addons完全参考手册","James Whitehead II、Bryan McLemore、Matthew Orlando","杨柏林、张卫星、王聪","清华大学出版社","2010-6","118.00元","7.8"
"6966320","专业嵌入式软件开发","全面走向高质高效编程","李云","","电子工业出版社","2012-1","108.00元","7.6"
"25872427","图灵程序设计丛书","学习R","柯顿 (Richard Cotton)","刘　军","人民邮电出版社","2014-6-1","CNY 69.00","7.3"
"1231288","汇编语言编程艺术","","海德","陈曙晖","清华大学出版社","2005-01-01","98.0","7.1"
"25986284","单页Web应用","JavaScript从前端到后端","米可夫斯基 (Michael S. Mikowski)、鲍威尔 (Josh C. Powell)","包勇明","人民邮电出版社","2014-9-1","CNY 69.00","8.0"
"7059901","编写高质量代码","改善C++程序的150个建议","李健","","机械工业出版社华章公司","2011-12-31","59.00元","6.9"
"2984156","Linux设备驱动开发详解","","宋宝华","","人民邮电出版社","2008-2","89.00元","8.3"
"11592351","Async in C# 5.0","","刘相","","电子工业出版社","2015-2","69","7.6"
"3788013","Google Android SDK开发范例大全","","余志龙、陈昱勋、郑名杰、陈小凤、郭秩均","","人民邮电出版社","2009","79.00元","6.8"
"3948380","Spring攻略","","'余志龙、陈昱勋、郑名杰、陈小凤、郭秩均'","''","'人民邮电出版社'","'2009'","'79.00元'","8.4"
"1463950","User Interface Design for Programmers","","Avram Joel Spolsky","","Apress","2006-1-23","USD 29.95","8.3"
"10432364","奇思妙想","15位计算机天才及其重大发现","Dennis E. Shasha、Cathy A. Lazere","向怡宁","人民邮电出版社","2012-3","32.00元","8.0"
"20501302","C程序性能优化","20个实验与达人技巧","片山善夫","何本华 居福国、居福国","人民邮电出版社","2013-1-1","29.00元","6.6"
"24733748","Cocos2D-X游戏开发技术精解","","'片山善夫'","'何本华 居福国、居福国'","'人民邮电出版社'","'2013-1-1'","'29.00元'","7.2"
"3988968","WPF编程宝典","使用C# 2008和.NET 3.5","麦克唐纳","王德才","清华大学出版社","2009-8","99.80元","8.1"
