"26886310","有匪1","少年游","priest","","湖南文艺出版社","2016-11","35.00元","9.0"
"1873231","明朝那些事儿（壹）","洪武大帝","当年明月","","中国友谊出版公司","2006-9","24.80","8.8"
"3426869","三生三世 十里桃花","","唐七公子","","沈阳出版社","2009-1","26.80","8.2"
"1882933","鬼吹灯之精绝古城","之精绝古城","天下霸唱","","安徽文艺出版社","2006","25.0","8.1"
"1003000","悟空传","修订版","今何在","","光明日报出版社","2001-4","14.80元","8.4"
"1948901","盗墓笔记","七星鲁王宫","南派三叔","","中国友谊出版公司","2007-1","26.80元","8.4"
"26793349","桃花债","","大风刮过","","中国文联出版社","2016-7-1","36.00元","8.5"
"1461903","何以笙箫默","","顾漫","","朝华出版社","2007-4","15.00元","8.0"
"2326571","琅琊榜","","海宴","","朝华出版社","2007-12","49.80元","8.6"
"26680113","那个不为人知的故事","","twentine","","江苏文艺出版社","2015-12","32.00元","8.6"
"3674537","明朝那些事儿（1-9）","限量版","当年明月","","中国海关出版社","2009-4","358.20元","9.1"
"26863353","贩罪","","三天两觉","","江苏凤凰文艺出版社","2016-10","158.00元","8.9"
"5916880","华胥引（全二册）","","唐七公子","","现代出版社","2011-1","39.80元","8.6"
"2209098","致我们终将逝去的青春","","辛夷坞","","朝华出版社","2007-8","25.00元","7.9"
"1020459","此间的少年","","江南","","华文出版社","2004-1","25.00元","8.4"
"3606570","鹤唳华亭","","雪满梁园","","北岳文艺出版社","2008-12","25.80元","8.3"
"1916726","鬼吹灯之龙岭迷窟","","天下霸唱","","安徽文艺出版社","2006-11","25.00元","7.9"
"1926103","鬼吹灯之云南虫谷","","天下霸唱","","安徽文艺出版社","2006-11","26.80元","8.0"
"26284304","簪中录","春灯暗","侧侧轻寒","","江苏凤凰文艺出版社","2015-1-1","30.00","8.0"
"26331014","怨氣撞鈴1·食骨","","尾魚","","聯合文學","2015-2-13","NTD 99","8.3"
"2149655","鬼吹灯Ⅱ之一·黄皮子坟","","天下霸唱","","安徽文艺出版社","2007-7","26.80元","7.7"
"26763013","魔道祖师","","'天下霸唱'","''","'安徽文艺出版社'","'2007-7'","'26.80元'","8.5"
"1805988","庆熹纪事","","红猪侠","","中信出版社","2006-6","25.00元","8.5"
"26578003","无心法师 第一卷","","尼罗","","长江出版社","2015-7-1","CNY 29.80","8.2"
"2971446","桃花债 上","","'尼罗'","''","'长江出版社'","'2015-7-1'","'CNY 29.80'","8.4"
"26043287","我的拖延症女友","","Priest","","百花洲文艺出版社","2014-10-1","29.8","8.0"
"1316622","诛仙1","","萧鼎","","朝华出版社","2005-6","22.00元","8.4"
"3155622","庆余年·壹","天下权臣宝典","猫腻","","中国友谊出版公司","2008-7","28.00元","8.3"
"4922018","斗破苍穹 2","升级修炼之路","天蚕土豆","","湖北少年儿童出版社","2010-7","21.00元","7.6"
"6953273","盗墓笔记","","'天蚕土豆'","''","'湖北少年儿童出版社'","'2010-7'","'21.00元'","8.6"
"20501270","大唐明月1·风起长安","","蓝云舒","","上海文艺出版社","2013-1","27.00元","8.6"
"3290028","孤城闭","","米兰Lady","","新世界出版社","2008-11","22.80元","8.5"
"25767862","如果蜗牛有爱情","","丁墨","","百花洲文艺出版社","2014-4","45.00","7.1"
"2376306","第三种爱情","","自由行走","","内蒙古文化出版社","2007-11","29.80元","7.8"
"1962929","佳期如梦","","匪我思存","","新世界出版社","2007-2","20.00元","8.0"
"3889682","饕餮娘子","","佟婕","","重庆出版社","2009-7","26.80元","8.4"
"26904479","余罪7","我的刑侦笔记","常书欣","","海南出版社","2016-11","42.00","8.1"
"2078225","孤芳不自赏","","风弄著、九歌绘","","中国电影出版社","2007-1-1","40","7.9"
"2283497","大唐后妃传：珍珠传奇 II（大结局）","","沧溟水","","现代出版社","2007-10","22.00元","7.7"
"26712106","开封志怪","","尾鱼","","青岛出版社","2016-3","85.00元","8.5"
"1812439","步步惊心","","桐华","","民族出版社","2006-6","25.00元","8.1"
"25728092","小张和小丽","","'桐华'","''","'民族出版社'","'2006-6'","'25.00元'","9.1"
"26755836","余罪3","我的刑侦笔记","常书欣","","海南出版社","2016-4-1","38.00元","8.0"
"4922017","斗破苍穹 1","废柴当自强","天蚕土豆","","湖北少年儿童出版社","2010-7","21.00元","7.1"
"3705820","斗罗大陆（全14卷）","","唐家三少","","太白文艺出版社","2009-7","364.00元","7.5"
"2183875","大唐后妃传：珍珠传奇 I","","沧溟水","","现代出版社","2007-8","22.00元","7.4"
"6139592","11处特工皇妃","","潇湘冬儿","","江苏文艺出版社","2011-5","74.80元","8.1"
"26648636","成化十四年（套装全3册）","","梦溪石","","北京联合出版公司","2015-11-1","74.00元","8.3"
"1024217","第一次的亲密接触","","蔡智恒","","知识出版社","1999-11-1","12.80","7.4"
"2331434","原来你还在这里","","辛夷坞","","朝华出版社","2007-10","25.00元","7.7"
"10468852","海棠依舊: 知否? 知否? 應是綠肥紅瘦 卷一","故園今日海棠開，只有名花苦幽獨","關心則亂","","三采文化出版事業有限公司","2012-2-3","NT$240","8.6"
"26745286","七根凶簡 套裝","","'關心則亂'","''","'三采文化出版事業有限公司'","'2012-2-3'","'NT$240'","8.5"
"1437858","天行健（全4册）","","燕垒生","","成都时代出版社","2005-9","80.00元","8.7"
"3561591","凤囚凰（上中）","","天衣有风","","河南文艺出版社","2009-3","49.80","8.0"
"26778494","大哥（下）","","Priest","","上海人民美术出版社","2016-3","64.00元","9.1"
"26825040","张公案Ⅱ","","大风刮过","","江苏凤凰文艺出版社","2016-7","36.00元","8.8"
"10468727","梵歌引.世间月","","青泥","","湖南文艺出版社","2012-1-1","28.00元","9.1"
"24714636","锦绣未央（1、2、3）","","秦简","","江苏文艺出版社","2013-7","75.00元","6.4"
"3522694","史上第一混乱·第一季神仙预备役","","张小花","","黄山书社","2009-1","26.80","8.6"
"1938591","鬼吹灯之昆仑神宫","","天下霸唱","","安徽文艺出版社","2006-12","28.00元","7.8"
"20282520","首席医官","中医是一门大学问","谢荣鹏","","九州出版社","2012-11","39.80元","7.9"
"3123939","不负如来不负卿1","","小春","","北岳文艺出版社","2008-6","26.80元","8.0"
"3236155","韦帅望的江湖","童年结束了","晴川","","崇文书局","2008-10","24.00元","8.9"
"4212812","紫川（全五册）","","老猪","","江苏文艺","2010-1","150.00元","8.7"
"25714176","雪中悍刀行 1","西北有雏凤","烽火戏诸侯","","江苏文艺出版社","2013-9-1","25.00元","8.1"
"26412956","首席医官","","谢荣鹏","","二十一世纪出版社","2014-6-1","CNY 39.80","9.5"
"4135947","天子谋","","青垚","","北方妇女儿童出版社","2009-11","29.80元","7.9"
"26341728","山河表里","","Priest","","云南美术出版社","2015-3-1","CNY 50.00","8.4"
"4224758","花千骨（上下）","","Fresh果果","","北方妇女儿童出版社","2009","56.00元","7.3"
"2057285","盗墓笔记2","秦岭神树","南派三叔","","中国友谊出版公司","2007-4","26.80元","8.2"
"3183785","爱你，是我做过最好的事","","笙离","","长征出版社","2008-9","26.80元","7.7"
"26689989","余罪2","我的刑侦笔记","常书欣","","海南出版社","2016-1-1","38.00元","8.0"
"2143487","茅山后裔1","传国宝玺","大力金刚掌","","太白文艺出版社","2007-5","25.80","8.0"
"3584141","流水迢迢（全两册）","","箫楼","","珠海出版社","2009-3","57.60","8.1"
"3034184","鬼吹灯Ⅱ之四巫峡棺山","","天下霸唱","","安徽文艺出版社","2008-4","39.80","8.0"
"1925218","翻译官","","纪媛媛","","人民文学出版社","2006-10","22.00元","7.4"
"2004407","后宫·甄嬛传Ⅰ","","流潋紫","","花山文艺出版社","2007-2","22.00元","8.1"
"3061282","山月不知心底事","","辛夷坞","","朝华出版社","2008-5","39.00","7.6"
"10561209","全职高手1·放逐斗神","","蝴蝶蓝","","湖北少年儿童出版社","2012-4","25.00元","8.9"
"26732446","你丫上瘾了","上瘾","柴鸡蛋","","自行出版","2016-2-1","25.00","6.9"
"2298149","盗墓笔记3","云顶天宫","南派三叔","","中国友谊出版公司","2007-11","26.80元","8.4"
"2340300","鬼吹灯Ⅱ之三·怒晴湘西","","天下霸唱","","安徽文艺出版社","2007-12","28.00元","7.6"
"26365847","美人为馅","","丁墨","","百花洲文艺出版社","2015-4","35.00元","7.6"
"2265312","鬼吹灯Ⅱ之二·南海归墟","","天下霸唱","","安徽文艺出版社","2007-10","28.00元","7.7"
"4136640","盛开","流光系列之辣","雁回、长翅膀的大灰狼","藍襪子出版社","喵喵屋工作室","2009","NT$ 190 元","7.1"
"1464085","柔福帝姬","","米兰Lady","","新世界出版社","2006-02-01","42.00元","7.8"
"4115227","岁月是朵两生花","","唐七公子","","北方妇儿","2009-10","28.00元","7.5"
"24283160","间客","","'唐七公子'","''","'北方妇儿'","'2009-10'","'28.00元'","8.6"
"1886385","来不及说我爱你","","匪我思存","","新世界出版社","2006-9","20.00元","8.1"
"2129362","帝王业（上下）","","寐语者","","黑龙江人民出版社","2007-6","22.00元","8.0"
"25768277","苗疆蛊事1","","南无袈裟理科佛","","上海社会科学院出版社","2013-12-1","39.80","8.0"
"26873783","仇敌1","","常书欣","","中国文联出版社","2016-9","36.80元","8.7"
"25832787","惊悚乐园1","超维幻界之惊悚乐园1","三天两觉","","长江出版社","2015-10-19","29.8元","8.8"
"2048364","独步天下（上下卷）","","李歆","","朝华出版社","2007-4","49.80元","8.1"
"2221889","无限恐怖","","长弓手","","北方文艺","2007-08-01","22.00元","8.3"
"26613724","余罪","我的刑侦笔记","常书欣","","海南出版社","2015-10-1","32.00元","7.6"
"3266344","盗墓笔记4","蛇沼鬼城","南派三叔","","中国友谊出版公司","2008-11","32.80元","8.4"
"2009825","绾青丝Ⅰ","青楼篇","波波","","花山文艺出版社","2007-2","22.00元","7.6"
"2354969","衣香鬓影","","寐语者","","花山文艺出版社","2007-11","25.00元","8.2"
"2078219","且试天下1","","倾泠月","","二十一世纪出版社","2007-5","23.00元","8.0"
"4192766","凡人修仙传（1-10）","","忘语","","太白文艺出版社","2010-01","280.00元（全10册）","7.7"
"25851002","世界微尘里","","木浮生","","百花洲文艺出版社","2014-4","29.80元","8.0"
"23795254","骄阳似我","","顾漫","","花山文艺出版社","2013-7-20","25.00元","8.0"
"3903387","香蜜沉沉烬如霜","","电线","","江苏文艺出版社","2009-7","25.00元","7.7"
"5984284","斗破苍穹3·寻找异火","","天蚕土豆","","湖北少年儿童出版社","2011-1","21.00元","7.5"
"4252115","吉祥纹莲花楼·朱雀","","藤萍","","万卷出版公司","2010-01","23.00元","8.7"
"3684873","长大","顶尖医学院最精彩的成长故事","zhuzhu6p","","四川文艺出版社","2009年","25.00元","8.5"
"2283084","云中歌1","","桐华","","作家出版社","2007-9","24.80元","8.2"
"1489555","寂寞空庭春欲晚","","匪我思存","","新世界出版社","2011-7","28.00元","7.8"
"1748232","忽而今夏","花与爱丽丝·四重奏","明前雨后","","朝华出版社","2006-4","20.00元","8.0"
"10451832","凰权（上下）","","天下归元","","江苏文艺出版社","2012-3","59.80元","8.1"
"26858009","余罪6","我的刑侦笔记","常书欣","","海南出版社","2016-8-1","CNY 42.00","7.8"
"1400048","搜神记Ⅰ-神农使者","","树下野狐","","辽宁教育出版社","2005-05","25.00","8.5"
"3359946","盘龙（1～10部）","","我吃西红柿","","太白文艺出版社","2009-01","26.0","7.7"
"1024854","成都，今夜请将我遗忘","","慕容雪村","","百花洲文艺出版社","2003-08","17.50","7.3"
"25843937","那些有钱的年轻人","","烽火戏诸侯","","花城出版社","2014-5-1","28","7.8"
"3829004","明月照人来","","寐语者","","花山文艺出版社","2009-6","25.00元","8.3"
"1958655","寻找前世之旅（上下册）","","Vivibear","","河南文艺出版社","2007-1","40.00元","7.6"
"13221012","神游","","徐公子胜治","","中国华侨出版社","2012-10","29.80元","8.5"
"4838107","新宋","","阿越","","东方出版社","2010-5","37.00元","8.1"
"4766047","祸国","","十四阙","","新世界出版社","2010-4","48.00元","8.0"
"5245615","江山为聘","","行烟烟","","北方妇女儿童出版社","2010-8-1","50.00元","7.6"
"11584484","将嫁","","绕梁三日","","光明日报出版社","2012-1","29.80元","8.0"
"4871447","东宫","","匪我思存","","新世界出版社","2010-07","28.00元","7.5"
"2281912","醉玲珑（上卷）","","十四夜","","朝华出版社","2007-10","29.80元","7.7"
"26599743","有生之年","","Twentine","","华龄出版社","2015-9","26.80元","8.1"
"26325635","月都花落，沧海花开","","君子以泽","","湖南文艺出版社","2015-4","36.00元","7.6"
"5254315","盗墓笔记7","邛笼石影","南派三叔","","时代文艺出版社","2010-9","32.80元","8.4"
"19957704","锦衣夜行1·杀青州","","月关","","湖北少年儿童出版社","2012-9","25.00元","7.7"
"1420794","诛仙4","","萧鼎","","朝华出版社","2005-8","22.00元","8.2"
"26863501","花开成毒","","尼罗","","中国华侨出版社","2016-9-1","CNY 70.00","9.0"
"5068504","十五年等待候鸟","","盈风","","江苏文艺出版社","2010-8","25.00元","7.4"
"2373834","新宋·十字1","","阿越","","花山文艺出版社","2008-01","22.0","8.3"
"2973270","六弄咖啡馆","","藤井树","","汕头大学出版社","2008-1","20.00元","7.7"
"2008976","庆熹纪事Ⅱ","","红猪侠","","中信出版社","2007-01","25.00元","8.9"
"26734228","鬼吹灯全集","","天下霸唱","","青岛出版社","2016-1-1","CNY 248.40","8.0"
"10527811","官居一品（全七册）","","三戒大师","","中国青年出版社","2012-3","175.00元","8.5"
"1012203","檞寄生","","蔡智恒","","中国戏剧出版社","2001-12","19.80元","7.6"
"2213684","又一春","","'蔡智恒'","''","'中国戏剧出版社'","'2001-12'","'19.80元'","8.3"
"1925232","大漠谣","","桐华","","河南文艺出版社","2006-11","20.00元","7.9"
"25846260","张公案","","大风刮过","","新世界出版社","2014-3","32","8.3"
"10809121","沉香如屑《上》","","蘇寞","藍襪子出版社","喵喵屋出版社","2011-9-20","NT$220","8.2"
"26688708","大英雄时代","","Priest","","北京联合出版公司","2016-2-1","CNY 49.80","8.8"
"1430871","亵渎1·轮回·月陨","","烟雨江南","","朝华出版社","2005-09","25.0","8.5"
"26589045","择天记","","猫腻","","吉林美术出版社","2015-9","CNY 29.80","7.3"
"1007334","草样年华","北X大的故事","孙睿","","远方出版社","2004-1","19.50元","7.2"
"3015088","极品家丁 1","","禹岩","","广西人民出版社","2008-03","29.80元","7.6"
"3072649","窃明","","灰熊猫","","南海出版社","2008-05","29.8","7.9"
"4245264","拍翻御史大夫 一: 布衣卷","滿座衣冠雪
俱是觀潮人","'灰熊猫'","''","'南海出版社'","'2008-05'","'29.8'","8.4"
"1048931","天堂向左，深圳往右","","慕容雪村","","作家出版社","2004-02","16.00","7.6"
"21370565","凶宅笔记","","贰十三","","花城出版社","2013-4","32.80元","7.6"
"26352002","怨氣撞鈴4·黑蝶","","尾魚","","聯合文學","2015-4-13","NTD 250","8.4"
"1291760","会有天使替我爱你","","明晓溪","","新世界出版社","2005-5","20.00元","6.8"
"4129249","五大贼王1","落马青云","张海帆","","黄山书社","2013-4-1","26.00元","8.7"
"4842735","海妖","","饭卡","","文化艺术出版社","2010-5","29.80元","8.4"
"1949338","明朝那些事儿（贰）","万国来朝","当年明月","","中国友谊出版公司","2007-1","24.80","8.9"
"5291181","Blood X Blood：血族传说","","妖舟","","时代文艺出版社","2010-10","29.80元","8.3"
"25921286","民调局异闻录1·苗乡巫祖","","耳东水寿","","金城出版社","2014-6","32.00元","7.5"
"26320556","簪中录2","九鸾缺","侧侧轻寒","","江苏凤凰文艺出版社","2015-3","32.80","8.3"
"6790474","别拿穿越不当工作（全三册）","","楼笙笙","","万卷出版社","2011-6-1","72.00元","8.4"
"3111691","桃花债(下)","","'楼笙笙'","''","'万卷出版社'","'2011-6-1'","'72.00元'","8.5"
"26347982","簪中录4","天河倾","侧侧轻寒","","江苏凤凰文艺出版社","2015-4","32.80","7.8"
"2220812","木槿花西月锦绣1","","海飘雪","","作家出版社","2007-7","24.80元","7.6"
"26331660","怨氣撞鈴2·根鬚","","尾魚","","聯合文學","2015-2-13","NTD 199","8.3"
"1430597","狼群1","","刺血","","朝华出版社","2005-9","23.80元","8.9"
"2010276","神墓1·潜龙出渊","","辰东","","九州出版社","2007-02","22.0","7.6"
"10559304","太子妃升职记","","鲜橙","","万卷出版公司","2012-4","29.80元","6.8"
"2699701","歌尽桃花","","靡宝","","朝华出版社","2008-1","25.00元","7.6"
"25839869","大唐明月5·云诡波谲","","蓝云舒","","上海文艺出版社","2014-1","27.00元","8.7"
"10749611","上古","","星零","","朝华出版社","2012-6-1","49.80元","7.7"
"5936030","ab日记","","春十三少","","国际文化出版公司","2011-1","28.00元","8.1"
"2283574","金陵女子1","","休相问","","现代出版社","2007-10","22.00元","8.2"
"26351997","怨氣撞鈴3·飛天","","尾魚","","聯合文學","2015-3-13","NTD 250","8.3"
"3293232","过客，匆匆","","飘阿兮","","国际文化出版公司","2012-5","29.80元","7.7"
"1277389","食荤者","","阿耐","","上海人民出版社","2004-7","18.00元","8.3"
"2300626","蔓蔓青萝（全2册）","","桩桩","","重庆出版社","2007-10","39.00元","7.5"
"26785345","余罪4","我的刑侦笔记","常书欣","","海南出版社","2016-5-20","42.00元","8.0"
"3924481","夜行歌（上下）","","紫微流年","","中国文联出版公司","2009-8","39.80元","7.9"
"6969185","沉香如屑《中》","","苏寞","藍襪子出版社","喵喵屋出版社","2011-9-20","NT$220","8.3"
"26393180","怨氣撞鈴5·同路","新章最終卷","尾魚","","聯合文學","2015-5-13","NTD 250","8.3"
"1316623","诛仙2","","萧鼎","","朝华出版社","2005-6","22.00元","8.4"
"26636393","饕餮记","","殷羽","","中国致公出版社","2015-8-31","29.8元","7.8"
"3909876","琉璃美人煞（上中下）","","十四郎","","江苏文艺出版社","2009-08","69.0","7.9"
"26688712","他站在夏花绚烂里","","太后归来","","百花洲文艺出版社","2016-1-1","29.80元","7.4"
"3037790","小楼传奇","","纳兰容若公子、老庄墨韩","","百花洲文艺出版社","2008-04","23.8","8.2"
"4173968","盗墓笔记6","阴山古楼","南派三叔","","中国友谊出版公司","2010-1","32.80元","8.4"
"3800166","盗墓笔记5","谜海归巢","南派三叔","","中国友谊出版公司","2009-7","32.80元","8.4"
"6437035","扶摇皇后（上下）","","天下归元","","江苏文艺出版社","2011-6","49.80元","7.8"
"11625788","资本剑客","","Priest","","光明日报出版社","2012-8","29.80元","7.6"
"26812681","余罪5","我的刑侦笔记","常书欣","","海南出版社","2016-7-1","42.00元","8.1"
"21337763","侯卫东官场笔记-全8册","","小桥老树","","凤凰出版社","2013-1-1","238.60元","8.3"
"3710879","凤囚凰（下）","","天衣有风","","河南文艺出版社","2009-5-1","25.00元","8.1"
"25929667","你是我学生又怎样","","田畈","","花山文艺出版社","2014-8-15","22.00","7.6"
"3239048","相亲以后","","爱拉囡囡","","中国城市出版社","2008-10","26.00","7.2"
"2570719","诛仙全集（全六册）","","萧鼎","","花山文艺出版社","2008-01","168.0","8.2"
"26365848","美人为馅2·大结局","","丁墨","","百花洲文艺出版社","2015-4","35.00元","7.6"
"2974188","回到明朝当王爷","","月关","","太白文艺","2007","22","7.6"
"24696808","江山美人谋","","袖唐","","中国友谊出版公司","2013-5","32.00元","8.3"
"1468493","梦回大清","","金子","","朝华出版社","2006-1","25.00元","7.6"
"25880334","大唐明月6·谁家天下（完）","","蓝云舒","","上海文艺出版社","2014-4","33.00元","8.7"
"1029475","若星汉天空","","今何在","","二十一世纪出版社","2004-10","20.00","8.1"
"5397152","边缘少年","","简暗","","上海人民出版社","2011-1-1","22.00元","8.4"
"21242062","长相思","","桐华","","湖南文艺出版社","2013-2","35.00元","8.2"
"3028009","温暖的弦","","安宁","","百花洲文艺出版社","2008-4","26.80","7.2"
"1043201","毕业那天我们一起失恋","","何员外","","上海人民出版社","2003-7","15.80元","6.8"
"4218539","落花时节又逢君","","蜀客","","文化艺术出版社","2009-12","28.80元","7.3"
"20259330","欢乐颂  第三季","（大结局）","阿耐","","四川文艺出版社","2012-11","29.00元","6.9"
"6531676","阿麦从军","","鲜橙","","江苏文艺出版社","2011-7","49.80元","8.4"
"4040223","坏事多磨","","那只狐狸","","北方妇女儿童出版社","2009-10-1","56.00元","7.9"
"26914116","生途","","金丙","","青岛出版社","2016-11","35","8.0"
"5264447","三千鸦杀","","十四郎","","春风文艺出版社","2010-8","19.80元","7.5"
"4124855","人生若只初相见","","梅子黄时雨","","华文出版社","2009-11","24.80元","7.4"
"3218402","不负如来不负卿Ⅱ·大结局","","小春","","北岳文艺出版社","2008-09","26.8","8.2"
"26680107","制霸好莱坞","","御井烹香","","现代出版社","2016-1","59.80元","8.4"
"25712490","我当道士那些年1","","仐三","","外文出版社","2013-10-1","25.00元",""
"26824038","余罪:我的刑侦笔记合集(1-4)","","常书欣","","海南出版社","2015-10-1","150.00元","8.2"
"3084855","星辰变1","","我吃西红柿","","百花洲文艺出版社","2008-05","23.80元","7.6"
"1074879","轻功是怎样炼成的","","沙子","","中国社会科学出版社","2001-6","16.80元","8.3"
"4241870","我在回忆里等你","","辛夷坞","","江苏文艺出版社","2010-02","25.00元","7.7"
"24225189","高人","","常书欣","","中国戏剧出版社","2013-4-1","39.80元","8.4"
"19906939","巽离络","","喻斑斓","","新星出版社","2012-9-1","25.00元","7.9"
"1283275","都市妖奇谈一","给妖怪们的安全手册","可蕊","","海洋出版社","2005-4-1","36元","8.5"
"3697979","衣香鬓影2·千秋素光同","","寐语者","","花山文艺出版社","2009-4","26.80元","8.3"
"10563041","将夜之花开彼岸天","","猫腻","","武汉出版社","2012-4","28.00元","8.5"
"5275312","暴君，我来自军情9处","","潇湘冬儿","","江苏文艺出版社","2011-10","75.00元","7.5"
"26579733","芈月传·壹","","蒋胜男","","浙江文艺出版社,浙江出版联合集团","2015-8-1","CNY 32.80","7.3"
"11625032","欢乐颂  第一季","女性职场指南，刘涛蒋欣王凯祖峰靳东杨紫主演","阿耐","","四川文艺出版社","2012-11","35.00元","7.4"
"4108541","回国驯火记","","'阿耐'","''","'四川文艺出版社'","'2012-11'","'35.00元'","8.6"
"4166020","殇璃","","雪灵之","","万卷出版公司","2009-11","24.00元","7.6"
"3335951","我的波塞冬","","缪娟","","太白文艺出版社","2009-1","25.00","7.6"
"26436202","清川日常","","多木木多","","花山文艺出版社","2015-7","59.80元","8.2"
"4898668","缺月梧桐","江湖惊梦","缺月","","高寶","2009","250台币","8.4"
"6435156","28岁未成年","","'缺月'","''","'高寶'","'2009'","'250台币'","6.8"
"25778897","愿我如星君如月","","爱心果冻","","江苏文艺出版社","2013-12","75.00元","6.4"
"4833241","犹记惊鸿照影","","风凝雪舞","","吉林出版集团有限责任公司","2010-5","29.80元","7.4"
"26347981","簪中录3","芙蓉旧","侧侧轻寒","","江苏凤凰文艺出版社","2015-4","32.80","7.8"
"2253642","明朝那些事儿（肆）","粉饰太平","当年明月","","中国友谊出版公司","2007-9","24.80","8.8"
"4159518","情人书","","张嘉佳","","新星出版社","2009年12月","25.00元","8.0"
"10447495","1938","Hitler's Gamble","Giles MacDonogh","","Basic Books","2011-5-10","USD 16.99","9.3"
"26365250","死人经","","冰临神下","","起点","2015-2-14","30元","8.4"
"1104760","锦绣缘","4月1日","念一","","时代文艺出版社","2006-12-1","18.00","7.6"
"3727329","千山暮雪","","匪我思存","","新世界出版社","2009-5","25.00","7.3"
"26853361","夜旅人","","赵熙之","","百花洲文艺出版社","2016-9","32.80元","8.6"
"26930033","余罪8","一个传奇警察和毒贩、悍匪、黑道大佬的交锋实录","常书欣","","海南出版社","2017-2","48.00元","8.1"
"20501271","大唐明月2·谋断恩仇","","蓝云舒","","上海文艺出版社","2013-1","29.80元","8.6"
"3289609","这么远，那么近","","晴空蓝兮","","国际文化出版公司","2013-1","28.00元","7.1"
"20434296","首席医官2","","谢荣鹏","","九州出版社","2013-1-1","39.80元","7.9"
"3271254","隋乱1·塞下曲","","酒徒","","花山文艺出版社","2008-10","25.00元","8.4"
"20435586","皇叔","","大风刮过","","新世界出版社","2012-12","29.80元","8.2"
"6125965","李逵日记","厅级干部李逵官场笔记（1112-1123)","仓土","","珠海出版社","2011-5","26.80元","8.2"
"1878819","蛮荒记1·鲲鹏","","树下野狐","","辽宁教育出版社","2006-07","25.0","8.6"
"6070379","盛世","","有时右逝","","云南人民出版社","2011-5","29.90元","8.5"
"2062202","绾青丝Ⅲ","风华篇","波波","","花山文艺出版社","2007-5","22.00元","7.9"
"3550601","双阙","","海青拿天鹅","","中国画报出版社","2009-1","29.80元","7.5"
"3336465","被时光掩埋的秘密","","桐华","","朝华出版社","2009-1","28.00","7.3"
"26596521","无心法师 第二卷","流离时代","尼罗","","长江出版社","2015-9-10","29.80元","7.0"
"3816834","兰因·璧月（上、下）","","'尼罗'","''","'长江出版社'","'2015-9-10'","'29.80元'","7.8"
"5921737","三生三世十里桃花2·緣之卷","緣之卷","唐七公子","","耕林出版文化事業","2008-10","NT$ 200","8.6"
"26718236","木兰无长兄1","","祈祷君","","百花洲文艺出版社","2016-2","29.80元","8.0"
"4012252","一路繁花相送","","'祈祷君'","''","'百花洲文艺出版社'","'2016-2'","'29.80元'","7.1"
"4130055","跨过千年来爱你","","秋夜雨寒","","沈阳出版社","2009-11","28.80","7.2"
"1792473","一代军师（第一部）","","随波逐流","","人民文学出版社","2006-04","29.9","8.3"
"19958299","大唐女法医·江南卷（上下）","","袖唐","","新世界出版社","2012-10","52.00元","7.6"
"10451835","凰权（终结篇）","","天下归元","","江苏文艺出版社","2012-5","59.80元","8.5"
"25785758","风雨浓，胭脂乱","","尼罗","","江苏文艺出版社","2013-12-1","32.80元","8.0"
"1742707","佣兵天下1","","说不得大师","","新世界出版社","2006年1月1日","22.0","8.4"
"2138527","法老的宠妃","","悠世","","朝华出版社","2007-06","29.80元","7.5"
"26948163","三生三世十里桃花 纪念版","","唐七","","湖南文艺出版社","2017-1","39.80","5.6"
"2984725","鬼吹灯之龙岭迷窟①（漫画版）","","天下霸唱 原著、林莹 编绘","","安徽文艺出版社","2008-1","18.00元","8.0"
"26281913","镇魂","","'天下霸唱 原著、林莹 编绘'","''","'安徽文艺出版社'","'2008-1'","'18.00元'","8.3"
"25733653","大主宰1","","天蠶土豆","","九星文化","2013-9-23","NTD 180","5.0"
"3879301","微微一笑很倾城","","顾漫","","江苏文艺出版社","2009-8","25.00","8.1"
"3205245","落落清欢","","南东北西","","河南文艺出版社","2008-09","25.00元","7.4"
"26603434","无心法师 第三卷","烽火青春","尼罗","","长江出版社","2015-10-15","29.8","7.7"
"26781333","格格不入（全两册）","","巫哲","","青岛出版社","2016-4-1","59.8","8.7"
"4245541","残影","死刑犯临刑前的不眠夜","二瘦子","","云南人民出版社","2010-1","28.00元","8.2"
"2138767","清风入梦·怡殇Ⅰ","清风入梦系列之一","凛冽","","朝华出版社","2007-07","22.0","8.0"
"1049070","等一个人咖啡","","九把刀","","接力出版社","2005-1","18.00元","8.4"
"4113424","穿墙而过","","[法]诺埃勒·凡德瑞","","王琢","谜斗篷","2014-8","7.7"
"26666471","夜空最亮的星","","颜月溪","","百花洲文艺出版社","2015-12-1","29.8","7.6"
"3244068","庆余年·陆","","猫腻","","中国友谊出版公司","2008-10","29.80元","8.5"
"2136038","诛仙8（大结局）","","萧鼎","","花山文艺出版社","2007-7","25.00元","7.0"
"3074810","穿越与反穿越","","桃之舟","","北岳文艺出版社","2008-5","26.80元","7.3"
"3065343","云中歌3","","桐华","","作家出版社","2008-4","24.80元","8.4"
"6040895","憾生","","绕梁三日","","重庆出版社","2011-4","26.00元","7.8"
"3392301","月上重火","","天籁纸鸢","","沈阳出版社","2009年1月1日","26.80元","7.8"
"1036067","那小子真帅","","[韩] 可爱淘","黄黉","世界知识出版社","2004-1","18.80元","6.6"
"3084682","琴帝","六道之决","唐家三少","","太白文艺出版社","2008-05","26.00元","7.3"
"5276802","饕餮娘子之岁寒记","","佟婕","","云南人民出版社","2010-9","25.00元","8.6"
"20432513","坑你三生三世","","茂林修竹","","新世界出版社","2013-1","29.80元","7.6"
"26315121","全职高手18·十年荣耀","","蝴蝶蓝","","长江少年儿童出版社","2015-1","25.00元","9.2"
"6510393","江南外传","原名《拈花一啸》","老千","","浙江文艺","2011-7-1","28.80元","8.2"
"25912734","他来了，请闭眼","","丁墨","","百花洲文艺出版社","2014-7-1","45.00","7.2"
"4249302","我的名字，你的姓氏","","青衫落拓","","江苏文艺出版社","2010-1-28","29.80元","7.3"
"2117552","历史的尘埃 1","兽城风云","知秋","","九州出版社","2007-5","22.00元","8.6"
"3898994","KAO，被潜了！","","金刚芭比","","中国画报出版社","2009-7","24.80元","7.3"
"1442620","和空姐同居的日子","","三十","","广西人民出版社","2005-12","20.00元","7.4"
"4090777","他，来自火星","","饭卡","","辽宁教育出版社","2009-10","29.80元","7.9"
"1003925","风姿物语No.1","","罗森","","上海人民出版社","2004-11","20.00","8.4"
"11622713","将军在上（上下）","","橘花散里","","浙江文艺出版社","2012-9","56.00元","7.3"
"4174098","那一场呼啸而过的青春","","吴小雾","","江苏文艺出版社","2009年11月","32.00元","8.2"
"26674263","司藤（上下）","","尾鱼","","江苏文艺出版社","2015-12","56.50元","8.4"
"6730936","扶摇皇后·终结篇（上下）","","天下归元","","江苏文艺出版社","2011-7","49.80元","8.2"
"1060779","圈里圈外","","庄羽","","中国文联出版社","2004-01","18.00元","7.4"
"1886402","如果这一秒，我没遇见你","","匪我思存","","新世界出版社","2006-9","20.00元","7.4"
"1007178","功夫","","九把刀","高韫之","华艺出版社","2004-11","20.00","8.3"
"4162625","衾何以堪","","木浮生","","国际文化出版公司","2009-12","26.80元","7.4"
"25803547","一生一世，美人骨","","墨宝非宝","","百花洲文艺出版社","2014-1-1","CNY 29.80","7.8"
"11613971","江湖不挨刀","","耳雅","","浙江文艺出版社","2012-8","29.80元","7.9"
"6890100","缥缈·提灯卷","","白姬绾","","新世纪出版社","2011-10","28.00元","8.7"
"3387582","从零开始","","'白姬绾'","''","'新世纪出版社'","'2011-10'","'28.00元'","7.4"
"6808505","异事录1","","蛇从革","","吉林出版集团","2011-9","29.80元","7.6"
"2271177","青春酷语（第四辑）","","珠雅 主编","","内蒙古人民出版社","2007-9","25.00","7.7"
"3170442","午门囧事Ⅰ","帝灵篇","影照","","花山文艺出版社","2008-9","26.80元","7.7"
"2094609","弹痕","","纷舞妖姬","","中国友谊出版公司","2006-12","26.00元","8.2"
"3177843","木槿花西月锦绣3","","海飘雪","","作家出版社","2008-09","28.80元","7.7"
"25765018","三生三世彼岸花·完美终结（上下）","","女巫的猫、abbyahy","","江苏文艺出版社","2013-11","55.00元","8.1"
"1607466","妖言惑众","妖魔公司“妖魔事务部”的故事","萧如瑟","","内蒙古人民出版社","2005年8月","18.0","8.4"
"2080619","且试天下2","","倾泠月","","二十一世纪出版社","2007-5","23.00元","8.2"
"3671352","嗨，我的男人","","漫漫红糖水","","沈阳出版社","2009-4","24.80元","7.4"
"3179389","未央·沉浮（全两册）","","瞬间倾城","","重庆出版社","2008-07","45.00元","7.5"
"6712214","妳是我學生又怎樣","","田畈","","禾马","2010-7-27","230","7.9"
"26595222","隐世十族","","原晓","","中国致公出版社","2016-2","25.00元","7.9"
"5350181","月满霜河（全两册）","","箫楼","","沈阳出版社","2010-10","49.80元","7.5"
"3420384","告诉大雄我爱她","彩虹堂","田畈","","沈阳出版社","2009-1","24.80元","7.2"
"3891452","纸婚","","叶萱","","国际文化出版公司","2009-9","28.00元","7.7"
"4209676","九鼎记","","我吃西红柿","","太白文艺出版社","2010-01","26.0","7.3"
"21334279","校花的貼身高手1","","魚人二代","","小說頻道","2011-8-3","NTD 170","5.4"
"4853249","春莺啭","","海青拿天鹅","","四川文艺出版社","2010-6","29.80元","7.5"
"26805297","我必须恋爱的理由","明天会更好","王大根","","江西人民出版社","2016-7-1","36.00","7.4"
"6532567","斗罗大陆2","","穆逢春（编绘）、唐家三少（原作）","","长江出版社","2011-5","10.00元","7.1"
"3069728","良辰讵可待","","晴空蓝兮","","国际文化出版公司","2012-11","24.80元","7.1"
"4242061","黑道悲情1","","孔二狗","","江苏人民","2010-4-1","29.00元","8.2"
"6440622","亿万老婆买一送一","","'孔二狗'","''","'江苏人民'","'2010-4-1'","'29.00元'","7.4"
"2176700","鬼吹灯之精绝古城（上下）（漫画版）","","林莹（编绘）、天下霸唱（原著）","","安徽文艺出版社","2007-07","36.0","8.1"
"1420368","裂锦","","思存","","新世界出版社","2005-8","20.00元","7.6"
"3621144","良言写意","","木浮生","","国际文化出版公司","2013-1","28.00元","7.3"
"1261471","香初上舞","","藤萍","","广西人民出版社","2005-1","18.00元","8.7"
"21336788","大唐明月3·西域烽烟","","蓝云舒","","上海文艺出版社","2013-1","29.00元","8.7"
"1485497","狂神2·堕落天使","堕落天使","唐家三少著","","百花洲文艺出版社","2005-12","22.00元","7.3"
"5313005","不存在未出版的错误条目","","'唐家三少著'","''","'百花洲文艺出版社'","'2005-12'","'22.00元'","6.7"
"26438770","如懿传大结局","","流潋紫","","中国华侨出版社","2015-7-31","32.80元","6.3"
"3016221","云中歌2","","桐华","","作家出版社","2008-2","24.80元","8.3"
"4018165","人性禁岛","第一部：决战荒岛","破禁果","","云南人民出版社","2009","28.00元","7.7"
"25855719","与凤行","","九鹭非香","","江苏文艺出版社","2014-4","35.00元","7.3"
"1959892","大漠谣·终结篇","","桐华","","河南文艺出版社","2007-1","20.00元","8.2"
"5063873","地师（1、2、3、4）","","徐公子胜治","","太白文艺出版社","2010-12-1","28.00元","8.2"
"26724638","灵路","","天蚕土豆","","广东人民出版社","2015-12-1","CNY 26.80","7.0"
"3293231","许我向你看","","辛夷坞","","河南文艺出版社","2008-12","25.00元","7.8"
"20283081","庶女攻略1","","吱吱","","浙江文艺出版社","2012-11","32.00元","7.5"
"4224756","危险关系","“彩虹杯”十万大奖征文大赛【冠军】","跳动的火焰、胡小媚","","北方妇女儿童出版社","2010-1","26.80元","7.7"
"1016523","告别薇安","","安妮宝贝","","中国社会科学出版社","2000-1","19.00","7.5"
"3165135","庆余年·贰","","猫腻","","中国友谊出版公司","2008-07","28.00元","8.5"
"2298478","知北游","","'猫腻'","''","'中国友谊出版公司'","'2008-07'","'28.00元'","8.6"
"4224227","怪你过分美丽","","未再","","黄山书社","2009-12","26.80元","7.5"
"4903361","侯卫东官场笔记2","逐层讲透村、镇、县、市、省官场现状的自传体小说","小桥老树","","凤凰出版社","2010-8","29.80元","8.3"
"6729710","鬼叫魂之阴阳先生","我当阴阳先生的那几年","崔走召","","文汇","2011-8","32.80元","8.0"
"2139108","潇然梦（上）","","小佚","","朝华出版社","2007-06","29.8","7.4"
"6041678","人生何处不尴尬","","赖宝","","新星出版社","2011-4","29.80元","7.4"
"3039108","极品家丁2","","禹岩","","广西人民出版社","2008-04","29.8","7.9"
"5916835","爱在泉城","","'禹岩'","''","'广西人民出版社'","'2008-04'","'29.8'","8.9"
"26357608","妖言水浒·卷一","东京往事","暗黑山老妖","","Dixie W Publishing Corporation","2015-3-26","USD 19.95","9.1"
"10786466","不负如来不负卿·蓝莲花","","小春","","浙江文艺出版社","2012-6","29.80元","7.3"
"3931437","销魂殿","","十四郎","","华文出版社","2009-8","28.00元","7.3"
"6974232","盗墓笔记8·大结局（上）","","南派三叔","","上海文化出版社","2011-12","32.80元","8.0"
"26873788","仇敌2","","常书欣","","中国文联出版社","2016-9","36.80元","7.7"
"21346268","大唐明月4·碧血黄沙","","蓝云舒","","上海文艺出版社","2013-1","29.00元","8.7"
"11502594","遮天1·九龙拉棺","","辰东","","太白文艺出版社","2012-7","28.00元","7.2"
"4252125","吉祥纹莲花楼·玄武","","藤萍","","万卷出版公司","2010-01","23.00元","8.7"
"1433700","孔雀森林","","蔡智恒","","新星出版社","2005-9","22.00元","7.4"
"7658805","士为知己（全二册）","","蓝色狮","","江苏文艺出版社","2012-1","49.80元","7.8"
"4703557","君生我已老","","爱爬树的鱼","","国际文化出版公司","2010-4","28.00元","7.3"
"3733114","被遗忘的时光","","青衫落拓","","国际文化出版公司","2009年6月","25.00元","7.3"
"26278610","红尘四合（上下）","","尤四姐","","江苏凤凰文艺出版社","2014-12-12","59.80元","7.3"
"25725666","活在晚明①","当时年少春衫薄","贼道三痴","","北京时代华文书局","2013-8","29.80","7.9"
"5414115","错嫁良缘之一代军师（上下）","","浅绿","","北方妇女儿童出版社","2011-1","45.00元","7.4"
"2040795","佛本是道1","","梦入神机","","大众文艺出版社","2007-3","22.00元","7.6"
"4118264","五蠹","","水合","","江苏文艺出版社","2009-11","25.00元","7.4"
"2069604","成全了自己的碧海蓝天","","蓝小汐","","江苏文艺","2007-4","20.00元","7.4"
"23018957","帝皇书（全二册）","","星零","","青岛出版社","2013-4","59.80元","7.8"
"5281331","再不相爱就老了","","吴虹飞","","广西师范大学出版社","2010-8","42.00元","7.7"
"25768282","苗疆蛊事2","","南无袈裟理科佛","","上海社会科学院出版社","2013-12-1","39.80","8.0"
"2703292","兰陵缭乱","","Vivibear","","朝华出版社","2008-2","22.00元","7.5"
"26587753","司命","","九鹭非香","","阳光出版社","2015-8","26.80元","7.3"
"2354896","幽冥仙途","最真实得仙侠世界。","减肥专家","","鲜鲜文化事业有限公司","2007","160台币","8.5"
"10442344","九歌.绿衣","","米兰Lady","","上海人民出版社 世纪文睿出品","2012-1","26.00元","7.7"
"3069478","凤血","《凰图》前传","寐语者","","花山文艺出版社","2008-5","25.00元","7.5"
"1400049","搜神记Ⅱ·大荒惊变","","树下野狐","","辽宁教育出版社","2005-05","25.0","8.6"
"2297710","一年天下","","煌瑛","","朝华出版社","2007-10","29.8","7.3"
"24877322","江山不夜","蓬莱卷","沈璎璎","","安徽人民出版社","2013-9","32.80元","8.3"
"10344574","傲风","","风行烈","","江苏文艺出版社","2012-2","49.80元","8.0"
"3258458","贼猫","","天下霸唱","","安徽文艺出版社","2008-10","28.00元","7.0"
"11614388","军火皇后（上下）","","潇湘冬儿","","青岛出版社","2012-9","59.80元","7.2"
"4197229","如意蛋 上","","大风刮过","","2009","12","08","8.1"
"3389971","永夜（上下）","","桩桩","","朝华出版社","2009-1","49.80元","7.7"
"1410145","诛仙3","","萧鼎","","朝华出版社","2005-8","22.00元","8.3"
"7162172","媚公卿（上下）","","林家成","","江苏文艺出版社","2011-12","49.80元","7.4"
"1440611","迷侠记","","施定柔","","朝华出版社","2005-9","20.0","7.9"
"3227999","邪气凛然","血腥非洲","跳舞","","珠海出版社","2008-09","26.80元","8.2"
"4135941","欢天喜帝","","行烟烟","","朝华出版社","2009-10","29.80元","7.4"
"2005545","红颜乱","","朵朵舞","","河南文艺出版社","2006-12-01","25.00元","7.4"
"26339855","有种后宫叫德妃","","阿琐","","北京联合出版公司","2015-3","32.8","7.3"
"6528739","谁的等待，恰逢花开","","长着翅膀的大灰狼","","武汉出版社","2011-7","28.00元","7.4"
"25770951","锦绣未央(4、5、6)","","秦简","","江苏文艺出版社","2013-12","75.00元","6.1"
"10742649","呸，下流胚","","'秦简'","''","'江苏文艺出版社'","'2013-12'","'75.00元'","7.6"
"20434306","决战在即-斗破苍穹-26","决战在即","''秦简''","''''","''江苏文艺出版社''","''2013-12''","''75.00元''","6.8"
"6728194","鬼吹灯之圣泉寻踪","","天下霸唱、御定六壬","","金城出版社","2011-8-15","35.80元","6.7"
"23720194","海棠依舊：知否？知否？應是綠肥紅瘦 卷七 那人卻道，海棠依舊 完","","'天下霸唱、御定六壬'","''","'金城出版社'","'2011-8-15'","'35.80元'","8.6"
"10540821","龙缘","","大风刮过","","新世界出版社","2012-4","49.80元","7.8"
"5379541","执子之手，将子拖走","","天下无病","","中国文联出版公司","2010-11","32.80元","7.1"
"26856665","与时光擦肩而过","","'天下无病'","''","'中国文联出版公司'","'2010-11'","'32.80元'","8.6"
"6072853","橙红年代","","骁骑校","","山东人民出版社","2011-4","29.00元","8.3"
"10762477","全职高手2·千机初芒","","蝴蝶蓝","","湖北少年儿童出版社","2012-5","25.00元","9.0"
"2253362","清宫·红尘尽处（上下）","","爆走金鱼","","朝华出版社","2007-09","42.0","7.8"
"26384540","原始再来（上下册）","","月下桑","","世界知识出版社","2015-4-30","59.6元","8.1"
"1083257","烈火如歌","","明晓溪","","新世界出版社","2004-07-01","20.00元","7.4"
"22933018","斗破苍穹","","天蚕土豆","","湖北少儿出版社","2010-7","695.00元","6.6"
"4746933","拍翻御史大夫  二‧進士卷","三十折得蟾宮桂
一城新染月中香","謝金魚","","繆思出版","2010-4","NT 260","8.9"
"26780911","大哥（上）","","Priest","","上海人民美术出版社","2016-3","32.00元","8.9"
"3875446","塵緣1·打入濁世","","煙雨江南","","鮮鮮文化","2006-10-19","NTD 160","8.2"
"3680215","皇后策","","谈天音","","花山文艺出版社","2009-5","49.80元","7.4"
"19936010","三生三世十里桃花","","唐七公子","","湖南文艺出版社","2012-10","29.80元","7.7"
"4725541","大漠苍狼","绝地勘探","南派三叔","","文化艺术出版社","2010-04","26.80元","7.6"
"3998030","妖怪记事簿","怎能忘了西游~","敦煌","","人民文学出版社","2009年8月","29.00元","8.6"
"3165386","庆余年·肆","","猫腻","","中国友谊出版公司","2008-09","28.00元","8.6"
"2028070","绾青丝Ⅱ","沧都篇","波波","","花山文艺出版社","2007-3","22.00元","7.8"
"20507294","大唐女法医·帝京卷（上下）","","袖唐","","新世界出版社","2013-2","59.00元","7.6"
"2342840","苏旷传奇","","飘灯","","江苏文艺出版社","2007-12","22.00元","8.4"
"26731255","浪花一朵朵","","酒小七","","青岛出版社","2016-1","48.00","7.6"
"3135064","薄荷荼靡梨花白","","电线","","百花洲文艺出版社","2008-06","28.00元","6.9"
"1062326","爱尔兰咖啡","","蔡智恒","","知识出版社","2001-3","14.80元","6.9"
"26738321","思美人","","海青拿天鹅","","青岛出版社","2016-3","55.00元","6.9"
"26882866","识汝不识丁","","'海青拿天鹅'","''","'青岛出版社'","'2016-3'","'55.00元'","7.3"
"3056907","宸宫（上下）","","沐非","","朝华出版社","2008-04","45.00元","7.3"
"25891017","不疯魔，不成活","","微笑的猫","","甘肃人民美术出版社","2014-4-1","28.00元","8.5"
"25732720","无方少年游（全两册）","","四木","","光明日报出版社","2013-8","55.00元","7.8"
"4837447","两只前夫一台戏","","电线","","国际文化出版公司","2010-6","26.80元","7.3"
"10742647","那村那人那傻瓜 上","","福寶","","藍襪子出版社","2012-5-8","NT$220","8.1"
"3172031","七界传说后传1·龙腾北国","冰临天下","心梦无痕","","湖北少年儿童出版社","2008-6","23.00元","7.4"
"20510068","邪器1","","知樂","","河圖文化","2011-12-8","NTD 180","7.5"
"1443458","迷行记","","施定柔","","朝华出版社","2005-11","20.0","7.9"
"1817625","善良的死神","","唐家三少","","云南美术出版社","2006-5","23.0","7.2"
"6861939","帝凰（上中下）","","天下归元","","江苏凤凰文艺出版社","2011-9","75.00元","7.6"
"4162727","步天歌","","煌瑛","","长江文艺出版社","2009-12","29.00元","8.2"
"20509118","我的房东叫别扭","","'煌瑛'","''","'长江文艺出版社'","'2009-12'","'29.00元'","7.5"
"2004509","梦回大清","终结篇","金子","","朝华出版社","2007-2","22.00元","7.6"
"26668796","灯下黑","阴影之内，常理之外","羊行屮","","广东人民出版社","2015-12-20","35.00","7.7"
"26275998","寒武再临","","水千丞","","百花洲文艺出版社","2014-12","26.80元","8.2"
"1082515","理工大风流往事","","Zt","","华夏出版社","2003-11","18.00","7.5"
"4866987","如果·宅","","有时右逝、丁长宏","","云南人民出版社","2010-6","29.90元","8.6"
"1928490","如果可以这样爱","","千寻千寻","","广西人民出版社","2006-11","28.00元","7.9"
"2970998","青囊尸衣","","鲁班尺","","河南文艺出版社","2008-01","26.8","6.9"
"5325550","若爱只是擦肩而过","","秋夜雨寒","","国际文化出版公司","2010-10","28.00元","7.4"
"5376551","江山如画（全二册）","","四叶铃兰","","北方妇女儿童出版社","2010-11","49.80元","7.5"
"3730731","许我向你看（终结篇）","","辛夷坞","","江苏文艺出版社","2009-6","25.00","8.0"
"19987171","最后一个道士1","","夏忆","","百花洲文艺出版社","2012-11","29.80元","7.1"
"25923242","如何不相离","","藤萍","","黑龙江美术出版社","2014-5-1","28.00元","7.9"
"26296039","假凤惊鸾","","燕青萝","","江苏凤凰文艺出版社","2015-2","75.00元","6.6"
"3134869","星辰变2","","我吃西红柿","","百花洲文艺出版社","2008-06","23.8","7.7"
"2975947","笑倾三国（Ⅰ、Ⅱ）","","梦三生","","华文出版社","2008-01","46.00","7.5"
"4175344","一辈子暖暖的好（全二册）","《明珠》","皎皎","","江苏文艺出版社","2010-1","45.00元","7.6"
"3024940","新宋Ⅱ·权柄1","","阿越","","花山文艺出版社","2008-04","25.0","8.6"
"26700354","危宫惊梦","","狂上加狂","","百花洲文艺出版社","2016-3","50.00元","7.2"
"1692012","烟波江南Ⅰ·梨花落·碧玉钗","","香蝶","","华艺出版社","2006-2-1","18.00元","8.0"
"3151078","大约是爱（全二册）","","李李翔","","朝华出版社","2008-7","38.00","7.2"
"25735703","芥子","","橘花散里","","中国致公出版社","2013-7","26.80元","8.0"
"5029379","毕业后，我们裸婚","","李明","","重庆出版社","2010-9","26.00元","6.7"
"3389953","天长地久","","Jas","","花山文艺出版社有限责任公司","2008-1","26.80元","7.7"
"3065698","白昼的星光","","木梵","","朝华出版社","2008-4","22.00元","7.3"
"3884307","梦落芳华","","也顾偕","","河南文艺出版社","2009","26.80元","7.3"
"3575831","卜案","大唐李淳风传奇","小号鲨鱼","","黄山书社","2009-3","28.00元","8.0"
"3593982","跑跑江湖打打酱油（全二册）","","十四郎","","珠海出版社","2009-3","48.00元","7.3"
"26403896","永安调","","墨宝非宝","","花山文艺出版社","2015-6","36.00元","7.9"
"26695255","蜜汁炖鱿鱼","","墨宝非宝","","百花洲文艺出版社","2016-1","29.80元","6.9"
"24379854","后宫·如懿传3","","流潋紫","","中国华侨出版社","2013-6-1","32.80","7.1"
"3071317","此心无垠（全2册）","","无非由","","长江文艺出版社","2008-04","46.0","7.2"
"10577009","网游之近战法师1·一战成名","","蝴蝶蓝","","新世界出版社","2012-3","25.00元","8.6"
"3244065","庆余年·伍","","猫腻","","中国友谊出版公司","2008-10","28.00元","8.5"
"2382087","绾青丝Ⅳ（下）","绝胜篇","波波","","花山文艺出版社","2008-1","23.80","7.8"
"4929998","侯卫东官场笔记3","逐层讲透村、镇、县、市、省官场现状的自传体小说","小桥老树.","","凤凰出版社","2010-9","29.80元","8.3"
"2382094","绾青丝Ⅳ（上）","绝胜篇","波波","","花山文艺出版社","2008-1","23.80","7.8"
"2139618","寻找前世之旅续集","","Vivibear","","朝华出版社","2007-06","29.8","7.5"
"3675782","一片冰心在玉壶（上下）","","蓝色狮","","花城出版社","2009-3","48.00元","7.6"
"3250733","午门囧事Ⅱ","西陵篇","影照","","花山文艺出版社","2008-11","26.80","7.8"
"3266335","爱与乐的彼岸","彩虹堂","春十三少","","内蒙古文化出版社","2008-10","25.00元","7.6"
"4158875","爱如指间沙","","靡宝","","江苏人民出版社","2009-12","29.80元","7.5"
"2359687","堕落天使","","纪媛媛","","人民文学出版社","2007-11","18.00元","8.0"
"4885795","酒神（全14卷）","","唐家三少","","太白文艺出版社","2010-7","26.00元","7.1"
"1842679","狂神6","狂神之巅","唐家三少","","百花洲文艺出版社","2005-12","23.00元","7.4"
"3618055","和空姐同居的日子","第二季","三十","","中国海关出版社","2009年","24.00元","7.6"
"2221121","木槿花西月锦绣2","","海飘雪","","作家出版社","2007-07","24.8","7.8"
"20444642","慈悲城","","丁墨","","北京燕山出版社","2013-1-1","29.80元","7.1"
"2375894","秀丽江山·白虎卷","","李歆","","朝华出版社","2008-01","22.0","7.9"
"1925201","如梦令·三窃","茗剑传奇系列第三部","水珠儿","","中国三峡出版社","2006-07","22.0","7.8"
"10792272","武动乾坤1·血池石符","","天蚕土豆","","湖北少年儿童出版社","2012-5","28.00元","6.1"
"26743403","一生一世，黑白影画","","墨宝非宝","","江苏凤凰文艺出版社","2016-3","32.00元","7.1"
"1799812","飘邈之旅1:误入天庭","","萧潜","","南海出版公司","2006-04","22.00元","8.0"
"2241269","清风入梦·怡殇Ⅱ","","凛冽","","朝华出版社","2007-08","22.0","8.2"
"3259415","彼爱无岸","","不经语","","花山文艺出版社","2008-11","28.80元","7.6"
"10809124","沉香如屑《下》","","蘇寞","藍襪子出版社","喵喵屋出版社","2011-9-20","NT$220","8.4"
"25934782","盛世良缘","","凤轻","","江苏文艺出版社","2014-8","79.80元","6.8"
"4184175","陽神3","","夢入神機","","小說頻道","2009-11","NTD 160","7.5"
"3101218","木子美性愛日記","完整版遺情書","木子美","","東文林堂","2005年08月01日","480NT＄","6.3"
"21365305","首席医官4","","谢荣鹏","","九州出版社","2013-2-1","39.80元","7.8"
"3895158","哪瓣洋葱不流泪","","田畈","","辽宁教育出版社","2009-7","26.80元","7.5"
"2048588","第一皇妃（Ⅰ、Ⅱ）","","犬犬","","朝华出版社","2007-04","35.0","7.6"
"25786539","江山多少年","","大风刮过","","新世界出版社","2013-12","29.80元","7.8"
"1804980","狂神5","狂神铠甲","唐家三少'","","百花洲文艺出版社","2006-5","23.00元","7.4"
"25768287","苗疆蛊事3","","南无袈裟理科佛","","上海社会科学院出版社","2013-12-1","39.80","8.0"
"5391689","花间提壶方大厨","","耳雅","","沈阳出版社","2010-12","29.80元","7.3"
"26264633","首席医官13","","谢荣鹏","","二十一世纪出版社","2014-9-1","CNY 39.80","8.2"
"1026674","狼的诱惑","","可爱淘","黄黉","世界知识出版社","2004-08","20.0","6.9"
"5905877","重紫（全两册）","","蜀客","","江苏文艺出版社","2010-12","45.00元","7.3"
"1921362","诛仙7","","萧鼎","","花山文艺出版社","2006-11","22.00元","7.8"
"4273260","不存在未出版的错误条目","","'萧鼎'","''","'花山文艺出版社'","'2006-11'","'22.00元'","7.4"
"1932401","乱世铜炉","","''萧鼎''","''''","''花山文艺出版社''","''2006-11''","''22.00元''","9.0"
"26774292","没有来生","","月下桑 著作","","世界知识出版社","2016-3-1","CNY 98.40","8.7"
"1428345","伊甸樱桃","","慕容雪村","","中信出版社","2005-10","22.00元","7.3"
"3165385","庆余年·叁","","猫腻","","中国友谊出版公司","2008-09","28.00元","8.5"
"25698499","半欢半爱","","蓝白色","","百花洲文艺出版社","2013-8-1","29.80元","6.5"
"2973657","微雨红尘（上下）","","桩桩","","朝华出版社","2008-02","39.0","7.5"
"26800331","护心","","九鹭非香","","百花洲文艺出版社","2016-6-1","59.80元","7.8"
"1485498","狂神3","狂神传承","唐家三少  著","","百花洲出版社","2005-12","22.00元","7.4"
"1433726","诛仙5","","萧鼎","","朝华出版社","2005-10","22.00元","8.1"
"1002862","我的住院日记之羊肉炉不是故意的","","LogyDog","Bomb","作家出版社","2004-11","15.00","7.3"
"10795878","仙逆1·天逆珠子","","耳根","","云南教育出版社","2012-1","25.00元","7.2"
"2368191","金陵女子2","","休相问","","现代","2007-12","22.00元","8.5"
"3065701","哪一年让一生改变","","姬流觞","","朝华出版社","2008-4","25.00元","7.1"
"26612679","南方有乔木","","小狐濡尾","","中国文联出版社","2015-11","28","7.6"
"2327556","不辞冰雪为卿热（全2册）","","青木香","","现代出版社","2007-11","42.0","7.6"
"1426673","搜神记Ⅲ·灵山十巫","","树下野狐","","辽宁教育出版社","2005-07","25.0","8.6"
"2305270","凤求凰","","猗兰霓裳","","现代出版社","2007-11","24.0","7.1"
"2147373","朱雀记","","猫腻","","花山文艺出版社","2007-5","22.00元","7.2"
"4859438","没有烟总有花","附人气番外“爆笑小夫妻怀孕日记”","未再","","上海人民出版社","2010-5","28.00元","7.5"
"4885129","残影2","","二瘦子","","云南人民出版社","2010-5","26.00元","8.1"
"26731752","龙王传说","","唐家三少","","湖南少年儿童出版社","2016-1-16","¥28.00","7.0"
"5366006","Blood X Blood：血族传说大结局","","妖舟","","时代文艺出版社","2010-12","29.80元","8.4"
"4175356","网游之没事找找虐","","青衫风流","","江苏文艺出版社","2010-3","26.80元","7.0"
"25903898","后宫·如懿传5","","流潋紫","","中国华侨出版社","2014-7","32.80元","6.9"
"1036243","夜玫瑰","","蔡智恒","","现代出版社","2003-01","18.00","7.4"
"5269361","盜情","","向晴","","誠果屋","2006-6-12","NT$180","7.9"
"3097587","微光","Out of the darkness into the lights","阿白白","","花山文艺出版社","2008","22.00元","7.6"
"4277650","结爱·异客逢欢","","施定柔","","文化艺术出版社","2010-2","29.80元","7.8"
"3061895","心素如简","","陆观澜","","内蒙古人民出版社","2008-2","22.00元","7.0"
"4175419","缠绵","","雪灵之","","北京妇女儿童出版社","2009-12","26.80元","7.0"
"25719558","闻香榭之一 脂粉有灵","","海的温度","上海人民出版社","世纪文睿","2013-8","32.00元","7.9"
"2017876","仙剑神曲(全五册)","","牛语者","","太白文艺出版社","2006-6","20.00元","8.1"
"26698993","杀青","","天下溪","","中国华侨出版社","2016-2-19","CNY 32.80","8.0"
"3284067","佳期如梦之海上繁花","","匪我思存","","新世界出版社","2008-11","25.00元","7.6"
"24232307","最后一束米迦勒雏菊","","春十三少","","百花洲文艺出版社","2013-4","29.80元","7.5"
"2340167","醉玲珑（下卷）","","十四夜","","朝华出版社","2007-12","22.00元","7.9"
"2216419","冷宫","","猛虎嗅蔷薇","","作家出版社","2007-8","18.00元","7.5"
"3244004","星辰变4","","我吃西红柿","","百花洲文艺出版社","2008-09","23.80元","7.7"
"3027642","青春酷语 第七辑","","珠雅 主编","","内蒙古人民出版社","2008-1","48.00","7.5"
"26252198","親愛的阿基米德（上）","","玖月晞","","聯合文學","2014-11-5","NT$250","7.5"
"25744235","侯门新妇-嫤语书年","","海青拿天鹅","","太白文艺出版社","2013-10","50.00元","7.4"
"2998731","到开封府混个差事","","欧阳墨心","","珠海出版社","2008-01","24.8","8.3"
"5247942","人生若只如初贱","","墨青城","","中国画报出版社","2010年9月","26.80元","7.2"
"1414742","龙日一，你死定了","","小妮子","","北岳文艺出版社","2005-5-1","20.00元","6.2"
"3740290","婆婆来了","玫瑰与康乃馨的战争","阑珊","","凤凰出版社","1970-1-1","29.00元","7.8"
"6518246","斗破苍穹4·吞噬异火","","天蚕土豆","","湖北少年儿童出版社","2011-5","24.00元","7.3"
"1449307","我把爱情煲成汤","","宝妻","","中国三峡出版社","2005-12-01","18.00元","7.9"
"24339872","至此终年","","墨宝非宝","","江苏文艺出版社","2013-6","22.80元","7.8"
"4217086","晨曦之雾","","飘阿兮","","国际文化出版公司","2010-1","29.80元","7.5"
"2244881","宝珠鬼话之锁麒麟","","水心沙","","花山文艺出版社","2007-9","20.00元","8.4"
"26522435","凝爱成珠.1 归来","","尼卡","","江苏文艺出版社","2015-7","32.80元","8.0"
"1770668","诛仙6","","萧鼎","","朝华出版社","2006-4","22.00元","8.0"
"2340168","醉玲珑（中卷）","","十四夜","","朝华出版社","2007-12","22.0","7.9"
"3115372","鬼吹灯之龙岭迷窟2（漫画版）","","林莹（编绘）、天下霸唱（原著）","","安徽文艺出版社","2008-05","18.00元","8.1"
"25713178","我当道士那些年2","","'林莹（编绘）、天下霸唱（原著）'","''","'安徽文艺出版社'","'2008-05'","'18.00元'",""
"3696953","绿红妆之军营穿越","","金子","","百花文艺出版社","2009-4","45.00元","7.9"
"26291302","我欲封天","","'金子'","''","'百花文艺出版社'","'2009-4'","'45.00元'","6.6"
"3178968","妖刀記2","红螺染枫","默默猴","","河图文化","2008","台币160元","9.0"
"5256867","三生三世桃花依旧","","慕容湮儿","","文汇","2010-9","26.80元","6.0"
"3810025","卡徒（第一季）","","方想","","广西人民出版社","2009-8-1","26.80元","8.2"
"4144066","江山（一）","初入帝都","墨武","","云南人民出版社","2009-11","29.80元","8.5"
"5297359","错嫁良缘之洗冤录","","浅绿","","北方妇女儿童出版社","2010-10","29.80元","7.3"
"1028916","雨衣","","蔡智恒","","知识出版社","2000-10","13.80","6.9"
"25719303","我的一个朋友","","孔恰","","留守番工作室","2013-5","78.00元","8.8"
"2150985","光之子（上中下）","","唐家三少","","百花洲文艺出版社","2007-05","66.0","6.6"
"11587934","美人凶猛（上、下册）","","沐水游","","青岛出版社","2012-9","59.80元","7.4"
"6538396","斗破苍穹5·佛怒火莲","","天蚕土豆","","湖北少年儿童出版社","2011-6","24.00元","7.3"
"10490350","后宫·如懿传","","流潋紫","","中国华侨出版社","2012-4","32.80元","7.2"
"3215659","星辰变3","","我吃西红柿","","百花洲文艺出版社","2008-07","23.8","7.7"
"3561593","重生于康熙末年（一）","转流年","雁九","","黄山书社","2009-3","26.80元","8.1"
"3021414","除了我你还能爱谁","","四叶铃兰","","朝华出版社","2008-03","29.80元","7.2"
"3128636","末路相逢","","晴空蓝兮","","国际文化出版公司","2012-11","28.00元","7.2"
"10738605","卿本风流（上下）","","林家成","","江苏文艺出版社","2012-6","55.00元","7.0"
"10537125","寡人有疾","","随宇而安","","光明日报出版社","2012-3","21.80元","7.2"
"4864227","我在黑社会卧底的日子","小说版无间道，真实卧底的亲历叙述","颓少","","云南人民","2010-7","32.00元","8.0"
"10758278","归离（上下）","","十四夜","","江苏文艺出版社","2012-6","55.00元","7.7"
"1787843","兽血沸腾（第一卷）","","静官","","广西人民出版社","2006-04","22.0","7.6"
"2595030","华丽诱惑·穿越到后宫做妃子","","木轻烟","","珠海出版社","2008-01","25.8","5.8"
"2204232","7-ELEVEN之恋","","蔡智恒","","联经出版社","2005-6-1","新台币72元","7.0"
"4167370","寂静流年遍开花","","笙离","","北方妇女儿童出版社","2009-11-1","26.80元","7.2"
"3244671","盗墓笔记之2：怒海潜沙","","南派三叔","","普天出版社","2007-09","199元","8.2"
"25881528","只有海豚知道","","折纸蚂蚁","","百花洲文艺出版社","2014-6","29.80","7.6"
"2176855","潇然梦（下）","","小佚","","朝华出版社","2007-07","29.8","7.5"
"25700787","掌事(卷一)","","清楓聆心","","說頻文化","2013-6-11","NTD 250","7.8"
"3766379","新宋Ⅲ·燕云3","","阿越","","花山文艺出版社","2009-6-1","25.00元","8.6"
"2370240","眉姐","叫我小男人的那个成熟少妇","葵花小子","","对外翻译","2008-1","22.80元","8.2"
"3306251","离魂","","蓝紫青灰","","珠海出版社","2009-01","29.80","7.5"
"3611391","史上第一混乱·第二季·山寨武校","","张小花","","黄山书社","2009-3","26.80元","8.7"
"3015786","有一种爱情叫兄弟Ⅰ","","十八子墨","","花山文艺出版社","2008-03","26.8","8.0"
"26673297","娇娘医经1","","希行","","浙江文艺出版社","2015-9","32.00元","7.5"
"26361681","女官","","小狐濡尾","","北方文艺出版社","2015-4","29.80元","7.6"
"25762233","厉嘉禾，只要你说爱我","","左瞳","","湖南人民出版社","2013-11","22.80元","6.8"
"25773513","雪中悍刀行 3","春雷闯江湖","'左瞳'","''","'湖南人民出版社'","'2013-11'","'22.80元'","8.5"
"4729680","路鸟","","狂言千笑","","新世界","2010-4","28.00元","7.8"
"3271259","花间（上下）","","兰思思","","大众文艺出版社","2008-11","39.00元","7.4"
"4585039","请继续，爱我到时光尽头","","皎皎","","时代文艺出版社","2010-3","26.80元","7.4"
"3227189","宝珠诡话","","水心沙","","中国画报出版社","2008-9","25.00元","8.5"
"2099309","弹痕II-风云际会","风云际会","纷舞妖姬","","中国友谊","2007-01-01","26.0","8.5"
"5336752","新宋Ⅲ·燕云4","燕云4","阿越","","花山文艺出版社","2010年","29.80元","8.5"
"6557103","彩虹的重力","","施定柔","","沈阳出版社","2011-6","26.00元","7.4"
"4833933","小女花不弃","","桩桩","","江苏文艺出版社","2010-6","29.80元","7.4"
"25793692","闻香榭之三 沉香梦醒","","海的温度","上海人民出版社","世纪文睿","2014-1","30.00","8.0"
"26067840","爱情无非就长这个样子","","梦里闲人","","现代出版社","2014-7-1","CNY 56.00","8.0"
"26148091","儒道至圣","","永恒之火","","新知三联书店","2014-10-13","25","7.3"
"4175347","流年明媚·相思谋","","桩桩","","江苏文艺出版社","2010-1","25.00元","7.2"
"6528103","我只是遗憾不能陪你一起老","徐静蕾博客鼎力推荐，天涯过千万点击，年度最给力八卦，话题女王南瓜","MISS南（南瓜太太）","","云南美术出版社","2011-6-30","25.00元","7.1"
"25801876","宮略","","尤四姐","","北方妇女儿童出版社","2014-1","59.80元","7.2"
"4020356","不怕狼心如鐵","","紀珞","","誠果屋","2005-9-12","NT$180","7.7"
"1071495","一杯热奶茶的等待","","詹馥华","","京华出版社","2003-09","18.00","7.2"
"26599706","诺言已老，遇见恰好","","苏格兰折耳猫","","中国友谊出版社","2015-9","32.80元","6.8"
"3042924","茅山后裔4","不死传说","大力金刚掌","","太白文艺出版社","2007-12","26.80元","8.1"
"4932088","灯火阑珊处","","青衫落拓","","沈阳出版社","2010-7","29.80元","7.4"
"25908426","玉台碧","","桩桩","","团结出版社","2014-7","49.80元","7.2"
"3236601","恶魔法则1","","跳舞","","长征出版社","2008-10","29.80元","7.9"
"20563156","斗罗大陆·第二部·绝世唐门2","","唐家三少","","湖南少年儿童出版社","2013-1","26.00元","6.4"
"25766551","唐砖1·土豆有妖气","","孑与2","","文心出版社","2013-10","25.00元","7.3"
"4280221","宫（全二册）","","当木当泽","","文化艺术出版社","2010-3","50.00元","7.8"
"25904568","乱世为王（上卷）","","顾雪柔","","浙江人民美术出版社","2014-6-1","32.00元","8.8"
"25747627","一日为叔，终身不负","","折火一夏","","中国民族摄影艺术出版社","2013-9","26.80元","5.6"
"4738290","狩魔手记 No. 1","荒野狼","烟雨江南","","上海锦绣文章出版社","2010-4","28.00元","8.2"
"3321449","韦帅望的江湖之大刃无锋","","晴川","","湖北辞书出版社","2008-12","26.00元","9.1"
"2012687","神墓2·古神遗迹","","辰东","","九州出版社","2007-02","22.0","7.7"
"26702162","民国遗事1931","","'辰东'","''","'九州出版社'","'2007-02'","'22.0'","8.2"
"3894603","穿越之天雷一部（全二册）","","蜀客","","北方妇女儿童出版社","2009-7-1","49.80元","7.6"
"26610473","鲜花盛开的春天","","人海中","","化学工业出版社","2015-11","32.00元","7.5"
"11507163","心肝","","长着翅膀的大灰狼","","国际文化出版公司","2012-7","26.80元","7.0"
"10343028","殿上欢（上下）","","沐非","","江苏文艺出版社","2012-1","49.80元","7.3"
"1478890","杀手","","九把刀","","安徽文艺出版社","2006年01月","20.0","8.5"
"4088400","城外的月光（套装上下册）","","蓝鸢星","","百花文艺出版社","2009-9","42.00元","8.0"
"1062346","王贵与安娜","","六六","","上海人民出版社","2004-09","19.80","8.0"
"2981704","绝色赌妃Ⅱ","","晚歌清雅","","江苏文艺出版社","2008-01","22.0","6.8"
"2300051","勿忘","","因爱","","朝华出版社","2007-10","23.8","7.7"
"4889767","步步生莲（全14卷）","","'因爱'","''","'朝华出版社'","'2007-10'","'23.8'","7.5"
"4855558","毕业八年，我重逢了高中的校花","","朱口口","","文化艺术出版社","2010-6","28.00元","7.7"
"10566532","海棠依舊：知否？知否？應是綠肥紅瘦 卷二","一從梅粉褪殘妝，塗抹新紅上海棠","'朱口口'","''","'文化艺术出版社'","'2010-6'","'28.00元'","8.6"
"3224322","可惜不是你","","叶紫","","朝华出版社","2008-09","25.00元","6.8"
"1083255","天舞·青梅","","杜若","","华文出版社","2006-11","22.0","7.7"
"4250750","妖刀記1","荒塜妖刀","默默猴","","河圖文化","2008年03月28日","NTD160","8.4"
"2117535","如果可以这样爱·续","","千寻千寻","","广西人民出版社","2007-5","22.80元","8.5"
"6805154","再生缘（上中下）","我的温柔暴君","墨舞碧歌","","江苏文艺出版社","2011-9","75.00元","7.6"
"5261747","薄暮晨光","","晴空蓝兮","","中国文联出版社","2010","25.00元","7.3"
"26264635","首席医官11","","谢荣鹏","","二十一世纪出版社","2014-5-1","CNY 39.80","8.2"
"26614962","一见阳光就灿烂","","明月听风","","江苏凤凰文艺出版社","2015-10","28.00元","8.1"
"6727858","鬼差","","十七、夜摩","","藍襪子出版社","2011-4-19","54.00","7.8"
"2257608","秀丽江山·青龙卷","","李歆","","朝华出版社","2007-09","25.0","7.9"
"10876729","何欢","","步微澜","","江苏文艺出版社","2012-7","48.00元","8.1"
"2304613","绝色赌妃Ⅰ","","晚歌清雅","","江苏文艺出版社","2007-11","22.0","6.7"
"25838009","女心理师之江湖断案","","明月听风","","北方文艺出版社","2014-3","59.80元","7.6"
"5261719","只为爱","","长着翅膀的大灰狼","","文化艺术出版社","2010-10","22.80元","7.7"
"6853804","斗罗大陆3","","穆逢春","","中国致公出版社","2011-8","10.00元","7.1"
"1014751","异人傲世录1·异世逍遥","","明寐","","中国广播电视出版社","2005-01","20.0","8.4"
"1443276","狼群2","","刺血","","朝华出版社","2005-1","23.00元","9.0"
"1334600","不可抗力 上","","藍淋","","鮮歡","2005年06月02日","NT$ 180","7.9"
"2288853","茅山后裔2","兰亭集序","大力金刚掌","","太白文艺出版社","2007-6","24.80","8.0"
"1964473","流光夜雪","","十四阙","","人民日报出版社","2007-3","21.80","7.7"
"2026188","天眼","","景旭枫","","花山文艺出版社","2007-2","32.00元","7.7"
"20393132","闭起双眼你会挂念谁","","云五","","中国华侨出版社","2013-1","29.80元","7.9"
"3239554","新宋Ⅲ·燕云1","","阿越","","花山文艺出版社","2008-10","29.80元","8.6"
"4849498","遇见你是我最美丽的意外","","叶紫","","万卷出版公司","2010","26.00元","6.7"
"10594424","月沉吟（上下）","","卿妃","","朝华出版社","2012-5","49.80元","7.2"
"3024962","满身风雨你从海上来","","藤瓜","","陕西师范大学出版社","2008-05","28.0","7.2"
"11444474","缥缈·鬼面卷","","白姬绾","","南方日报出版社","2012-7","28.00元","8.6"
"23018956","许我一世清欢","","墨子都","","青岛出版社","2013-3","28.00元","6.9"
"1436959","搜神记Ⅵ·似是故人来","","树下野狐","","辽宁教育出版社","2005-07","25.0","8.7"
"4202322","有一种爱谁敢言说","","无处可逃","","文化艺术","2010-1","25.00元","7.4"
"26774124","木兰无长兄3","","祈祷君","","百花洲文艺出版社","2016-5","29.80元","7.9"
"1069628","那小子真帅2","","（韩）可爱淘","黄黉","世界知识出版社","2004-04","20.0","6.7"
"2277517","冷月如霜","","匪我思存","","新世界出版社","2007-10","22.00元","6.8"
"4904541","打拼：六兄弟的血色往事4","血染浔阳江口","浪翻云","","云南人民出版社","2010-7","28.00元","8.4"
"4205297","听说爱会来","","沐清雨","","朝华出版社","2010-1","29.80元","7.5"
"3561771","那些过去的和将要到来的","","无弦","","宁夏人民出版社","2009-2","29.80元","8.1"
"3938304","江山如此多娇","","泥人","","台湾说频出版社","2004-10-12","12.80元","8.3"
"3709462","放弃你，下辈子吧","","桩桩","","江苏文艺出版社","2009年","25.00元","6.8"
"1373144","陽具森林","","九把刀","","成陽出版股份有限公司","2001-7","TWD 180","7.5"
"6313955","迷雾围城（全两册）","","匪我思存","","新世界出版社","2011-6","39.00元","7.3"
"26287180","八点半的星光","","明月珰","","山东画报出版社","2012-12-1","22.8元","6.2"
"3577800","韦帅望的江湖(Ⅲ众望所归)","","晴川","","崇文书局","2009-1","26.00元","9.1"
"25783431","斗破苍穹之大主宰2","","天蚕土豆","","湖南人民出版社","2013-10","26.80元","5.3"
"20276023","地狱公寓","","董协","","中国戏剧出版社","2012-11","39.80元","7.0"
"26125800","民调局异闻录6·无边冥界","","耳东水寿","","金城出版社","2014-10","32.00元","7.5"
"3987275","你在我的左手边","","叶萱","","中国戏剧出版社","2009-9","22.00元","7.6"
"2232921","樱之恋系列 （全8种）","一号多书","'叶萱'","''","'中国戏剧出版社'","'2009-9'","'22.00元'","7.9"
"26417045","江东双璧","","非天夜翔","","云南美术出版社","2015-6","35.00元","8.1"
"25751764","雪中悍刀行 2","白马出凉州","烽火戏诸侯","","江苏文艺出版社","2013-11","28.00元","8.4"
"3006825","是以见放","","吴小雾","","朝华","2008-2","42.00元","7.6"
"3333758","大爱晚成","","金陵雪","","中国城市出版社","2009-1","26.00","7.3"
"3321606","底牌1","","阿梅","","鹭江出版社","2008-11","36.00元","7.9"
"2995606","宅女在古代后宫的幸福生活（全2册）","","云狐不喜","","华文出版社","2008-03","46.0（上、下）","6.9"
"1839260","悟空前传--斗佛","","路飞的小猪","辛蒂","辽宁教育","2006-5","19.80元","8.4"
"4885065","拍翻御史大夫 三‧青衫卷","新有青衫客‧學做弄潮兒","謝金魚","","繆思出版","2010-6","NT 260","9.0"
"10599676","公主貴性（上）","","'謝金魚'","''","'繆思出版'","'2010-6'","'NT 260'","7.5"
"3015008","何须浅碧轻红色","","紫贝","","朝华出版社","2008-2","22.00元","6.8"
"6902585","你是我左上角的心跳","","[中国]尼卡","","春风文艺出版社","2011-9","22.80元","7.5"
"26417443","丞相不敢当","","天如玉","","言实出版社","2015-6","24.80元","7.6"
"4874141","网游之公子连城","","满座衣冠胜雪","","江苏文艺","2010-7","26.00元","7.5"
"6716742","斗破苍穹6·炼药师大会","","天蚕土豆","","湖北少年儿童出版社","2011-6","24.00元","7.4"
"3669733","全世界都知道我爱你","彩虹堂","女王驾到","","辽宁教育出版社","2009-3","25.80元","7.1"
"1426674","搜神记Ⅳ·太乙火真","","树下野狐","","辽宁教育出版社","2005-07","25.0","8.6"
"3288009","篡清1·京华烟云","","天使奥斯卡","","太白文艺出版社","2008-11","31.80元","7.8"
"1426214","少林寺第八铜人","","九把刀","","新世界出版社","2005-08","20.0","8.1"
"26696023","回到過去變成貓","卷一 我们是东区四贱客","'九把刀'","''","'新世界出版社'","'2005-08'","'20.0'","8.1"
"26677104","陈，你心可有我姓名","","盛世爱","","中国文联出版社","2015-12","26.80","6.7"
"2341489","香寒","","匪我思存","","新世界出版社","2008-1","22.00元","7.1"
"26281206","拥抱我吧，叶思远2","","含胭","","花山文艺出版社","2014-12","29.8","6.3"
"2044743","穿越时空之错爱唐朝","","怜心","","花山文艺出版社","2007-04","21.0","6.3"
"10605613","千妖百魅1","Deity Spectra","饭卡","","长江出版社","2012-3","15.00元","8.4"
"4849081","有多少爱可以重来","继背叛VS被背叛，冷暴力VS家庭暴力 之后超人气畅销书作者人海中打造婚","人海中","","国际文化","2010-5","26.80元","7.1"
"26381143","高手寂寞","","'人海中'","''","'国际文化'","'2010-5'","'26.80元'","9.1"
"1917828","情何以堪","","姒姜","","新世界出版社","2006-10","20.0","7.3"
"4864366","最初的爱，最后的爱","","梅子黄时雨","","华文出版社","2010-7-1","25.80元","6.5"
"24527013","明宫秋词","","掠水惊鸿","","安徽人民出版社","2013-5","29.80元","7.9"
"1006635","沙僧日记","","林长治","","湖南文艺出版社","2002-10","18.00","7.1"
"5347785","盜墓筆記漫畫2:七星魯王宮","","'林长治'","''","'湖南文艺出版社'","'2002-10'","'18.00'","8.2"
"6938341","卿本佳人","","长着翅膀的大灰狼","","国际文化出版社","2011-11","28.00元","7.0"
"2363678","和亲公主","","鲜橙","","重庆出版社","2008-01","29.8","6.7"
"2595345","飞花青离传之刺客传奇（上）","","月裹鸿声","","接力出版社","2008-1-1","22.0","8.1"
"3726769","眸倾天下（上下）","","'月裹鸿声'","''","'接力出版社'","'2008-1-1'","'22.0'","7.2"
"4887684","情迷北宋之北落师门","","侧侧","","木馬文化事業有限公司","2007","55.00元","7.7"
"3232134","倾世皇妃","一寸情思千万缕","慕容湮儿","","中国画报出版社","2008-10","25.00元","6.6"
"3153363","三救姻缘","","笑声","","朝华出版社","2008-07","25.0","7.1"
"20325229","斗破苍穹漫画版4","","'笑声'","''","'朝华出版社'","'2008-07'","'25.0'","7.9"
"26424037","一品仵作","","凤今","","江苏凤凰文艺出版社","2015-7","55.00元","7.3"
"3464699","神墓14·葬天","","辰东","","九洲出版社","2009-01","22.80元","7.8"
"7440370","非我倾城（全三册）","王爷要休妃","墨舞碧歌","","江苏文艺出版社","2012-2","85.00元","7.8"
"26148475","你和我的倾城时光","","丁墨","","百花洲文艺出版社","2014-11","45.00元","7.0"
"2112072","魔法帝国（全六册）","","唐家三少","","北方文艺出版社","2006-12","132.00元","7.2"
"3137080","那一杯咖啡的爱情","","无处可逃","新世界出版社","2007","7","23.00元","7.3"
"3686859","长生界1·龙岛死城","","辰东","","九州出版社","2009-04","22.0","7.3"
"4829641","尘缘 1 缘起尘世卷","","烟雨江南","","新世界","2010-4","36.00元","8.0"
"1804944","狂神4","龙谷探秘","唐家三少","","百花洲文艺出版社","2006-3","22.00元","7.3"
"5414077","一霎风雨我爱过你","","睛空蓝兮","","江苏文艺出版社","2011-1","25.00元","7.0"
"3171533","心计","原名《锦绣良缘》","文雨","","北岳文艺出版社","2008-7-1","23.80元","7.3"
"1436958","搜神记Ⅴ·三生石","","树下野狐","","辽宁教育出版社","2005-07","25.0","8.6"
"2111394","驱魔人·第一季·你是谁","","柳暗花溟","","新世界出版社","2007-4","25.00元","8.3"
"25809693","错位爱情","","痴梦人","","百花洲文艺出版社","2013-11","21.80元","6.6"
"5399422","江南恨","","梅子黄时雨","","华文出版社","2011-1","25.80元","6.8"
"3664816","尽在不言中","","晴空蓝兮","","国际文化出版公司","2009-5","28.00元","7.0"
"26609836","大泼猴1齐天之路","","甲鱼不是龟","","华龄出版社","2015-8-1","CNY 25.00","7.5"
"3426048","平凡的清穿日子1","","柳依华","","沈阳出版社","2009-1","28.80元","7.6"
"3160035","流木","","吴小雾","","中国妇女出版社","2008年","25.00元","7.7"
"25929620","君心似我心","","随侯珠","","三秦出版社","2014-7-1","24.8元","6.5"
"25973718","祥云朵朵当空飘","","九鹭非香","","江苏凤凰文艺出版社","2014-9","25.00元","7.6"
"6981431","废物们","给失败者的情书","金陵雪","","上海人民出版社","2011-11","28.00元","8.0"
"23860394","全职高手7·毁人不倦","","蝴蝶蓝","","湖北少年儿童出版社","2013-4","25.00元","9.1"
"25735699","三生三世 枕上书·终篇","","唐七公子","","湖南文艺出版社","2013-11-1","35.00元","7.9"
"5424451","妃子不善1·步步惊心","","坏妃晚晚","","中国华侨出版社","2011-1","29.80元","7.8"
"1077293","有种你丫别跑","","宁财神","","知识出版社","2001-01","18.80元","7.0"
"6534919","然后、爱情随遇而安","","长着翅膀的大灰狼","","国际文化出版公司","2011-7","28.00元","7.5"
"25921289","民调局异闻录4·亡魂列车","","耳东水寿","","金城出版社","2014-6","32.00元","7.5"
"26528526","落花时节又逢君","完美典藏版","蜀客","","江苏文艺出版社","2015-6-1","36.00","7.3"
"1012747","亦恕与珂雪","","蔡智恒","","新世界出版社","2004-05","20.00","7.2"
"25843532","塔尖恋人","","绕梁三日","","江苏文艺出版社","2014-1","25.00","7.0"
"21360628","吞噬星空2·涅槃1","","我吃西红柿","","湖北少年儿童出版社","2012-12","28.00元","6.5"
"26770442","袁先生总是不开心","","'我吃西红柿'","''","'湖北少年儿童出版社'","'2012-12'","'28.00元'","7.6"
"3786933","骑士幻想夜Ⅱ","","Vivibear","","华文出版社","2009-06","25.00元","7.3"
"3593984","帝王妻","","镜中影","","花山文艺出版社","2009年","28.00元","7.4"
"20440895","斗罗大陆·第二部·绝世唐门1","","唐家三少","","湖南少年儿童出版社","2012-12","26.00元","5.9"
"24844263","一念执着，一念相思","","一度君华","","中国友谊出版社","2013-7","49.80","7.8"
"1817628","善良的死神","","唐家三少","","云南美术出版社","2006-5","23.0","7.3"
"25744234","御繁华","","无处可逃","","江苏文艺出版社","2013-11","28.00元","7.0"
"2024174","流枫川志","","骑桶人","","陕西人民出版社","2006年12月","12.80元","7.9"
"26253012","我们住在一起","","红九","","北方文艺出版社","2014-11","56.00元","7.2"
"26321012","沉香雪","","是今","","中国文联出版社","2014-12","28.00元","6.8"
"20411511","星动烟火","","落籽七","","光明日报出版社","2012-10","22.00元","6.1"
"26244219","美人难嫁","","是今","","花山文艺出版社","2014-10","28.00元","6.7"
"10739632","海棠依舊：知否？知否？應是綠肥紅瘦 卷三","海棠不惜胭脂色，不待金屋薦華堂","關心則亂、呀呀","","封面繪圖","三采","2012-5-4","8.5"
"1852108","唯我独仙1","","唐家三少","","百花洲文艺出版社","2006-6","22.00元","7.0"
"25795918","我们为何欢庆失眠","","乔小囧","","中国华侨出版社","2013-12-20","32.8","6.3"
"4766662","爱情来了你就上","","忆锦","","辽宁教育出版社","2010","29.80元","7.4"
"25835989","独家占有Ⅰ","","丁墨","","三秦出版社","2014-3","24.80元","6.9"
"6843664","战长沙","","却却","","广东人民出版社","2011-8","30.00元","6.7"
"26417450","大香师","","沐水游","","重庆出版社","2015-6","58.00元","7.9"
"3081725","金樽幽月","","水合","","珠海出版社","2008-5-1","46.00元","7.1"
"2007843","若相惜Ⅰ","","懒水","","花山文艺出版社","2007-02","20.0","6.4"
"10867759","全职高手3·副本风云","","蝴蝶蓝","","湖北少年儿童出版社","2012-6","25.00元","9.1"
"2240574","师士传说①光甲重生","","方想","","国际文化出版公司","2007年","22.00元","8.3"
"11443061","别拿爱情说事儿","","不经语","","重庆出版社","2012-8","28.00元","8.0"
"3390081","凤鼓朝凰（上）","","沉佥","","朝华出版社","2009-1","29.80元","7.3"
"26756791","木兰无长兄2","","祈祷君","","百花洲文艺出版社","2016-3","29.80元","8.0"
"4197554","每晚一个离奇故事之惊悚夜","","王雨辰","","中国画报出版社","2010-1","24.80元","7.8"
"10786074","如意蛋","","大风刮过","","新世界出版社","2012-7","29.00元","8.1"
"6425455","有座香粉宅","","耳雅","","北方妇女儿童出版社","2011-6","29.80元","7.3"
"25955820","全职高手14· 线下风云","","蝴蝶蓝","","长江少年儿童出版社","2014-8","25.00元","9.1"
"3245174","盗墓笔记之8：蛇沼鬼城III","","南派三叔","","普天出版社","2008-10","199元","8.4"
"3409619","耳洞","","笙离","","宁夏人民出版社","2009-1","29.80元","7.3"
"21361151","顾十八娘（全三册）","重生之药香","希行","","金城出版社","2013-3","76.80元","7.5"
"6970979","血嫁","","远月","","江苏文艺出版社","2011-11","49.80元","7.3"
"25792536","后宫·如懿传4","","流潋紫","","中国华侨出版社","2013-12-31","32.8","7.0"
"3275640","神墓12·逆乱时空","","辰东","","九州出版社","2008-11","22.80元","7.6"
"20444964","突然想要地老天荒","","墨宝非宝","","上海华侨出版社","2012-12","29.80元","7.7"
"24542160","名草有主","","酒小七","","江苏文艺出版社","2013-5","24.80元","7.0"
"4167100","天下不帅","","李惟七","","江苏文艺出版社","2009-12","25.00元","8.1"
"10769870","寵眷的稚齒情人","真愛系列之三","'李惟七'","''","'江苏文艺出版社'","'2009-12'","'25.00元'","6.8"
"6790365","末夜2235","","丁墨","","山东画报出版社","2011-5","16.80","6.8"
"4113797","女人现实男人疯狂","","桩桩","","江苏文艺","2009-11","25.00元","7.3"
"6866297","凤栖宸宫（上下）","","转身","","江苏文艺出版社","2011-10-1","49.80元","6.5"
"1424858","风烟引","","十四阙、清歌漫","","新世界出版社","2005-09","19.0","7.4"
"26295181","全职高手17·新的征程","","蝴蝶蓝","","长江少年儿童出版社","2014-12-24","25.00元","9.1"
"20312477","斗破苍穹25·净莲妖火","净莲妖火","'蝴蝶蓝'","''","'长江少年儿童出版社'","'2014-12-24'","'25.00元'","6.9"
"2993425","神仙也有江湖（上）","","柳暗花溟","","花山文艺出版社","2008-03","25.00元","7.5"
"10483452","盛唐煙雲","卷一·長安醉","酒徒","","野人文化","2012-3-2","NTD300元","7.8"
"10758826","你的天涯我的海角","","'酒徒'","''","'野人文化'","'2012-3-2'","'NTD300元'","7.4"
"3664375","想入非非","","花清晨","","国际文化出版公司","2009-5","28.00元","7.2"
"4890638","结缘","","雪灵之","","国际文化","2010-6","28.00元","7.2"
"3721760","琉璃美人煞·卷一·人如青葱","","十四十四","","木馬文化事業有限公司","2009-4","NT$199","8.1"
"3306270","新宋Ⅲ·燕云2","","阿越","","花山文艺出版社","2008-11","25.00元","8.6"
"1960308","爱就这么简单","爱，就这么简单
作者：粮食与思想","粮食与思想","","海南南海","2007-1","20.00元","8.1"
"11540063","全职高手4·满城追杀","","蝴蝶蓝","","湖北少年儿童出版社","2012-8","25.00元","9.1"
"10451754","错嫁良缘之后宫疑云（上下）","","浅绿","","江苏文艺出版社","2013-1-16","49.80元","6.5"
"2973646","少年丞相世外客","","小佚","","河南文艺出版社","2008-01","27.00","7.4"
"25977134","千香引·十二世花","结局篇","十四郎","","知识出版社","2014-9","26.80元","7.5"
"4012250","色已成空","","曼倩天涯","","云南人民出版社","2009-10","28.00元","7.9"
"1842950","大雪满刀弓","大雪满弓刀","念一","","内蒙古人民出版社","2006.12.01","16.00","7.7"
"10471592","沉香豌","","'念一'","''","'内蒙古人民出版社'","'2006.12.01'","'16.00'","7.1"
"20274086","海棠依舊：知否？知否？應是綠肥紅瘦卷六 嫣然一笑新妝就，春園海棠花獨妍","","關心則亂","","三采文化","2012-11-9","NTD240","8.6"
"1942688","爱上明晓溪","","水木著","","黑龙江人民出版社","2006-10","22.00元","7.0"
"1075353","给我一支烟","","美女变大树","","九洲出版社","2003-11","18.00","7.1"
"1955493","邪神传说1","","云天空","","江西二十一世纪","2006-11","22.00元","6.9"
"3360791","桃花依旧笑春风","","匪我思存","","新世界出版社","2009-1","26.00元","7.2"
"4583098","瑾年绝恋.醉流苏","","安知晓","","沈阳出版社","2010-1","28.80元","7.2"
"24526995","無限恐怖番外 01","那逝去的","張狂","","鮮鮮文化","2013-4-16","NTD 240","7.4"
"3499283","夜凝夕","既绝情又深情的错位爱情","飞烟","","北京燕山出版社","2009年","28.00元","6.9"
"3070952","佳期如梦之今生今世","","匪我思存","","新世界出版社","2008-5","25.00元","7.3"
"20475616","斗破苍穹27·晋阶斗帝","","天蚕土豆","","湖北少儿出版社","2012-12","28.00元","6.7"
"26264634","首席医官12","","谢荣鹏","","二十一世纪出版社","2014-7-1","CNY 39.80","8.3"
"5956228","拍翻御史大夫 六 紫玉卷","玉還定白首,金章耀紫袍","謝金魚","","繆思","2011-1-28","260","8.9"
"25930023","忘尘阁之一 噬魂珠","","海的温度","","上海人民出版社","2014-7","28.00元","7.9"
"3772795","D级危楼","","无弦","","宁夏人民出版社","2009-7","26.80元","8.0"
"20425868","你是我最好的遇见","","简暗","","青岛出版社","2012-12","29.80元","7.0"
"10805367","梵事进化札记（上下册）","","莫菲勒","","光明日报出版社","2012-1","49.80元","8.2"
"3712318","天下倾歌","","千叶飞梦","","辽宁教育出版社","2009-4","29.80元","7.3"
"24756432","富贵荣华1·笼中雀","","府天","","21世纪出版社","2013-7","25.00元","7.8"
"3269217","穿越时空之绝色神偷3","","晓月叮咚","","湖南少年儿童出版社","2008-11","16.80元","6.2"
"3274141","秀丽江山·朱雀卷","","李歆","","朝华出版社","2008-11","25.0","7.9"
"26427900","國家一級註冊驅魔師上崗培訓通知 上","","非天夜翔","","平心工作室","2015-8","NT$330","8.4"
"25726638","家有萌妻","","囧囧有妖","","青岛出版社","2013-6","26.80元","7.1"
"1955062","邪神传说2","","云天空","","江西二十一世纪","2006-11","22.00元","6.8"
"24502132","只愿金屋不藏娇","","御井烹香","","湖南人民出版社","2013-4-5","24.00元","7.8"
"1981131","鬼怪公寓 01 非人同居","","'御井烹香'","''","'湖南人民出版社'","'2013-4-5'","'24.00元'","8.1"
"26411461","禁庭（上下）","","尤四姐","","江苏凤凰文艺出版社","2015-6","59.80元","6.9"
"25908409","九重紫（1、2、3）","","吱吱","","江苏凤凰文艺出版社","2014-8","75.00元","7.3"
"11443267","杀手皇妃","","穆丹枫","","江苏文艺出版社","2012-8","78.00元","6.8"
"4925049","长生","","书闲庭","","珠海出版社","2008-9-1","23.80元","7.9"
"3351345","网游混迹在美女工作室4","","'书闲庭'","''","'珠海出版社'","'2008-9-1'","'23.80元'","6.7"
"21361231","誘紅樓1","","知樂","","河圖文化","2013-3-1","NTD 180","7.2"
"5936095","医道官途","","叶凌云","","河北大学出版社","2010-12","26.80元","7.3"
"26579749","芈月传·贰","","蒋胜男","","浙江文艺出版社,浙江出版联合集团","2015-8-1","CNY 32.80","7.4"
"6087472","浮世浮城","后青春时代","辛夷坞","","江苏文艺出版社","2011-4","28.00元","7.2"
"4874149","十年懵懂百年心（全二册）","","'辛夷坞'","''","'江苏文艺出版社'","'2011-4'","'28.00元'","7.4"
"25714285","回眸一笑秋波起","","东奔西顾","","青岛出版社","2013-8-1","25.00元","7.3"
"20254852","大唐明月 卷三：將計就計","將計就計","'东奔西顾'","''","'青岛出版社'","'2013-8-1'","'25.00元'","8.8"
"3137233","正安嘉话","","骊珠","","朝华出版社","2008-7","24.80元","7.4"
"11587752","娥媚（全二册）","","峨嵋","","青岛出版社","2012-8","55.00元","7.2"
"3520727","贵族","","天籁纸鸢","","珠海出版社","2009年12月","26.00元","7.9"
"26603435","无心法师 第四卷","神经联盟","'天籁纸鸢'","''","'珠海出版社'","'2009年12月'","'26.00元'","6.9"
"3177946","天庭内幕","","英熊北游","","中国青年出版社","2008-08","29.00元","7.3"
"20411512","江湖路弯弯","","影照","","江苏文艺出版社","2012-12","26.80元","7.5"
"25744975","江山不悔（上下）","","丁墨","","百花洲文艺出版社","2013-10","56.80元","6.4"
"3003680","满朝文武爱上我（全2册）","","云霓","","珠海出版社","2008-02","50.0","6.9"
"10603626","公子无耻（上下）","","维和粽子","","江苏文艺出版社","2012-5","49.80元","6.7"
"26698059","暮春之令","","海青拿天鹅","","北京时代华文书局","2016-1","52.00元","7.0"
"24720075","莽荒纪2·天下纪氏","","我吃西红柿","","江苏文艺出版社","2013-6","25.00元","6.8"
"1021597","一光年的距离有多远","","曾炜","","南海出版公司","2003-09","20.00","6.7"
"20453805","终结篇-娥媚（全二册）","","峨嵋","","青岛出版社","2013-1","55.00元","7.5"
"3168454","夜上海","","金子","","朝华出版社","2008-07","25.00元","8.0"
"5027280","凡人修仙传（11-20）","","忘语","","太白文艺出版社","2010-12","280.00元（全10册）","7.8"
"19977093","天定风流1·千寻记（上下）","","天下归元","","青岛出版社","2012-10","55.00元","7.8"
"5245508","拍翻御史大夫 · 四 绿袍卷","四 ,綠袍卷","'天下归元'","''","'青岛出版社'","'2012-10'","'55.00元'","9.0"
"4101764","飛升之後13","","皇甫奇","","銘顯文化","2008-8-25","NTD 170","7.8"
"3245108","恋上你的唇","","木轻烟","","百花洲文艺出版社","2008-10","24.80元","7.0"
"10775030","海棠依舊：知否？知否？應是綠肥紅瘦 卷四","淡極始知花更豔，一片春心向海棠","關心則亂、呀呀","封面繪圖","三采","2012-6-1","CNY 56.00","8.5"
"2595412","左岸纯情，右岸媚色","","青山妩媚","","朝华出版社","2008-1","25.00元","7.0"
"19977079","清宫花美男","","回廊","","新世界出版社","2012-9","25.00元","6.4"
"26659626","世家 上","","尤四姐","","江苏文艺出版社","2015-11","26.80元","7.1"
"4582414","满朝欢（上下）","","峨嵋","","文化艺术出版社","2010-4","50.00元","6.9"
"5422980","妙不可言","","日光生","","国际文化出版公司","2011-1","26.80元","7.1"
"4102696","长生界5·九州动荡","","辰东","","九州出版社","2009-10","22.00元","7.7"
"25890347","天涯客（上册）","琉璃甲","'辰东'","''","'九州出版社'","'2009-10'","'22.00元'","8.3"
"6827318","白发皇妃（上下）","","莫言殇","","江苏文艺出版社","2011-9-1","49.80元","6.5"
"6985028","鬼話妖譚","","白日梦","","威向","2011-10-25","190元","8.9"
"3099353","淑女本色","","鲜橙","","朝华出版社","2008-6","22.00元","7.4"
"1879024","湄澜池","","蓝莲花","","国际文化出版公司","2006-08","18.80元","7.2"
"26425977","親愛的公主病","","瑪琪朵","","城邦原創","2015-1-8","NT250","6.6"
"26365304","希灵帝国","第一卷 彼世之门","[中]远瞳","","湖北辞书出版社","2015-2-1","25.00元","7.6"
"3238253","放弃你，是我做过最勇敢的事","时光纪系列：记住时光记住爱","人间小可","","江苏文艺出版社","2008-10","20.00元","7.1"
"26803191","后来我们会怎样","","浩瀚","","青岛出版社","2016-6","59.80元","7.6"
"2352593","生肖守护神1","麒麟初现","唐家三少","","太白文艺","2007-1","23.00元","7.0"
"10601616","我爱摇滚乐","","'唐家三少'","''","'太白文艺'","'2007-1'","'23.00元'","9.3"
"2213489","空速星痕","","唐家三少","","北方文艺出版社","2006-09-22","22.00元","7.2"
"25709564","燕倾天下（全三册）","","天下归元","","青岛出版社","2013-9","75.00元","7.3"
"3982352","超级教师","","张君宝","","珠海出版社","2009-7","200.00元(全8册)","8.1"
"3905401","诡异档案","悬疑志书系第14辑，超级诡秘的警察捉鬼档案，一窥公安厅顶级机密，《","求无欲","","中国画报出版社","2009-8-1","24.80元","7.0"
"4874618","迷踪之国 III","神农天匦","天下霸唱","","安徽文艺出版社","2010-6","28.00元","6.8"
"3258798","爱是至奢华的一件事","","蓝紫青灰","","万卷出版公司","2008年10月","22.00元","6.9"
"2194003","神墓5·名动西方","","辰东","","九州出版社","2007-08","22.0","7.7"
"21328038","求魔1","","耳根","","小說頻道","2012-6-1","NTD 170","7.2"
"4912789","八夫临门","三夫四侍真要命","'耳根'","''","'小說頻道'","'2012-6-1'","'NTD 170'","7.0"
"3679840","恶魔法则（全12册）","","跳舞","","太白文艺出版社","2009-9","28.00","8.1"
"2038441","女皇神慧","","谈天音","","百花洲文艺出版社","2006-09","20.0","7.6"
"10598137","龍鳳（上）","","'谈天音'","''","'百花洲文艺出版社'","'2006-09'","'20.0'","7.7"
"26260911","致命邂逅","","缪娟","","北方文艺出版社","2014-12","26.80元","7.5"
"3757914","浅浅心事","","正午月光","","百花文艺出版社","2009-5","25.00元","6.5"
"10775765","诛仙·第二部1","","萧鼎","","北京联合出版公司","2012-6","28.00元","7.2"
"2303151","花雨青春酷语（第五辑）","","珠雅 主编","","内蒙古人民出版社","2007-11-1","460.00元(全20册)","7.1"
"3361748","倾世皇妃","人生若只如初见","慕容湮儿","","中国画报出版社","2009","26.00元","6.5"
"3931408","询君意（上下）","","李歆","","国际文化出版公司","2009-8","49.80","7.5"
"6052978","三生酒 神仙醋","","今日痴","","团结","2011-2","26.80元","6.7"
"25921287","民调局异闻录2·清河鬼戏","","耳东水寿","","金城出版社","2014-6","32.00元","7.5"
"1491421","迷神记","","施定柔","","朝华出版社","2006-01","20.0","7.6"
"3315686","青山接流水（全2册）","","箫楼","","朝华出版社","2009-01","50.00元","7.1"
"3238252","金屋恨","","柳寄江","","吉林美术出版社","2008-07","22.0","7.4"
"3228761","尋找前世之旅·二部曲3·牡丹公子","","Vivibear","","耕林出版文化事業","2008-09","NT$ 200","7.5"
"10567024","燃犀奇谈","香如故","迦楼罗火翼","","上海人美","2012-1","12.00元","8.5"
"1822785","风姿物语1·暹罗结义","","罗森","","中国友谊出版公司","2006-05","20.0","8.5"
"4046040","盘龙（11～13部）","","我吃西红柿","","太白文艺出版社","2009-11","26.0","7.9"
"6560283","这世上我最爱你","","时久","","山东画报出版社","2011-6","16.80元","8.5"
"3989542","宝珠诡话之翡翠小人","","水心沙","","百花洲文艺出版社","2009-8","26.80元","8.6"
"2232544","冰火魔厨","","唐家三少","","汕头大学出版社","2007-07-16","22.0","5.7"
"6868964","佳偶天成","","十四郎","","湖南少年儿童出版社","2011-8","22.80元","7.2"
"2216512","冒死记录","","张海帆","","花山文艺出版社","2007-8","32.00元","7.7"
"3601005","大漠情殇","","简暗","","内蒙古人民出版社","2007-12-1","20.00","7.4"
"26337273","刺局","","圆太极","","北京时代华文书局","2015-4","36.00元","6.8"
"3713831","弦歌南望（上下）","","夜幽梦","","江苏文艺出版社","2009-5","45.00元","7.2"
"26609844","修罗武神：１舍我其谁","","'夜幽梦'","''","'江苏文艺出版社'","'2009-5'","'45.00元'","6.7"
"2137402","寸芒.1","壹","我吃西红柿","","花山文艺出版社","2007-07","26.8","7.3"
"5976260","我要逆风去","","未再","","江苏文艺出版社","2011-2","25.00元","7.3"
"4737154","妃子血（全两册）","","周梦","","吉林出版集团有限责任","2010年4月","49.80元","7.3"
"5243507","许你再见钟情","","绕梁三日","","文化艺术出版社","2010-9","25.00元","7.3"
"26314805","斗破苍穹之大主宰12","","天蚕土豆","","湖南人民出版社","2014-11","28.80元","6.4"
"20492474","乖宠","","丁墨","","江苏文艺出版社","2012-12","25.00元","7.1"
"20283082","庶女攻略2","","吱吱","","浙江文艺出版社","2012-11","32.00元","7.5"
"24714235","地狱笑星：暴牙小鬼讲冷笑话","","'吱吱'","''","'浙江文艺出版社'","'2012-11'","'32.00元'","8.6"
"6792678","杉杉来吃","","顾漫","","江苏文艺出版社","2011-8","25.00元","6.9"
"4104723","和你一起住下去","","青衫落拓","","百花文艺","2009-10","23.80元","7.2"
"10740021","三生三世 枕上书","","唐七公子","","湖南文艺出版社","2012-6-1","32.00元","7.9"
"4859592","我不是精英","","金子","","沈阳","2010-5","29.80元","7.2"
"3769083","平凡的清穿日子3","彩虹堂","'金子'","''","'沈阳'","'2010-5'","'29.80元'","7.8"
"1012566","洛神红茶（痞子蔡）","","蔡智恒","","天津人民出版社","2003-04","17.80","7.0"
"11630377","美人凶猛·完结篇（上下）","","沐水游","","青岛出版社","2012-9","59.80元","7.3"
"3718158","江湖遍地卖装备","","禾早","","河南文艺","2009-4","26.80元","7.7"
"4057010","月上重火之水落石出","大结局","天籁纸鸢","","北方妇女儿童出版社","2009年10月","26.80元","8.0"
"4726667","黄河鬼棺全集","","南派三叔","","文汇出版社","2010-05","39.80元","6.3"
"25813176","完美替身恋人：终结篇","","安知晓","","中国言实出版社","2014-3","25.00元","7.2"
"3516109","逐风流（上下）","","小鱼大心","","河南文艺出版社","2009-6","46.80元","7.5"
"25921288","民调局异闻录3·血海鬼船","","耳东水寿","","金城出版社","2014-6","32.00元","7.5"
"3053120","新宋Ⅱ·权柄2","","阿越","","花山文艺出版社","2008","26.8","8.6"
"3188317","摩合罗传Ⅰ","","飞花","","万卷出版公司","2008-08","29.9","8.5"
"6756121","废柴兔神养成法1","","晚歌清雅","","山东画报出版社","2011-6","18.00元","6.9"
"1945497","孤芳不自赏4","","'晚歌清雅'","''","'山东画报出版社'","'2011-6'","'18.00元'","8.4"
"3735921","骑士幻想夜","","Vivibear","","华文出版社","2009-06","25.0","7.1"
"26352031","親愛的阿基米德（下）","","玖月晞","","聯合文學","2014-12-15","NTD 250","7.7"
"1146588","中国A组(上下)","","杨叛","","天津人民出版社","2004-1","28.00元","8.4"
"4040196","奔跑的蜗牛","","蝶之灵","","中国文联出版公司","2009-9","25.00元","7.2"
"5501657","禁忌之地","","紫金陈","","江苏文艺出版社","2011-1","26.80元","7.2"
"25855722","喜盈门（上下）","","意千重","","北方文艺出版社","2014-4","59.80元","7.1"
"7640498","凤隐天下（上下）","","月出云","","江苏文艺出版社","2012-1","49.80元","6.7"
"26314809","斗破苍穹之大主宰13","","天蚕土豆","","湖南人民出版社","2015-1","26.80元","6.2"
"26569724","苍兰诀","魔尊复生之际，抛情弃欲，他连半颗心脏都能说不要就不要，怎么可能喜","九鹭非香","","江苏文艺出版社","2015-7","35.00元","7.6"
"2040860","冰火魔厨","","唐家三少","","北方文艺出版社","2007-03-30","22.0","7.4"
"3829610","午门囧事Ⅲ·午门篇","午门囧事Ⅲ•午门篇","影照","","花山文艺","2009-8-1","26.8","7.8"
"6946709","小凰不是仙","","蜀客","","二十一世纪出版社","2011-11","22.00元","7.2"
"5063872","武神","万年巨擘","苍天白鹤","","太白文艺","2010-9","28.00元","6.5"
"26758067","君子一诺","","皎皎","","花山文艺出版社","2016-4-1","55.00元","7.8"
"3802381","史上第一混乱·第五季·寻秦记","","张小花","","黄山书社","2009-6","26.80元","8.7"
"25919864","奥术神座1·女巫笔记","","爱潜水的乌贼","","安徽文艺出版社","2014-5","38.00元","7.7"
"5329637","网游之天上红绯","","月桦","","江苏文艺出版社","2010-9","25.00元","6.7"
"25883394","三生三世莲上舞（上下）","","女巫的猫、abbyahy","","江苏文艺出版社","2014-6","55.00","7.8"
"1212453","蛋白质女孩","","王文华","","第1版 (2002年9月1日)","2003-1-1","14.80","6.4"
"25961318","斗破苍穹之大主宰5","","天蚕土豆","","湖南人民出版社","2014-1","26.80元","5.6"
"4135618","丹尼海格","","缪娟","","江苏文艺出版社","2009.10","29.00元","7.6"
"26410186","女帝本色1","女人花","天下归元","","江苏凤凰文艺出版社","2015-6-1","CNY 59.80","7.5"
"10740483","一仙难求1、2、3","","云芨","","江苏文艺出版社","2012-6","75.00元","7.6"
"2262884","九重凤阙·上","","灯火阑珊","","河南文艺出版社","2007-09","29.8","7.7"
"2037461","穿越时空之生死恋","","怜心","","花山文艺出版社","2007-04","21.0","6.6"
"1313154","千年","","十四阙","","新世界出版社","2005-05-01","18.80元","7.1"
"1951012","我的美女老板","","雷宇","","百花文艺","2006-11","22.80元","7.0"
"10535987","轻易放火","","墨宝非宝","","山东画报出版社","2011-8","19.80元","7.3"
"10751093","傲风2","北境放逐之地Ⅰ","风行烈","","江苏文艺出版社","2012-6","49.80元","8.3"
"26308576","月明见君来（全二册）","","茂林修竹","","江苏凤凰文艺出版社","2015-6-1","55","6.7"
"25733504","首席医官 6","","谢荣鹏","","二十一世纪出版社","2014-1-1","CNY 39.80","8.1"
