"26928533","日本料理神髓","","'纳塔利·H.罗杰斯'","'刘祥亚'","'南海出版公司出版'","'2007-7'","'29.8'","8.6"
"1227844","雅舍谈吃","","梁实秋","","山东画报出版社","2005-02","17.00","8.8"
"26848146","民国太太的厨房","","李舒","","中信出版集团","2016-8-15","CNY 42.00","7.7"
"1924318","汪曾祺谈吃","","汪曾祺","","北方文艺出版社","2006年1月1日","19.80元","8.9"
"25913413","四季便当","","吉井忍","","广西师范大学出版社","2014-9-1","CNY 69.00","8.2"
"26687647","至味在人间","","陈晓卿","","广西师范大学出版社","2016-1","38.00元","7.8"
"26593188","一日一果","","'陈晓卿'","''","'广西师范大学出版社'","'2016-1'","'38.00元'","8.9"
"26865490","明日的便当","","[日]饭岛奈美","吴绣绣","北京联合出版公司·后浪出版公司","2016-9","42.00元","8.6"
"1006884","随园食单","","(清)袁枚","","江苏古籍出版社","2000年","6.00","8.6"
"4246990","吃透法兰西","","[英]彼得·梅尔","乔艾","上海译文出版社","2010-3","25.00元","8.0"
"26672441","收山","","常小琥","","译林出版社","2015-12","32.8","8.5"
"26806927","亲爱的食物","料理带来的22种感动","森下典子","潘伊灵","四川文艺出版社","2016-5-1","36","9.0"
"4246151","厨房里的人类学家","","庄祖宜","","文化艺术出版社","2012-12","38.00元","8.0"
"25849892","人间滋味","","汪曾祺","","天津人民出版社","2014-4","34.80元","8.8"
"26911451","小津安二郎美食三昧","关西篇","'汪曾祺'","''","'天津人民出版社'","'2014-4'","'34.80元'","8.2"
"14267490","厨神的家常菜","傳奇餐廳的尋常料理，令人驚艷的好滋味","[西班牙] 費朗·亞德里亞","許妍飛","朱雀","2012-9-1","NT1000","9.3"
"1288925","五味","汪曾祺谈吃散文32篇","汪曾祺","","山东画报出版社","2005-04","13.00","8.8"
"26879048","京料理","","[日] 千澄子、后藤加寿子","烨伊","新星出版社","2016-10","45.00元","8.6"
"26814859","独立日：日出之食","","陈宇慧@田螺姑娘","","生活•读书•新知三联书店 生活书店出版有限公司","2016-7-1","48.00","8.2"
"4016036","食物與廚藝","奶、蛋、肉、魚","哈洛德．馬基 McGee, Harold","林慧珍、邱文寶","大家出版社","2009-9-4","NT$400","9.4"
"20470917","深夜食堂 01","","[日] 安倍夜郎","陈颖","湖南文艺出版社","2013-1","25.00元","9.0"
"26785986","食帖09：了不起的面包","","林江 (编者)","","中信出版社","2016-6-1","42.00","8.3"
"11588627","无非求碗热汤喝","","张佳玮","","译林出版社","2012-8","26.80元","7.8"
"26771603","英雄的食材和神做法","","拳王","","湖南文艺出版社","2016-4-1","CNY 38.00","8.2"
"20267987","孤独美食家","","[日] 村上龙","王蕴洁","湖南文艺出版社","2013-2","28.00元","7.4"
"26739700","食光深处的温暖","","凉酱","","中国友谊出版公司","2016-4-1","39.80","8.4"
"4189446","跟着君之学烘焙","一本教你轻松做西点的魔法书","君之","","北京科学技术出版社","2010-1","29.80元","8.8"
"6513841","LIFE家庭味","一般日子也值得慶祝！的料理","[日]飯島奈美","徐曉珮","朱雀","2011-5-10","NT$320","8.6"
"26775628","好好地吃一朵西蓝花","","乔迦","","湖南文艺出版社","2016-5-1","39.80元","7.4"
"4174183","食物與廚藝","蔬、果、香料、榖物","哈洛德．馬基","蔡承志","大家出版社","2009-12-7","NT$400","9.3"
"5333049","最详尽的甜点制作教科书","","[日] 川上文代","书锦缘","河南科学技术出版社","2010-10","48.00元","8.8"
"2282081","香港味道1","酒楼茶室精华极品","欧阳应霁","","生活·读书·新知三联书店","2007-10","39.80元","8.0"
"26387640","忧伤的时候，到厨房去","","（土耳其）爱诗乐·沛克","韩玲","北京联合出版公司","2015-6","38.00","8.1"
"5940434","一个人的美食之旅","","[日] 高木直子","陈怡君","江西科学技术出版社","2011-2","25.00元","8.3"
"26722322","我的时尚厨房","","[澳]加布里埃拉·斯科利克","吕文静","中信出版社","2016-3","88.00元","8.7"
"25975888","食事","汪曾祺精选集","汪曾祺","","江苏人民出版社","2014-7-1","CNY 36.00","8.5"
"10678825","小白素食记录","","小白","","中国旅游出版社","2012-4-24","36.90元","8.4"
"26757192","简简单单做面包","","[日]岛津睦子","黄镜蒨","北京联合出版公司·后浪出版公司","2016-6","49.80元","9.1"
"25774772","做饭","","汪曾祺","","江苏文艺出版社","2013-10","35元","8.5"
"4706662","食物與廚藝","麵食、醬料、甜點、飲料","哈洛德．馬基 Harold McGee","蔡承志","大家出版社","2010-3-15","NT$400","9.4"
"1056968","老饕漫笔","近五十年饮馔摭忆","赵珩","","生活·读书·新知三联书店","2001-7","15.50元","8.2"
"26898505","奢侈的滋味","","[日] 平松洋子","史诗","新星出版社","2016-11","45.00元","9.0"
"25958461","一人食","一个人也要好好吃饭","蔡雅妮、张爱球","","江苏文艺出版社","2014-9-1","42","6.5"
"26782151","黄小厨的美好日常","","黄磊","浦睿文化","湖南文艺出版社","2016-6","48.00元","7.8"
"26580165","这世界，只是一个食堂","","范琛","","长江文艺出版社","2015-10-20","39.80元","7.9"
"26679036","地道风物003·舌尖上的新年","","陈晓卿等","","中信出版社","2016-1","49.80元","8.6"
"3884424","料理圖鑑","1500招廚房新手求生術","越智登代子","楊曉婷","遠足文化事業股份有限公司","2009","350新台币","8.9"
"26868554","小津安二郎美食三昧·关东篇","","'越智登代子'","'楊曉婷'","'遠足文化事業股份有限公司'","'2009'","'350新台币'","8.0"
"4195722","好吃的西點蛋糕祕訣","","''越智登代子''","''楊曉婷''","''遠足文化事業股份有限公司''","''2009''","''350新台币''","9.1"
"4917641","故乡的食物","","汪曾祺","","江苏文艺出版社","2010-6","22.00元","8.9"
"26389520","肚子饿万岁","","高木直子","香冰","北京联合出版公司","2015-5-1","39.9","8.4"
"4911161","Modernist Cuisine","The Art and Science of Cooking","Nathan Myhrvold、Chris Young、Maxime Bilet","","The Cooking Lab","2011-3-7","USD 625.00","9.8"
"20549889","厨房里的哲学家","","[法] 让·安泰尔姆·布里亚-萨瓦兰","敦一夫、付丽娜","译林出版社","2013-3","32.80元","7.0"
"26638269","寿司之神","","(日)里见真三","吕灵芝","新星出版社","2015-11-1","58.00","8.7"
"5338233","我的法兰西岁月","美国厨神茱莉亚·查尔德的美味人生","[美] 茱莉亚·查尔德、[美]亚历克斯·普鲁多姆","苏西","重庆出版社","2010-11-01","26.80","8.3"
"26879195","食帖12：厨房，治愈人生的避难所","","'[美] 茱莉亚·查尔德、[美]亚历克斯·普鲁多姆'","'苏西'","'重庆出版社'","'2010-11-01'","'26.80'","8.4"
"1415311","美食家","","陆文夫","","古吴轩出版社","2005-6-1","28.0","8.1"
"6967496","不去吃会死","一头胖子的美食之旅","许崧","","人民文学出版社","2011-12","25.00元","8.2"
"26369001","一起来吃早午餐","睡到自然醒，乐活族的早午餐提案","Pan小月","","中国轻工业出版社","2015-5-1","38.00元","8.2"
"6826615","台北小吃札记","","舒国治","","广西师范大学出版社","2011-9-1","36.00元","7.8"
"10481061","小'食'光","101份咖啡馆人气餐点，家中的悠闲小食时光","lacuisine","边铀铀","河南科学技术出版社","2012-1","38.00元","7.8"
"26609131","簡單‧豐盛‧美好","祖宜的中西家常菜","庄祖宜","","新经典文化","2015-7-1","NT420","8.9"
"1057601","半饱","生活高潮之所在","欧阳应霁","","生活·读书·新知三联书店","2004-12","34.80元","7.8"
"1223612","唐鲁孙谈吃","","唐鲁孙","","广西师范大学出版社","2005年","228.0","8.5"
"1674916","专业烹饪","","韦恩·吉斯伦","","大连理工大学出版社","2005-6","128.00元","9.1"
"11627774","贪食纪","","殳俏、龙荻（插图）","","生活·读书·新知三联书店","2012-8","35.00元","8.2"
"26862352","莫扎特，请入席","","米歇尔·波尔图，娜塔莉·克拉夫特 著，埃尔维·勒菲弗尔 摄","田晶","百花文艺出版社","2016-10-1","CNY 39.50","8.8"
"3535331","食经","","陈梦因","","百花文艺出版社","2009-1","78.00元","8.7"
"4692016","西式糕点制作大全","","川上文代","书锦緣","辽宁科学技术出版社","2010-4","48.00元","9.1"
"4156058","Mastering the Art of French Cooking","Volumes 1 and 2","Julia Child、Louisette Bertholle、Simone Beck","","Knopf","2009-12","GBP 54.59","9.4"
"25807523","唯爱与美食不可辜负","","山亭夜宴","","现代出版社","2014-2","32.80","7.3"
"25857506","菜单中的秘密","爱丽舍宫的飨宴","[日] 西川惠","","生活·读书·新知三联书店","2014-2","29.00","8.0"
"26911258","食帖13：腐的品格!初心者的发酵料理书","","林江 主编","","中信出版集团","2016-11","49.00元","8.1"
"23116260","其实，大家都想做菜","","庄祖宜","","生活·读书·新知三联书店","2013-3","39.00元","8.2"
"2996680","蔡澜食材字典","","蔡澜","","山东画报出版社","2008-2","28.00元","7.8"
"2974903","香港味道2","街头巷尾民间滋味","欧阳应霁","","生活·读书·新知三联书店","2008-1","39.80元","8.1"
"25776456","老味道","","汪曾祺","","中国青年出版社","2013-10-1","CNY 32.00","8.7"
"26281415","早餐礼赞","","[日]饭岛奈美、飯島奈美","吴绣绣","北京时代华文书局","2015-2-5","34.80","7.5"
"5914556","台湾味道","","焦桐","","生活·读书·新知三联书店","2011-1","32.00元","7.6"
"25852665","孤独的人都要吃饱","","张佳玮","","中国华侨出版社","2014-4","32.80元","7.6"
"3410797","吃，吃的笑","","殳俏","","生活·读书·新知三联书店","2009-1","28.00","7.8"
"4011282","京味儿","","崔岱远","","生活·读书·新知三联书店","2009-12","18.00元","8.2"
"4705912","意大利餐制作大全","","川上文代","书锦緣","辽宁科技","2010-4","48.00元","8.9"
"26765379","爱上铸铁锅","","[日]药袋绢子","刘仝乐","北京联合出版公司·后浪出版公司","2016-5","36.00元","8.0"
"26711352","面包制作的科学","","[日]吉野精一","肖潇","北京联合出版公司·后浪出版公司","2016-3","32.00元","8.1"
"5914555","暴食江湖","","焦桐","","生活·读书·新知三联书店","2010-12","22.00元","8.0"
"5954632","寿司品鉴大全","","[日] 小野二郎","赵怡凡","辽宁科学技术出版社","2011-3","49.80元","8.4"
"1916929","梁实秋谈吃","","梁实秋","","中国纺织出版社","2006年10月","19.80","8.6"
"26411821","无印良品的人气菜肴","","中村新","曹逸冰、吉井忍","中信出版社","2015-5-1","CNY 39.80","7.8"
"26602109","吃饱了才有力气谈恋爱","","蔡要要不吃药","","北京联合出版公司","2015-9-30","32.80元","7.4"
"26769704","早安，早餐","喂饱了肚子，一天都不会太糟。","蒋三寻","","山西科学技术出版社","2016-5-1","42.00","7.9"
"25828868","快活馋","","高军、徐路","","浙江文艺出版社","2014-3-1","32.80元","7.5"
"26843917","和食十品","","[日]髙桥拓儿","苏暐婷","新星出版社","2016-8","45.00元","8.8"
"26734610","中国食谱","","杨步伟","","九州出版社","2016-2-1","CNY 52.00","9.1"
"11507833","深夜食堂料理特輯","","dancyu編輯部、Big comics original編輯部、安倍夜郎","丁世佳","新經典文化","2012-8","NT$220","8.4"
"26812868","吃的美德","餐桌上的哲学思考","朱利安·巴吉尼 (Julian Baggini)","闾佳","北京联合出版公司","2016-6-1","CNY 56.90","8.1"
"5502946","元气糖","","殳俏","","江苏文艺出版社","2011-1","35.00元","7.5"
"26276634","無印良品的四季食谱","","[日] 无印良品","袁璟、林叶","广西师范大学出版社","2014-12","48.00","7.4"
"26265818","电影食堂","","[日]饭岛奈美、飯島奈美","吴绣绣","北京时代华文书局","2015-2-5","34.80","7.3"
"24704589","跟着小嶋做烘焙","","小嶋流美","王丹丹","南海出版公司","2013-7-1","CNY 36.00","8.4"
"10830940","法式西餐制作大全","","川上文代 (Fumiyo Kawakami)","马金娥","辽宁科学技术出版社","2012-9","48.00元","9.0"
"26784339","胖子之城","","殳俏","重庆大学出版社","楚尘文化","2016-5","42.00元","7.7"
"3071714","饮膳札记","女教授的19道私房佳肴","林文月","","广西师范大学出版社","2008-5","22.00元","7.9"
"25827271","吃早餐，彻底改变了我","","Hana、卤猫","","中国华侨出版社","2014-3-1","36","7.4"
"1064014","中国吃","","唐鲁孙","","广西师范大学出版社","2004-11","19.00元","8.3"
"5972443","白话随园食单","","白常继","","中国商业出版社","2011-1","38.00元","8.0"
"6397533","水果猎人","","[加拿大] 亚当·李斯·格尔纳","于是","生活·读书·新知三联书店","2011-11","32.00元","8.2"
"26932848","食帖14：小聚会教科书","","林江","","中信出版集团股份有限公司","2016-12-1","49.00","7.7"
"26827556","食帖10:早餐，真的太重要了","","林江  主编","","中信出版社","2016-7","42.00元","7.8"
"5423779","食桌情景","","[日] 池波正太郎","廖卿惠","生活·读书·新知三联书店","2011-4","25.00元","7.9"
"3187449","细说川菜","","胡廉泉、罗成章","","四川科学技术出版社","2008-6","22.00元","8.8"
"20272103","旧时光的味道","在食物中，重温往昔的美好","许亿","","长江文艺出版社","2013-4-1","29.80元","7.3"
"26789266","你不懂面包","有料、有趣、还有范儿的面包百科知识","日本面包推广协会","郭清华","江苏凤凰文艺出版社","2016-8","39.80","8.7"
"6265143","最详尽的面包制作教科书","","（日）坂本利佳","邓楚泓","辽宁科学技术出版社","2011-5","48.00元","8.9"
"26803921","味言道（精装水墨版）","写尽天下美食，写尽人间世情","车前子","","北京大学出版社","2016-6","45.00元","7.8"
"26411825","无印良品的花样土锅料理","","[日] 渡边有子","李彩虹、吉井忍","中信出版社","2015-5-31","39.80","8.0"
"26665581","料理全书","NHK超人气料理节目，日本国民奶奶写给厨房初学者的料理教科书，900张实","高木初江","石秀梅","北京联合出版公司","2016-1","55","8.7"
"10480691","蓝带甜点师的纯手工果酱","","于美瑞","","河南科学技术出版社","2011-2-10","29.00元","8.2"
"1457211","吃主儿","","王敦煌","","生活·读书·新知三联书店","2005-12","15.00元","7.8"
"1484084","大众川菜","","刘建成、胡廉泉、舒孝钧、杨镜吾","","四川科学技术出版社","1984-1","1.21元","9.3"
"3102649","恶魔花园","禁忌食物的故事","（美）斯图尔德·李·艾伦（Stewart Lee Allen）","陈小慰、朱天文、叶长缨","新星出版社","2008-07","32.00元","7.9"
"20499702","味道·第一宗罪","","梁文道","","广西师范大学出版社 群言出版社","2013-1","26.00元","7.7"
"1563556","日本蛋糕名店的私藏秘方","","永瀨正人","榮淑樁","笛藤出版","2003-07-10","NT160","8.2"
"26780654","美味岁时记","","'永瀨正人'","'榮淑樁'","'笛藤出版'","'2003-07-10'","'NT160'","8.8"
"25767395","神的拉面","","[日] 多纪光","赵嵩珏","新星出版社","2014-1","30.00","6.9"
"1460123","寒夜客来","中国饮食文化散记之二","逯耀东","","生活.读书.新知三联书店","2005-12","18.00元","8.0"
"23164585","爱自己，好好吃早餐","我的70天早餐日记","蜜思 编著、萨妮儿 绘","","中国轻工业出版社","2013-4","28.00元","6.9"
"19974860","孤獨的美食家","","久住昌之、谷口治郎","呂郁青","圓神出版社","2012-11-26","NT$250","8.6"
"4175452","美味关系","365天，524道菜，一间狭小的公寓厨房","[美] 朱丽·鲍威尔","苏西","重庆出版社","2010-2","26.80元","7.8"
"26613060","食帖06：理想身材，吃即王道！","","林江 主编","","中信出版集团股份有限公司","2015-11","39.00元","7.7"
"1039661","厨师之旅","寻觅世上最完美的饮食","[美] 安东尼·伯尔顿","王建华等","生活·读书·新知三联书店","2004-01","24.00","7.7"
"24849908","假如我有一间咖啡馆","每个理想主义青年心中，都有一间咖啡馆。","小小H、Pan小月","","中国华侨出版社","2013-8","46.00元","7.6"
"19974381","味道台北","","欧阳应霁","","广西师范大学出版社","2012-10","39.00元","7.3"
"25763528","植物学家的锅略大于银河系","","史军","","清华大学出版社","2013-11-1","45.00元","8.1"
"10864608","拍出幸福美滋味","讓人怦然心動的美食攝影","Helene Dujardin","","碁峰","2011-12","500NT","8.6"
"2146585","Asian 甜品屋","融合中國、東南亞及日本特色甜品","關琬潼","","嘉出版有限公司","2006-3","港币69元","7.6"
"20429355","意大利面制作大全","","真中阳宙","于春佳","中国民族摄影艺术出版社","2013-1","48.00元","9.3"
"26325615","家常酒菜","汪曾祺谈美食","汪曾祺","","青岛出版社","2015-2-1","68","8.5"
"25758219","法国蓝带西餐烹饪宝典","","杰尼·莱特、埃里克·朱莉","丛龙岩","中国轻工业出版社","2013-9-1","138.00","8.8"
"25942396","日本味道","","'杰尼·莱特、埃里克·朱莉'","'丛龙岩'","'中国轻工业出版社'","'2013-9-1'","'138.00'","7.4"
"24742991","再赴美食之旅","","[美] 安东尼·伯尔顿","蔡宸亦","生活·读书·新知三联书店","2013-6","26.00","7.6"
"23164345","幸福，一手“煲”办","1个电饭煲和66道料理的美味情缘","蜜思 编著、袁小真 绘","","中国轻工业出版社","2013-4-30","28.00元","7.8"
"1421803","蔡澜谈吃","","蔡澜、陈子善","","山东画报出版社","2005-8","25.00元","7.7"
"2057529","阿佛洛狄特","感官回忆录","[智利] 伊莎贝尔·阿连德","张定绮","译林出版社","2007-4","38.50元","8.1"
"1082586","厨室机密","烹饪深处的探险","安东尼·伯尔顿","傅志爱","生活·读书·新知三联书店","2004-1","24.00元","7.8"
"1761142","人和食物是平等的","","殳俏","","新星出版社","2006-3","19.00元","7.9"
"26731424","买不到的味道","","[日]平松洋子","史诗","新星出版社","2016-3","45.00元","7.5"
"1352993","法國藍帶的基礎糕點課","","'[日]平松洋子'","'史诗'","'新星出版社'","'2016-3'","'45.00元'","8.4"
"26803669","《露丝玛丽，教我做西餐吧》","","俞蘅","","南方日报出版社","2016-3","39.80 元","9.9"
"26582044","美味食光","秘密花园涂绘学院丛书10","[韩]朴贞雅","","北京联合出版公司·后浪出版公司","2015-8","49.80元","8.7"
"1069778","我的川菜生活","","石光华","","陕西师范大学出版社","2004-01-01","38.00","8.1"
"26879049","和果子","","薮光生","虞辰","新星出版社","2016-10","45.00元","8.6"
"4703383","经典面包制作大全","","坂本利佳","书锦緣","辽宁科技","2010-4","48.00元","8.9"
"1706129","调鼎集","清代食谱大观","童岳荐","","中国纺织出版社","2006-1","38.00元","8.9"
"26369033","一起来吃轻晚餐","少油烟零负担的低卡快手菜","小小H","","中国轻工业出版社","2015-5-1","36.00","7.2"
"1042250","肚大能容","中国饮食文化散记","逯耀东","","生活·读书·新知三联书店","2002-10","17.00元","7.9"
"26363916","李英爱的晚餐","","李英爱、洪主英","黄莹莹","中国轻工业出版社","2015-5","58.00","7.7"
"26587847","食帖05：全宇宙都在吃甜品","全宇宙都在吃甜品","林江 主编","","中信出版社","2015-9-15","39.00元","7.9"
"3115895","两个素食者的创意厨房","不生病的美味素食","'林江 主编'","''","'中信出版社'","'2015-9-15'","'39.00元'","7.9"
"20470522","耀扬的厨房","","耀扬","","电子工业出版社","2013-1","48.00元","7.9"
"26906511","梅森瓶里的轻食光","","石珊珊 著","","海南出版社","2016-11","46.00元","7.7"
"10766229","魚翅與花椒","英國女孩的中國菜歷險記","扶霞·鄧洛普、Fuchsia Dunlop","鍾沛君","貓頭鷹","2012-6-3","NT$320","8.3"
"26856887","觅食迹","","王冠、张丹三、猫力","","湖南科学技术出版社","2016-8-1","36","8.5"
"26014724","好想为你做便当","","neinei","","化学工业出版社","2014-9-1","49.80元","8.1"
"26930543","春风十里，不如食你","","赵典谦、凌小姐、小凯庄","","中国友谊出版公司","2017-1","46.80元","7.8"
"2044609","上海老味道","","沈嘉禄、戴敦邦","","上海文化出版社","2007-2","29.00元","8.5"
"26646314","今天也要好好吃饭","吃好，喝好，日子过好","蔡澜","","北京时代华文书局","2015-11","36.80元","7.3"
"6902934","学徒面包师","","[美]彼得.莱因哈特","何文","北京科学技术出版社","2011-1-1","86.00元","9.3"
"26345261","小森食光 1","電影《小森食光》原著作品","五十嵐大介","黃廷玉","臉譜","2015-3-31","NT$240","8.8"
"26942225","把爱写进食谱","为你爱的人下厨房","格温妮丝•帕特洛","胡淑华","北京联合出版公司","2017-1","62","8.0"
"21372703","旅人的食材历","24节气里的台湾味道","洪震宇  著、刘伯乐  绘","","光明日报出版社","2013-3","38.00元","7.4"
"25838015","离开前，请吃空冰箱","","李妙生","","中信出版社","2014-3-15","36.00元","7.9"
"25797851","山家清供","中华生活经典","[宋]林洪撰，章原编著","","中华书局","2013-12-4","27元","8.4"
"2379023","欧陆传奇食材","","林裕森","","生活·读书·新知三联书店","2008-1","39.80","7.8"
"4760870","如何煮狼","","(美) M.F.K.费雪","韩良忆","新星出版社","2011-11","25.00元","7.4"
"5390093","后厨机密","从杂志编辑到厨室学徒","[美]比尔·比福德 (Bill Buford)","韩良忆","中信出版社","2010-12-1","29.00","7.5"
"10574712","便当盒里的秘密","","穆菡","","北京邮电大学","2012-4-1","15.00元","8.6"
"26411829","无印良品的万能酱汁料理","","[日] 枝元菜穗美","","曹逸冰、吉井忍","39.80","2015-5-31","7.9"
"26281256","味覺獵人","舌尖上的科學與美食癡迷症指南","Barb Stuckey","莊靖","漫遊者文化事業股份有限公司","2014-10-2","NTD 400.00","8.4"
"26763735","四季餐桌","来自瑞典餐桌艺术家的餐桌美学","[瑞典] 凯瑟琳娜·林德伯格·本汉德森","曾焱冰","未读·生活家·北京联合出版公司","2016-5","88","7.5"
"1228011","知堂谈吃","","周作人","","山东画报出版社","2005-02","16.00","8.0"
"3535792","日本料理","蔡澜谈日本","蔡澜","","山东画报出版社","2009-1","25.00","7.6"
"26767061","《只一盘也是盛宴：懒人的10000种健康沙拉》","","[英] 苏珊娜·提【著】","","未读·北京联合出版公司","2016-6","49.80","8.1"
"26314759","食帖02：只为喝杯好咖啡","只为喝杯好咖啡","林江 主编","","广西师范大学出版社","2015-2","39.00元","7.2"
"24716250","栗原的日式家庭料理","栗原的日式家庭料理","栗原晴美","陈程","南方日报出版社","2013-5","33元","7.8"
"26293762","食帖01：Brunch吧!没那么赶时间","Brunch吧!没那么赶时间","林江 主编","","广西师范大学出版社","2015-1","39.00元","7.1"
"26831669","贝太厨房·十二城味","","贝太图书工作室","","中信出版集团","2015-6-1","CNY 42.80","8.6"
"20470916","深夜食堂 02","","[日] 安倍夜郎","陈颖","湖南文艺出版社","2013-1","25.00元","9.1"
"2227749","美食评论家的乔装秘密生活","","露丝·雷克尔","黄芳田","中国人民大学出版社","2007-8","36.00元","7.9"
"26411826","无印良品的简单微波炉料理","","[日]小川圣子","","曹逸冰、吉井忍","中信出版社","2015-5-31","8.0"
"26421278","全球蔬菜纪行","","[日]玉村丰男","张秋明","浙江大学出版社","2015-5","36.00元","7.2"
"1598832","专业烘焙","第3版","韦恩·吉斯伦","","大连理工大学出版社","2004-10","88.00元","8.7"
"26617461","写在基因里的食谱——关于饮食、基因与文化的思考","","纳卜汉","","上海世纪出版股份有限公司","2015-8-1","CNY 35.00","7.7"
"25772471","唯美食与爱不可辜负","","meiya、吴从周、红狼、不寧、Ida、马二、蔡要要不吃药、鱷魚飛行™、拖着懒步去天堂、破落户•天棚鱼缸石榴树、Icancu、鱼秋刀、Paradox、Swx、喜北肉豆蔻、海棠、大王、米周、Nino、陈静抒、起床，吃饭","","江苏文艺出版社","2013-11","36.00元","6.8"
"19894041","食记百味","","吉本芭娜娜","陈宝莲","山东人民出版社","2012-9","25.00元","7.6"
"26461519","面包会有的","","苗炜","","译林出版社","2015-7-1","CNY 36.00","8.0"
"26849966","深夜食堂 严选之味","","'苗炜'","''","'译林出版社'","'2015-7-1'","'CNY 36.00'","7.8"
"26142174","今天的早餐","","[日]山崎佳","爱整蛋糕滴欢","南海出版公司","2014-11","29.50元","7.6"
"1071270","酸甜苦辣咸","","唐鲁孙","","广西师范大学出版社","2005-01","20.00","8.2"
"26418280","九城记:中国城市生活美学","","城市发现工作室","","人民邮电出版社","2015-5-1","39.80元","9.5"
"10560187","我爱面包机","我的第一本面包机烘焙书","主妇之友社","姜婧","北京科学技术出版社","2012-4","39.00元","8.5"
"1871292","天生嫩骨","","(美)露丝·雷克尔","宋碧云","新星出版社","2006-8","23.00元","7.8"
"25943103","温暖灵魂的味道","慢时光系列","张佳玮、小岩井、舒行、苏美、JX、马德、刀丛中的小诗、这么远那么近、十三、李林寒、犀牛大哥、艾小玛、名字里有个狐、锦、吴先生、蔡要要不吃药、木偶师、木兰、曹亚瑟、慕容素衣、阿措、杨扬、海棠、鱼小玄、猫语猫寻、等","","江苏凤凰文艺出版社","2014-8","36.00元","7.1"
"26297786","你烩你做啊","","雨前羽街、ES女王样","","黑龙江美术出版社","2015-1-1","35.00","7.4"
"26819233","给你一桌子美好","","余嘉方","","九州出版社","2016-7","49.80元","9.3"
"25724942","肠子，脑子，厨子","人类与食物的演化关系","﹝美﹞约翰•S.艾伦 （John S. Allen）","陶凌寅","清华大学出版社","2013-10-8","38.00","7.1"
"26583821","嗜：戒不掉的甜蜜","","郭亦城","","中信出版社","2015-8","39.80元","7.9"
"26789646","四万十食堂","","'郭亦城'","''","'中信出版社'","'2015-8'","'39.80元'","7.4"
"26767066","有意面，不孤单：快煮慢食的10000种意大利面","","[英] 苏珊娜·提【著】","","未读·北京联合出版公司","2016-5","49.80","8.1"
"10533384","潮汕味道","潮汕文化丛书•岭南文化书系","张新民","","暨南大学出版社","2012-1","48.00元","8.3"
"6972440","老饕续笔","","赵珩","","生活·读书·新知三联书店","2011-11","29.00元","8.1"
"26684007","明日的餐桌","","［美］帕梅拉•罗纳德、拉乌尔•亚当查克","蒋显斌","上海译文出版社","2016-1","45.00","7.9"
"23780875","深夜食堂 05","","[日] 安倍夜郎","陈颖","湖南文艺出版社","2013-6","25.00元","9.1"
"3698039","法式西餐烹饪基础","世界顶级厨艺学院法国蓝带经典教程","法国蓝带厨艺学院","卢大川","中国轻工业出版社","2009-4","38.00元","8.2"
"25755529","一把盐","人间有真味，半酣意尤长","[加] 左壮","","中国轻工业出版社","2014-1-1","46.00","7.9"
"10528380","有生之年非吃不可的1001种食物","","弗朗西斯•凯斯、Frances Case","王博、马鑫","中央编译出版社","2012-3","198.00元","8.6"
"3360443","糕點聖經","150多道經典配方、超過300種製作技巧、600張步驟圖詳解、32位頂尖名廚傳","法國藍帶廚藝學院 Le Cordon Bleu","","大境文化事業有限公司","2008","1,100 TWD","8.8"
"26677846","有味是清欢：美食小品赏读","","曹亚瑟","","中州古籍出版社","2016-1","25.00","9.0"
"25797855","食宪鸿秘","中华生活经典","[清]朱彝尊著，张可辉编著","","中华书局","2013-12-4","36元","8.4"
"26421322","蔬菜之神","","[日]狩野由美子","郭清华","浙江大学出版社","2015-5","35.00","7.2"
"26771606","没完没了的好时光","","曾焱冰","","中信出版社","2016-5-15","49.80元","7.8"
"5333574","烹饪、菜肴与阶级","一项比较社会学的研究","[英] 杰克·古迪、Jack Goody","王荣欣、沈南山","浙江大学出版社","2010-10","48.00元","7.6"
"25941119","够味儿!80道经典家常菜烹饪详解","80道经典家常菜烹饪详解","罗生堂","","北京科学技术出版社","2014-7-1","CNY 39.80","8.8"
"3136744","从零开始学下厨","","文怡、王芳","","中国纺织出版社","2008-6","19.80元","8.2"
"1908263","咖喱传奇","","[英]莉泽特·科林厄姆","邵文实","新星出版社","2006-10","29.80","7.2"
"26767067","我有故事与酒：10000次与鸡尾酒相伴的时光","","[英] 金·戴维斯【著】","","未读·北京联合出版公司","2016-6","49.80","8.3"
"3836152","快煮慢食","十八分钟味觉小宇宙","欧阳应霁","","生活·读书·新知三联书店","2009-7","34.80","7.5"
"25929854","宋朝饭局","","李开周","","东方出版社","2014-7-15","39.00元","7.1"
"25922419","日本味儿","","陈杰、李洁","","陕西人民出版社","2014-9","39.8","8.3"
"25930692","吃货辞典","","崔岱远","","商务印书馆","2014-7","39.00元","7.6"
"25958209","四季蔬：小白素食记录","小白素食记录","小白","","重庆出版社","2014-9","39.80","7.4"
"26593509","酒友 饭友","","[日] 安倍夜郎","丁世佳","新星出版社","2015-10","25.00元","7.6"
"4760876","写给牡蛎的情书","","(美) M.F.K.费雪","韩良忆","新星出版社","2010-5","18.00元","7.4"
"26617305","美食近似于爱","","米果","","中国友谊出版公司","2015-10","36.00","8.2"
"26390942","食帖04：肉！肉！肉！","肉！肉！肉！","林江主编","","中信出版社","2015-6","39.00元","7.7"
"26364021","料理小说俱乐部","","殳俏","重庆大学出版社","楚尘文化","2015-5","32.00","6.8"
"25892845","初心","","江振诚","","九州出版社","2014-6","32.80","7.8"
"6871026","在欧洲，逛市集","","韩良忆、Job Honing","","上海人民出版社","2011-10","39.00元","7.6"
"2131829","煮妇日记","","殳俏","","新星出版社","2007-5","20.00元","7.3"
"7154270","在阳台种美味","耕事·厨事·心事","妖妖","","电子工业出版社","2012-1","59.80元","7.7"
"11509650","舌尖上的世界","全球经典美食居家烹饪秘籍（CCTV纪录片《舌尖上的中国》配套菜谱国际","潘俣宁、沈佳婷","","光明日报出版社","2012-8-1","35.00元","8.0"
"4730272","高橋美起陪你來吃丼飯","らくウマ!どんぶりレシピ","'潘俣宁、沈佳婷'","''","'光明日报出版社'","'2012-8-1'","'35.00元'","8.0"
"26806905","时光，一场不散的筵席","","家猫甲","","花山文艺出版社","2016-6","39.80元","9.4"
"26757638","食帖08：自给自足指南书","","林江","","中信出版集团股份有限公司","2016-5-1","42.00","7.3"
"25799696","寻味中国","一个华裔美国女孩的中国美食大冒险","[美] 林留清怡","胡韵涵","重庆大学出版社","2014-6-1","35.00","7.8"
"3406848","终极美味","","[法] 妙莉叶•芭贝里（Muriel Barbery）","严慧莹","南京大学出版社","2009-1","16.00元","7.6"
"25780643","最好的厨房","24小时的美食慰藉","锦食堂","","中国轻工业出版社","2014-1-1","36.00","7.3"
"26303206","今天也谢谢招待了","","角田光代","陈娴若","北京联合出版公司","2015-5","39.80","7.4"
"20470913","深夜食堂 03","","[日] 安倍夜郎","陈颖","湖南文艺出版社","2013-1","25.00元","9.1"
"1143233","从小爱吃的菜","60道最贴心的家常菜","《贝太厨房》工作室","","中国旅游出版社","2004-09","32.00","8.1"
"3213367","昨日的美食 01","","吉永史","王詩怡","尖端出版股份有限公司","2008-09-09","NT$120","9.0"
"25815344","民国吃家","","二毛","世纪文景","上海人民出版社","2014-2","29.00元","7.1"
"10727853","廚藝之鑰（上）","完全掌握廚房，完美料理食材（廚具、蔬果、奶蛋、肉魚）","哈洛德．馬基","鄧子衿","大家出版社","2012-5-10","350新台幣","8.7"
"7002722","Julia's香草满屋","","夏荷","","河南科学技术出版社","2011-11","29.00元","7.7"
"4906173","君之的10分钟蛋糕","","君之","","北京科学技术出版社","2010-7","28.00元","8.5"
"26375107","食帖03：食鲜最高","","林江 主编","","中信出版社","2015-5-1","39.00元","7.6"
"10586500","四季的幸福烘焙","Mayo给你的77个美妙配方","韩善明","","马艳","2012-3","36.00元","8.6"
"25985699","爱就是在一起，吃好多好多顿饭","","曾焱冰","","中信出版集团","2014-10-1","CNY 49.80","7.4"
"3431035","下厨记","","邵宛澍","","上海文化出版社","200901","24.00元","7.7"
"24828689","菜市场里的大厨","","乔艾尔 Joël","","生活·读书·新知三联书店","2013-7","48","7.5"
"11537640","一个人的美食之旅2","","高木直子","香冰","江西科学技术出版社","2012-9-1","28.00元","8.4"
"26584275","寻食启事","","殳俏","重庆大学出版社","楚尘文化","2015-8","42.00元","8.0"
"26681993","食帖07:大丈夫生于厨房","","'殳俏'","'重庆大学出版社'","'楚尘文化'","'2015-8'","'42.00元'","7.9"
"25902282","美食摄影全书","你无法抗拒的美食摄影全书","Teri Campbell","","锦瑟二十","电子工业出版社","79.8元","8.3"
"26871297","东京时味记","","[日] 新井一二三","","译林出版社","2016-10","39.00","7.5"
"1042616","云乡话食","","邓云乡","","河北教育出版社","2004-11","19.40元","8.0"
"24522588","暖食","质朴的味道，家的味道","蔡澜","","中国华侨出版社","2013-5","36.00元","7.3"
"26680436","来份杂碎","中餐在美国的文化史","[美]安德鲁·科伊","严华容","北京时代华文书局","2016-2-1","45.00","8.2"
"6012061","恋味者","","[美] M. F. K. 费雪","张雅楠","新星出版社","2011-3","25.00元","7.3"
"6558053","灶下书","","阿子","","法律出版社","2011-6","24.00元","7.9"
"2102128","烹调原理","","张起钧","","中国商业","1999","14.0","7.9"
"1572548","姑苏食话","","王稼句","","苏州大学出版社","2004-4","21.00元","8.1"
"5317052","大師糕點","750道食譜‧450張照片‧不論是烘焙新手或糕點專業人員，所有人必備的糕","Hermé, Pierre","","林惠敏","大境文化事業有限公司","NT$1600","9.1"
"11600027","大仲马美食词典","","(法)大仲马","杨荣鑫","译林出版社","2012-11","38.80元","7.6"
"4922458","歡迎進入Grace西點紅茶時間","","'(法)大仲马'","'杨荣鑫'","'译林出版社'","'2012-11'","'38.80元'","8.9"
"26631903","味之风月","","森林的火焰","","江苏凤凰文艺出版社","2015-9","28.00","8.3"
"3572310","香草茶品鉴大全","","[日] 佐佐木薰","乐馨","辽宁科学技术出版社","2009-1","49.80元","8.7"
"1007246","写食主义","","沈宏非","","四川文艺出版社","2003-11-1","15.00","7.8"
"1257179","家庭实用菜谱大全（上、中、下）","","邢涛等编","","北京出版社","2004-9","68.80元","8.2"
"10744608","跟着君之学烘焙Ⅱ","","君之","","北京科学技术出版社","2012-6-1","39.80元","8.8"
"26584283","饿童时代","","殳俏","重庆大学出版社","楚尘文化","2015-8","42.00元","7.6"
"3066876","日本鐵路便當大全","","小林忍","唐文綺","尖端出版","2008","NT$350","8.6"
"2224050","超好吃吐司變化100種","","三采文化編輯部","","三采","2007年07月03日","199 TWD","8.0"
"4199599","面包新语","","(日)西川功晃","子怡","南海出版公司","2010-2-1","39.80元","8.1"
"6000642","烧烤圣经","","史蒂芬·赖希伦","聂传炎","吉林文史","2011-3","68.00元","8.0"
"6798514","日本顶级甜点师的烘焙创意","","（日）高木康政","李珊","辽宁科学技术出版社","2011-9","48.00元","8.6"
"5910558","家常真味-壹","","江献珠","","广东教育出版社","2011-1","35.00元","7.9"
"26258470","中国豆腐","","林海音 编","","广西师范大学出版社","2014-11","42.00元","7.2"
"1221278","烘焙宝典","","吴美珠","","辽宁科学技术出版社","2005-1","38.00元","8.0"
"10795243","舌尖上的中国","","中央电视台纪录频道","","光明日报出版社","2012-6","50.00元","7.9"
"3202002","法國糕點大全:110種特選甜點、76個獨門","","'中央电视台纪录频道'","''","'光明日报出版社'","'2012-6'","'50.00元'","9.0"
"20470914","深夜食堂 04","","[日] 安倍夜郎","陈颖","湖南文艺出版社","2013-1","25.00元","9.1"
"26369018","一起来吃下午茶","悠闲派对，共享午后甜咸小“食”光","晴天小超人","","中国轻工业出版社","2015-5-1","38.00元","7.3"
"10749566","果酱女王教你做蓝带风、纯天然极品果酱","网络热销果酱女王的 28款超美味热销手工果酱配方+54种绝赞吃法。","施佳伶","","河南科学技术出版社","2012-5","36.00元","8.7"
"6558047","胡吃乱想","","胡续冬","","法律出版社","2011-6","30.00元","7.9"
"2125029","无尽的盛宴","美食杂志六十年精选作品","露丝·雷克尔","卓妙容","新星出版社","2007-6","37.50元","7.8"
"6510146","梅酒香螺嘬嘬菜","江南野味的民间话本","谈正衡","","辽宁教育出版社","2011-6","32.00元","7.7"
"25913193","一切有情,依食而住","","唐七、浅白色、等","","湖南文艺出版社","2014-7-1","CNY 32.80","7.2"
"25662823","杰米·奥利弗30分钟上菜","","杰米•奥利弗","张巍","中信出版社","2013-8-15","98.00","8.5"
"6967739","老爹妈思厨","","梁以瑚 (主编)、杨阳 (主编)","","中国人民大学出版社","2011-11-20","48.00元","7.5"
"1335492","大廚食材完全指南","","ADRIAN BAILE","陳素貞","貓頭鷹","1999年10月12日","NT$ 450","8.0"
"19961100","廿四分之一挑食","節氣食材手札","種籽設計","","創意市集","2012-7-26","128.00元","8.1"
"22155952","The Kinfolk Table","Recipes for Small Gatherings","Nathan Williams","","Artisan","2013-10-15","USD 35.00","8.9"
"10732120","一路吃下去","骑向台湾第一小吃摊","(日)石田裕辅","邱香凝","上海译文出版社","2012-7","32.00元","6.9"
"25731492","花样甜——不用烤箱的76道快手甜点","不用烤箱的76道快手甜点","晴天小超人","","江苏文艺出版社","2013-10","36.00元","7.8"
"3062449","唐鲁孙作品（六卷精华版）","","唐鲁孙","","广西师范大学出版社","2008-4","218.00元","9.2"
"4229584","幸福的料理箱","","李冰","","人民文学出版社","2010年1月","25.00元","7.8"
"26774591","怀旧食堂","那些或温暖或微凉的美食记忆","伊北","","石油工业出版社","2016-5","32.80","8.4"
"26866719","食帖11：美食漫画万岁！","","林江","","中信出版集团","2016-8-31","42","7.2"
"24890055","每天1碗沙拉,等于瘦身1小时","","莎拉女王","","中国轻工业出版社","2013-8-1","CNY 29.80","6.5"
"25785271","男人的菜市场","","刘克襄","","上海人民出版社","2014-1-1","45.00","7.1"
"6782226","30分钟做营养晚餐","","胖星儿","","漓江出版社","2011-8-1","35.00元","8.8"
"26718762","真味","日本料理的奢华","(日) 神田裕行著","孙雅甜","南海出版公司","2016-3-1","32.00元","8.3"
"5400859","30岁重新做女人","","（美）凯瑟琳•弗林 著","李晓洁 译","中信出版社","2011-1","28.00元","7.4"
"26348759","中国馔馐谭","","齐如山","","华中科技大学出版社","2015-4-1","23.00元","8.0"
"26607048","日本料理制作大全","","川上文代","周小燕","中国民族摄影艺术出版社","2015-10-1","CNY 48.00","8.0"
"26866648","吃了再爱，还是爱了再吃？","","匡靖","","北京燕山出版社","2016-9","39.00","8.0"
"6716684","天生是饭人","","欧阳应霁","","辽宁教育出版社","2011-8-11","37.00元","7.6"
"2284300","为国王们烹饪","","[英]伊恩·凯利","蔡得誉、邵群芳","生活·读书·新知三联书店","2007-10","29.00元","7.5"
"1958924","易牙遗意","","韩奕 撰、邱庞 注释","","中国商业出版社","1984年9月第一版","0.45元","8.3"
"26770150","蔡澜旅行食记","","蔡澜","","青岛出版社","2016-4-1","CNY 49.80","6.7"
"23780881","深夜食堂 08","","[日] 安倍夜郎","陈颖","湖南文艺出版社","2013-6","25","9.1"
"1051500","恋人食谱","梅子的写食日记","梅子","","华夏出版社","2004-09","32.00","7.8"
"26856342","面食之书","","克里斯多夫•纳哈特","李中文","四川文艺出版社","2016-9","48","8.0"
"24845960","中午吃什麼? 一個經濟學家的無星級開胃指南","","Tyler Cowen","朱道凱","早安財經","2013-7","CNY 110.00","7.3"
"24714214","驻京办招牌菜在家做","驻京办招牌菜在家做","《驻京办招牌菜在家做》编写组","","光明日报出版社","2013-6","35.00元","8.1"
"26857820","《把这瓶开了！》","The Essential Guide to Wine独家中文简体版）","[美] 玛德琳•帕克特  贾斯汀•海默克","王琰","江苏凤凰文艺出版社","2016-9","68.00","7.6"
"25972668","The Language of Food","A Linguist Reads the Menu","Dan Jurafsky","","W. W. Norton & Company","2014-9-15","USD 26.95","7.8"
"26596235","食物","味道的历史","保罗·弗里德曼","董舒琪","浙江大学出版社","2015-9-1","CNY 95.00","7.0"
"20379785","京味儿食足","","崔岱远","","生活·读书·新知三联书店","2012-10","23.00元","8.3"
"20470506","不过一碗人间烟火","","陈大咖","","安徽人民出版社","2013-2","24.80元","7.0"
"26575277","美食人生","汪曾祺作品集·插图珍藏本2","汪曾祺","","湖南文艺出版社","2015-7-15","35.00","8.7"
"1348179","法國藍帶的基礎料理課","","法國藍帶廚藝學院","","大境","20050401","NT$ 280","8.9"
"10827645","舌尖上的上海","上海LOCAL美食精华","指间沙","上海人民出版社","世纪文睿","2012-7","28.00元","8.0"
"3227186","我的小煮意","最具趣味风格的私人厨房绘本！","捷安特·潘达","","中国画报出版社","2008-10","24.80元","7.6"
"6771884","甜点品鉴大全","","（日）猫井登","秦玉玉","辽宁科学技术出版社","2011-9","49.80元","7.9"
"1949507","潮菜天下","潮州菜系的文化与历史","张新民","","山东画报","2006-11","39.00元","8.4"
"20492753","跟爱和自由一起做面包","","爱和自由","","北京科学技术出版社","2013-2","39.80元","8.8"
"2010072","国宴与家宴","","王宣一","","上海人民出版社","2007-2-1","20.00元","7.6"
"24733759","厨室探险","揭示烹饪的科学秘密","[法]埃尔韦•蒂斯","田军","商务印书馆","2013-5-1","CNY 32.00","7.8"
"1213245","礼拜三的糕饼课","","陈庆�、小青","","人民交通出版社","2003-3-1","35.00元","8.9"
"25733948","爱妻便当·","爱妻便当","吴绣绣","","中国华侨出版社","2013-10-1","CNY 38.00","7.8"
"26415837","我的第一次品酒","","（法）皮埃尔·卡萨梅耶","周劲松","北京联合出版公司","2015-6","59.80元","7.5"
"1504966","古今食事","","高阳","","华夏出版社","2006-1-1","12.00元","8.4"
"25843177","我爱沙拉","韩国最畅销沙拉书，100道可口、悦目的瘦身沙拉完美搭配100款秘制沙拉酱","池银暻","卢珍","北京科学技术出版社","2014-1-1","39","8.2"
"24852220","半间灶披间","","食家饭","","上海文化出版社","2013-6","22.00元","8.2"
"3829038","本心斋蔬食谱","","'食家饭'","''","'上海文化出版社'","'2013-6'","'22.00元'","8.8"
"26899880","荔枝蝉","","叶灵凤","","江苏文艺出版社","2016-9-1","38.00","7.8"
"25032919","烧好家常菜","","李雯","","上海文化出版社","1987-8","1.75","9.1"
"4058769","极致之味","","叶怡兰","","世纪文景  上海人民出版社","2009年9月","39.00元","7.1"
"3158328","超Q润戚风","","赤堀博美","瑪莎耶","笛藤","2006","台币240元","8.4"
"3802538","四方食事","饮食篇","汪曾祺","","中国文联出版社","2009-6","18.00元","8.6"
"3923521","面包品鉴大全","","主妇之友社","乐馨","辽宁科学技术出版社","2009-9","49.80元","8.5"
"5418731","香草香料鉴赏手册","","雷金斯","顾宇翔、葛宇、蒋天华","上海科技","2011-1","58.00元","7.6"
"3314139","小小乳酪蛋糕食譜書","","'雷金斯'","'顾宇翔、葛宇、蒋天华'","'上海科技'","'2011-1'","'58.00元'","8.7"
"6429545","早安，甜心","","吴绣绣","","国际文化出版公司","2011-5","26.00元","8.4"
"2105733","一切取决于晚餐","","[美]玛格丽特•维萨","刘晓媛","新星出版社","2007-5","29.00元","7.6"
"26454651","口头馋","董克平饮馔笔记","董克平","","电子工业出版社","2015-8-1","39.80","6.9"
"25852538","知日·料理之魂","","苏静","","中信出版社","2014-3-1","CNY 35.00","7.4"
"6048389","食材","","[澳] 彼得·麦雷斯 创意、路基·韦尔 撰写、吉尔·考克斯 修订","王晨晖","辽宁科学技术出版社","2011-3","158.00元","7.9"
"25862237","我们要好好的，吃晚餐","两个人40天的美味关系","蜜思、袁小真","","中国轻工业出版社","2014-4","28.00元","8.8"
"5379675","经典比萨500","","丽贝卡•鲍格尼埃","殷鹤","辽宁科学技术出版社","2010-12","42.80元","9.2"
"26658078","舌尖上的四川苍蝇馆子","","吴鸿","","中信出版集团","2015-11","49.80元","7.7"
"25774256","肥肉","","朱赢椿、沈昌文、钟叔河、麦家、蒋方舟、张嘉佳、那多、殳俏、苏童、池莉、等","","南京师范大学出版社","2014-2","56.00元","7.2"
"10733035","清粥草头咂咂鱼","江南野味儿的民间话本","谈正衡","","中国华侨出版社","2012-5","32.00元","7.5"
"4274470","美味方丈记","","[日]陈舜臣、蔡锦墩","余晓潮","广西师范大学出版社","2010年03月","26.00元","6.9"
"10862442","金牌意大利餐","","[日]片冈护","邓楚泓","辽宁科学技术出版社","2012-8","49.80元","9.0"
"5249966","巴黎小厨房","","山本百合子","郑景尹","山东人民出版社","2010-7","35.00元","7.4"
"5990266","美食家的字母表","","[美] M.F.K.费雪","张雅楠","新星出版社","2011-3","21.00","7.3"
"26960530","小风小物逛杭州","","陆彦","","浙江大学出版社","2017-2-1","58.00","10.0"
"26761601","低卡料理家","","陈珊珊","","电子工业出版社","2016-1-1","59.80元","7.4"
"24876861","情迷意大利美食：一学就会的意大利餐招牌菜","","（日）小林幸司","王婷婷","辽宁科学技术出版社","2013-9","48.00","9.4"
"20497345","云之味","春来无处不吃花","敢于胡乱、朱晓剑 主编","","中国青年出版社","2013-1-1","32.00元","8.1"
"3998874","随园食单  白门食谱  冶城蔬谱  续冶城蔬谱","","【清】袁枚、【民国】张通之、【清末民初】龚乃保、【民国】王孝煃","","南京出版社","2009-4","24.00元","8.8"
"20516653","一个人也要好好吃早饭","","苏齐","","天地出版社","2013-1-4","28.00元","6.1"
"6879074","刀工","","（英）马库斯•沃尔英  （英）肖恩•希尔","","旅游教育出版社","2011-9","68.00元","8.3"
"26421209","地道风物001·广西","","陈沂欢","主编","中信出版社","2015-6-1","49.8元","8.5"
"25802892","幸福  从早餐开始","微博、豆瓣红人“携手浪迹天涯际”，让你好好爱自己，享受早餐盛宴，","李雯","","河南大学出版社","2014-1-1","39.00","8.1"
"25797287","面包圣经","","罗丝·利维·贝兰堡","何文、王蕾","北京科学技术出版社","2014-2-1","79","8.5"
"26443878","趁热品尝","","[日]小川糸","陈宝莲","重庆出版社","2015-9","28.00元","7.9"
"3932842","红茶品鉴大全","","株式会社主妇之友社","","辽宁科学技术出版社","2009-7","49.80元","8.7"
"20224582","一学就会!70道最经典的法国甜点","","[法] 弗朗西斯·梅斯、林凤美","","漓江出版社","2012-10","78.00元","8.9"
"25896797","小嶋教你做蛋糕（附光盘）","","[日] 小嶋留味","于春佳","河北科学技术出版社","2014-6-1","35","8.7"
"26877103","人间至味","汪曾祺后人监制，全新修订精装典藏纪念版","汪曾祺","","作家出版社","2016-8-2","45.00元","8.1"
"25816136","汁吃诗","给食物的情书","小宽","","长江文艺出版社","2014-2-1","32元","7.2"
"20477027","轻松学西餐","","《贝太厨房》工作室","","中国大百科全书出版社","2013-1","32.80元","7.9"
"26298697","保罗·博古斯美食全集","","[法] 保罗·博古斯","范炜炜","浙江摄影出版社","2015-1-1","380.00元","7.4"
"1037090","天下味","","唐鲁孙","","广西师范大学出版社","2004-05","24.00元","8.1"
"26140408","食神漫笔","你不了解的日本料理","[日]北大路鲁山人","","杨晓钟  等","陕西人民出版社","2014-10","7.2"
"1931913","家常菜精选1288例","","本书编写组","","中国轻工业出版社","2007","29.80元","8.1"
"6003673","超人气面包简单做","","'本书编写组'","''","'中国轻工业出版社'","'2007'","'29.80元'","9.0"
"25717039","最详尽的冷冻保存教科书","","(日)吉田瑞子","闫凤敏","辽宁科学技术出版社","2013-10","46.00","8.2"
"25862234","爱，不停炖","细火慢炖72道滋养身心的应季汤品","蜜思、袁小真","","中国轻工业出版社","2014-4","28.00元","8.6"
"4071863","经典素食名人厨房","从佛陀到摇滚披头士的自然饮食","(美)赖恩·贝里","张若葹","生活·读书·新知三联书店","2010-3","29.00元","7.6"
"1873541","味觉森林","","森林的火焰","","陕西人民出版社","2006年9月","28.00元","8.2"
"4855867","两个素食者的创意厨房2","","笨鸟、土豆泥","","浙江科学技术出版社","2010年05月","29.80元","8.0"
"5379666","经典果饮500","","克里斯汀•华生","殷鹤","辽宁科学技术出版社","2010-12","42.80元","8.6"
"25891005","盘中巴黎","","'克里斯汀•华生'","'殷鹤'","'辽宁科学技术出版社'","'2010-12'","'42.80元'","7.6"
"3017063","漫话《闲情偶寄》","","（清）李渔（著）、杨眉（编绘）","","中信出版社","2008-02","28.00元","8.8"
"25927349","比萨：吃的全球史","","卡罗尔·F.赫尔斯妥斯基","牟百冶","漓江出版社","2014-8","28.00","7.0"
"26359465","永不失败的面包烘焙教科书 （享誉世界的日本辻专业厨艺联盟学校的面包大师教你零失败做面包，800多幅专业图片步步图解，20","","（日）梶原庆春，（日）浅田和宏","","河南科学技术出版社","2015-4","59.00","9.3"
"26795351","从厨房到餐桌","","Joyce Ling","","九州出版社","2016-6","45.00元","7.0"
"19956804","当世界变成辣椒","一位传奇作家尝遍人间美食经验及情感记录","虹影","","中信出版社","2012-10-1","36.00元","7.1"
"24522590","寻味","行路天下，吃情不减","蔡澜","","中国华侨出版社","2013-5","36.00元","7.3"
"26281268","会烘焙的女人，走到哪儿都有人爱","","小木头","","古吴轩出版社","2015-1-1","39.80","8.4"
"21345894","汤圆与白香饼","台湾美味文字","焦桐 主编","","生活•读书•新知三联书店","2013-1-1","28.00元","7.1"
"25861937","昔日的味道","昔日的味道","[日]池波正太郎","金晖","南海出版公司","2014-5","32.00元","7.4"
"26925068","不敢不乐","","'[日]池波正太郎'","'金晖'","'南海出版公司'","'2014-5'","'32.00元'","9.6"
"17421508","Gordon Ramsay's Ultimate Cookery Course","","Gordon Ramsay","","Hodder & Stoughton","2012-8-30","GBP 25.00","9.2"
"3698045","法式糕点制作基础","","法国蓝带厨艺学院","卢大川","中国轻工业出版社","2009-4","38.00元","8.5"
"6967521","幸福便當時間","","阿部直美、阿部了","王俞惠","行人文化實驗室","2011-10-25","NTD320元","8.7"
"25945805","天婦羅","","近藤文夫","陳孟平","麥浩斯","2014-2-27","499台币","8.4"
"10825645","即将消失的百年美味","36种令人怀念的台湾古早味","黄婉玲","","漓江出版社","2012-7","30.00元","7.4"
"3178437","窮中談吃","台灣五十年吃飯之見聞","舒國治","","台湾联经出版公司","2008年8月","NT260","8.0"
"1393189","养小录","","（清）顾仲","","岳麓书社","2005-04","12.00元","8.9"
"10606257","大厨小贴士","","'（清）顾仲'","''","'岳麓书社'","'2005-04'","'12.00元'","8.2"
"26422178","料理王国","","[日]北大路鲁山人","王文萱","生活·读书·新知三联书店","2015-5","28.00元","7.6"
"2680621","The Art of Simple Food","Notes, Lessons, and Recipes from a Delicious Revolution","Alice Waters","","Clarkson Potter","2007-10-2","245.00元","8.2"
"2354486","Mastering The Art of French Cooking, Volume One","","Julia Child、Louisette Bertholle、Simone Beck","","Alfred A. Knopf","2001-10-16","346.00元","9.2"
"26470906","至爱面包","用最自然的方法烘出面包最天然的风味","[美]德州农民","","北京科学技术出版社","2015-8-1","49.8元","8.2"
"3601521","从零开始学烘焙","","文怡","国明","中国纺织出版社","2009-1","19.80元","7.6"
"1019716","川菜杂谈","","车辐","","生活·读书·新知三联书店","2004-01","15.60","7.3"
"25934152","奶奶的菜——想念老家的味道","","梁阳","","译林出版社","2014-7","39.8","7.7"
"3432108","Mastering the Art of French Cooking, Volume One","","Julia Child、Louisette Bertholle、Simone Beck","","Alfred A. Knopf","1961-09","USD 20.00","9.1"
"25859626","厨房里的双人舞","","焦桐 编","","生活·读书·新知三联书店","2014-4","28.00","7.5"
"25927370","冰淇淋：吃的全球史","","劳拉•韦斯","肖开荣","漓江出版社","2014-8","29.80","6.7"
"5284846","钟鸣鼎食之家","兰斋旧事与南海十三郎","江献珠","","广东教育出版社","2010-9","30.00元","8.0"
"6127004","菓子學校 Vol.5 磅蛋糕&烤點心","磅蛋糕&烤點心","Ecole十東京製果研究室","劉好殊","朵琳出版","2010-10","NT$ 199","8.6"
"3665981","吃的大冒险","","[美]罗布·沃尔什","薛绚","生活·读书·新知三联书店","2009-04","22.00元","7.6"
"23164735","好菜知时节","我和95道时令菜肴的美丽约定","蜜思 编著、担担面 绘","","中国轻工业出版社","2013-4","28.00元","5.7"
"3387283","巴黎藍帶廚藝學校日記","The Sharper Your Knife, The Less You Cry","'蜜思 编著、担担面 绘'","''","'中国轻工业出版社'","'2013-4'","'28.00元'","7.9"
"26036530","深夜谈吃","","韩磊、赛马、残小雪","","古吴轩出版社","2014-11-1","35.00元","7.8"
"10426453","寻味日本","","墨刻编辑部","","北方文艺出版社","2012-3-1","35.00元","7.6"
"1055518","知味集","","汪曾祺","","华夏出版社","1997-01","12.80","8.3"
"26261047","北平味儿","","季剑青 编","","生活·读书·新知三联书店","2014-10","28.00","8.2"
"25762705","京都午茶時光！日式抹茶幸福甜點","26種口感細膩、風味濃郁的手作點心","[日]丸久小山園[监修]","羅怡蘋","繪虹企業","2013-10-8","NT$280","7.4"
"22992355","糕点装饰大全","","杉本都香咲","徐泽华","河南科学技术出版社","2013-5","48.00元","9.1"
"4277974","分子廚藝 首部曲: 揭開美食奧祕的科學革命","揭開美食奧祕的科學革命的新描述","山鐸•卡茲","","王秉慧","大家出版","2014-5-7","7.2"
"26702586","来自地球的一个餐桌：潘潘猫的幸福家宴","","潘潘猫","","中国轻工业出版社","2016-1","38.00","8.0"
"24699651","吃饭","","章小东","","上海人民出版社","2013-8","32.00元","7.7"
"6727854","310例营养蔬果汁DIY","","（日）植木桃子","唐晓燕","辽宁科学技术出版社","2011-8","38.00元","9.2"
"26266559","德国式简单烘焙","","【德日】门仓多仁亚","颜尚吟","山东人民出版社","2014-11","35.00","8.3"
"10759773","深夜食堂 07","","安倍夜郎","丁世佳","新經典圖文傳播有限公司","2012-6","NT$200","9.2"
"10809879","日本的餐桌","ニッポンの食卓","石毛直道 いしげなおみち","連雪雅","遠足文化事業股份有限公司","2012-5-30","NT280","7.2"
"25746624","杯酒人生：葡萄酒的365天","","（美）约翰逊•艾尔索普","黄如露","河北科学技术出版社","2013-12","98.00","8.5"
"26304298","野味难寻","即将消失的民间美食","王西平","","清华大学出版社","2015-3","35.00","7.4"
"3010137","面包人生","","[英] 彼得•梅尔  [法] 热拉尔•奥泽（著）","张鲲","新星出版社","2008","20.00元","7.2"
"7001463","人间滋味","","也斯","","中国人民大学出版社","2011-12-9","32.00元","6.9"
"4197177","巧克力聖經","傳授170道詳細食譜．基本技巧完整圖例解說．成功製作巧克力烘焙的絕佳","'也斯'","''","'中国人民大学出版社'","'2011-12-9'","'32.00元'","7.9"
"4908516","Noma","Time and Place in Nordic Cuisine","Rene Redzepi","","Phaidon Press","2010-09-29","USD 49.95","9.5"
"25722024","我爱西餐","法国第一西餐制作书,142款地道西餐轻松完成","科达•布莱克 著、林赛 摄","","北京科学技术出版社","2013-9-1","39.80元","8.5"
"19912148","吃情十物","吃情十物","任芸丽","","中信出版社","2012-11","45.00元","7.9"
"2010081","红焖厨娘","","蔡珠儿","","岳麓书社","2006-12","14.00元","8.0"
"26369075","寿司笔记","","坂本一男","","北京美术摄影出版社","2015-5","29.9","8.0"
"25786083","山家清供","中国烹饪古籍丛刊","[日] 栗原晴美","纪鑫","青岛出版社","2016-7-1","128.00元","7.8"
"10529412","深夜食堂 06","","安倍夜郎","丁世佳","新經典文化","2012-3-28","NT$200","9.2"
"4725016","蔡澜常去食肆160间","","蔡澜、陈子善","","山东画报出版社","2010-3","43.00元","7.6"
"4898906","風味聖經","","Karen Page、Andrew Dornenburg","黎敏中、蕭秀姍","大家出版社","2010-11","NTD：650元","7.7"
"6841120","米饭杀手","","萨巴蒂娜","","上海文化出版社","2011-9-1","38.00元","8.1"
"2979364","粤菜溯源录","特级校对食文化精品系列","陈梦因","","百花文艺出版社","2008-01","27.00元","7.9"
"4299475","我愛和風洋菓子","","福田淳子","劉格安","台灣東販股份有限公司","2010-1-22","TWD 260.00","8.5"
"3920540","專業糕點師的魔法烘焙術","","小山進","曾鑠惠","台灣東販股份有限公司","2007","NT$340","8.7"
"2160291","人间有味","","顾村言","","重庆出版社","2007-6","24.80元","7.4"
"26707638","大自然中的美食","","[日]中山章子 等主编","浪花朵朵童书 编译","北京联合出版公司·后浪出版公司","2016-2","78.00元（全5册）","9.6"
"1071800","饮食男女","","沈宏非","","江苏文艺出版社","2004-08","25.00","7.7"
"26261024","吃主儿二编","庭院里的春花秋实","王敦煌","","生活·读书·新知三联书店","2014-11","33.00","7.2"
"2194406","法國藍帶糕點應用","20種素材41道糕點變化","'王敦煌'","''","'生活·读书·新知三联书店'","'2014-11'","'33.00'","8.8"
"1025210","吃的艺术","","刘枋","","山东画报出版社","2002-07","20.00","8.0"
"26413982","吃对你的家常菜2","","范志红","","化学工业出版社","2015-5","39.80","8.5"
"26632532","小津安二郎的餐桌","","貴田庄","嚴可婷","田園城市文化","2015-11-6","NT$420","7.3"
"4238745","清粥小菜","贝太厨房系列丛书","《贝太厨房》工作室","","中国大百科全书出版社","2010-1","29.80元","8.0"
"26634871","迷宮飯 1","","九井諒子","望","青文出版社","2015-10-16","NT$130","9.0"
"6732087","Joanna的不敗料理","異國家常料理100個不失敗的秘訣","Joanna","","推守文化","2011-7-6","277台幣","8.7"
"1084016","亲爱的西餐","","大蕃茄传媒机构、大蕃茄传媒机构","","广西人民出版社","2005-1-1","22.00","8.2"
"3560187","食在宋朝","舌尖上的大宋风华","李开周","","花城出版社","2009-1","20.00元","7.4"
"1084153","村上春树美食厨房","","村上春树美食书友会","","中国轻工业出版社","2004-03-01","20.00","7.2"
"5379680","经典蛋糕500","","[英]]苏姗娜•布莱克","熊芸芸","辽宁科学技术出版社","2010-12","42.80元","8.7"
"21331178","西餐大厨成长记录","我在烹饪学院学到的101件事","路易斯•埃瓜拉斯 (Eguaras L.)、马修•弗莱德里克 (Frederic M.)","蔡晓琳","机械工业出版社","2013-1","29.80元","7.3"
"4875830","面包新语Ⅱ","风味面包 创新秘籍","西川功晃","赵可","南海出版公司","2010-6","39.80元","8.4"
"26668448","和味道·素淡养生的精进料理","","高梨尚之","纪鑫","青岛出版社","2015-11-1","36.00","7.6"
"25808333","跟着君之做饼干","狂销100万册的君之烘焙系列再添力作，新浪亿级烘焙博主的饼干圣经","'高梨尚之'","'纪鑫'","'青岛出版社'","'2015-11-1'","'36.00'","8.3"
"25959963","深夜面包房·凌晨0点的配方笺","","(日)大沼纪子","罗越","湖南文艺出版社","2015-1-1","28.00","7.8"
"3274328","一头猪在普罗旺斯","","（美）乔治妮·布伦南","黄声华","陕西师范大学出版社","2008-11","25.00元","7.5"
"25858001","台湾舌头","","焦桐","","生活·读书·新知三联书店","2014-4","28.00元","7.5"
"26582028","亲手做零食 家人放心吃","子瑜妈妈新作！","子瑜妈妈","","青岛出版社","2015-9-10","39.8","8.0"
"3615001","一个人也得下厨房","","林欣浩","","辽宁人民出版社","2009","22.00元","6.6"
"3999204","干酪品鉴大全","","日本文艺社","崔柳","辽宁科学技术出版社","2009-9","49.80元","8.8"
"20379791","食在宫廷","","爱新觉罗浩","王仁兴","生活·读书·新知三联书店","2012-10","39.00元","6.9"
"3115727","米其林红色指南","欧洲","米其林","王旸、朱健桦","化学工业出版社","2008-6-1","168.00元","7.6"
"26369064","烤肉笔记","","东京书籍出版编辑部","","北京美术摄影出版社","2015-4-1","CNY 29.90","7.6"
"4315669","蔡澜的生活方式","","蔡澜","","山东画报出版社","2010-2","39.80元","7.2"
"26737205","静心烘焙 幸福甜点","圆猪猪、罗生堂重磅推荐。新手也能做出经典甜点。惊艳自己的妙手，收","静心莲","","青岛出版社","2016-2-1","38","7.6"
"20392217","葡萄酒的感官世界","","远藤诚、远藤诚 编","赵怡凡","辽宁科学技术出版社","2013-1","45.00元","9.5"
"6520694","从零开始用烤箱","","文怡","","中国纺织出版社","2011-6","25.80元","7.9"
"3065667","蔡澜食材字典续编","","蔡澜","","山东画报出版社","2008-5","26.00元","7.8"
"1062913","食相报告","","沈宏非","","四川人民出版社","2003-04","24.00元","7.9"
"4043614","煮物之味","","孔明珠","","上海文化出版社","2009-8","24.00元","7.1"
"26838177","荻山和也的手作面包2","","[日]荻山和也","","马婷婷","江苏凤凰科学技术出版社","29.80元","8.2"
"26446742","菜市场蔬菜图鉴","","张蕙芬","","清华大学出版社","2015-7","69元","7.0"
"5396414","洋酒品鉴大全","","（日）成美堂出版编辑部","高岚","辽宁科学技术出版社","2010-2","49.80元","8.9"
"26706436","日之味","地道日式料理技法零保留传授，轻松做出好吃的正宗日本料理。","'（日）成美堂出版编辑部'","'高岚'","'辽宁科学技术出版社'","'2010-2'","'49.80元'","7.3"
"3465071","满汉全席之进宫","","扬眉 绘","","东方出版中心","2009-1","35.00元","8.7"
"25702403","跟着小嶋做甜点","","[日]小嶋流美","付明明","南海出版社","2013-7-1","36.00元","8.3"
"1051217","玩味","Yilan的味蕾漫游笔记","叶怡兰","","生活·读书·新知三联书店","2005-1","22.00元","7.1"
"5953540","烹饪工艺","烹饪工艺","周世中 编","","西南交大","2011-1","32.00元","7.4"
"5275275","生命的余味","","【德】鲁培希特•施密特、【德】朵特•席珀","张晓蕾","吉林文史出版社","2010-8","25.00元","8.2"
"25927364","汉堡：吃的全球史","","安德鲁•F.史密斯","陈燕","漓江出版社","2014-8","28.00","7.0"
"24704588","幸福的烘焙时光","最笨最长销的烘焙书","相原一吉","胡毅美","南海出版公司","2013-7","36.00元","7.9"
"21660842","小岛老师的蛋糕教室","","小岛留美","李瀛、张倩","辽宁科学技术出版社","2013-2","32.00元","8.1"
"1886213","舌尖上的中国","","肖瑶、马明博","","中国青年出版社","2006-8-1","26.00元","7.2"
"5379662","经典曲奇500","","菲利普•范斯通","殷鹤","辽宁科学技术出版社","2010-12","42.80元","8.8"
"2054417","義大利就是pasta 王國","","鈴木奈月、Suzuki, Natsuki","連雪雅","繆思出版","2007-5","112.00元","8.5"
"1343342","YILAN的台灣生活滋味","","葉怡蘭","","玉山社出版事業股份有限公司","20031201","NTD320","7.3"
"26314596","味的道","","二毛","世纪文景","上海人民出版社","2015-3","36.00元","7.0"
"3084870","讲食集","","特级校对","","百花文艺","2008-4","28.00元","7.1"
"5362573","中国菜肴史","（第二版）","邱庞同","","青岛出版社","2010-8","58.00元","8.3"
"20470336","文以载食","","于逸尧","","生活·读书·新知三联书店","2013-4","42.00","8.1"
"26317780","台湾酿酱","","种籽设计","","中国青年出版社","2015-1-1","40","8.5"
"26805331","荻山和也的手作面包","","【日】荻山和也","马婷婷","江苏凤凰科学技术出版社","2016-6","29.80元","8.0"
"1227910","说东道西","","唐鲁孙","","广西师范大学出版社","2005-01","23.00元","8.1"
"25896115","一顿自己的晚餐","","韩梅梅、杂鱼","","中国华侨出版社","2014-5","36.00元","7.1"
"5029939","无师自通  新手学烘焙","","靓丽出版社","","书锦缘","2010-8","36.00元","9.0"
"6755324","醒园录","","'靓丽出版社'","''","'书锦缘'","'2010-8'","'36.00元'","7.9"
"26324055","最想念的年货：心意、食材和美味地理","","三联生活周刊","","生活.读书.新知三联书店有限公司","2015-2-9","24.00","8.0"
"6390863","用松饼粉制作的简单甜点163款","","（日）靓丽出版社","滕玉英、书中缘、书锦缘","河南科学技术出版社","2011-5","32.80元","9.4"
"4266797","满汉全席之满菜","","扬眉 绘","","东方出版中心","2010-1","35.00元","8.9"
"26640373","Lonely Planet：101中国美食之旅","","澳大利亚Lonely Planet公司 编","钱晓艳 等","中国地图出版社","2015-10-1","69.00元","7.3"
"3433534","食在自然","","陳惠雯","","上旗文化","2009年01月10日","NT$300","8.0"
"4208375","孟老师的中式面食","","孟兆庆","","辽宁科学技术出版社","2010-1","55.00元","8.1"
"1854616","辣椒","点燃味觉的神奇果实","马克·米勒、哈里逊","石洪波","中国友谊出版公司","2006-06-01","28.00元","7.0"
"1262308","什锦拼盘","","唐鲁孙","","广西师范大学出版社","2005-1","22.00元","8.0"
"10465998","Pierre Herme 写给你的法式点心书","Le livre des fours secs et moelleux de Pierre Herme","Pierre Herme","","许孟函","大境文化","NTD 300","8.4"
"2063864","香港味道3當叉燒愛上餐包","","歐陽應霽","","萬里機構．萬里書店","2007-4-13","68.00元","7.9"
"26668444","和味道·点点心意和果子","","金塚晴子","班键","青岛出版社","2015-11-1","36.00","7.6"
"10827110","烟火气","","孔明珠","","上海文化出版社","2012-4","22.00元","7.1"
"3272691","达·芬奇的秘密厨房","一段意大利烹饪的秘史","（美）戴夫·德威特（Dave Dewitt）","梅佳","新星出版社","2008-11-1","29.50元","7.3"
"3291607","亲爱的今天吃咖喱饭","咖喱达人养成班","MUTSUMI（文）、大高郁子（插画）","郭玉梅","椅子森林-八方出版股份有限公司","2008-3","NT$250","7.3"
"6443341","碗里江山","","二毛","","湖南文艺出版社","2011-12","32.00元","6.5"
"25827537","吃到念念不忘","","蔡澜","","广东旅游出版社","2014-1","39.8","7.2"
"26332127","花點的春天——關於美食","關於美食","孟暉","","牛津大學出版社","2015-2","HKD80.00","7.3"
"5906090","甜蜜日日·我爱果酱","","[日] 五十岚路美","李淑芳","山东人民出版社","2011-1-1","25.00","7.6"
"24765642","最全面的蛋糕教科书","","单文静","","河南科学技术出版社","2013-7","66","8.3"
"3668654","孟老师的100道手工饼干","","孟兆庆","","辽宁科学技术出版社","2009-4","42.00元","8.4"
"25842245","KINFOLK餐桌","獻給生活中的每一場小聚會","奈森‧威廉斯","陳虹珊、蔡惠民","三采文化出版事業有限公司","2014-3-7","NT$ 950","8.1"
"1369313","菜市場魚圖鑑","","吳佳瑞、賴春福、潘智敏","","大樹文化","2004-12","NT$580","8.1"
"24854685","味道上海","","欧阳应霁","","广西师范大学出版社","2013-7","39.00","6.6"
"26592098","料理摆盘：超简明技法图解事典","","La Vie编辑部","","河南科学技术出版社","2015-7-1","68.00元","7.3"
"26581636","四季沙拉","","[韩]郑大悦","","怀彪、刘艾","北京美术摄影出版社","69.8","7.5"
"26436166","食豆饮水斋闲笔","","汪曾祺","","花城出版社","2015-6","30.00元","8.0"
"3248920","米其林红色指南","东京","案西昭雄","","化学工业出版社","2008-9","78.00元","8.1"
"7059585","法国蓝带面包制作基础","","法国蓝带厨艺学院 编","","中国轻工业出版社","2012-1","38.00元","8.4"
"26703539","隨園食單補證","","'法国蓝带厨艺学院 编'","''","'中国轻工业出版社'","'2012-1'","'38.00元'","7.9"
"25713939","让世界垂涎——大鱼大肉的80种风雅吃法","大鱼大肉的80种风雅吃法","小雅","","江苏文艺出版社","2013-9","36.00元","7.3"
"25872912","水晶月光 川味笔记","最强川菜学习笔记，真正破解川菜诱惑的神奇密码!","水晶月光","","浙江科学技术出版社","2014-3-1","48.00元","8.4"
"25980569","水果的盛宴","","南半球的小猫","","电子工业出版社","2014-8","59.80","8.2"
"2141646","恰似水之于巧克力","","[墨] 劳拉·埃斯基韦尔","朱景冬","接力出版社","2007-7","23.00元","7.8"
"3739799","孟老师的100道面包","","孟兆庆","","辽宁科学技术出版社","2009-4-1","49.80元","8.4"
"10737635","贝太厨房 至爱小炒","","《贝太厨房》工作室","","中国大百科全书出版社","2012-4","32.80元","7.9"
"3003658","蔡澜谈美食","","蔡澜","","广东旅游出版社","2008-1","16.00元","7.3"
"11509490","日本美食地图-蔡澜日本四书","日本美食地图","蔡澜","","广东旅游出版社","2012-7","18.00元","6.8"
"4209020","从零开始学煲汤","","国明、文怡","","中国纺织出版社","2010-1","19.80元","7.8"
"25947313","十解日本料理：給美食家的和食入門書","","[日] 高橋拓兒","蘇暐婷","麥浩斯","2014-6-14","NT 360","7.4"
"5261623","天真本色","十八分钟入厨通识实践","欧阳应霁","","生活·读书·新知三联书店","2010-08","34.00","7.8"
"1023896","好吃","","车前子","","山东画报出版社","2004-01","26.00","7.7"
"25881227","入味","","左壮","","中国轻工业出版社","2014-6-1","58.00","7.3"
"1049217","食物恋","","李欣频","","陕西师范大学出版社","2003-01","28.00","7.4"
"24878554","主食变变变","84种米面做法全放送","咖啡鱼","","江苏文艺出版社","2013-8-1","36.00元","8.2"
"3375919","菜蔬小语","","赵永强","","生活·读书·新知三联书店","2016-7","32.00","7.7"
"4285381","造洋饭书","","'赵永强'","''","'生活·读书·新知三联书店'","'2016-7'","'32.00'","7.7"
"2037301","香港味道2不脫絲襪的奶茶","","歐陽應霽","","萬里機構．萬里書店","2007-4-13","68.00元","8.3"
"24297419","台灣漬．二十四節氣的保存食","","種籽設計節氣飲食開發團隊","","PCuSER電腦人文化","2013-2-6","N.T.320","7.4"
"10593872","给亲爱的你-全五册","","'種籽設計節氣飲食開發團隊'","''","'PCuSER電腦人文化'","'2013-2-6'","'N.T.320'","8.7"
"1465569","Julie and Julia","365 Days, 524 Recipes, 1 Tiny Apartment Kitchen","Julie Powell","","Little Brown and Company","2005-9-28","GBP 15.30","7.8"
"6746343","5分钟轻松在家做面包","","（美）杰夫·赫兹伯格 佐薇·弗朗索瓦","石莹","南海出版社","2011-7","36.00元","8.0"
"25808908","舌染红尘","人生就是由味道组成的日子","荆方","","中国轻工业出版社","2014-1","36","7.7"
"6003669","超人气甜点轻松做","","'荆方'","''","'中国轻工业出版社'","'2014-1'","'36'","9.2"
"10574708","早餐桌上的圆舞曲","早餐桌上的圆舞曲","Kodi","","北京邮电大学出版社","2012-4","15.00元","8.1"
"21351738","刁嘴","","汪朗","","生活·读书·新知三联书店","2014-1","35.00","7.8"
"26641842","厨师之旅（修订版）","寻找完美的饮食","[美] 安东尼·伯尔顿","王建华、冷杉","生活·读书·新知三联书店","2015-9","30.00元","7.8"
"10781907","用刀叉吃出高雅","西餐礼仪","陈弘美","","生活·读书·新知三联书店","2012-6","38.00元","8.1"
"1926453","维多利亚女王的秘密厨房","","简·贝斯特·库克","","上海远东出版社","2006-4","25.00元","7.2"
"2063865","香港味道4如假包換碗仔翅","","歐陽應霽","","萬里機構．萬里書店","2007-4-30","68.00元","8.0"
"1421890","梅玺阁菜话","","邵宛澍","","上海科学技术出版社","2005-6","25.00元","8.2"
"2089292","饭醉分子","南都文化丛书","闫涛","","花城出版社","2007","16.00元","7.1"
"26378913","零基础日式家庭料理","","(日) 岩崎启子","尤斌斌","中国民族摄影艺术出版社","2015-3-1","48.00","7.7"
"20452762","深夜食堂之勝手口","","堀井憲一郎、安倍夜郎","丁世佳","新經典文化","2013-1-4","NT$250","8.4"
"25931736","在巴黎餐桌上","美好年代的美食与故事","[美]A.J.李伯龄","陈蓁美","光明日报出版社","2014-8-1","29.80","7.6"
"24849597","记忆的味道","当我做这道菜时，我的想念是关于你。","杨静","","中信出版社","2013-7-1","36","7.0"
"6510396","吃酒！吃酒！","","陈赋","","辽宁教育出版社","2011-5","32.00元","7.3"
"6742666","循香记","","M.F.K.费雪","川美","新星出版社","2011-7-25","22.00","7.2"
"4908871","用洗脸盆吃羊肉饭","环游世界九万五千公里的自行车美食之旅","[日] 石田裕辅","刘惠卿","上海译文出版社","2010-9","25.00元","7.9"
"4903519","咖啡館style三明治","3家韓國超人氣咖啡館+45種熱銷三明治+30種三明治基本款","熊津編輯部","","朱雀","：2010年06月01日","NTD:350元","8.2"
"10734577","流传20年的栗原家小甜点","","[日]栗原晴美","陆玉蕾","北京科学技术出版社","2012-5","36.00元","7.7"
"25725374","你好土,我好菜","三菜一汤•跟着节气过日子","种籽设计","","中国青年出版社","2013-9-1","42.00","7.7"
"2038064","香港味道1移山填海西米撈","","歐陽應霽","","萬里機構．萬里書店","2007-1-24","HK$68.00","8.1"
"5952378","从零开始学西餐","","文怡 编著","","中国纺织出版社","2011-1","25.80元","8.1"
"1388206","雙如談食","","'文怡 编著'","''","'中国纺织出版社'","'2011-1'","'25.80元'","7.3"
"26279028","面包和汤和猫咪好天气","","群阳子","张悦","上海文艺出版社","2015-3","25.00元","7.8"
"25751865","德国式厨房规则","","[日]门仓多仁亚","黄曙玉","山东人民出版社","2013-11","29.00","7.0"
"26718513","宁波老味道","","柴隆","","宁波出版社","2016-1-1","49.80","7.6"
"6773859","下厨记Ⅱ","","邵宛澍","","上海文化出版社","2011-7","25.00元","7.3"
"1968244","梅子的写食日记","食心食意3","梅子","","中国轻工业出版社","2007-1","32.00元","7.8"
"25865953","杰米•奥利弗： 一天学会做饭","一天学会做饭","[英]杰米·奥利弗","","中信出版社","2014-4-1","108.00元","8.0"
"2161481","名店面包大公开","","野上智宽","","辽宁科技","2007-5","49.80元","7.9"
"25717529","我的音乐厨房","","韩良忆、[荷兰] 侯约柏","世纪文景","上海人民出版社","2013-9","49.80","7.9"
"6531549","法国奶酪品鉴","","(日) 增井和子 山田友子","韩良忆","旅游教育出版社","2011-5","48.00元","8.5"
"26720313","最想念的年货：融合、回归和思乡之味","","三联生活周刊","","生活·读书·新知三联书店","2016-2-1","30","7.8"
"26353677","德国式简单料理","","[德日]门仓多仁亚","陈怡萍","山东人民出版社","2015-4","35.00","7.6"
"1026953","厨师的十日谈","","[英]W・G沃特斯夫人","秦于淳，李新尧","中国人民大学出版社","2004-07","16.80","7.0"
"25929221","把爱做到菜里面","","魏瀚","","湖南文艺出版社","2014-8-1","CNY 38.00","7.5"
"20398165","初學者的料理教科書","","川上文代","","大境文化出版","2012-12-5","480元台币","7.8"
"4824349","云林堂饮食制度集","","[元] 倪瓒 撰、邱庞同 编","","中国商业出版社","1984-8","0.35元","8.7"
"26586665","饕掏不绝","","朱振藩","","生活·读书·新知三联书店,生活书店出版有限公司","2015-8-1","34.00","7.4"
"3039590","食物恋","李欣频的30件饮食证据","李欣频","","当代中国出版社","2008-4","39.00元","7.1"
"1917376","食经","","【北魏】崔浩","","中国纺织出版社","2006-11","33.80元","8.0"
"4241357","跟胖星儿学做菜","","胖星儿","","漓江出版社","2010-1","30.00元","8.4"
"20273182","妈妈的柴火灶","","二毛","","光明日报出版社","2012-11-1","39.90元","7.4"
"10767989","蜗牛食堂","","小川糸","陈宝莲","译林出版社","2012-9-1","28.00元","7.5"
"3787135","威士忌品鉴大全","","潘波若 编","书锦缘","辽宁科学技术出版社","2009-7","49.80元","9.0"
"19930005","一饭一世界","","周华诚","","广西师范大学出版社","2012-10-1","30.00元","7.3"
"1044699","文人饮食谭","","范用","","三联书店","2004-04","17.00元","7.7"
"25848096","料理王國","","北大路魯山人","王文萱","一起來出版","2014-2-26","TWD 300.00","8.4"
"3699253","秘食指南","美食家、大厨和享乐者们在家吃什么（全彩印刷，配有精美图画）","伊莎贝","","中信出版社","2009-5-1","28.00","7.1"
"26344796","无鲜勿落饭","","王寒","","浙江工商大学出版社","2015-3-1","CNY 39.80","7.3"
"26438921","最好吃的咖啡馆简餐","","山本优莉","高莉","南海出版公司","2015-6-1","36.0","7.5"
"3702082","法國糕點基礎篇1","","'山本优莉'","'高莉'","'南海出版公司'","'2015-6-1'","'36.0'","8.5"
"20473533","饭否","寻找隐藏的盛宴","小宽","","群言出版社","2013-1","38.00元","7.2"
"6753064","我的小煮意2：木有便当，上神马班！","木有便当，上神马班！","捷安特•潘达","","金城出版社","2011-8-1","26.80元","7.5"
"26699860","厨室机密","烹饪深处的探险(修订版)","[美]安东尼·伯尔顿（Anthony Bourdain）","","生活·读书·新知三联书店","2015-7","35.00元","7.8"
"20390101","深夜食堂 10","","安倍夜郎","丁世佳","新經典圖文傳播有限公司","2012-11-30","NTD200元","9.1"
"20499677","味道·味觉现象","","梁文道","","广西师范大学出版社 群言出版社","2013-1","28.00元","8.0"
"1049426","四方食事·胡嚼文人","","汪曾祺 汪朗","","广西人民出版社","2003-03","16.00","8.3"
"3082471","鐵路便當之旅(01)","","監修：櫻井寬、畫：はやせ淳","方郁仁","東立出版社有限公司","2007年1月26日","105元","8.8"
"25831035","吃遍广东之潮汕的原味时光","光头阿邱带你品尝古法中国菜","黄静琳、邱镇城","","重庆出版社","2014-2","42.00元","7.8"
"3888518","香槟品鉴大全","","株式会社鳄鱼图书 编","崔柳","辽宁科学技术出版社","2009-8","49.80元","8.9"
"26376669","基本200:百吃不厌的200道人气料理","","橘香彩页","郑敏","新经典文化有限公司","2015-3-1","59","7.5"
"2047483","一碗好汤","[贝太厨房]50道最经典的心水靓汤","[贝太厨房]工作室","","中国大百科全书出版社","2007-03-01","28.00元","7.6"
"4090720","一碗好面","","'[贝太厨房]工作室'","''","'中国大百科全书出版社'","'2007-03-01'","'28.00元'","7.4"
"3398187","最具人气的西餐精选","","李建荣","","中国纺织","2009-1","28.00元","8.9"
"25693197","猫猫饭食","","[韩]金泰希","刑青青","中国画报","2013-7","35.00","7.3"
"2000227","烘焙时光","[贝太厨房]烤出幸福好滋味","[贝太厨房]工作室","","中国大百科全书出版社","2007","28.00元","7.2"
"1880302","中国饮食文化史","","王学泰","","广西师范大学出版社","2006-9-1","32.00元","7.5"
"24739621","廚藝解構聖經","20秒迅速醒酒, 炒蛋要嫩就嫩, 牛排熟度零失誤, 新手也能挑戰米其林經典","'王学泰'","''","'广西师范大学出版社'","'2006-9-1'","'32.00元'","7.9"
"10804952","日本人妻邊惠玉教你做家庭幸福料理154道","1800萬網友最想要的料理書","邊惠玉","邱淑怡","悅知文化","2012-2-22","NT$350","8.6"
"26774853","深夜食堂 16","","安倍夜郎","丁世佳","新經典文化","2016-6-1","NTD200元","7.9"
"2989622","美食美刻","","梅子","","吉林科学技术出版社","2008-02","29.80","7.6"
"26293646","舌尖上的法国","","'梅子'","''","'吉林科学技术出版社'","'2008-02'","'29.80'","6.7"
"1774844","德国老啤酒主义","","''梅子''","''''","''吉林科学技术出版社''","''2008-02''","''29.80''","7.3"
"10602305","斗宴","","周浩晖","","中国华侨出版社","2012-4","29.80元","6.9"
"25830720","日本烘焙师的专业配方：藤田千秋的司康饼和软曲奇","日本烘焙师的专业配方","[日] 藤田千秋","李花子 译","浙江出版联合集团，浙江科学技术出版社","2013-12-1","39.00","7.5"
"10825662","情人的饱嗝","煮出幸福滋味","草莓图腾","","漓江出版社","2012-7","38.00元","8.2"
"10826873","福州美食私人地图","","依人淡如菊","","福建美术出版社","2012-6-17","20.00元","7.2"
"3409295","生命饗宴","Life is Meals","詹姆斯·索特、凱伊·索特","呂玉嬋","木馬文化事業有限公司","2009-1","450 TWD","8.4"
"25742337","面包制作大全","","日本辻料理教育研究所","于春佳","福建科学技术出版社","2013-11-1","CNY 49.80","9.1"
"1315426","只吃半饱","","蔡澜","","浙江文艺出版社","2002-1","10.00元","7.8"
"3003660","蔡澜食典","","蔡澜","","广东旅游出版社","2008-1","16.00元","7.4"
"20562355","因为爱.所以在厨房","","isolan","","江苏文艺出版社","2013-1-26","32.00元","7.5"
"25828630","戚风蛋糕","","[日]中岛志保","","爱整蛋糕滴欢","南海出版公司","2014-2-1","7.8"
"6977795","留味行","她的流亡是我的流浪，以及奶奶的十一道菜","瞿筱葳","","啟動文化","2011-11-3","NT$360","8.0"
"25888893","舌尖上的中国2","完美珍藏版","中央电视台纪录频道","","中国广播电视出版社","2014-6-1","CNY 49.80","7.6"
"26807660","沙拉花园","","厨花君","","化学工业出版社","2016-5-1","49.80元","8.8"
"24535401","慢食之后","","谢忠道","","生活·读书·新知三联书店","2013-6","30.00","7.7"
"3190688","简·奥斯汀食谱","","科斯汀·奥尔森","","东方出版中心","2008-8","42.00元","7.4"
"6029193","生牛奶糖與手工糖果","","'科斯汀·奥尔森'","''","'东方出版中心'","'2008-8'","'42.00元'","8.8"
"25927955","寻味：舌尖上的乡愁","","搜狐新闻客户端吃货自媒体联盟","","北京时代华文书局","2014-9-1","36.00","7.8"
"26386761","甜心笔记","","姚诚","","北京联合出版公司","2015-5-30","48.00","7.6"
"2139205","绘画中的食物","从文艺复兴到当代","本迪纳","谭清","新星出版","2007-7","36.80元","7.8"
"6979538","Cafe Brunch 星期天的料理時光","來自人氣Cafe的77道早午餐幸福提案","鄭榮仙","","悅知文化","2011-8","88.56元","8.2"
"1143580","闾巷话蔬食","","李春方","","北京燕山出版社","1997-12","19.80元","8.2"
"1353268","法國藍帶巧克力","","法國藍帶廚藝學院東京分校","呂怡佳","大境文化","2004.11.10","NT$ 280","8.0"
"1479240","餐桌上的普罗旺斯","","（法）乔鹿","何江、郑志仁","陕西师范大学出版社","2004-3-1","26.00元","7.4"
"24522598","食色","美人如馐，美食如嫣","蔡澜","","中国华侨出版社","2013-5","36.00元","7.2"
"6432236","100元吃遍北京","2011-2012吃货指南","小宽","","旅游教育出版社","2011-5-1","39.90元","8.1"
"1083357","家传牛肉面配方大公开(30种家传美味配方全方位大公开)","","郑元魁","","汕头大学出版社","2004-03","10.00","8.1"
"4209428","就愛這樣吃麵包","200種麵包的絕配吃法","'郑元魁'","''","'汕头大学出版社'","'2004-03'","'10.00'","8.4"
"26630973","嗑：做一只会吃的松鼠","","陈莹婷","","中信出版集团","2015-9","39.80","7.9"
"3292256","食經四．南北風味","","陳夢因","","商務印書館(香港)有限公司","2009-2","58.00元","8.0"
"6951902","最爱花草茶-让你和疲惫、失眠、痘痘、赘肉说拜拜","最爱花草茶","《贝太厨房》工作室 编","","中国大百科全书出版社","2011-10","29.80元","8.1"
"25770176","中岛老师的无添加烘焙书","","中岛志穗","","秦岚","南海出版公司","28","7.3"
"23801448","台湾肚皮","","焦桐","","生活·读书·新知三联书店","2013-5","35.00元","7.0"
"1053004","隐藏的美味（深度探索法国美食文化风景）","","彭怡平","","河北教育出版社","2004-04","48.00","7.8"
"26697805","乔布斯的厨师","","[日] 佐久间俊雄、[日] 日经BP社出版局","董海涛","人民文学出版社","2015-12","35.00","7.4"
"26806660","一夫食堂","幸福就是好好吃饭","一夫","","北京联合出版公司","2016-6-1","42.80元","8.6"
"26415841","我想给你做顿饭","每日厨房整理术","[日] 柳泽小实","龚先洁","北京联合出版公司","2015-7","35.00元","7.2"
"5362571","中国面点史","","邱庞同","","青岛出版社","2010-7","39.00元","7.9"
"25803251","贝太厨房·甜蜜食堂","","任芸丽","","中信出版社","2014-1-1","39.8","8.1"
"26677209","葡萄酒生活提案","","[法]奈曼 著、[法]瓦卢西克斯 绘","刘畅","广西师范大学出版社","2015-11","68.00","8.2"
"26367556","深夜食堂 14","","安倍夜郎","丁世佳","新經典文化","2015-5-6","NT$200","8.7"
"26284516","割口发烧友的面包","","[日]山下珠绪、仓八冴子","樱的食彩浪漫","南海出版公司","2015-2","59.00元","7.5"
"10574710","我们家是咖啡馆","","穆菡","","北京邮电大学出版社","2012-4-1","15.00元","8.0"
"26596456","口福","今生必食的100道中国菜","戴爱群、张婕娜","","生活•读书•新知三联书店 生活书店出版有限公司","2015-8-1","45.00","7.1"
"24706589","KODI的美味便当书","小小的幸福","穆菡","","北京邮电大学出版社","2013-6","49.80元","8.3"
"6885170","蔡澜食材字典","","蔡澜","","山东画报出版社","2011-10","98.00元","7.8"
"6556855","Kodi & Mr. Bear 甜蜜廚房","","'蔡澜'","''","'山东画报出版社'","'2011-10'","'98.00元'","8.5"
"4887563","趙正平搞什麼?","","''蔡澜''","''''","''山东画报出版社''","''2011-10''","''98.00元''","7.7"
"1313275","温情煮意","梅子的写食日记Ⅱ","梅子","","朝华出版社","2005-05","29.80","7.6"
"11639625","深夜食堂 09","","安倍夜郎","丁世佳","新經典圖文傳播有限公司","2012-10-3","NT$200","9.1"
"2266079","禪食慢味: 宗哲和尚的精進料理","宗哲和尚的精進料理","藤井宗哲","劉雅婷","橡實文化出版社","20070808","NTD 260","8.0"
"7059586","法国蓝带糕点制作基础2","","法国蓝带厨艺学院","胡晨","中国轻工业出版社","2012-1","38.00元","8.5"
"1840143","番茄","食物公社丛书","(美)史密斯","许绮芬（译）","中国友谊出版公司","2006-6","26.00元","6.9"
"3293143","法国糕点基础篇2","","'(美)史密斯'","'许绮芬（译）'","'中国友谊出版公司'","'2006-6'","'26.00元'","8.8"
"2982281","巧克力全书","","克里斯蒂娜","","青岛出版社","2008-1","98.00元","8.1"
"26115710","最孤独的冰箱和有故事的远方","","余师","","金城出版社","2014-10-1","CNY 38.80","6.9"
"4934505","调鼎集","中国烹饪古籍丛刊","文少輝（Jackman）、傅美璇（Erica）","","張秀慧","木馬文化事業有限公司","2014-1-23","8.8"
"4263958","基本和食 - 清淡自然精致营养的日本料理","","大庭英子","","大庭英子","瑞升文化图书事业有限公司","2000年11月01日","7.5"
"25881642","好吃的哲学","萨瓦兰美食圣经","[法] 萨瓦兰","李妍","古吴轩出版社","2014-5","36.00元","7.4"
"25817240","菜篮·素之味","蔡澜食材全书","蔡澜","","广东旅游出版社","2014-1-1","39.8","7.3"
"25982649","深夜食堂 13","","安倍夜郎","丁世佳","新經典","2014-10-1","NT$200","8.8"
"20453477","烹宰为乐","烹羊宰牛且为乐，会须一饮三百杯","蔡澜","","生活·读书·新知三联书店","2013-1","26.00元","7.9"
"7059587","法国蓝带西餐烹饪基础Ⅱ","","法国蓝带厨艺学院","陈雅芳","中国轻工业出版社","2012-1","38.00元","7.8"
"2058527","一個法國麵包師傅的告白","","'法国蓝带厨艺学院'","'陈雅芳'","'中国轻工业出版社'","'2012-1'","'38.00元'","7.7"
"25819577","幸福，私厨定制","家常的味道，暖暖的；我要的幸福，稳稳的。","潘潘猫","","中国轻工业出版社","2014-1-1","38","7.5"
"3200821","饮食杂俎－中国饮食烹饪研究","","邱庞同","","山东画报出版社","2008-8","28.00元","7.6"
"24525710","日本料理的常識與奧祕","關於禮儀、器皿、服務、經營與文化","村田吉弘","蘇文淑","遠足文化","2013-3-6","340NT","7.3"
"3038824","文怡拿手家常菜","","文怡","","中国纺织出版社","2008-3-1","19.80元","8.1"
"5373555","宅男美食大作战","","林欣浩","","北方联合出版传媒（集团）股份有限公司，春风文艺出版社","2010-10-1","25.00元","7.3"
"1321819","坐在黄河岸边的小镇上品饮","","古清生","","岳麓书社","2005-05","15.90元","7.3"
"25885271","北歐廚神","","Joel乔艾尔","","一起來出版","2014-4-30","TWD 277.00","6.8"
"1062114","吃的自由","","符中士","","人民文学出版社","1998-10","14.80元","8.0"
"22992426","家庭咖啡室","自制美味咖啡70招","日本咖啡风尚俱乐部","唐晓艳","辽宁科学技术出版社","2013-5","32.00元","9.2"
"26324057","最想念的年货：外婆、妈妈与故乡的味道","","三联生活周刊","","生活 读书 新知三联书店有限公司","2014-1-20","24.00","8.3"
"26341270","80后男人厨房 : 无敌下饭菜","4000万人次点击率新浪美食博主，首次曝光最拿手下饭菜，详解100道最受","孔瑶","","江苏凤凰科学技术出版社","2015-1-1","39.8","7.9"
"26670437","唯爱与美食不可辜负","用细节把日子过成诗","'孔瑶'","''","'江苏凤凰科学技术出版社'","'2015-1-1'","'39.8'","7.5"
"5366429","东京厨房","日本女人健康苗条的秘密","森山奈绪美、威廉•道尔","陈洁茹","漓江出版社","2010年","25.00元","6.7"
"1063712","文学的餐桌","50位海外学者的味觉记忆","唐鲁孙，梁实秋，董桥，等","","广西师范大学出版社","2004-05","28.00元","7.7"
"26293077","怀孕就要好好吃","","文怡","","中信出版社","2015-1-1","39.80","7.4"
"1018595","红楼梦饮食谱","","秦一民","","山东画报出版社","2003-09","18.00","7.0"
"1052029","提味","","朱振藩","","百花文艺出版社","2005-01","21.00","7.0"
"2294654","米饭情书","","浣溪","","上海文化出版社","2007","19.80元","7.5"
"5276802","饕餮娘子之岁寒记","","佟婕","","云南人民出版社","2010-9","25.00元","8.6"
"26741843","你不懂葡萄酒","有料、有趣、还有范儿的葡萄酒知识","[日]石田 博","张暐","江苏凤凰文艺出版社","2016-5","32.80元","9.0"
"1228392","橄榄色的托斯卡纳在歌唱·意大利食物恋","","花园理惠","赵有为","上海远东出版社","2000-10","17.80","7.9"
"25817241","菜篮·肉之味","蔡澜食材全书","蔡澜","","广东旅游出版社","2014-1-1","39.8","7.5"
"3200719","食物圣经","","(英国)克里斯汀·尹格朗","孔德芳","黑龙江科学技术出版社","2008","78.00元","8.1"
"5983918","孟老师的美味蛋糕卷","","孟兆庆","","辽宁科学技术出版社","2011-3","55.00元","8.7"
"6429310","去巴黎烤个马卡龙","一段甜蜜与冒险交织的梦幻旅程","于美瑞","","漓江出版社","2011-5-1","32.00元","7.2"
"21351739","欲望厨房","","焦桐","","生活·读书·新知三联书店","2013-3","18.00","6.1"
"2264811","原味主廚奧利佛：時尚輕食秀","","傑米．奧利佛 (Oliver, Jamie)","何修瑜","方智出版社股份有限公司","20070926","NTD280.00","7.7"
"25901552","我的轻食主张","","'傑米．奧利佛 (Oliver, Jamie)'","'何修瑜'","'方智出版社股份有限公司'","'20070926'","'NTD280.00'","7.3"
"1350685","到不了的地方，就用食物吧！","","李鼎,徐君豪","","大塊文化出版股份有限公司","2005-6","NT$300","8.1"
"6040816","我愛和果子","","山崎彩","","鄭台欣","台灣東販","77.49元","7.3"
"26576601","深夜面包房·凌晨1点的偷心贼","","大沼纪子","罗越","湖南文艺出版社","2015-10-1","32.00","7.4"
"1962081","加一片柠檬","饮食档案","李碧华","","新世界出版社","2006-12","18.00元","7.4"
"6718313","食物與愛情的詠嘆調","","葉輝","","中華書局(香港)有限公司","2011-6","hk$88","8.6"
"10781910","用筷子夹出美味","日餐、中餐礼仪","陈弘美","","生活·读书·新知三联书店","2012-6","38.00元","8.0"
"25905793","吃肉","","周作人","","江苏文艺出版社","2014-6","35.00元","7.4"
"25828799","美食绘","38种极致美味的色铅笔图绘","飞乐鸟","","中国水利水电出版社","2013-12-1","34.8","7.7"
"1087666","在曼哈顿游荡的可颂面包·纽约食物恋","","高林麻里 写","绘","黄琼莹","2000-10","17.80元","8.0"
"25315047","幸运签饼纪事","中餐世界历险记","'高林麻里 写'","'绘'","'黄琼莹'","'2000-10'","'17.80元'","7.8"
"25929727","岁时记","二十四节气私家美食记忆","如蕤","","上海科技文献出版社","2014-8","32","7.5"
"20111919","土豆你个马铃薯","“土豆先生”奉上炙手可热的68道勾魂家常味","萨巴蒂娜 编","","上海文化出版社","2012-11","36.00元","7.8"
"4156057","Mastering the Art of French Cooking","","Julia Child、Simone Beck、Louisette Bertholle","","Penguin","2009-10-26","GBP 12.99","9.0"
"26927383","回味北京老食光","皇城根下的百年老铺","张杰客","","中信出版集团","2016-11-30","39.80","6.4"
"5922492","年夜饭的艺术","","鲁伊","","三联书店","2011-1","49.00元","6.9"
"10480692","手做酱泡菜","","陈富春","","河南科学技术出版社","2012-1","29.80元","9.1"
"1082621","巴黎：一席浮动的豪宴","","（美）苏珊・罗德里格・亨特","梁归智 梁相如","三联书店","2004-01","42.00元","7.6"
"3184369","佐賀阿嬤的超元氣料理","簡單而懷念的幸福滋味","朱振藩","","生活.读书.新知三联书店","2016-10-1","35.00","7.5"
"4252285","花之宴","","周芬娜","","生活·读书·新知三联书店","2009-12-21","52.00元","7.4"
"5407463","世界葡萄酒全书","","[美] 凯文·兹拉利","王瑧","南海出版公司","2011-1","398.00元","8.4"
"20444061","我爱酸奶","","菲利普·卢梭","","杨晓梅","2013-1","38.00元","7.8"
"19965823","懶人的餐桌 01","","久住昌之、水沢悅子","方郁仁","東立出版社","2012-10-26","NT$120","7.1"
"4706563","慢食运动","为什么食品要讲究优良、清洁、公平","卡罗·佩特里尼","尹捷","新星出版社","2010-3","28.00元","7.3"
"3737263","菜鸟学厨记","一起来做菜吧！","马马","","天津科学技术出版社","2009-5","26.80元","8.1"
"20481421","终于尝到真滋味","","叶怡兰","","中国华侨出版社","2013-1","48.00元","6.7"
"24851443","冰食纪","台式冰品遇见法式果酱，蓝带甜点师的纯手工冰点","于美瑞","","河南科学技术出版社","2013-7-3","32.00","8.1"
"4281379","法国女人不会胖","","米雷耶·吉利亚诺","周敏","上海译文出版社","2009-12","19.00元","7.4"
"3032377","老俗事","","周简段","","新星出版社","2008-4-1","25.00元","7.4"
"3170928","做菜好吃的秘密","","[日]藤田千秋","许倩珮","台湾东贩","2011-3-1","NT$280","6.8"
"20172515","寻味","汪曾祺谈吃","汪曾祺","","中国友谊","2012-10-1","32.00元","8.5"
"4266808","满汉全席之饽饽","","扬眉 绘","","东方出版中心","2010-1","35.00元","9.2"
"1507156","The French Laundry Cookbook","","Thomas Keller","","Artisan","1999-11-01","USD 50.00","8.2"
"1692620","日本料理大全-日式料理/点心/便当","","张瑞文","","第1版 (2006年1月1日)","2006-1","29.8","7.1"
"2010080","饕餮书","","蔡珠儿","","岳麓书社","2006-12","12.00元","7.5"
"26591102","栗原日式料理每天做","","栗原晴美","陈程","南方日报出版社","2015-8-1","36.00","7.4"
"3410787","绕着地球吃","","周芬娜","","生活·读书·新知三联书店","2009-7","52.00元","6.9"
"3554450","500酱料大全","","邁可．魯曼","潘昱均","商周文化事業股份有限公司","2011-6-10","110.43元","7.8"
"1852368","马铃薯","食物公社丛书","祖克曼","李以卿","中国友谊出版公司","2006-6","29.00元","7.6"
"4920081","Joanna愛的料理: 藍帶教我關於愛與人生的32道食譜","藍帶教我關於愛與人生的32道食譜","'祖克曼'","'李以卿'","'中国友谊出版公司'","'2006-6'","'29.00元'","7.8"
"1083361","40种手工果酱","","曹丽娟","","汕头大学出版社","2004-1-1","15.0","8.4"
"25912055","馋非罪","","'曹丽娟'","''","'汕头大学出版社'","'2004-1-1'","'15.0'","8.7"
"1980626","蔬食斋随笔","大厨物语·土味","聂凤乔","","广西师范大学出版社","2007-1-1","25.00元","7.4"
"25751903","面包教科书:基本面包烘焙秘籍","Boulangerie Comme Chinois","西川功晃","赵可","南海出版公司","2013-9-1","49","7.7"
"25977946","老家味道","舌尖上的乡愁","孟繁颖","","译林出版社","2014-9","39.80元","7.5"
"2272940","挚爱甜品","[贝太厨房]66道让你难忘的甜品","[贝太厨房]工作室","","中国大百科全书出版社","2007-10","30.00元","7.4"
"3352569","我这温柔的厨娘","","虹影","","中国青年出版社","2009-1","29.00元","6.8"
"1395831","考吃","","朱伟","","中国人民大学出版社","2005-7","19.80元","7.6"
"6973651","鱼我所欲也","鱼肉的70种解馋灵感","萨巴蒂娜 编","","上海文化出版社","2011-11","38.00元","8.6"
"2003247","馂余杂记","","周绍良","","北京燕山出版社","2004","13.50元","7.8"
"1937142","Desserts by Pierre Herme","","Pierre Hermé、Dorie Greenspan","","Little, Brown","September20,2001","USD 45.00","8.3"
"18606574","舌尖上的川菜","","《贝太厨房》工作室","","中国大百科全书出版社","2012-9","32.80元","8.3"
"3043769","食说新语","","邱庞同","","山东画报出版社","2008-4","24.00元","7.5"
"26436739","吃的常识","","云无心","","山西人民出版社","2015-7","58.00","8.2"
"24749351","灵感厨房（上下册）","","妖妖","","电子工业出版社","2013-6","88.00元","7.4"
"1791088","Garlic and Sapphires","The Secret Life of a Critic in Disguise","Ruth Reichl","","Penguin (Non-Classics)","2006-03-28","USD 15.00","8.2"
"10463365","80后男人的厨房","","孔瑶","","北方文艺出版社","2012-3","29.80元","7.9"
"24735143","溜溜达达吃遍台湾","","邰智源","","长江文艺出版社","2013-6","32.00元","7.6"
"1998182","布尔乔亚饮食史","","图珊-萨玛","管筱明","花城出版社","2007-1","18.00元","7.2"
"10490896","新手也会用的异国酱料","","洪白阳","","河南科学技术出版社","2012-2","32.00元","8.1"
"3798474","我愛冰淇淋","72款超好吃冰淇淋&雪酪，自己做最衛生！","( 美) 卢卡·多蒂、( 美) 路易吉·斯皮诺拉","辛涛","博集天卷","湖南文艺出版社","58.00 元","8.1"
"1477840","私房女人菜","60道为女人精选的美味家常菜","[贝太厨房]工作室","","中国大百科全书出版社","200601","30.00元","7.2"
"1271558","食物的历史","","（美）阿莫斯图","何舒平","中信出版社","2005-02","35.00","6.9"
"3819562","手指壽司","","Sakamoto Kazuo","","人人出版","2009","95.00元","8.9"
"4230121","细味","","李子玉","","中国人民大学出版社","2010年1月","28.00元","7.2"
"6512048","发现粗食好味道","","苏富家、[日] 早乙女修","","生活·读书·新知三联书店","2011-5","38.00元","7.8"
"6857549","酒经","","[宋]朱肱  著、高建新  编著","","中华书局","2011-8","26.00元","8.2"
"26306663","一个人的好食光","","無月","","中国民族摄影艺术出版社","2015-1-1","35","7.2"
"1216376","开家甜品店","","王增利、马骥","","宇航出版社","2004-1","28.00元","7.0"
"26828671","厨房大叔环球美食搜鲜记","","韩伟","","湖南科学技术出版社","2016-4-1","39.80","7.1"
"3653550","宴飨的故事","","马丁·琼斯","陈雪香 译、方辉 校","山东画报出版社","2009年3月","30.00元","8.3"
"5263544","昨日的美食 02","","吉永史","王詩怡","尖端出版股份有限公司","2009-09-11","NT$ 120元","9.0"
"3314115","專業糕點師的五感秘笈","The Sweet Trick Collabo Mind","'吉永史'","'王詩怡'","'尖端出版股份有限公司'","'2009-09-11'","'NT$ 120元'","7.9"
"2979366","私享咖啡","","李卫","","百花文艺","2008-01","45.00元","8.5"
"25660718","色铅笔下的美食王国","","飞乐鸟","","水利水电出版社","2013-8","39.90元","8.5"
"5326300","記憶的隱味","","高山直美、齐藤圭吾","新井一二三","時報文化出版企業股份","2010年5月","NT$280","7.9"
"5441610","享受香醇葡萄酒","","（日）成美堂出版编辑部编著","赵怡凡","辽宁科技出版社","2011-1","39.80元","9.1"
"1875368","世界第一美食","","杨怡祥","","新星出版社","2006-8","29.80元","7.0"
"11511602","顶级名师常温蛋糕的多样化","","大山荣藏 望月完次郎 福田雅之 盐谷茂树","谭颖文","辽宁科学技术出版社","2012-7","28.00元","7.7"
"1394378","出門訪古早","","'大山荣藏 望月完次郎 福田雅之 盐谷茂树'","'谭颖文'","'辽宁科学技术出版社'","'2012-7'","'28.00元'","9.0"
"5287062","贝太厨房","一学就会的65道烘焙食谱","《贝太厨房》工作室","","中国大百科全书出版社","2010-9","29.80元","8.0"
"26696179","浅草散步，遇见粉花面包店","","[日] 藤冈真由美、[日] 藤冈惠","李洁","南海出版社","2015-12-1","36.00元","7.3"
"26324949","咖啡圣经","从简单的咖啡豆到有人的咖啡的专业指南","[英]玛丽•班克斯、[英]克里斯丁•麦费登、[英]凯瑟琳•埃克丁森","徐舒仪","机械工业出版社","2015-2-1","69.00元","7.2"
"25896580","和星云大师一起吃饭","","觉具法师","","生活·读书·新知三联书店","2014-5-1","39.8","7.2"
"26786860","孤獨的美食家2","","久住昌之、谷口治郎","","圓神出版社","2016-7-1","NT260","7.5"
"3221589","厨房中术","","巫昂","","云南人民出版社","2008","22.00元","6.8"
"10771034","美味手记","","穆菡","","江苏美术出版社","2012-5","28.00元","8.1"
"5441092","享受香浓咖啡","","'穆菡'","''","'江苏美术出版社'","'2012-5'","'28.00元'","8.5"
"25875132","开吃啦","","Molinta","","江苏凤凰美术出版社","2014-5-1","CNY 29.00","7.9"
"1083157","微醺之恋","","韩良露","","河北教育出版社","2004-1","14.80元","8.4"
"1043471","大杂烩","","唐鲁孙","","广西师范大学出版社","2004-11","22.00元","8.1"
"4893150","伴随一生的家常菜","","文怡","","中国纺织出版社","2010-7","25.80元","8.4"
"24882694","食一碗乡味儿","","汪雪英","","现代出版社","2013-7-1","32.00元","7.4"
"3410291","料理仙姬(01)","","菊池正太","","東販","2001-04-02","120元","8.5"
"26636393","饕餮记","","殷羽","","中国致公出版社","2015-8-31","29.8元","7.8"
"25742331","零基础面包制作教科书","","（日）栗山有纪","王昕昕","辽宁科学技术出版社","2013-10","48.00","7.7"
"26307508","从餐桌到餐桌的旅行","","潇潇","","译林出版社","2015-2","36.8","6.9"
"25745794","生命中不能承受之软","成就零失败烘焙的76道超人气西点","知味人生","","江苏文艺出版社","2013-10","36.00元","7.6"
"3161235","美味大挑戰(01)","","作：雁屋哲、畫：花咲昭","","張芳馨","東立","95元","8.8"
"11542554","最值得品尝的100种味道","","《美食与美酒》杂志社 编著","","生活·读书·新知三联书店","2012-7","49.00元","7.3"
"25853110","人间有味是清欢","最温暖的版本•最懂生活的梁实秋","梁实秋","","北京时代华文书局","2014-5","35.00元","8.2"
"5418733","油与醋鉴赏手册","","Kathryn Hawkins","高洁健、凌璧君","上海科学技术出版社","2011-1","58.00元","7.4"
"19976875","面条之路","传承3千年的奇妙饮食","李旭正","[韩]韩亚仁、[韩]洪微微","华中科技大学出版社","2013-1","42.00元","6.3"
"25862240","我要的甜蜜“汁”味","78款贴合心意的自制健康饮品","蜜思、袁小真","","中国轻工业出版社","2014-4","28.00元","8.8"
"26588306","DK世界美食之旅","","英国DK出版公司","黄淳、王璨","旅游教育出版社","2015-4-1","138.00","7.6"
"1733079","爱因斯坦的厨房","What Einstein Told his Cook 1","（美）罗伯特·沃克","罗红","中国商业出版社","2006-1","29.80元","7.5"
"21617399","边走边画","识味广州","isolan、陈岳远","","江苏文艺出版社","2013-3","38.00元","7.0"
"1894162","世界热饮名品","","日本秀宏出版社","","中国画报出版社","2006-8","28.00元","7.6"
"25934270","食我","","梦遥","","广西科学技术出版社","2014-8","42.00","7.4"
"5284821","钟鸣鼎食丛书③：蒸煮","","江献珠","","广东教育出版社","2010-9","38.00元","8.2"
"1252997","川菜烹饪事典","","李新","","重庆出版社","1999-3","28.00元","7.1"
"1062378","左烧烤右煨汤","","古清生","","作家出版社","2003-01","20.00","6.9"
"5391689","花间提壶方大厨","","耳雅","","沈阳出版社","2010-12","29.80元","7.3"
"3215991","东食西渐","西方人眼中的中国饮食文化","J.A.G.罗伯茨","杨东平","当代中国出版社","2008-9-1","28.00元","6.9"
"26702143","旅食与文化","","汪曾祺","","九州出版社","2016-2","45.00","8.6"
"1812272","每天都爱吃吐司","","本社","瑪莎耶","7-09999","2006","68.4","8.0"
"5361946","蔡澜世界名馔录","","蔡澜","","山东画报","2010-11","30.00元","7.2"
"26832101","今天吃什么","一周不重样的暖心轻料理","慧慧","","新世纪出版社","2016-6-1","39.00","7.6"
"6990098","我爱咖啡","美国第一咖啡书 雕刻时光咖啡学院协作","苏珊·吉玛","何文","北京科学技术出版社","2012-2","48.00元","7.6"
"3010171","偉忠姐姐的眷村菜","王偉忠說菜、王蓉蓉上菜的第一本美食傑作
偉忠家食譜首度大公開 一丁","王偉忠、王蓉蓉","","時周文化","2008","250元","8.1"
"1384094","一座小行星的新飲食方式","","Frances Moore Lappe、Anna Lappe、法蘭西斯．拉佩、安娜．拉佩","陳正芬","大塊文化","20070705","NT$ 450","8.6"
"10765077","9分钟做早餐，美味花样百出","","阿米","","江苏文艺出版社","2012-6","29.90元","7.6"
"10574711","嘴巴去旅行","","kodi","","北京邮电大学","2012-4-1","15.00元","8.3"
"25839377","品味的记忆","","郑培凯","","广西师大出版社","2014-3","36.00","6.9"
"3848885","茶果子","","陳明裡","","楊桃文化事業有限公司","2002","NT$88","7.2"
"5281861","健康养颜蔬果汁1+1","","小矶富贵子","刘颖","辽宁科学技术出版社","2010-9","29.80元","9.2"
"3637530","東京野餐趣","","'小矶富贵子'","'刘颖'","'辽宁科学技术出版社'","'2010-9'","'29.80元'","7.6"
"10574709","四季的野餐篮","","穆菡","","北京邮电大学出版社","2012-4-1","15.00元","8.3"
"26611159","深夜食堂 15","","安倍夜郎","丁世佳","新經典","2015-9-30","NT$200","8.7"
"24849905","异国情调浪漫吃","75道可在家轻松自制的异国美食 让爱的味道在食物的香气中慢慢铺陈","夏天","","中国华侨出版社","2013-7","46.00元","7.4"
"6511141","料理欢乐家01：好色·沙拉","","[日] 田井典子、[日] 石井阳子","","北京出版社","2011-5","39.00元","8.3"
"1083354","精美下酒菜","35道美味优先的热炒演出","张瑞文","","汕头大学出版社","2004-6-1","10.00元","6.9"
"1311901","面包坊","","陈郁芬","","科学出版社","2005-5-1","26.00元","8.0"
"2318060","忆莲带路","尝上海民间滋味","林忆莲","","青岛出版社","2007-10","35.00元","7.1"
"2095990","韩良露私房滋味","","韩良露","","台灣麥田","2005","280TWD","7.9"
"26377004","吃货绘旅行","美食·旅行·手绘的心情日记","猴头虫","","辽宁科学技术出版社","2015-1-1","36.00","7.8"
"26641315","迷宮飯 2","","九井諒子","李妮瑄","青文出版社","2015-12-30","NT$140","9.2"
"1199561","鳕鱼","","科尔兰斯基","韩卉","机械工业出版社","2005-1","26.80元","8.2"
"6039270","日本料理的社会史","和食与日本文化","[日] 原田信男","周颖昕","社会科学文献出版社","2011-4","29.00元","7.2"
"1320960","好吃懒做1","[贝太厨房]60道为懒人精选的馋嘴美食","《贝太厨房》工作室","","中国旅游出版社","2005-05","32.00","7.6"
"6534605","煲一碗靓汤","","萨巴蒂娜","","上海文化出版社","2011-6","38.00元","7.6"
"2219963","北京小吃","","'萨巴蒂娜'","''","'上海文化出版社'","'2011-6'","'38.00元'","8.1"
"4860861","跟着名厨从零开始学料理","","旭屋出版","","台湾东贩","20071121","NTD380.00","7.7"
"1264554","大嘴吃八方","","古清生","","作家出版社","2005-01","18.00元","6.8"
"10726382","甜蜜厨房","","穆菡","","重庆大学出版社","2012-4","28.00元","8.6"
"24382861","幸福素食","幸福素食","《贝太厨房》工作室","","中国大百科全书出版社","2013-5-1","CNY 32.80","7.7"
"6388321","巧厨娘妙手烘焙","","圆猪猪","","青岛出版社","2011-5","29.80元","8.3"
"6075189","4F料理生活家課程精選","","4F COOKING HOME","","一起來出版","2011-3","140.00元","7.8"
"7001429","MASA的樂樂便當","廚房新手快樂輕鬆學123道美味便當菜","山下 勝 (MASA)","","幸福文化","2011-10-27","153.00元","7.7"
"26362233","米其林大厨","舌尖上的法兰西","彭怡平","","中央编译出版社","2015-5-1","CNY 68.00","7.2"
"3669218","味蕾的旅行","","'彭怡平'","''","'中央编译出版社'","'2015-5-1'","'CNY 68.00'","7.5"
"1849704","绝色川香","与川美味的亲密接触","萨巴蒂娜","","中国大百科全书出版社","2006-7-1","28.00元","8.1"
"26313919","不知味集","","胡竹峰","","山东画报出版社","2015-1","30.00元","7.2"
"4066044","Food Styling for Photographers","A Guide to Creating Your Own Appetizing Art","Linda Bellingham、Jean Ann Bybee","","Focal Press","2008-04-09","USD 39.95","8.1"
"7058959","文怡家的私房菜","","文怡","","中国纺织出版社","2012-1","29.80元","8.2"
"1774857","意大利饕餮之旅","","'文怡'","''","'中国纺织出版社'","'2012-1'","'29.80元'","7.3"
"5394849","梅子的写食日记","","梅子","","吉林科技","2010-12","26.90元","7.9"
"2204971","阿基師偷呷步","","三立電視臺","","台視文化","2006-2","NT350","8.1"
"20279908","我在法国西南有间小屋","","韩良忆、侯约柏 摄影","世纪文景","上海人民出版社","2012-11","39.00元","7.5"
"1418319","亚洲美食之旅","","伊藤武","李炜","中国社会科学出版社","2005-8","20.00元","7.3"
"5319143","你所不知道的葡萄酒","","善水文化","","湖北科学技术出版社","2010-10","60.00元","8.3"
