"26793349","桃花债","","大风刮过","","中国文联出版社","2016-7-1","36.00元","8.5"
"2971446","桃花债 上","","'大风刮过'","''","'中国文联出版社'","'2016-7-1'","'36.00元'","8.4"
"26763013","魔道祖师","","''大风刮过''","''''","''中国文联出版社''","''2016-7-1''","''36.00元''","8.5"
"4185145","關照你的花蕾","","'''大风刮过'''","''''''","'''中国文联出版社'''","'''2016-7-1'''","'''36.00元'''","7.0"
"5243689","義父～梅花日記～","","丸木 文華","","イースト・プレス","2010-8-1","JPY 918","7.6"
"26939596","殺破狼","","Priest","","昕文化工作室","2016-9","臺幣1200圓","9.2"
"26778494","大哥（下）","","Priest","","上海人民美术出版社","2016-3","64.00元","9.1"
"6531656","麒麟之与子同袍","与子同袍","桔子樹","","宇河文化","2011-6-10","NT280","9.4"
"3095638","同級生","","中村明日美子","","茜新社","2007","650円","9.2"
"26648636","成化十四年（套装全3册）","","梦溪石","","北京联合出版公司","2015-11-1","74.00元","8.3"
"26341728","山河表里","","Priest","","云南美术出版社","2015-3-1","CNY 50.00","8.4"
"1334600","不可抗力 上","","藍淋","","鮮歡","2005年06月02日","NT$ 180","7.9"
"26780911","大哥（上）","","Priest","","上海人民美术出版社","2016-3","32.00元","8.9"
"10601616","我爱摇滚乐","","'Priest'","''","'上海人民美术出版社'","'2016-3'","'32.00元'","9.3"
"2213684","又一春","","''Priest''","''''","''上海人民美术出版社''","''2016-3''","''32.00元''","8.3"
"2222551","纨绔","","'''Priest'''","''''''","'''上海人民美术出版社'''","'''2016-3'''","'''32.00元'''","8.5"
"3786697","耽美主義","","本仁戻","","リブレ出版","２００９．６","税込価格： ¥620 （本体 ： ¥590）","9.1"
"26732446","你丫上瘾了","上瘾","柴鸡蛋","","自行出版","2016-2-1","25.00","6.9"
"25904568","乱世为王（上卷）","","顾雪柔","","浙江人民美术出版社","2014-6-1","32.00元","8.8"
"7056649","歧路","","脉脉、渥丹","","甘肃人民美术出版社","2012-1","26.80元","8.6"
"4734919","大劈棺","","陈小菜","","菠萝出版社","2012-12-12","30","8.6"
"3111691","桃花债(下)","","'陈小菜'","''","'菠萝出版社'","'2012-12-12'","'30'","8.5"
"20435586","皇叔","","大风刮过","","新世界出版社","2012-12","29.80元","8.2"
"3294516","荼蘼肆野","","'大风刮过'","''","'新世界出版社'","'2012-12'","'29.80元'","8.5"
"10786074","如意蛋","","大风刮过","","新世界出版社","2012-7","29.00元","8.1"
"26761569","考古手记","","微笑的猫","","长江文艺出版社","2016-4-15","38","8.0"
"3215305","どうしても触れたくない","无论如何也不想触碰","ヨネダコウ","","大洋図書","2008","630円","9.1"
"3996036","少年啊！要光耀耽美2","","美樹麻樹","","青文出版社","2009","NT120","8.6"
"3292972","艳鬼","","公子欢喜","","龙马文化","2008年7月8日","180","8.5"
"4108541","回国驯火记","","'公子欢喜'","''","'龙马文化'","'2008年7月8日'","'180'","8.6"
"26281913","镇魂","","''公子欢喜''","''''","''龙马文化''","''2008年7月8日''","''180''","8.3"
"3037790","小楼传奇","","纳兰容若公子、老庄墨韩","","百花洲文艺出版社","2008-04","23.8","8.2"
"3887847","浮光","","渥丹","","云南人民出版社","2009年8月","28.80元","8.5"
"6794149","一生孤注掷温柔","","阿堵","","听雪夕照轩","2010-5","300","8.7"
"1947668","纽约纽约","","'阿堵'","''","'听雪夕照轩'","'2010-5'","'300'","8.9"
"26886331","活受罪 長相守","","tangstory","","木更工作室","2016-8","660NT","9.0"
"4025916","唇诺","第一卷浮云出岫","冠盖满京华","","大道出版社","2007","68.00","8.6"
"10769845","猫蛊手记","","微笑的猫","","湖南文艺出版社","2012-6-15","28.00元","8.6"
"6730371","麒麟之生死與共","生死與共","桔子樹","","宇河文化出版有限公司","2011-7-5","NT$ 238","9.5"
"1751925","引玉","","暗夜流光","","聿書館文化","2005-9-13","NT$180","8.3"
"3202110","世界一初恋    ~小野寺律の場合~","世界第一初恋~小野寺律的场合~","中村 春菊","","角川グループパブリッシング","2008-7-1","JPY 588","9.0"
"4920005","终极往事","","香龙血树","","待定","2007","20","9.0"
"25846260","张公案","","大风刮过","","新世界出版社","2014-3","32","8.3"
"1334601","不可抗力 下","","藍淋","","鮮歡","2005年06月02日","NT$ 180","8.0"
"3334382","世界第一的初恋","小野寺律の场合","'藍淋'","''","'鮮歡'","'2005年06月02日'","'NT$ 180'","9.0"
"26641078","ROMEO  1","","わたなべ あじあ","","マガジン・マガジン","2015-12-25","JPY 700","8.5"
"2994915","戀愛暴君 1","","高永ひなこ","","台湾东贩","2004","NT.120","8.7"
"3310028","鬼畜眼鏡","","'高永ひなこ'","''","'台湾东贩'","'2004'","'NT.120'","7.7"
"26897365","千秋（套装共两册）","","梦溪石","","长江文艺出版社","2016-10","59.80元","8.6"
"24759683","末日曙光","","非天夜翔","","湖南人民出版社","2013-6","25.80元","8.9"
"25904569","乱世为王（下卷）","","顾雪柔","","浙江人民美术出版社","2014-6-20","32.00元","9.1"
"2020973","天鹅奏鸣曲","","E伯爵","","聿書館文化","2005-1-19","NTD 360","8.7"
"26781333","格格不入（全两册）","","巫哲","","青岛出版社","2016-4-1","59.8","8.7"
"26275998","寒武再临","","水千丞","","百花洲文艺出版社","2014-12","26.80元","8.2"
"24748969","溺愛調教","","西野花、笠井あゆみ","","徳間書店","2013-7-27","JPY 600","6.9"
"10515109","重生之名流巨星","","青罗扇子","","湖南文艺出版社","2012-3-25","29.80元","7.5"
"1904430","谢长留","","菖蒲","","三叶草","2004","NT160","8.0"
"2073249","妖色小周","","小周123","","倍乐文化","2006-06-17","20.00","8.7"
"26375191","寒武再临2","","水千丞","","百花洲文艺出版社","2015-5-1","26.80元","8.2"
"2209400","狂爱情蚀","","'水千丞'","''","'百花洲文艺出版社'","'2015-5-1'","'26.80元'","7.2"
"2074155","拥抱春天的罗曼史","","''水千丞''","''''","''百花洲文艺出版社''","''2015-5-1''","''26.80元''","8.6"
"1559296","成功者的肖像","天神右翼（神谴、原罪、圣迹）","天籁纸鸢","","先见出版公司","1993-06-22","180.00","9.1"
"20434415","无根攻略","","殿前欢","","甘肃人民美术出版社","2012-12","36.80元","8.6"
"2056020","看朱成碧（上）","","'殿前欢'","''","'甘肃人民美术出版社'","'2012-12'","'36.80元'","8.4"
"26286079","妓楼の軍人","","犬飼のの、笠井あゆみ","","幻冬舎コミックス","2015-2-17","JPY 626","6.8"
"25891017","不疯魔，不成活","","微笑的猫","","甘肃人民美术出版社","2014-4-1","28.00元","8.5"
"26763010","千秋","","'微笑的猫'","''","'甘肃人民美术出版社'","'2014-4-1'","'28.00元'","8.1"
"26882866","识汝不识丁","","''微笑的猫''","''''","''甘肃人民美术出版社''","''2014-4-1''","''28.00元''","7.3"
"4922573","新编上下五千年(共12卷)","","卢德平","","内蒙古少年儿童出版社","2000-4","1280.00元","8.9"
"4197229","如意蛋 上","","大风刮过","","2009","12","08","8.1"
"26275273","锦衣卫","","非天夜翔","","崇文书局","2014-12","50.00元","8.1"
"25982337","江湖绝杀令","","'非天夜翔'","''","'崇文书局'","'2014-12'","'50.00元'","8.9"
"1916248","風と木の詩/风与木之诗","","竹宫惠子","白泉社","中央公論社","2006年05月","30.0","8.6"
"26277543","童貞膜少年","","三雲 譲","","マガジン・マガジン","2015-2-28","JPY 700","6.3"
"1946015","犹记多情","","'三雲 譲'","''","'マガジン・マガジン'","'2015-2-28'","'JPY 700'","8.6"
"10736844","In These Words","","Guiltpleasure、咎井淳","","DIGITAL MANGA","2012-6-12","$15.96","9.3"
"2107816","无声深处","","赭砚","","威向文化","2003.10.20","180 元","8.3"
"1753798","Zetsuai 01","Brone1989","尾崎南","Nina Olligschläger","Carlsen Verlag GmbH","2000-11","JPY 9.75","8.5"
"3271283","奢侈品男人","","桔子树","","云南人民出版社","2008-11","26.80元","7.7"
"2265873","思凡","","'桔子树'","''","'云南人民出版社'","'2008-11'","'26.80元'","8.1"
"3706295","剪刀上的蘑菇","","''桔子树''","''''","''云南人民出版社''","''2008-11''","''26.80元''","8.5"
"26375993","狼行成双","","巫哲","","江苏凤凰文艺出版社","2015-5","68.00元","8.5"
"5290433","当代诗人作家书画集","","吉狄马加、李永新 主编","","中国文联出版社","2008-3","128.00元","8.7"
"2083826","清明记","","'吉狄马加、李永新 主编'","''","'中国文联出版社'","'2008-3'","'128.00元'","8.3"
"4175673","言ノ葉ノ花","","砂原糖子","","新書館","2007年9月","588（税込）","9.0"
"25768851","败絮藏金玉(上)","","酥油饼","","湖南美术出版社","2013-11-20","25.00","8.3"
"25890347","天涯客（上册）","琉璃甲","'酥油饼'","''","'湖南美术出版社'","'2013-11-20'","'25.00'","8.3"
"3399073","創造發明的思路","天神右翼--神谴","''酥油饼''","''''","''湖南美术出版社''","''2013-11-20''","''25.00''","9.1"
"25961910","九宗罪之心理实验","","Priest","","作家出版社","2014-6","35.80元","7.8"
"4000137","SWEET 他的甜蜜滋味","","'Priest'","''","'作家出版社'","'2014-6'","'35.80元'","6.7"
"2082239","凤非离","","''Priest''","''''","''作家出版社''","''2014-6''","''35.80元''","8.0"
"26856665","与时光擦肩而过","","'''Priest'''","''''''","'''作家出版社'''","'''2014-6'''","'''35.80元'''","8.6"
"25825210","世界之灰","Favilla Mundi","''''Priest''''","''''''''","''''作家出版社''''","''''2014-6''''","''''35.80元''''","8.7"
"25786539","江山多少年","","大风刮过","","新世界出版社","2013-12","29.80元","7.8"
"26384540","原始再来（上下册）","","月下桑","","世界知识出版社","2015-4-30","59.6元","8.1"
"6730832","麒麟之快意人生","","桔子樹","","宇河文化","2011-9-10","TWD 280","9.5"
"3004200","Orso e intellettuale","クマとインテリ","'桔子樹'","''","'宇河文化'","'2011-9-10'","'TWD 280'","9.1"
"2039755","请别太过分","","''桔子樹''","''''","''宇河文化''","''2011-9-10''","''TWD 280''","8.2"
"1394433","藍宇","原名《北京故事》","北京同志","","東販出版社","2002-1","新台币240元","8.4"
"26879215","像我这样无害的青年","微笑的猫短篇小说集","微笑的猫","","世界知识出版社","2016-9","32.00元","7.7"
"10540821","龙缘","","大风刮过","","新世界出版社","2012-4","49.80元","7.8"
"4807830","生死予奪 上","","清水","","藍襪子出版社","2009-4","NT$190","8.7"
"3213367","昨日的美食 01","","吉永史","王詩怡","尖端出版股份有限公司","2008-09-09","NT$120","9.0"
"10810962","erotica","","榎田尤利、中村明日美子、今市子、えすとえむ、円陣闇丸、鬼嶋兵伍、腰乃","","リブレ出版","2012-8-20","1470円","8.8"
"26336630","鲜满宫堂","","'榎田尤利、中村明日美子、今市子、えすとえむ、円陣闇丸、鬼嶋兵伍、腰乃'","''","'リブレ出版'","'2012-8-20'","'1470円'","8.0"
"20499500","麒麟·戰爭之王·劫後重生","","桔子樹","","宇河文化","2013-2-1","NTD 360","9.5"
"4186113","卒業生−春−  ＥＤＧＥＣＯＭＩＸ","","中村明日美子","茜新社","2010","1","¥650 （本体 ： ¥619）","9.5"
"20416178","囀る鳥は羽ばたかない 1","","ヨネダ コウ","","大洋図書","2013-1-30","JPY 680","9.5"
"21319773","禁じられた戯び","","山藍紫姫子、蘭丸","","花丸文庫black","2013-3-19","JPY 770","7.8"
"25719303","我的一个朋友","","孔恰","","留守番工作室","2013-5","78.00元","8.8"
"2994917","戀愛暴君 3","","高永ひなこ","","台湾东贩","2007","NT.120","8.9"
"26524539","西北有高楼 上","","穆卿衣","","木更工作室","2014-8","NT＄390","8.5"
"1949011","一個爹爹三個娃","","风维","","威向","2003-10-08","15RMB","8.1"
"6896252","麒麟之兵天血地","","桔子树","","宇河文化","2011-9-10","280台币","9.5"
"4018261","向我开炮","","'桔子树'","''","'宇河文化'","'2011-9-10'","'280台币'","8.5"
"10733891","满天风雨下西楼","","''桔子树''","''''","''宇河文化''","''2011-9-10''","''280台币''","8.8"
"1966610","箱の中 (Holly Novels)","","木原 音瀬","","蒼竜社","2006-03-23","JPY 9.00","9.0"
"2078991","绝爱-BRONZE-","","尾崎南","","日本集英社-台湾东立","1999-03-05","NT$90","8.7"
"1924373","哇!今夜哪里有鬼!","今夜有鬼1","黯然销混蛋","","重庆出版社","2007-1","22.00元","8.7"
"1349092","吳鉤（上）","","沈純","","威向","20050401","NT$ 180","8.4"
"25881120","桐花中路私立协济医院怪谈","","南琅","","上海人民出版社","2014-5","35.00元","8.2"
"20395425","mother","","丸木文華、門地かおり","","白泉社","2013-1-22","JPY 730","7.5"
"26774292","没有来生","","月下桑 著作","","世界知识出版社","2016-3-1","CNY 98.40","8.7"
"6012747","十里红莲艳酒","","'月下桑 著作'","''","'世界知识出版社'","'2016-3-1'","'CNY 98.40'","8.1"
"25921362","师父是条狼","","''月下桑 著作''","''''","''世界知识出版社''","''2016-3-1''","''CNY 98.40''","7.2"
"26850006","折枝","","困倚危楼","","世界知识出版社","2016-7","29.8","8.0"
"10767068","愛快羅密歐","","克蕾兒","","浪漫星球","2003-8-1","NT$180","9.0"
"26698993","杀青","","天下溪","","中国华侨出版社","2016-2-19","CNY 32.80","8.0"
"10829844","凤于九天29 残更不寐","","风弄","","威向文化","2012-8-21","NT190","8.1"
"3286232","弁而釵","","'风弄'","''","'威向文化'","'2012-8-21'","'NT190'","7.5"
"26417045","江东双璧","","非天夜翔","","云南美术出版社","2015-6","35.00元","8.1"
"4149418","丑皇（上）","","易人北","","鲜欢文化","2009","190新台币","8.2"
"20499504","麒麟·戰爭之王·浴血南珈","","桔子樹","","宇河文化","2013-2-1","NTD 360","9.5"
"21349024","王子病的春天 上","","非天夜翔 作、腐狸 繪","","凌雲工作室","2013-3","NT$370","8.6"
"1420524","夜谈蓬莱店","","菖蒲","","接力出版社","2005-8","14.80元","8.1"
"1948907","红衣","","'菖蒲'","''","'接力出版社'","'2005-8'","'14.80元'","8.1"
"5501670","筋肉男 (光彩コミックス) [コミック]","","合集","","光彩書房","2002-6-20","７６＋税","7.1"
"5299277","金玉王朝 第一部 夺玉","","风弄","","威向","2010-10-12","NT190","8.4"
"4186109","卒業生−冬− ＥＤＧＥＣＯＭＩＸ","","中村明日美子","","茜新社","２０１０．１","¥650 （本体：¥619）","9.5"
"5401814","金玉王朝第二部 礪金 上","","'中村明日美子'","''","'茜新社'","'２０１０．１'","'¥650 （本体：¥619）'","8.6"
"26825040","张公案Ⅱ","","大风刮过","","江苏凤凰文艺出版社","2016-7","36.00元","8.8"
"2222148","迟爱 下","","蓝淋、何何舞 绘","","鲜欢文化","2007","15","8.4"
"3881584","第十年","","'蓝淋、何何舞 绘'","''","'鲜欢文化'","'2007'","'15'","8.8"
"4142884","世界BL妄想童話","こんなに危険な童話読んだことない","光文社","","2009","10","29","7.3"
"3105646","江山多少年 上","","'光文社'","''","'2009'","'10'","'29'","8.0"
"2081063","殊途","双程2","''光文社''","''''","''2009''","''10''","''29''","8.4"
"2140693","求爱","","'''光文社'''","''''''","'''2009'''","'''10'''","'''29'''","6.8"
"3015357","美しいこと 上","","木原音瀬","","蒼竜社","2007","900円（含税）","9.1"
"1844449","日出処の天子 1","","山岸 凉子","","白泉社","1994-3","JPY 607","9.0"
"26702162","民国遗事1931","","'山岸 凉子'","''","'白泉社'","'1994-3'","'JPY 607'","8.2"
"26264781","ヒミツの催眠教室","","サキラ","","リブレ出版","2015-1-10","JPY 679","7.3"
"1860523","鳳于九天之一魂落西雷","凤于九天 之一 魂落西雷","'サキラ'","''","'リブレ出版'","'2015-1-10'","'JPY 679'","8.3"
"3568838","太子 1","","''サキラ''","''''","''リブレ出版''","''2015-1-10''","''JPY 679''","7.9"
"1469429","相思门","","菖蒲","","接力出版社","2006-1-1","16.8","8.4"
"2269814","狐缘","","松鼠桂魚","","威向","2013-4-17","200","8.0"
"25905798","10 count (第1集)","","宝井理人","趙秋鳳","東立","2014-8-6","NT$130","8.6"
"1946020","点亮星星的人","","ヨネダコウ","藤崎スグル","尖端","2017-2-3","NT 150","8.0"
"11632290","未名湖畔的爱与罚","","'ヨネダコウ'","'藤崎スグル'","'尖端'","'2017-2-3'","'NT 150'","8.7"
"5960401","上瘾","","剑走偏锋","","鲜欢文化","2009-9-11","190元","7.8"
"4110506","雙絕之殊途同歸 上","","'剑走偏锋'","''","'鲜欢文化'","'2009-9-11'","'190元'","8.0"
"1981131","鬼怪公寓 01 非人同居","","''剑走偏锋''","''''","''鲜欢文化''","''2009-9-11''","''190元''","8.1"
"3174844","君子之交 上","","'''剑走偏锋'''","''''''","'''鲜欢文化'''","'''2009-9-11'''","'''190元'''","8.0"
"25890348","天涯客（下册）","山河令","''''剑走偏锋''''","''''''''","''''鲜欢文化''''","''''2009-9-11''''","''''190元''''","8.3"
"26820800","杀青.大结局","","天下溪","","中国华侨出版社","2016-5-1","32.80元","8.2"
"1654783","浮声记","","'天下溪'","''","'中国华侨出版社'","'2016-5-1'","'32.80元'","9.0"
"2214034","窮鼠はチーズの夢を見る","","水城 せとな","","小学館クリエイティブ","2006-1-26","JPY 530","9.2"
"3433884","SWEET~彼の甘い甘い味","","みなみ 遥","","リブレ出版","2007-11-10","JPY 600","6.9"
"20436748","鬼嫁","","公子欢喜","","龙马","2012-11-26","NT 190","8.1"
"25734190","末日曙光Ⅱ","","非天夜翔","","湖南人民出版社","2013-10","25.80元","9.0"
"25913265","偽×恋ボーイフレンド","","山本アタル","","リブレ出版","2014-8-23","JPY  689","7.5"
"1781936","Deep Purple","Deep Purple","prin","","环宇音像出版社","2008","4.50元(一本)","9.5"
"20499503","麒麟·戰爭之王·海外護航","","桔子樹","","宇河文化","2013-2-1","NTD 360","9.5"
"5354510","花のみぞ知る 1","","宝井 理人","","大洋図書","2010-12-25","JPY 650","9.0"
"21956674","王子病的春天·下","","非天夜翔、绘者：腐狸","","凌雲工作室","2013-3","NT$370","8.6"
"10781479","禁情诱惑 (下)","","'非天夜翔、绘者：腐狸'","''","'凌雲工作室'","'2013-3'","'NT$370'","7.5"
"5968602","失控系列之花心纯属爱","","七颜颜","","龙马文化","2011-1-26","NT190","6.7"
"26652845","寒武再临3","","水千丞","","百花洲文艺出版社","2015-10","26.80元","7.9"
"26734524","京城异事录","","香小陌","","世界知识出版社","2015-12-1","CNY 59.60","7.1"
"2135149","晨曦 上","","周而复始","","威向文化","2007-07-05","(1)NT180 (2)同人志型态出版","8.4"
"26770442","袁先生总是不开心","","'周而复始'","''","'威向文化'","'2007-07-05'","'(1)NT180 (2)同人志型态出版'","7.6"
"10581492","凤于九天二十八 破茧成蝶","","风弄","","威向架空","2012-4-24","NT190","7.9"
"2265903","月迷津渡 上","","'风弄'","''","'威向架空'","'2012-4-24'","'NT190'","8.0"
"1949749","醉臥紅塵（上）","","''风弄''","''''","''威向架空''","''2012-4-24''","''NT190''","8.2"
"5243769","b-Boy HONEY (1)~乳首特集","乳首特集","大和名瀬、池 玲文、環 レン、千歳ぴよこ、日向せいりょう、笹村 剛、かゆまみむ、和泉棒子、陸奥、小嶋ララ子","","リブレ出版","2009年11月30日","940円(税込)","6.7"
"2142376","警察张同志","","'大和名瀬、池 玲文、環 レン、千歳ぴよこ、日向せいりょう、笹村 剛、かゆまみむ、和泉棒子、陸奥、小嶋ララ子'","''","'リブレ出版'","'2009年11月30日'","'940円(税込)'","8.5"
"3436607","有风鸣廊","","''大和名瀬、池 玲文、環 レン、千歳ぴよこ、日向せいりょう、笹村 剛、かゆまみむ、和泉棒子、陸奥、小嶋ララ子''","''''","''リブレ出版''","''2009年11月30日''","''940円(税込)''","8.2"
"26779714","意外事故","","蓝淋","","世界知识出版社","2016-4","29.80元","7.5"
"1999983","不能动","","'蓝淋'","''","'世界知识出版社'","'2016-4'","'29.80元'","7.8"
"2355196","小M日记","","''蓝淋''","''''","''世界知识出版社''","''2016-4''","''29.80元''","6.7"
"3819053","少年よ耽美を描け―BOYS BE TAMBITIOUS (1)","","ミキマキ、美樹麻樹","","新書館","2007-10-25","672円(税込)","8.8"
"3090154","SEVEN DAYS MONDAY→THURSDAY","","宝井理人、橘紅緒","","尊龍出版社","2007","NT$105","8.9"
"3715335","俎上の鯉は二度跳ねる","","'宝井理人、橘紅緒'","''","'尊龍出版社'","'2007'","'NT$105'","9.4"
"2108391","怎见浮生不若梦（上）","","''宝井理人、橘紅緒''","''''","''尊龍出版社''","''2007''","''NT$105''","7.6"
"4140017","天籁纸鸢","天籁纸鸢（天籁纸鸢首部DM作品首次正式登陆地球）","天籁纸鸢","","时代文艺出版社","2009年11月","28.00元","7.8"
"1863272","三千世界の鴉を殺し 1","","津守 時生、古张乃梨 (插图)","","新書館","1999","620","8.7"
"5401809","少年メイドクーロ君","奴隷編","柊柾葵","","松文館","2005-11","JPY 950","5.0"
"6127124","恶魔的枕边细语","","'柊柾葵'","''","'松文館'","'2005-11'","'JPY 950'","7.0"
"1507365","抗拒的诱惑","","筱禾","","尖端出版有限公司","2003年","HK$78.00","8.2"
"2193186","孽火","","'筱禾'","''","'尖端出版有限公司'","'2003年'","'HK$78.00'","8.0"
"2081058","归途","双程1","''筱禾''","''''","''尖端出版有限公司''","''2003年''","''HK$78.00''","8.4"
"26326643","锋芒","","羽柴みず","Kyo","台灣東販股份有限公司","2015-6-15","NTD130元","7.3"
"26427900","國家一級註冊驅魔師上崗培訓通知 上","","非天夜翔","","平心工作室","2015-8","NT$330","8.4"
"2081078","无处可寻","","'非天夜翔'","''","'平心工作室'","'2015-8'","'NT$330'","8.2"
"4893632","鳳于九天 漫畫版 第一卷","","原著   风弄、编绘   王一","","威向出版社","2010.6.22","RMB 35","8.5"
"19802008","God of the Atoms","","Francies P. Xavier","","Motilal UK Books of India","2006","GBP 6.50","9.1"
"10571368","空と原","","中村明日美子","","茜新社","2012-5-19","JPY 780","9.1"
"3070502","睡美人","","'中村明日美子'","''","'茜新社'","'2012-5-19'","'JPY 780'","9.1"
"6985028","鬼話妖譚","","白日梦","","威向","2011-10-25","190元","8.9"
"5362830","間の楔","间之楔","吉原 理恵子","","光風社出版","1990-9","JPY 1365","8.8"
"3529269","贺新郎","","'吉原 理恵子'","''","'光風社出版'","'1990-9'","'JPY 1365'","8.1"
"3604493","牧神的午后","","于睫","","單行道同人誌","2005年7月29日","新台幣180元","8.0"
"26861529","河神大人求收养","","伊凯、锐思","","世界知识出版社","2016-9-1","39.8","8.0"
"1774584","微忧青春日记","","'伊凯、锐思'","''","'世界知识出版社'","'2016-9-1'","'39.8'","8.6"
"4181363","情人萬萬歲","","''伊凯、锐思''","''''","''世界知识出版社''","''2016-9-1''","''39.8''","6.8"
"3591732","世界禁忌愛大全","那些「官能」、「耽美」與「倒錯」的愛","桐生操、KIRUY MISAO","藍嘉楹","麥田","2009年3月17日","NTD320元","7.6"
"3040409","妖孽横生","","'桐生操、KIRUY MISAO'","'藍嘉楹'","'麥田'","'2009年3月17日'","'NTD320元'","8.0"
"26773838","寒武再临4","","水千丞","","百花洲文艺出版社","2016-3-1","26.8","7.9"
"3612285","憂鬱な朝 (1)","","日高ショーコ","","徳間書店","2009.5.1","600","9.3"
"2376986","撒旦之舞","","'日高ショーコ'","''","'徳間書店'","'2009.5.1'","'600'","8.5"
"3576717","没有钱7/ お金がないっ 7","","''日高ショーコ''","''''","''徳間書店''","''2009.5.1''","''600''","7.3"
"24722056","年下彼氏の恋愛管理癖","","桜日梯子","","竹書房","2013-7-17","JPY 690","7.0"
"5924654","网游之杀阵·上","","dnax","","鲜欢文化","2011-2-15","NT190","8.1"
"3006510","BL新日本史","","堀五朗、九州男儿","","幻冬社","2006","JPY 1296","7.3"
"3879475","鬼畜眼鏡","","TAMAMI、みささぎ楓李、spray","","リブレ出版株式会社","2008","900円","8.0"
"4718093","路人甲的愛情故事","","莫心傷","龙马文化","2009","3","25","7.9"
"1948916","脱がない男","不脱衣的男人","'莫心傷'","'龙马文化'","'2009'","'3'","'25'","8.4"
"2287652","庸君","","''莫心傷''","''龙马文化''","''2009''","''3''","''25''","7.9"
"3609422","错觉 (上)","","'''莫心傷'''","'''龙马文化'''","'''2009'''","'''3'''","'''25'''","8.4"
"1349094","天下第一之国士无双(上)","","清靜","","威向","20050401","NT$ 180","8.5"
"2142241","砌下落梅如雪乱","","'清靜'","''","'威向'","'20050401'","'NT$ 180'","7.6"
"2287653","春宫图","","''清靜''","''''","''威向''","''20050401''","''NT$ 180''","6.8"
"3540112","君も知らない邪恋の果てに 花降楼シリーズ第一弾","","鈴木爱海（AmiSuzuki）、樹要（KanameItsuki）","","白泉社","2004","06","7.9"
"2160864","束縛（上）","","檸檬火焰","","威向","2002-11-20","新台币180元","8.0"
"3567802","浩然劍（谢苏）","","清朗、赵晨光","","明日工作室","Jul 20, 2008","NT$ 280","8.8"
"1919644","Ｊの総て　１","Ｊ的故事1","中村明日美子","","太田出版","2004-6","JPY 1000","9.3"
"3174845","君子之交 中","","'中村明日美子'","''","'太田出版'","'2004-6'","'JPY 1000'","8.0"
"2252684","千金買骨","","''中村明日美子''","''''","''太田出版''","''2004-6''","''JPY 1000''","8.1"
"2125338","愛と欲望は学園で","","梅沢 はな","","コアマガジン","2004-12-17","JPY 680","7.6"
"26524597","西北有高楼 下","","穆卿衣","","木更工作室","2014-8","NT$390","8.3"
"23858351","音皇1","","黑色禁药","","广西美术出版社","2013-4","29.00元","7.2"
"5030545","制服侵略之浸淫蓝天","","风夜昕","新月","2010","6","7","6.7"
"3831258","ダブルミンツ","Double Mints","'风夜昕'","'新月'","'2010'","'6'","'7'","9.1"
"3397211","COLD SLEEP","","木原 音瀬","","リブレ出版","2009年1月19日","税込価格：¥893 （本体：¥850）","9.3"
"4891442","凤于九天26 动魄惊心","","風弄、王一","","威向文化","2012-7-20","NT190","8.4"
"25778110","职业替身（下）","","水千丞","","威向","2013-11-13","NT 240","7.2"
"3881551","离开以后","","綠光","","邀月","2010-7-7","NTD 190","8.7"
"1221352","落日","","NONSE.NSE","","上海教育出版社","2005-01-01","17.00元","8.7"
"25879350","春抄","","'NONSE.NSE'","''","'上海教育出版社'","'2005-01-01'","'17.00元'","8.5"
"2141867","银翼猎手之 血色开端","银翼猎手系列第一部","''NONSE.NSE''","''''","''上海教育出版社''","''2005-01-01''","''17.00元''","8.9"
"3676453","FAITH","","'''NONSE.NSE'''","''''''","'''上海教育出版社'''","'''2005-01-01'''","'''17.00元'''","8.5"
"26324163","金牌助理(下)","","非天夜翔、貓樹","","平心工作室","2014-12-10","NT300","7.9"
"25982808","针锋对决（上）","","水千丞","","威向","2014-9-10","NT 240","7.4"
"24530071","山中人","","'水千丞'","''","'威向'","'2014-9-10'","'NT 240'","8.4"
"2058500","同栖爱","","水城雪可奈","","林立","2005-6-25","JPY 540","8.7"
"3111469","一个爹爹三个娃(下)","","'水城雪可奈'","''","'林立'","'2005-6-25'","'JPY 540'","8.3"
"10772127","將軍的小奴","","青靜","","新月","2012-5-15","NT$190","7.1"
"2078682","非卖品","","'青靜'","''","'新月'","'2012-5-15'","'NT$190'","7.8"
"4605044","狼親狽友之藏蛇臥鼠","卧蛇藏鼠","恩顧、一幽","喵喵屋","2010","02","09","9.1"
"2108483","宠溺无罪","","迷羊","威向文化","2004","05","20","6.4"
"26355732","名流巨星(完结篇)","","青罗扇子","","花山文艺出版社","2015-5-1","29.8","7.8"
"26845623","囀る鳥は羽ばたかない 4 小冊子付限定版","","ヨネダコウ","","大洋図書","2016-9-30","JPY 990","9.7"
"4197236","如意蛋 下","","大风刮过","","2009","12","08","8.2"
"3906819","眉目如画","","公子欢喜","龙马文化","2009","7","8","7.7"
"24695573","君子之交","","蓝淋","","北方文艺出版社","2013-5","52.00元","8.0"
"26108240","晟世青风 卷一","","'蓝淋'","''","'北方文艺出版社'","'2013-5'","'52.00元'","8.4"
"6862809","星云物语 二","皇宫VS军校！","闪灵","","威向架空","2011-10-19","NT190","7.2"
"2111536","过激行为","","FOX、小莫","威向文化","2006","01","05","8.5"
"26289485","金牌助理(上)","","'FOX、小莫'","'威向文化'","'2006'","'01'","'05'","7.9"
"10462865","亲爱的人","","连城雪","","晋江文学城","2011-10","68","8.7"
"25929666","死来死去","","巫哲","","晋江文学城","2014-7-11","45","7.8"
"4151599","花は咲くか 1","花は咲くか 1","日高ショーコ","丸川書店","幻冬舎コミックス","2009-12-24","650円","9.4"
"24752435","甜蜜生活 LA DOLCE VITA","","'日高ショーコ'","'丸川書店'","'幻冬舎コミックス'","'2009-12-24'","'650円'","8.8"
"4065826","不要说话","","苏芸","鲜欢文化","2009","10","06","8.2"
"1418826","西洋骨董洋果子店","","'苏芸'","'鲜欢文化'","'2009'","'10'","'06'","8.4"
"4156488","再見、我的愛","","''苏芸''","''鲜欢文化''","''2009''","''10''","''06''","9.1"
"2142412","长夜未央","","'''苏芸'''","'''鲜欢文化'''","'''2009'''","'''10'''","'''06'''","8.2"
"26937781","提灯映桃花","","淮上","","江苏文艺出版社","2017-1-1","68.00元","7.8"
"1381558","鳳于九天之五暗香魅影","凤于九天 之五 暗香魅影","风弄","","架空之都","2005-02-01","NT$ 180","8.5"
"1966617","檻の外","","'风弄'","''","'架空之都'","'2005-02-01'","'NT$ 180'","9.0"
"3418825","櫻狩り 上","","渡瀬 悠宇","","小学館","2008-4-18","JPY 1000","8.7"
"25776193","职业替身（上）","","水千丞","","威向","2013-11-13","NT 240","7.2"
"10482367","一刀春色","【个人志】一刀春色","'水千丞'","''","'威向'","'2013-11-13'","'NT 240'","7.8"
"4173198","凤于九天24 惊隼大捷","","''水千丞''","''''","''威向''","''2013-11-13''","''NT 240''","8.6"
"5269109","ＳＵＰＥＲ ＬＯＶＥＲＳ 第１巻","","あべ　美幸","","角川書店","2010-7-31","JPY 588","9.1"
"2071726","暴烈之情","","'あべ　美幸'","''","'角川書店'","'2010-7-31'","'JPY 588'","7.7"
"10512311","三更书房-诡命1","朱砂痣","''あべ　美幸''","''''","''角川書店''","''2010-7-31''","''JPY 588''","8.4"
"26828743","明王幻世录","","非天夜翔","","天津人民出版社","2016-6","75.00元","8.2"
"4838184","鬼畜眼鏡（克哉×御堂編）","","みささぎ楓李、Spray","","リブレ出版","2008-8-9","JPY 620","8.1"
"6028217","大总裁的床伴","","'みささぎ楓李、Spray'","''","'リブレ出版'","'2008-8-9'","'JPY 620'","7.5"
"1381504","鳳于九天之四興衰與共","凤于九天 之四 兴衰与共","风弄","","架空之都","2004-01-28","NT$ 180","8.5"
"25900970","七重纱舞","","E伯爵","","上海人民出版社","2014-6","30.00元","8.0"
"3568846","太子 2","","'E伯爵'","''","'上海人民出版社'","'2014-6'","'30.00元'","7.9"
"11635376","風流","","''E伯爵''","''''","''上海人民出版社''","''2014-6''","''30.00元''","8.4"
"2374791","叛将","","'''E伯爵'''","''''''","'''上海人民出版社'''","'''2014-6'''","'''30.00元'''","6.9"
"1999766","水滴聲聲","","''''E伯爵''''","''''''''","''''上海人民出版社''''","''''2014-6''''","''''30.00元''''","7.8"
"2081082","兄友弟攻（上）","","'''''E伯爵'''''","''''''''''","'''''上海人民出版社'''''","'''''2014-6'''''","'''''30.00元'''''","6.9"
"26718910","過剰妄想少年 2","","ぴい","","ふゅーじょんぷろだくと","2016-3-24","JPY 729","8.3"
"19967387","君不语","","眉如黛","","鲜欢文化","2012-6-15","200元","8.1"
"24531040","昊天纪·御兽师","调教成神2","玄色","","湖南人民出版社","2013-5-1","25.80元","7.9"
"3174847","君子之交 下","","'玄色'","''","'湖南人民出版社'","'2013-5-1'","'25.80元'","8.1"
"26393035","四代目・大和辰之","","スカーレット・ベリ子","","新書館","2015-7-30","JPY 680","8.4"
"5321846","舊人","","'スカーレット・ベリ子'","''","'新書館'","'2015-7-30'","'JPY 680'","8.1"
"3448887","COLD LIGHT","","木原 音瀬","","リブレ出版","2009年2月19日","893円(税込)","9.4"
"3139234","纯情罗曼史","","中村春菊","","台湾角川","2004-3","44.00元","8.7"
"25777886","职业替身（中）","","水千丞","","威向","2013-11-13","NT 240","7.2"
"1999657","至爱小鬼（上）","","'水千丞'","''","'威向'","'2013-11-13'","'NT 240'","7.9"
"4920165","望星辰之草原情殇（下）","","''水千丞''","''''","''威向''","''2013-11-13''","''NT 240''","7.8"
"2081186","图书馆管理员","","'''水千丞'''","''''''","'''威向'''","'''2013-11-13'''","'''NT 240'''","7.3"
"26600839","デキちゃうまで、しよ。","","ヤマびっこ","","リブレ出版","2015-7-10","JPY 669","6.4"
"2132298","百日の薔薇","","'ヤマびっこ'","''","'リブレ出版'","'2015-7-10'","'JPY 669'","8.4"
"6885562","潘神的宝藏","","大风刮过","","新世界出版社","2011-9","20.00元","7.3"
"1945030","冰之魔物语(24)","","'大风刮过'","''","'新世界出版社'","'2011-9'","'20.00元'","8.3"
"26583050","獣欲ポルノ","","墨香銅臭","","平心工作室","2016-12-8","NT330元","6.9"
"26822254","ドラッグレス・セックス","","エンゾウ","","竹書房","2016-8-27","JPY 702","7.7"
"2210318","被囚禁的男人","BL囚禁系","'エンゾウ'","''","'竹書房'","'2016-8-27'","'JPY 702'","6.4"
"1985927","美少年","JUNEコミックス ピアスシリーズ","カノンチヒロ","","大都社","2015-9-25","JPY 712","8.1"
"26415515","それから、君を考える","","小松","","フランス書院","2015-7-27","JPY 713","8.9"
"3010440","君に沈む","ＥＤＧＥ ＣＯＭＩＸ","イシノ アヤ","","茜新社","2012-9-28","650","9.2"
"4207785","凤于九天25 再临博间","","'イシノ アヤ'","''","'茜新社'","'2012-9-28'","'650'","8.5"
"3686309","CRAFT vol.31","","宮城 とおこ、ヨネダ コウ、奈良 千春、宝井 理人、木下 けい子、天禅 桃子、山本 小鉄子","","大洋図書","2007-1-23","JPY 950","9.1"
"5942561","丑皇番外 咱家不是权阉","","易人北","","鲜欢文化","2011-1-24","NT$380","8.3"
"3040352","那些风花雪月","","'易人北'","''","'鲜欢文化'","'2011-1-24'","'NT$380'","8.2"
"3928269","世界一初恋 ~小野寺律の場合2~","","中村 春菊","","角川書店","2009","JPY 588","9.1"
"2138397","温柔的杀死龙的方法","","津守时生[著]、加藤绘里子[绘]","","内蒙古人民出版社","2007","56（全三本）","8.4"
"26877064","犹记斐然","","天籁纸鸢","","中国文联出版社","2016-4","29.80元","7.2"
"3404577","S-间谍迷情","","'天籁纸鸢'","''","'中国文联出版社'","'2016-4'","'29.80元'","8.8"
"26683420","ヤリチン☆ビッチ部 １","","おげれつたなか","","幻冬舎コミックス","2016-3-24","JPY 734","7.6"
"1962092","仙魔劫·上","","'おげれつたなか'","''","'幻冬舎コミックス'","'2016-3-24'","'JPY 734'","8.3"
"2241453","七重纱舞","","E伯爵","","花冠文化有限公司","2007","15","8.4"
"2159978","吉原春宵豔史","","'E伯爵'","''","'花冠文化有限公司'","'2007'","'15'","8.4"
"2277402","兄弟限定! 第1卷","BROTHER X BROTER","如月弘鹰","","角川书店","2005年4月1日","560日元","7.4"
"3084594","凤于九天设定集 风华云集","","'如月弘鹰'","''","'角川书店'","'2005年4月1日'","'560日元'","8.7"
"5379658","兄弟之上","More Than Brothers","何要辉","","中国国际文化出版社","2010-12-1","59.00","8.5"
"2035132","公使阁下的秘密外交","","'何要辉'","''","'中国国际文化出版社'","'2010-12-1'","'59.00'","8.2"
"26328074","ビッチな猫は好奇心に勝てない","","天王寺ミオ","","海王社","2015-4-10","JPY 670","7.0"
"3176836","那是不能吃的","","'天王寺ミオ'","''","'海王社'","'2015-4-10'","'JPY 670'","7.6"
"26284298","竹马像狗，吃完就走","","恩顾","","云南美术出版社","2015-1","25.00元","7.1"
"3286183","警察故事","","烟狗","","仙侣文化","2009年05月","15.00","8.4"
"2275411","特级宠物情人","Pet Lovers1 ：牧羊犬情人","'烟狗'","''","'仙侣文化'","'2009年05月'","'15.00'","8.1"
"2994916","戀愛暴君 2","","高永ひなこ","","台湾东贩","2005","NT.120","8.8"
"10438397","繁枝","","吴沉水","","三足乌金工作室","2011","92","8.0"
"1919635","コペルニクスの呼吸1","","中村明日美子","","太田出版","2002.2.22","952円","9.1"
"4849666","枫霁","","'中村明日美子'","''","'太田出版'","'2002.2.22'","'952円'","9.1"
"3541284","801彼女","","''中村明日美子''","''''","''太田出版''","''2002.2.22''","''952円''","8.1"
"26652753","沉舟(1)","","楚寒衣青","","凌雲工作室","2014-12","NT460","8.3"
"6890202","花降楼9 - 蜜戀替身","","[日]鈴木愛海、繪者：樹要","朱莉安","尖端","2011-10-12","NT$190","7.8"
"4205430","拘禁老大","","'[日]鈴木愛海、繪者：樹要'","'朱莉安'","'尖端'","'2011-10-12'","'NT$190'","6.7"
"26326016","小白杨（1）","","水千丞","","威向","2015-2-11","NT 240","7.8"
"1949179","アレキサンドライト (角川文庫)","","山藍 紫姫子","","角川書店","2006-02","JPY 6.20","7.7"
"4282178","あなたのためならどこまでも","为了你，我可赴天涯海角","'山藍 紫姫子'","''","'角川書店'","'2006-02'","'JPY 6.20'","9.2"
"2142238","银翼猎手之 白色使命","银翼猎手系列第二部","''山藍 紫姫子''","''''","''角川書店''","''2006-02''","''JPY 6.20''","9.0"
"2109929","变身情人","","临歌","威向文化","2004","11","05","6.4"
"2374052","微臣","","'临歌'","'威向文化'","'2004'","'11'","'05'","8.0"
"1983144","蝙蝠（上）","","''临歌''","''威向文化''","''2004''","''11''","''05''","7.8"
"1919647","Ｊの総て ２","Ｊ的故事２","中村明日美子","","太田出版","2005-5-17","JPY 1000","9.4"
"25854711","海上尘嚣2","","[中] 树水","","黑龙江美术出版社","2014-4","20.00","7.9"
"25775312","双子カレシ","","五城 タイガ","","リブレ出版","2014-1-10","JPY 650","6.1"
"3015341","秘密","","木原音瀬","","蒼竜社","2007","900円（含税）","8.2"
"2156992","课时达标练与测:数学(1年级)(下)(配北师)","","黎启阳","","新疆青少年出版社","2010-12","13.80元","9.1"
"2265912","艳绝花降楼2 青楼绮情曲","花丸文庫","座裏屋蘭丸","平川遊佐","尖端","2016-12-16","NT 250","8.4"
"2079679","真心话大冒险","","风弄","","威向","2014-8-6","NT200","7.5"
"2117816","君醉尘香 上","","'风弄'","''","'威向'","'2014-8-6'","'NT200'","8.3"
"3754526","鬼畜眼鏡 公式ビジュアルファンブック","","''风弄''","''''","''威向''","''2014-8-6''","''NT200''","8.3"
"3004203","amato amaro","被爱与苦涩","'''风弄'''","''''''","'''威向'''","'''2014-8-6'''","'''NT200'''","9.1"
"6849954","えんどうくんの観察日記","","ハヤカワノジコ","","大洋図書","2011-10-1","JPY 650","8.8"
"6969566","天王","","天籁纸鸢","","甘肃人民美术出版社","2011-12-8","29.80元","8.0"
"3271765","刺青の男","","'天籁纸鸢'","''","'甘肃人民美术出版社'","'2011-12-8'","'29.80元'","8.9"
"3568857","太子 5（完结）","","''天籁纸鸢''","''''","''甘肃人民美术出版社''","''2011-12-8''","''29.80元''","8.2"
"1779673","大气层的灯(全)","","鸟人弥己、Hiromi Toribito","","东立出版社有限公司","1998-06-03","NT$90元,HK$32元","9.1"
"25734788","九国夜雪·寻梦人","","水阡墨","","湖南人民出版社","2013-11","24.80元","7.9"
"3568894","情書","","'水阡墨'","''","'湖南人民出版社'","'2013-11'","'24.80元'","7.7"
"4000714","雾霭","","''水阡墨''","''''","''湖南人民出版社''","''2013-11''","''24.80元''","8.2"
"25784817","陌路莫回盛世无争","","弄简","","长江文艺出版社","2013-9-1","CNY 39.00","7.0"
"1999590","黑吃黑","","'弄简'","''","'长江文艺出版社'","'2013-9-1'","'CNY 39.00'","7.4"
"11523639","クロネコ彼氏のアソビ方","黑猫男友的玩法","左京 亜也","","新書館","2012-9-29","JPY 630","8.4"
"6077666","人格","","'左京 亜也'","''","'新書館'","'2012-9-29'","'JPY 630'","9.4"
"26602030","鳴鳥不飛 3","","''左京 亜也''","''''","''新書館''","''2012-9-29''","''JPY 630''","9.3"
"1786376","双簧","","PETA","威向文化","2003","12","15","8.4"
"6788728","望星辰之草原逐情 (上)","","'PETA'","'威向文化'","'2003'","'12'","'15'","7.8"
"2056016","看朱成碧（下）","","''PETA''","''威向文化''","''2003''","''12''","''15''","8.5"
"25768852","败絮藏金玉(下)","","酥油饼","","湖南美术出版社","2013-11-20","25.00","8.3"
"26653637","軍區大院","","泡泡雪兒","","凌雲工作室","2015-7","NT550","8.5"
"10522623","夢みさしゃんせ―笠井あゆみ耽美画集","","笠井あゆみ","","勁文社","1995-11","JPY 3262","9.2"
"10733321","禁情诱惑 (上)","","'笠井あゆみ'","''","'勁文社'","'1995-11'","'JPY 3262'","7.9"
"2044745","凤霸天下Ⅱ·白虎篇","","流玥","","中国友谊出版公司","2007-03","20.0","7.8"
"11591699","大正艶異聞 なりかわり 華族家の秘めごと","","丸木文華、笠井あゆみ","","プランタン出版","2012-9-5","560円","7.7"
"3015359","美しいこと 下","","木原音瀬","","蒼竜社","2008","900円（含税）","9.1"
"2081821","一个AV男优的幸福生活","","'木原音瀬'","''","'蒼竜社'","'2008'","'900円（含税）'","5.9"
"3816048","凤于九天 23 千里救援","","''木原音瀬''","''''","''蒼竜社''","''2008''","''900円（含税）''","8.6"
"6833963","seven系列  猎爱&监禁","","'''木原音瀬'''","''''''","'''蒼竜社'''","'''2008'''","'''900円（含税）'''","7.7"
"2138221","是-ZE- 1","幻神之家 1","志水 ゆき","","新書館","2004","580円","8.6"
"5254358","又一春 上","","大風颳過、深草","威向","2010","09","07","8.4"
"24733452","安居樂業·下冊·〈樂業〉","水艷集003","'大風颳過、深草'","'威向'","'2010'","'09'","'07'","8.4"
"2269810","恶男本色 上","","''大風颳過、深草''","''威向''","''2010''","''09''","''07''","7.2"
"4149420","丑皇（下）","","易人北","","鲜欢文化","2009","190新台币","8.2"
"6865555","世界一初恋 ~横澤隆史の場合~","","藤崎 都","","角川書店(角川グループパブリッシング)","2011-10-29","JPY 560","8.8"
"10744266","媚笑待君來","豔絕花降樓系列 (06)","鈴木愛海","","尖端","2010-3-1","NT190","8.0"
"1999550","父子","","子默","","倍乐文化","2005年8月","NT120.00","8.0"
"2073250","兰花豹","","'子默'","''","'倍乐文化'","'2005年8月'","'NT120.00'","8.3"
"4844888","縛龍","","困倚危樓","","龍馬文化","2010-3-8","NT190","7.3"
"25985676","灵魂深处闹革命（上）","","非天夜翔","","平心工作室","2013-7-10","70.00元","8.0"
"1771453","银色钻石","SILVER DIAMOND","'非天夜翔'","''","'平心工作室'","'2013-7-10'","'70.00元'","8.5"
"3004141","恋の心に黒い羽","","ヤマシタ トモコ","","ソフトライン 東京漫画社","2008-1-17","JPY 669","8.9"
"3627470","最後一張牌","","'ヤマシタ トモコ'","''","'ソフトライン 東京漫画社'","'2008-1-17'","'JPY 669'","8.3"
"6121106","皇上不要","","万语","","新月","2011-2-21","NT190","7.4"
"4179332","降魔塔","","公子歡喜、蒼狼野獸","龙马文化","2009","12","1","8.2"
"3808545","銀の鎮魂歌","","吉原 理恵子","","日本文芸社","2007-9-21","JPY 617","8.8"
"25811418","穆然","","'吉原 理恵子'","''","'日本文芸社'","'2007-9-21'","'JPY 617'","7.7"
"2978823","成人的問題","","今市子","吳意文","東立","1999-3-1","NT90","8.8"
"3174860","浪荡江湖之暗相思 下","","'今市子'","'吳意文'","'東立'","'1999-3-1'","'NT90'","7.9"
"1860532","凤于九天 之 威镇博间","凤于九天 之三 威镇博间","''今市子''","''吳意文''","''東立''","''1999-3-1''","''NT90''","8.5"
"2064453","燕歌行","","'''今市子'''","'''吳意文'''","'''東立'''","'''1999-3-1'''","'''NT90'''","8.1"
"2056552","相会于加勒比海","","''''今市子''''","''''吳意文''''","''''東立''''","''''1999-3-1''''","''''NT90''''","7.7"
"5355645","青楼绮情曲-華園篇","","'''''今市子'''''","'''''吳意文'''''","'''''東立'''''","'''''1999-3-1'''''","'''''NT90'''''","8.3"
"2037409","噢!今夜哪里有鬼","今夜有鬼2","''''''今市子''''''","''''''吳意文''''''","''''''東立''''''","''''''1999-3-1''''''","''''''NT90''''''","8.8"
"2118052","金瓶梅・奇伝炎のくちづけ","","水上 シン","","ビブロス","2004-03-11","JPY 590","7.0"
"3361361","花样年华","","'水上 シン'","''","'ビブロス'","'2004-03-11'","'JPY 590'","7.3"
"2265938","鱼住君1 夏之盐","","''水上 シン''","''''","''ビブロス''","''2004-03-11''","''JPY 590''","8.8"
"1948387","クリムゾン・スペル 1","","やまね あやの、山根绫乃","","徳間書店","2005-7-25","560 （税込）","8.4"
"19974424","调教成神","","玄色","","湖南人民出版社","2012-11-1","24.80元","7.5"
"26849977","同学关系？","","子雾啊","","世界知识出版社","2016-8","38","7.6"
"25854710","海上尘嚣1","","[中] 树水","","黑龙江美术出版社","2014-3","20.00元","7.9"
"2056018","看朱成碧（中）","","'[中] 树水'","''","'黑龙江美术出版社'","'2014-3'","'20.00元'","8.5"
"1440505","上床不說愛","","''[中] 树水''","''''","''黑龙江美术出版社''","''2014-3''","''20.00元''","6.8"
"2355181","焱狼","","'''[中] 树水'''","''''''","'''黑龙江美术出版社'''","'''2014-3'''","'''20.00元'''","6.7"
"21356297","花鳥風月 (1)","","志水 ゆき","","新書館","2013-4-30","JPY 735","8.3"
"3540168","媚笑の閨に侍る夜 花降楼シリーズ第六弾","","鈴木 あみ","","白泉社","2007-4","JPY 580","8.3"
"3090251","至愛小鬼(下)","","'鈴木 あみ'","''","'白泉社'","'2007-4'","'JPY 580'","7.9"
"10466080","ナカさんのながれ","阿中拉面","basso","","茜新社","2012-3","¥650","8.7"
"26148656","幻想耽美","Ｊａｐａｎｅｓｅ　Ｅｒｏｔｉｃａ　ｉｎ　Ｃｏｎｔｅｍｐｏｒａｒｙ","'basso'","''","'茜新社'","'2012-3'","'¥650'","7.8"
"26753077","金玉王朝第六部 凝華（下）","","風弄、繪者：王一","","威向文化","2016-1-6","NT$200元","7.4"
"24733429","安居樂業","水艷集002+水艷集003","夏灩兒、大刀灩、繪者：九月紫","","日月草工作室","2013-6","NT$650","8.6"
"6795781","望星辰之草原逐情（下）","","'夏灩兒、大刀灩、繪者：九月紫'","''","'日月草工作室'","'2013-6'","'NT$650'","7.8"
"10525350","金玉王朝第四部縱橫 二","","''夏灩兒、大刀灩、繪者：九月紫''","''''","''日月草工作室''","''2013-6''","''NT$650''","8.4"
"25795071","昊天纪·符阵师","调教成神3","玄色","","湖南人民出版社","2013-12","26.80元","7.4"
"4213609","乱紫夺朱 (上)","","彻夜流香","鲜欢文化","2009","12","25","7.8"
"1369551","昨天（上）","","风弄","","威向","20050301","NT$ 180","7.6"
"3389954","一年七班恶男团2","","七喜","","云南人民","2009-1","26.80元","7.4"
"2302709","恶魔的秘密","","'七喜'","''","'云南人民'","'2009-1'","'26.80元'","7.1"
"26430603","薫りの継承(上)","香气的继承","中村明日美子","","リブレ出版","2015-8-10","JPY 679","8.9"
"2079955","英雄爱美丽","","'中村明日美子'","''","'リブレ出版'","'2015-8-10'","'JPY 679'","7.5"
"3568850","太子 3","","''中村明日美子''","''''","''リブレ出版''","''2015-8-10''","''JPY 679''","8.0"
"1394237","神様の名前","Secret Garden","多田由美","","美術出版社","2000-12","JPY 13.65","8.7"
"5030549","兄弟禁止","","青宫羽","新月","2010","4","6","6.6"
"4824159","少年の孵化する音","伯爵カインシリーズ2","由貴香織里","","白泉社","1993-10-19","JPY 410","8.8"
"3438468","幻月楼奇谭","","今市子","宁静","尖端","2005年03月19日","NT.100","8.9"
"26642523","みずのいろ。","","槇えびし","","大洋図書","2015-12-1","JPY 730","7.3"
"4826982","主人與狗3 交心","","'槇えびし'","''","'大洋図書'","'2015-12-1'","'JPY 730'","7.4"
"4237763","过期的守候","","眉如黛","鲜欢文化","2009","11","6","8.3"
"26301177","花开有时，颓靡无声（上）","","水千丞","","威向","2015-1-7","NT 240","6.8"
"25846737","音皇2","","黑色禁药","","广西美术出版社","2014-3","29.00元","6.4"
"3568853","太子 4","","'黑色禁药'","''","'广西美术出版社'","'2014-3'","'29.00元'","8.1"
"3570549","COLD FEVER","","''黑色禁药''","''''","''广西美术出版社''","''2014-3''","''29.00元''","9.3"
"2567275","DeadHeat-《纠缠的枷锁》","DeadLock-《诱惑的枷锁》系列02","'''黑色禁药'''","''''''","'''广西美术出版社'''","'''2014-3'''","'''29.00元'''","8.6"
"3219277","爱情宝石系列","","葡萄","","珠海出版社","2008-09","23.8","7.7"
"3794903","DEADLOCK - 誘惑的枷鎖系列(01)","","英田沙希","YAKUMO","尖端","2007年08月04日","NT$ 180","8.5"
"2038865","爱在午夜呢喃时","","吉永史","菱川","尖端","2003-11-21","100NT","8.6"
"2058474","1999上海夜未眠","","'吉永史'","'菱川'","'尖端'","'2003-11-21'","'100NT'","8.7"
"3883902","柢年","","王臣","","新世界出版社","2009-7-1","22.00元","7.0"
"20504486","医学导论","","徐名颂 主编","","人民军医出版社","2013-4","23.00元","8.4"
"2038822","玫瑰花丛的依恋","","吉永史","","大然","1999","95NT","8.8"
"3676441","夫朋妻友(上)","","焰雪雪","","威向","2009-11-5","NT$190","8.0"
"6075148","あっちとこっち","跨越爱的围栏","腰乃","","リブレ出版","2011-5-10","620円 (税込)","9.1"
"20366721","黄半仙  卷一","","耳雅","","蘊藏文化","2012-11-7","NTD 210","7.9"
"3393305","爱是一颗幸福的子弹","","剑走偏锋&弋殇","","透视文化","2008","26.5","8.5"
"3825795","罄竹難書2 月下美人 下","","'剑走偏锋&弋殇'","''","'透视文化'","'2008'","'26.5'","8.7"
"3540122","艳绝花降楼4 折花之罪","","りゆま加奈","趙聖媛","東立","2015-7-8","NT 130","8.2"
"2038849","爱情勿语","","吉永史","","晶采","2005年","110NT","8.7"
"3303702","SEX PISTOLS 1 (1) (スーパービーボーイコミックス)","狂野情人","寿 たらこ","","リブレ出版","２００７．６","¥650 （本体 ： ¥619）","8.9"
"4237974","自私之囚-下","","'寿 たらこ'","''","'リブレ出版'","'２００７．６'","'¥650 （本体 ： ¥619）'","6.1"
"1999792","花花遊龍 上","","''寿 たらこ''","''''","''リブレ出版''","''２００７．６''","''¥650 （本体 ： ¥619）''","6.0"
"3319399","凤于九天二十二 海夜异色","","月佩環","","威向文化","2013-5-10","NT 200","8.6"
"4705635","幸福的厨师","","'月佩環'","''","'威向文化'","'2013-5-10'","'NT 200'","6.7"
"1349096","天下第一之海誓山盟（上）","","清靜","","威向","20050401","NT$ 180","8.6"
"3817598","Gad Sfortunato","刺青師加德","basso","","茜新社","2009年6月26日","650","8.9"
"5362811","間の楔 1","间之楔","吉原 理恵子","","徳間書店","2009-3-27","JPY 660","8.9"
"25987969","飘洋过海中国船 上卷","","非天夜翔","","平心工作室","2014-2-5","70.00元","8.0"
"1860529","凤于九天 之 太子出使","凤于九天 之二 太子出使","'非天夜翔'","''","'平心工作室'","'2014-2-5'","'70.00元'","8.4"
"5290431","甜言蜜语","","''非天夜翔''","''''","''平心工作室''","''2014-2-5''","''70.00元''","8.4"
"3825794","罄竹難書2 月下美人 上","","'''非天夜翔'''","''''''","'''平心工作室'''","'''2014-2-5'''","'''70.00元'''","8.6"
"3388905","午夜电车里的H游戏","","''''非天夜翔''''","''''''''","''''平心工作室''''","''''2014-2-5''''","''''70.00元''''","5.1"
"4051619","兩種不同的愛","","千葉たゆり","翁蛉玲","東立","2015-5-13","NT 130","6.7"
"26883327","蟷螂の檻 1","","彩景でりこ","","祥伝社","2016-11-25","JPY 702","8.4"
"4757781","櫻狩り 下","","'彩景でりこ'","''","'祥伝社'","'2016-11-25'","'JPY 702'","8.9"
"5030582","诱声魅色","","青宫羽","新月","2009","10","5","7.6"
"26413654","紫星花之诗 1","","E伯爵","","长江出版社","2015-6","25.00元","8.1"
"26599791","パブリックスクール","-檻の中の王-","樋口美沙緒、yoco","","徳間書店","2015-10-27","JPY 616","7.3"
"2081261","命中注定 C’était","","'樋口美沙緒、yoco'","''","'徳間書店'","'2015-10-27'","'JPY 616'","8.1"
"3770269","與你耽溺愛河","某種已經出現的感情，需要你命名。","高永ひなこ、高永雏子","","台湾角川","2008","NT110","8.4"
"6998404","艳势番1","","韩露","","黑龙江美术出版社","2011-11-1","18.00元","8.7"
"2159839","牛泥棒","","木原音濑","","蒼竜社","2007.07.01","857","8.4"
"10864564","双城记","戚顾衍生","龙马甲","","中国致公出版社","2012-6","22.00元","8.8"
"1899467","西洋骨董洋菓子店(01)","","吉永史","","青文","2006-08-10","120元","8.8"
"26753074","金玉王朝第六部 凝華（上）","","風弄、繪者：王一","","威向文化","2016-1-6","NT$200元","7.4"
"2210200","不脱衣的男人","","'風弄、繪者：王一'","''","'威向文化'","'2016-1-6'","'NT$200元'","8.4"
"1999683","三流捕快一等護衛","","''風弄、繪者：王一''","''''","''威向文化''","''2016-1-6''","''NT$200元''","6.5"
"2103627","被享用的男人","","'''風弄、繪者：王一'''","''''''","'''威向文化'''","'''2016-1-6'''","'''NT$200元'''","7.0"
"2270168","凤于九天十六言惊四座","","''''風弄、繪者：王一''''","''''''''","''''威向文化''''","''''2016-1-6''''","''''NT$200元''''","8.6"
"2355190","几回魂梦与君同","","'''''風弄、繪者：王一'''''","''''''''''","'''''威向文化'''''","'''''2016-1-6'''''","'''''NT$200元'''''","7.4"
"26760521","過路陰陽（下）","","捂臉大笑、繪者：kann","","平心工作室","2016-1-13","NT$300元","7.6"
"2056010","錯落","","'捂臉大笑、繪者：kann'","''","'平心工作室'","'2016-1-13'","'NT$300元'","8.1"
"26301175","花开有时，颓靡无声（下）","","水千丞","","威向","2015-1-7","NT 240","6.5"
"1939705","青莲纪事1","","葡萄","","中国友谊出版公司","2006-11","20.0","7.5"
"1787946","銀のレクイエム","","吉原 理恵子、波津 彬子","","角川書店","1993-9","JPY 503","8.7"
"10438782","金玉王朝第四部纵横 一","縱橫","风弄","","威向架空","2012-2-21","NT190","8.5"
"3587168","赤の神紋","","桑原 水菜","","集英社","1999-7","JPY 555","9.3"
"5341618","禁忌之戀特集","","'桑原 水菜'","''","'集英社'","'1999-7'","'JPY 555'","5.4"
"10862937","殇夏之祭（下）","","''桑原 水菜''","''''","''集英社''","''1999-7''","''JPY 555''","8.1"
"19907238","跳水王子爆米花1","","'''桑原 水菜'''","''''''","'''集英社'''","'''1999-7'''","'''JPY 555'''","6.1"
"2049373","血咒聖痕 1","","黒乃奈々絵","李韋葶","東立","2006-9-6","NT$95","8.9"
"26781649","海怪联盟","","天堂放逐者","","百花洲文艺出版社","2016-5-1","CNY 26.80","7.5"
"10767918","金玉王朝第四部 縱橫 三","","風弄","","威向","2012-6-19","NT190","8.4"
"1381559","凤于九天 之 冬雷惊梦","凤于九天 之六 冬雷惊梦","风弄","","架空之都","2005-02-01","NT$ 180","8.6"
"4259355","きみにあげる。","全部都給你","'风弄'","''","'架空之都'","'2005-02-01'","'NT$ 180'","8.1"
"26362168","鬼話連篇 壹","雙喜鬼煞","青丘","","凌雲文創","2015-1-8","NT$250","7.7"
"3040824","FRAGILE","","'青丘'","''","'凌雲文創'","'2015-1-8'","'NT$250'","8.4"
"4065825","黑道悍妻","","万小迷","鲜欢文化","2009","10","06","6.8"
"10416247","金持ち君と貧乏君","有钱君与贫穷君","秀良子","","一迅社","2012-2-15","690","9.0"
"26897627","ネオンサイン・アンバー","","おげれつ たなか","","新書館","2016-12-29","JPY 724","8.2"
"7067871","鬼畜眼鏡─克哉×御堂篇─（全）","","原作Spray／漫畫みささぎ楓李","吳欣怡","臺灣國際角川","2009-4-25","NT110","7.6"
"2255981","为望城  上","","'原作Spray／漫畫みささぎ楓李'","'吳欣怡'","'臺灣國際角川'","'2009-4-25'","'NT110'","8.4"
"3559127","菠萝志","","''原作Spray／漫畫みささぎ楓李''","''吳欣怡''","''臺灣國際角川''","''2009-4-25''","''NT110''","7.7"
"2081787","青山遮不住","","'''原作Spray／漫畫みささぎ楓李'''","'''吳欣怡'''","'''臺灣國際角川'''","'''2009-4-25'''","'''NT110'''","8.4"
"3825558","晨曦 下","","周而复始","","威向文化","2007-07-05","NT180","8.2"
"5948237","伏诛","","風弄、繪者：王一","","威向文化","2016-1-6","NT$200元","7.8"
"26636014","我試著和死黨啪啪啪了","","白桃ノリコ","陳姿君","東立","2015-10-1","NT 130","7.4"
"25827082","世界一初恋~横澤隆史の場合5~","","藤崎 都","KADOKAWA","角川書店","2014-2-28","JPY 609","8.2"
"6857191","腹黑的入门课程","","万小迷","","鲜鲜文化","2011-8-30","NT200","7.2"
"3174859","浪荡江湖之暗相思 上","","'万小迷'","''","'鲜鲜文化'","'2011-8-30'","'NT200'","7.9"
"3585114","宜春香質","","(明)醉西湖新月主人 著","","基本書坊","2008年12月15日","NT$270","7.2"
"3015398","黄色いダイアモンド","","木原音瀬","","ビブロス","2000.08","945円（含税）","7.9"
"20276429","花瓶 上","","困困","","威向文化","2012-10-9","NT190","7.8"
"6433238","子璋","","'困困'","''","'威向文化'","'2012-10-9'","'NT190'","7.4"
"26307962","名流巨星","","青罗扇子","","花山文艺出版社","2015-3","29.8","7.2"
"3445018","资优生爱的调教","","隆已ジロ","","Dolphin","東販出版","NT$120","7.0"
"3206190","戀愛暴君 4","","高永ひなこ","","台湾东贩","2007","NT.120","8.9"
"3420323","纨裤子弟 一","","狐狸","威向","2008","03","12","8.8"
"21349043","盜墓之祭品·卷二","","猶大的煙、繪者：夜襲","","淩雲工作室","2013-3","NT 400","7.8"
"2365078","与你坠入情网","","'猶大的煙、繪者：夜襲'","''","'淩雲工作室'","'2013-3'","'NT 400'","7.8"
"1950269","残酷な神が支配する 1","","萩尾望都","","小学館","2004年11月","610円（税込）","9.4"
"4313788","和回忆做爱的男人","","'萩尾望都'","''","'小学館'","'2004年11月'","'610円（税込）'","7.4"
"26427905","國家一級註冊驅魔師上崗培訓通知 外傳","","''萩尾望都''","''''","''小学館''","''2004年11月''","''610円（税込）''","8.6"
"3142494","ANSWER","","崎谷はるひ","","ハイランド","2000","JPY 893","7.8"
"3764960","セブンデイズ","FRIDAY→SUNDAY","'崎谷はるひ'","''","'ハイランド'","'2000'","'JPY 893'","9.2"
"21349031","王子病的春天·中","","非天夜翔、繪者：腐狸","","淩雲工作室","2013-3","NT 370.00","8.5"
"2117858","凤于九天9 咫尺危影","","风弄","威向文化","2006","11","07","8.6"
"2213691","唯我私爱","","'风弄'","'威向文化'","'2006'","'11'","'07'","8.6"
"1763045","南极星（上）","","''风弄''","''威向文化''","''2006''","''11''","''07''","7.9"
"3012524","哇!今夜哪里有鬼","今夜有鬼1","'''风弄'''","'''威向文化'''","'''2006'''","'''11'''","'''07'''","8.7"
"2037406","嘘!今夜哪里有鬼","今夜有鬼3","''''风弄''''","''''威向文化''''","''''2006''''","''''11''''","''''07''''","8.8"
"4065823","与兽同行3 垃圾山","","易人北","","鮮歡文化","2009-10-2","TWD 190","8.6"
"2303696","绝爱1989 2","","尾崎南","","日本集英社","1990","390日元","9.1"
"1999739","浪蕩江湖之藥師 上","","'尾崎南'","''","'日本集英社'","'1990'","'390日元'","7.8"
"4093470","夜をわたる月の船","渡过夜空的月之船","木原 音瀬","","蒼竜社","2009年11月20日","税込価格：¥945 （本体：¥900）","8.7"
"6778589","我的粉色系玩具","","'木原 音瀬'","''","'蒼竜社'","'2009年11月20日'","'税込価格：¥945 （本体：¥900）'","7.8"
"2077124","色戒","","''木原 音瀬''","''''","''蒼竜社''","''2009年11月20日''","''税込価格：¥945 （本体：¥900）''","6.4"
"1999793","花花遊龍 下","","'''木原 音瀬'''","''''''","'''蒼竜社'''","'''2009年11月20日'''","'''税込価格：¥945 （本体：¥900）'''","5.8"
"20425388","ＢＬ版完全性感48招","","''''木原 音瀬''''","''''''''","''''蒼竜社''''","''''2009年11月20日''''","''''税込価格：¥945 （本体：¥900）''''","6.8"
"6019677","制服侵略之染指青涩","","'''''木原 音瀬'''''","''''''''''","'''''蒼竜社'''''","'''''2009年11月20日'''''","'''''税込価格：¥945 （本体：¥900）'''''","7.0"
"3068271","并箸成欢 上","","''''''木原 音瀬''''''","''''''''''''","''''''蒼竜社''''''","''''''2009年11月20日''''''","''''''税込価格：¥945 （本体：¥900）''''''","7.6"
"2103135","赵大牌与冷总裁","","小林子","威向文化","2002","08","25","6.5"
"1945466","トーマの心臓","","萩尾 望都","","小学館","1995-8","JPY 710","9.2"
"4826263","谐谑的康塔塔 上","","dnax","鲜欢文化","2010","05","04","8.4"
"4920164","望星辰之草原情殇（上）","","'dnax'","'鲜欢文化'","'2010'","'05'","'04'","7.7"
"2081171","燕锁狂龙","","井戶ぎほう","蔡夢芳","東立","2015-5-6","NT 130","6.2"
"10602925","亡命之徒的退休生涯","","狐狸、深草","","架空之都","2012-4-10","TWD 190","8.5"
"3879995","異国色恋浪漫譚","","やまね あやの","コアマガジン","2003","04","JPY 680","8.2"
"5959433","赤色侵略","","风夜昕","","新月","2010-12-1","190元","6.9"
"3523967","灰衣奴(上）","","风夜昕","","邀月文化","2013-8-13","NT190","7.8"
"25879641","跳水王子爆米花2","","风弄","","广西美术出版社","2013-11-1","CNY 29.00","6.7"
"2141862","千山看斜阳","","'风弄'","''","'广西美术出版社'","'2013-11-1'","'CNY 29.00'","7.7"
"2079860","高家风云1 毒郎君","","''风弄''","''''","''广西美术出版社''","''2013-11-1''","''CNY 29.00''","7.0"
"1818302","天上の愛地上の恋 第1巻","","加藤知子","","白泉社","1995","JPY 410","8.6"
"1369553","昨天（下）","","风弄","","威向","20050301","NT$ 180","7.6"
"3690201","我愛你，知道不？","","'风弄'","''","'威向'","'20050301'","'NT$ 180'","8.0"
"3217647","恶男本色 下","","''风弄''","''''","''威向''","''20050301''","''NT$ 180''","6.9"
"3089394","風と木の詩","","竹宮恵子","","小学館","1988","JPY 1223","9.2"
"21332574","花のみやこで","","宝井理人","","大洋図書","2013-3-9","JPY 680","9.2"
"4156404","罄竹難書3 碧海青天 上","","緒慈、王一","威向","2010","01","12","8.5"
"2213941","与兽同行1 流浪汉","","'緒慈、王一'","'威向'","'2010'","'01'","'12'","8.2"
"11502925","リバーズエンド","","木原音瀬、小椋ムク","","蒼竜社","2012-9-26","900","9.2"
"10554510","嫁入高门的男人","","'木原音瀬、小椋ムク'","''","'蒼竜社'","'2012-9-26'","'900'","7.7"
"10577874","スメルズライクグリーンスピリット","Smells Like Green Spirit","永井三郎","","ふゅーじょんぷろだくと","2012-5-24","JPY 714","9.5"
"4313781","艳遇","","'永井三郎'","''","'ふゅーじょんぷろだくと'","'2012-5-24'","'JPY 714'","7.2"
"10733131","男朋友","蔷薇号","BF君","","黑龙江美术出版社","2012-5","15.00元","7.2"
"5908799","典藏風弄─主子","","'BF君'","''","'黑龙江美术出版社'","'2012-5'","'15.00元'","8.0"
"2000153","凤霸天下Ⅰ·玄武篇","","流玥","","中国友谊出版公司","2007-02","20.0","7.7"
"2135575","男儿也会流泪","","'流玥'","''","'中国友谊出版公司'","'2007-02'","'20.0'","8.0"
"2210323","豪门焰","","''流玥''","''''","''中国友谊出版公司''","''2007-02''","''20.0''","8.2"
"2084946","冲撞 续","","'''流玥'''","''''''","'''中国友谊出版公司'''","'''2007-02'''","'''20.0'''","8.4"
"1387898","B級美食俱樂部","","今市子","李俊德","尖端出版","2004-2-24","NT$ 100","8.4"
"7001366","金玉王朝第三部璀璨 三","","风弄","","威向架空","2011-12-6","NT190","8.6"
"26415342","土下座、してください。","","さとまるまみ","","ふゅーじょんぷろだくと","2015-7-24","JPY 729","8.4"
"26576353","終わらない不幸についての話","關於那些永無止盡的不幸故事","緒川千世","","海王社","2015-9-10","JPY 670","8.6"
"3095016","我的溫柔大哥","","今市子","KUMAKO","東販股份有限公司","2008-04-24","NT$120","8.6"
"2079854","侍寝将军","","'今市子'","'KUMAKO'","'東販股份有限公司'","'2008-04-24'","'NT$120'","6.6"
"2081068","期待度","","''今市子''","''KUMAKO''","''東販股份有限公司''","''2008-04-24''","''NT$120''","7.8"
"6998706","機甲神兵之重生4","","[作者] 冬瓜‧泡椒、[繪者] ChenYan","","威向有限公司","2011-4-14","NT$190","7.9"
"1784396","低速率爱情","","'[作者] 冬瓜‧泡椒、[繪者] ChenYan'","''","'威向有限公司'","'2011-4-14'","'NT$190'","7.3"
"3761996","椿びより","","''[作者] 冬瓜‧泡椒、[繪者] ChenYan''","''''","''威向有限公司''","''2011-4-14''","''NT$190''","9.2"
"3690144","三千世界一花開 上","","'''[作者] 冬瓜‧泡椒、[繪者] ChenYan'''","''''''","'''威向有限公司'''","'''2011-4-14'''","'''NT$190'''","7.2"
"3015386","セカンド・セレナーデ","","木原音瀬","","青磁ビブロス","1996.07","897円（含税）","8.7"
"24733450","安居樂業·上冊·〈安居〉","水艷集002","'木原音瀬'","''","'青磁ビブロス'","'1996.07'","'897円（含税）'","8.3"
"19964347","isbn被占用不存在未出版的错误条目","","''木原音瀬''","''''","''青磁ビブロス''","''1996.07''","''897円（含税）''","8.7"
"21324116","惡德之褥","","中原一也","","角川","2013-1-28","160","6.7"
"20275067","瓊殤（上）","","天籟紙鳶","","旺福圖書出版","2012-10-18","250NT$","8.0"
"11525685","不存在未出版的错误条目","","'天籟紙鳶'","''","'旺福圖書出版'","'2012-10-18'","'250NT$'","9.2"
"20473206","このおれがおまえなんか好きなわけない","","緒川千世","","大洋図書","2013-2-27","JPY 650","8.8"
"26612721","いびつな恋のシーソーゲーム","","嘉島ちあき","","海王社","2015-11-10","JPY 690","7.8"
"25861972","新欢","","公子欢喜","","龙马","2014-4-3","NT 190","7.0"
"2272760","BL新日本史","","堀五朗、九州男儿","","内蒙古人民出版社","2007-12","19.8","7.4"
"25941572","年下彼氏の恋愛管理癖 2","","桜日梯子","","竹書房","2014-9-17","JPY 709","7.5"
"2328669","玻璃心","當紅羅曼史0004","鏡水","","飛田文化","2004-12-14","NT180","8.2"
"2024007","HBL之死亡时间","","'鏡水'","''","'飛田文化'","'2004-12-14'","'NT180'","8.6"
"6007347","ｅｑｕｕｓ フィールコミックス","フィールコミックス","えすとえむ","","祥伝社","2011-4-25","¥690","9.2"
"1966615","HOME","","木原音濑","","オークラ出版","2003","05","8.3"
"2056551","不要不要放开我","","'木原音濑'","''","'オークラ出版'","'2003'","'05'","6.4"
"26789615","暗恋那件小事","","蓝淋","","上海人民美术出版社","2016-3-1","32.00元","7.0"
"6003430","闇色の愛人","","高倉 知子","","オークラ出版","2010-6-11","JPY 680","6.7"
"26724868","青く清く","","小杜蕗シンジ","","大洋図書","2016-4-1","JPY 780","7.2"
"3015403","片思い","","木原音瀬","","ビブロス","2001-8","893日元","8.6"
"26613520","やぎさん郵便 3","","草間さかえ","","リブレ出版","2015-11-21","JPY 689","9.3"
"11632264","戰略模糊中的美中臺新圖像","","陳一新","","遠景基金會","2004-3","NT$400","9.6"
"3198384","寄生","","'陳一新'","''","'遠景基金會'","'2004-3'","'NT$400'","8.0"
"26497255","杀人动机","","穆卿衣","","木更工作室","2014-2","新台币 350","7.9"
"4055821","迷林","","陈星梅","","凤凰出版社（原江苏古籍出版社）","2009-9","28.00元","7.8"
"2080959","爱在斯德哥尔摩","","'陈星梅'","''","'凤凰出版社（原江苏古籍出版社）'","'2009-9'","'28.00元'","8.2"
"3015384","POLLINATION","","木原音瀬","","リブレ出版","2007.07","945円（含税）","8.1"
"3568896","天師執位1 離魂","","'木原音瀬'","''","'リブレ出版'","'2007.07'","'945円（含税）'","8.2"
"4757717","櫻狩り 中","","渡瀬悠宇","","小学館","2009-3-6","JPY 1000","8.9"
"2142293","龍珠魔法使2（完）","","尾崎芳美","何孟津","大然","1996-12","NT$90","8.6"
"6790266","sweet pool","","栗城偲、オニツカセージ、Nitro+CHiRAL","","リブレ出版","2011-10-19","893","8.5"
"2136950","非天 perfect sky","耽美小说志","狼族","","长春电影制片厂银声音像出版社","2009","RMB 14.80元","7.1"
"4237971","自私之囚-上","","'狼族'","''","'长春电影制片厂银声音像出版社'","'2009'","'RMB 14.80元'","6.2"
"3277542","江山多少年 下","","''狼族''","''''","''长春电影制片厂银声音像出版社''","''2009''","''RMB 14.80元''","7.9"
"3169384","ショーが跳ねたら逢いましょう","Seduce me after the show","えすとえむ","Matt Thorn","Deux Press","2008-05-07","$12.95","9.2"
"4263935","17歲的秘密欲情","","'えすとえむ'","'Matt Thorn'","'Deux Press'","'2008-05-07'","'$12.95'","7.5"
"26373436","囀る鳥は羽ばたかない 3","","ヨネダコウ","","大洋図書","2015-6-1","JPY 700","9.2"
"5985618","BL48手","","秀香穂里","","泰文堂","2011-2-28","1,680（税込）","7.4"
"2024004","BAD BOY．下","","'秀香穂里'","''","'泰文堂'","'2011-2-28'","'1,680（税込）'","8.4"
"2215992","育神","","''秀香穂里''","''''","''泰文堂''","''2011-2-28''","''1,680（税込）''","6.8"
"5942549","忘川","","尘色","","鲜鲜文化","2011-1-4","NT200","7.5"
"5363667","寵物特集","","'尘色'","''","'鲜鲜文化'","'2011-1-4'","'NT200'","6.8"
"2140541","渴爱","","''尘色''","''''","''鲜鲜文化''","''2011-1-4''","''NT200''","6.6"
"2263266","ばら色の頬のころ (F COMICS)","","中村明日美子","太田出版","2007","03","1000","9.3"
"11501757","网游之演技一流（上、下）","","'中村明日美子'","'太田出版'","'2007'","'03'","'1000'","8.2"
"5379654","数见红尘应识我","","''中村明日美子''","''太田出版''","''2007''","''03''","''1000''","7.1"
"3676321","夜泉","","'''中村明日美子'''","'''太田出版'''","'''2007'''","'''03'''","'''1000'''","7.2"
"24869118","クロネコ彼氏の甘え方","黑猫男友的哭泣方法","左京 亜也","","新書館","2013-9-30","JPY 630","8.3"
"5299278","金玉王朝第一部 夺玉(中)","","风弄","","威向","2010-10-12","NT190","8.6"
"4888645","マンガ家と作るBLポーズ集(3)朝まで一緒篇 (大型本)","","'风弄'","''","'威向'","'2010-10-12'","'NT190'","7.6"
"3690119","移民侏儸紀","","''风弄''","''''","''威向''","''2010-10-12''","''NT190''","7.9"
"26325778","黑貓男友的寵愛方法 2","","左京亜也、左京亞也","","长鸿出版社","2015-2-14","140 元","8.1"
"3272151","壞掉的玩具","","'左京亜也、左京亞也'","''","'长鸿出版社'","'2015-2-14'","'140 元'","6.2"
"2060283","我的王妃是男人·上","","''左京亜也、左京亞也''","''''","''长鸿出版社''","''2015-2-14''","''140 元''","7.4"
"3013017","天生绝配","","'''左京亜也、左京亞也'''","''''''","'''长鸿出版社'''","'''2015-2-14'''","'''140 元'''","6.0"
"2141228","驯皇记","","''''左京亜也、左京亞也''''","''''''''","''''长鸿出版社''''","''''2015-2-14''''","''''140 元''''","7.0"
"2079691","九转丹砂","","青靜","","邀月","2012-3-6","NT$190","7.9"
"4110653","熱病","","'青靜'","''","'邀月'","'2012-3-6'","'NT$190'","7.8"
"24734310","七人环","","青丘","","湖南人民出版社","2013-6-1","32.00元","7.1"
"26642375","教師的純情 學生的欲望","","新條真由","趙秋鳳","東立","2015-10-14","NT  130","6.5"
"3102029","浮生夢之紫冥(下)","","'新條真由'","'趙秋鳳'","'東立'","'2015-10-14'","'NT  130'","7.6"
"2142402","圈里圈外","","''新條真由''","''趙秋鳳''","''東立''","''2015-10-14''","''NT  130''","7.6"
"5988572","淫兽","","'''新條真由'''","'''趙秋鳳'''","'''東立'''","'''2015-10-14'''","'''NT  130'''","6.0"
"4038864","蘭陵王","","山藍紫姫子","","立風書房","１９９４．１２","¥1,223 （本体 ： ¥1,165）","7.4"
"26744628","ペンデュラム―獣人オメガバース―","","羽純ハナ","","フロンティアワークス","2016-5-21","JPY 700","7.1"
"3104768","兄友弟攻(下)","","'羽純ハナ'","''","'フロンティアワークス'","'2016-5-21'","'JPY 700'","6.9"
"5375821","愛的處罰特集","","''羽純ハナ''","''''","''フロンティアワークス''","''2016-5-21''","''JPY 700''","5.6"
"2056555","流莺","","'''羽純ハナ'''","''''''","'''フロンティアワークス'''","'''2016-5-21'''","'''JPY 700'''","7.9"
"2255261","DEADLOCK","","英田 サキ","","徳間書店","2006-9-27","JPY 580","8.7"
"2277037","信號 signal","","'英田 サキ'","''","'徳間書店'","'2006-9-27'","'JPY 580'","8.2"
"21357010","誤算のハート","估算错误的心","緒川千世","","海王社","2013-4-10","JPY 630","8.6"
"3404586","S-间谍迷情：咬痕","","'緒川千世'","''","'海王社'","'2013-4-10'","'JPY 630'","9.0"
"2252371","絶愛 1","","尾崎南","","集英社","1990","410円","8.7"
"2081258","北京正午","","'尾崎南'","''","'集英社'","'1990'","'410円'","7.8"
"4749542","职场悍妻","","万小迷","鲜欢文化","2010","4","6","7.9"
"1349098","天下第一之海誓山盟（下）","","清靜","","威向","20050401","NT$ 180","8.6"
"3732562","徳山秀典―MULTIPLE CHARACTER 82~06.","","徳山秀典、ハービー・山口","","スタジオワープ","2007-2","JPY 3675","8.3"
"26792373","远东星辰","","语笑阑珊","","世界知识出版社","2016-5","29.8","6.7"
"26874321","憂鬱な朝 ７","","日高ショーコ","","徳間書店","2016-11-25","JPY 648","8.4"
"5030547","深度白袍诱惑","","风夜昕","新月","2010","5","3","7.1"
"2159837","極上の恋人 2","","水名瀬雅良","","オークラ出版","2007-6-12","JPY 650","7.8"
"5991018","浸食（I-II）","","韩露","","黑龙江美术出版社","2011-2-13","18.00元","8.4"
"2150109","未来的未来","","'韩露'","''","'黑龙江美术出版社'","'2011-2-13'","'18.00元'","8.6"
"6862788","金玉王朝第三部璀璨 一","","风弄","","威向架空","2011-10-5","NT190","8.5"
"2335605","樹要イラスト集-百花争艶","樹要イラスト集","樹要","","エンターブレイン","2007.01.15","2200円","8.1"
"6793997","腹黑先生","","'樹要'","''","'エンターブレイン'","'2007.01.15'","'2200円'","7.0"
"26287372","象牙小塔1","","锐思 伊凯","","黑龙江美术出版社","2014-7","20.00","6.9"
"3837792","炎の蜃気楼7 覇者の魔鏡（中編）","炎の蜃気楼⑦","桑原 水菜","","集英社","1992-8-10","JPY 500","9.5"
"3690149","欢迎來到武侠世界","","魚ともみ","","芳文社","2016-7-29","JPY 670","8.4"
"24719540","夜空のすみっこで、","在夜空下相遇","ハヤカワノジコ","","大洋図書","2013-7-19","JPY  720","8.9"
"5401815","金玉王朝第二部 礪金 中","","'ハヤカワノジコ'","''","'大洋図書'","'2013-7-19'","'JPY  720'","8.6"
"11576713","花のみぞ知る 3","","宝井理人","","大洋図書","2012-9-1","JPY 650","9.2"
"3309854","恋の話がしたい","","'宝井理人'","''","'大洋図書'","'2012-9-1'","'JPY 650'","9.2"
"7067079","天王","大结局","''宝井理人''","''''","''大洋図書''","''2012-9-1''","''JPY 650''","8.2"
"26376904","驅魔師 卷一","鴟吻","'''宝井理人'''","''''''","'''大洋図書'''","'''2012-9-1'''","'''JPY 650'''","8.8"
"3159899","浮光","","王臣","","华文出版社","2008-07-01","22.00","6.6"
"5449211","完美悍妻","","'王臣'","''","'华文出版社'","'2008-07-01'","'22.00'","7.4"
"4017733","兎オトコ虎オトコ 1","极道虎与小白兔","松鼠桂魚","","威向","2013-5-8","200","8.9"
"2084817","芝兰赋","","'松鼠桂魚'","''","'威向'","'2013-5-8'","'200'","8.3"
"4075586","三千世界の鴉を殺し〈14〉 (ウィングス文庫)","","津守時生、麻々原絵里依","","新書館","２００８．１１","¥609 （本体 ： ¥580）","9.1"
"2222523","恋爱中毒的仙术师","","'津守時生、麻々原絵里依'","''","'新書館'","'２００８．１１'","'¥609 （本体 ： ¥580）'","7.9"
"25727363","弟弟都是狼","","''津守時生、麻々原絵里依''","''''","''新書館''","''２００８．１１''","''¥609 （本体 ： ¥580）''","7.5"
"6069049","蝶尾","","トジツキハジメ","","海王社","2011-5-10","650円","8.7"
"19967376","青龍侍 上","","月佩环","","威向","2012-8-13","NT 190","6.9"
"2084501","风起建章-嫣然篇","","'月佩环'","''","'威向'","'2012-8-13'","'NT 190'","7.7"
"3322844","万有引力","","''月佩环''","''''","''威向''","''2012-8-13''","''NT 190''","7.9"
"26415518","I HATE","","ナツメカズキ","","東京漫画社","2015-7-27","JPY 657","8.2"
"26427901","國家一級註冊驅魔師上崗培訓通知 中","","'ナツメカズキ'","''","'東京漫画社'","'2015-7-27'","'JPY 657'","8.7"
"26848934","貌合神離","","困困、繪者：WEHIP","","威向文化","2016-7-6","NT$250元","7.8"
"26891605","龙血1","","水千丞","","吉林文史出版社","2016-9","32.80元","7.7"
"3309916","かわいい悪魔","卡哇依恶魔","'水千丞'","''","'吉林文史出版社'","'2016-9'","'32.80元'","8.5"
"3087232","ナルシスの祭壇","山本タカト画集","山本タカト","","エディシオン・トレヴィル ／河出書房新社","2002年07月","3,200円 (税込 3,360 円)","9.5"
"10512779","激愛藍調","","風夜昕","","新月","2012-2-14","190","6.9"
"1999955","奴才 下","","风弄","","威向","2003-04-07","NT180","7.4"
"2037411","哈!今夜哪里有鬼","今夜有鬼5","黯然销混蛋","","倍乐文化","2006-07-31","22.00元","8.8"
"3262837","イロメ","色目情迷","草間さかえ","新書館","2008","07","580円","8.9"
"5968719","飴色パラドックス","糖稀色相悖论 明黄色相悖论","夏目 イサク","","新書館","2011-3-30","JPY 617","9.1"
"26735827","我的雌雄同體症候群","","花音千尋","梓槻","長鴻出版社股份有限公司","2016-3-15","NTD140元","7.2"
"20425533","NightS","","ヨネダコウ","","リブレ出版","2013-2-9","JPY 741","9.2"
"2133200","青莲记事","","'ヨネダコウ'","''","'リブレ出版'","'2013-2-9'","'JPY 741'","7.5"
"4882327","エンドゲーム 1","","''ヨネダコウ''","''''","''リブレ出版''","''2013-2-9''","''JPY 741''","8.9"
"3792781","愛玩教師","","'''ヨネダコウ'''","''''''","'''リブレ出版'''","'''2013-2-9'''","'''JPY 741'''","7.0"
"3044977","独眼绅士与少年1","","よしながふみ","吉永史","东立","2002-11-11","NT95","8.9"
"6110401","マンガ家と作るBLポーズ集 ラブシーンデッサン集","給漫畫家的BL工口姿勢集","スカーレット・ベリ子","","新書館","2011-5-25","JPY 2592","8.4"
"25835407","それでも、やさしい恋をする","即使如此也要温柔相爱","ヨネダコウ","","大洋図書","2014-4-1","JPY 709","8.9"
"2249414","炎の蜃気楼","炎の蜃気楼①","桑原 水菜","","集英社","1990-11-10","JPY 480","9.1"
"2009122","不笑的人魚","","今市子","莊麗玲","东贩出版","2005-9-1","120","8.2"
"5363529","教父的俘虏","","青静","新月","2010","10","20","6.8"
"2062423","こどもの瞳","","木原 音瀬","","幻冬舎コミックス","2005-9-15","JPY 560","8.3"
"6266437","卒業アルバム","","中村明日美子","","茜新社","2011-9-10","¥2,400","9.5"
"6794150","暖床人","","'中村明日美子'","''","'茜新社'","'2011-9-10'","'¥2,400'","8.3"
"7001323","鬼畜","","吉田珠姫、相葉キョウコ","","二見書房","2011-1-23","650円","7.3"
"25720856","山有墓兮墓有龙","","酥油饼","","花城出版社","2013-9","28.00元","7.4"
"3045033","FLESH & BLOOD〈5〉","Flesh&Blood 海盗风云","松岡 なつき","","徳間書店","2003-6-23","JPY 540","9.0"
"3040826","NOW HERE","","木原 音瀬","","蒼竜社","2008-5-29","JPY 900","8.0"
"6979852","貓科男子的調教方法１","","右京あやね","程琦楨","長鴻","2011-11-8","140","7.1"
"24741630","Tempo Tango","","'右京あやね'","'程琦楨'","'長鴻'","'2011-11-8'","'140'","9.2"
"4953117","千 長夜の契","","岡田屋鉄蔵","","白泉社","2010-09-17","JPY 690","9.2"
"23215447","美男动物园","美男动物园","'岡田屋鉄蔵'","''","'白泉社'","'2010-09-17'","'JPY 690'","8.0"
"2056550","主子(下)","","''岡田屋鉄蔵''","''''","''白泉社''","''2010-09-17''","''JPY 690''","7.7"
"3816068","王一畫冊─古韻采風爵之銀灰","","いけがみ小5","","竹書房","2013-2-16","JPY 690","8.7"
"2149561","王的男人 黑道情人","","'いけがみ小5'","''","'竹書房'","'2013-2-16'","'JPY 690'","6.5"
"26711381","恋するインテリジェンス 3","","丹下道","","幻冬舎コミックス","2016-3-24","JPY 713","8.6"
"1773037","纽约,纽约","","罗川真里茂","","白泉社","2005-5","JPY 590","9.2"
"3825796","燕卿","","'罗川真里茂'","''","'白泉社'","'2005-5'","'JPY 590'","6.6"
"3183192","冰之魔物語(01)","","杉浦志保","","尚禾","2000-07-29","95元","8.9"
"3706569","いとし、いとしという心","","かわい有美子","","リブレ出版","2009.06.19","¥893 （本体 ： ¥850）","9.1"
"20432002","黃半仙·卷二","","耳雅","","蘊藏文化","2012-12","NTD 210","7.8"
"5376445","白衣剑卿","","'耳雅'","''","'蘊藏文化'","'2012-12'","'NTD 210'","7.0"
"2135150","楚楚","","''耳雅''","''''","''蘊藏文化''","''2012-12''","''NTD 210''","7.5"
"26284257","テンカウント (3)","","宝井 理人","","新書館","2015-2-28","JPY 680","7.3"
"2160165","水泥花园","","'宝井 理人'","''","'新書館'","'2015-2-28'","'JPY 680'","8.5"
"3434893","オトナ経験値","必修爱情经验值","''宝井 理人''","''''","''新書館''","''2015-2-28''","''JPY 680''","8.4"
"1985883","僕は天使ぢゃないよ","","小野塚 カホリ","","マガジン・マガジン","1998-4","650円","9.1"
"3175716","嵐のあと","愛情風暴後","'小野塚 カホリ'","''","'マガジン・マガジン'","'1998-4'","'650円'","8.8"
"25905799","10 count (第2集)","","宝井理人","趙秋鳳","東立","2015-1-7","NT$130","8.7"
"2353610","路人 上","","'宝井理人'","'趙秋鳳'","'東立'","'2015-1-7'","'NT$130'","8.1"
"3142268","千一秒物語 (GUSH COMICS)","(GUSH COMICS) (コミック)","トジツキ ハジメ","","海王社","2008-05-10","610 （税込）","8.5"
"2355117","落梅风","","'トジツキ ハジメ'","''","'海王社'","'2008-05-10'","'610 （税込）'","6.7"
"25733938","下一站，影帝","","青罗扇子","","上海人民美术出版社","2013-9-1","50.00","6.6"
"2080457","女儿红","风流天下2","'青罗扇子'","''","'上海人民美术出版社'","'2013-9-1'","'50.00'","9.1"
"2049841","幸福小孩刘小源(上)","","志村貴子","平川遊佐","尖端","2016-11-23","NT 200","7.6"
"4155960","愛で痴れる夜の純情 傾城編","","'志村貴子'","'平川遊佐'","'尖端'","'2016-11-23'","'NT 200'","8.5"
"2027165","クラシカル・ロンド―富士見二丁目交響楽団シリーズ","","秋月　こお","","角川書店","2005-3-30","JPY 1365","8.8"
"4098373","强缚之狱(上)","絕翅館系列","'秋月　こお'","''","'角川書店'","'2005-3-30'","'JPY 1365'","7.3"
"4110746","狐的牢籠","","''秋月　こお''","''''","''角川書店''","''2005-3-30''","''JPY 1365''","6.6"
"4891473","花落未识君","","'''秋月　こお'''","''''''","'''角川書店'''","'''2005-3-30'''","'''JPY 1365'''","6.7"
"6753205","男巫女","","藤井 あや","","ジュネット","2011-8-31","JPY 680","5.2"
"1194024","品花宝鉴","","陈森","","中华书局","2004-7","30.00元","7.4"
"5260200","マッチ売り","卖火柴的青年","草間さかえ","","リブレ出版","2010年10月1日","670円（税込）","9.0"
"3793934","花影の記憶","","'草間さかえ'","''","'リブレ出版'","'2010年10月1日'","'670円（税込）'","7.8"
"20497145","黃半仙·卷4","","耳雅","","蘊藏文化","2013-2-6","NTD 210","7.7"
"2110905","長風萬里(上)","","水天","威向文化","2005","08","05","7.7"
"2083926","血祭","","'水天'","'威向文化'","'2005'","'08'","'05'","8.4"
"3084520","凤于九天20 十面埋伏","","''水天''","''威向文化''","''2005''","''08''","''05''","8.6"
"2226952","樱桃初夏","","暗夜流光","","北方文艺出版社","2007-9","22.00元","6.7"
"26109677","千王","","酥油饼","","崇文书局","2014-10-20","CNY 50.00","7.3"
"3576568","お金がないっ 1","","'酥油饼'","''","'崇文书局'","'2014-10-20'","'CNY 50.00'","6.9"
"4325898","無罪之都No.1","","黯然銷混蛋","倍樂文化","2008","10","15","8.7"
"3194378","你流泪时我会哭","","'黯然銷混蛋'","'倍樂文化'","'2008'","'10'","'15'","7.9"
"25818369","金玉王朝 第五部 崢嶸（上）","","風弄、繪者：王一","","威向文化","2014-1-2","NT$200","8.3"
"2003288","狂野情人05","","'風弄、繪者：王一'","''","'威向文化'","'2014-1-2'","'NT$200'","9.1"
"10571239","男朋友","樱花号","漫友文化编","","黑龙江美术出版社","2012-4","15.00元","7.3"
"3190727","浪荡江湖之乌衣魔教(上)","","'漫友文化编'","''","'黑龙江美术出版社'","'2012-4'","'15.00元'","8.2"
"4324584","狐仙大人的甜心兔宝贝","","''漫友文化编''","''''","''黑龙江美术出版社''","''2012-4''","''15.00元''","7.5"
"26469498","掌の檻","","宮緒 葵、座裏屋蘭丸","","幻冬舎コミックス","2015-8-31","JPY 940","7.7"
"2160164","植物图鉴","","'宮緒 葵、座裏屋蘭丸'","''","'幻冬舎コミックス'","'2015-8-31'","'JPY 940'","9.1"
"11533680","窃尽光阴","","''宮緒 葵、座裏屋蘭丸''","''''","''幻冬舎コミックス''","''2015-8-31''","''JPY 940''","8.5"
"3322614","Secret Garden（上）","秘密花园","'''宮緒 葵、座裏屋蘭丸'''","''''''","'''幻冬舎コミックス'''","'''2015-8-31'''","'''JPY 940'''","8.4"
"2342843","艳情小菊花","","''''宮緒 葵、座裏屋蘭丸''''","''''''''","''''幻冬舎コミックス''''","''''2015-8-31''''","''''JPY 940''''","6.9"
"3057848","恶少归来","","'''''宮緒 葵、座裏屋蘭丸'''''","''''''''''","'''''幻冬舎コミックス'''''","'''''2015-8-31'''''","'''''JPY 940'''''","7.1"
"11636247","甘い略奪者","","東野 海","","海王社","2012-10-10","JPY 630","6.6"
"2140421","养父","","'東野 海'","''","'海王社'","'2012-10-10'","'JPY 630'","7.2"
"6803046","ドSメガネの調教保健室","","ハナツグ りんこ","","ジュネット","2011-6-30","JPY 680","6.6"
"1535158","养女的一条红裙带","","陈宝岩","","延边人民出版社","2012-1","23.00元","9.4"
"4328186","赤色攻略","","風夜昕","新月","2010","1","4","7.0"
"3388857","沙场掳爱 上","","'風夜昕'","'新月'","'2010'","'1'","'4'","6.9"
"10573988","噗!今夜哪里有鬼","今夜有鬼十周年纪念版","黯然销混蛋","","倍乐文化出版有限公司","2012-2","新台币250","9.0"
"1999778","猶記多情 下","","'黯然销混蛋'","''","'倍乐文化出版有限公司'","'2012-2'","'新台币250'","8.7"
"2138419","假面贵公子","","志麻有纪[著]、斋藤千惠[绘]","AYA、馆林见晴","耽美季节工作室","2007","32","7.6"
"26579696","大猫罗乔（上下册）","","来自远方","","世界知识出版社","2015-7","59.60元","7.6"
"5399127","世界BL妄想童話 3","","'来自远方'","''","'世界知识出版社'","'2015-7'","'59.60元'","7.1"
"2056549","主子(上)","","''来自远方''","''''","''世界知识出版社''","''2015-7''","''59.60元''","7.6"
"4934659","世界BL妄想童話 2","","光文社","","2010","4","22","7.1"
"26423957","巨星手记（第二部）","","语笑阑珊","","世界知识出版社","2015-5-18","29.80元","7.2"
"5263544","昨日的美食 02","","吉永史","王詩怡","尖端出版股份有限公司","2009-09-11","NT$ 120元","9.0"
"25982816","针锋对决（中）","","水千丞","","威向","2014-9-10","NT 240","7.4"
"4819077","情逢敌手","","'水千丞'","''","'威向'","'2014-9-10'","'NT 240'","8.1"
"11621533","宇田川町で待っててよ","我在宇川大街等着你","秀良子","","祥伝社","2012-10-25","670","8.6"
"2037410","嘿!今夜哪里有鬼","今夜有鬼4","'秀良子'","''","'祥伝社'","'2012-10-25'","'670'","8.8"
"26423955","巨星手记（第一部）","","语笑阑珊","","世界知识出版社","2015-4-1","29.80元","7.1"
"6957394","巅峰对决","","'语笑阑珊'","''","'世界知识出版社'","'2015-4-1'","'29.80元'","7.7"
"26599668","テンカウント 4","","宝井理人","","新書館","2015-10-30","JPY 680","7.1"
"2140232","心折寡情寒郎","苗疆奇情系列11","'宝井理人'","''","'新書館'","'2015-10-30'","'JPY 680'","7.2"
"5936804","狼親狽友之情毒難戒","","''宝井理人''","''''","''新書館''","''2015-10-30''","''JPY 680''","9.1"
"26021987","風俗狂いですが年下男子に告られました","","彩景でりこ","","リブレ出版","2014-11-22","JPY 689","7.2"
"3825654","啞巴 上","","'彩景でりこ'","''","'リブレ出版'","'2014-11-22'","'JPY 689'","7.3"
"10617696","ご主人様調教計画","","なるしすのあ~る","","ジュネット","2012-4-28","JPY 680","5.7"
"26604612","さよなら恋人、またきて友だち","","yoha","","ふゅーじょんぷろだくと","2015-10-24","JPY 729","7.3"
"26734010","曲がり角に、犬","","じゃのめ","","幻冬舎","2016-4-23","JPY 713","7.8"
"3096259","ergo Vol.1 ~木原音瀬セレクション~","","'じゃのめ'","''","'幻冬舎'","'2016-4-23'","'JPY 713'","8.7"
"3015352","さようなら、と君は手を振った","","木原音瀬","","オークラ出版","2000","880円（含税）","8.9"
"4110575","绕指柔","","'木原音瀬'","''","'オークラ出版'","'2000'","'880円（含税）'","6.8"
"2172526","风的方向","","''木原音瀬''","''''","''オークラ出版''","''2000''","''880円（含税）''","9.0"
"3757055","教師も色々あるわけで","","'''木原音瀬'''","''''''","'''オークラ出版'''","'''2000'''","'''880円（含税）'''","7.4"
"6856218","九国·伽蓝之羽","","水阡墨","","春风文艺","2011-5","18.00元","7.7"
"4149419","丑皇（中）","","易人北","","鲜欢文化","2009","190新台币","8.3"
"2262307","くいもの処明楽 (MARBLE COMICS)","(MARBLE COMICS) (コミック)","ヤマシタ トモコ","","ソフトライン 東京漫画社","2007-03-15","JPY 650","9.1"
"3540116","艳绝花降楼3  春宵浪漫夜/夜の帳、儚き柔肌","","鈴木愛海(Ami Suzuki）、樹要（Kaname Itsuki）","白泉社","2005","11","18","8.1"
"2078529","黑帮老大的怀孕男宠","","'鈴木愛海(Ami Suzuki）、樹要（Kaname Itsuki）'","'白泉社'","'2005'","'11'","'18'","5.3"
"1349093","吳鉤（下）","","沈純","","威向","20050401","NT$ 180","8.7"
"6017066","十里红莲艳酒3","","天籁纸鸢","","旺福","2011-3-15","190元","8.1"
"3040355","Sex Animal","","'天籁纸鸢'","''","'旺福'","'2011-3-15'","'190元'","7.4"
"3825765","鬼妻","","''天籁纸鸢''","''''","''旺福''","''2011-3-15''","''190元''","6.4"
"1981158","戏梦·上","","'''天籁纸鸢'''","''''''","'''旺福'''","'''2011-3-15'''","'''190元'''","7.7"
"20256907","狼亲狈友之炽恋天骄","","恩顾","","花冠文化","2012-3","18.00","9.2"
"3540191","愛しき爪の綾なす濡れごと 花降楼シリーズ第八弾","","鈴木 あみ","","白泉社","2008-12-19","JPY 630","8.6"
"4181046","Hybrid Child","","中村春菊","","ビブロス","2005-3-10","本体571+税","9.0"
"3420405","纨裤子弟 三","","狐狸","威向","2008","03","12","9.2"
"3175599","春戀櫻花飛","","'狐狸'","'威向'","'2008'","'03'","'12'","7.5"
"19967378","青龍侍 下","","月佩环","","威向","2012-8-13","NT 190","7.1"
"7076439","初恋のあとさき (花音コミックス)","","日高ショーコ","","芳文社","2012-2-28","690","8.8"
"3690082","紈褲子弟外傳","","'日高ショーコ'","''","'芳文社'","'2012-2-28'","'690'","9.4"
"2113681","危险份子","","狐狸","威向文化","2006","07","05","8.4"
"3262353","不機嫌なピアニスト","","'狐狸'","'威向文化'","'2006'","'07'","'05'","8.4"
"3084422","凤于九天19 问剑苍穹","","''狐狸''","''威向文化''","''2006''","''07''","''05''","8.5"
"2078880","杀阵","","'''狐狸'''","'''威向文化'''","'''2006'''","'''07'''","'''05'''","8.5"
"3190578","相爱太早","when love come to early","今市子、IMA ICHIKO","向日葵","尖端出版社","2003-8-19","NT120","8.6"
"3277541","江山多少年 中","","'今市子、IMA ICHIKO'","'向日葵'","'尖端出版社'","'2003-8-19'","'NT120'","8.1"
"21357206","スメルズライクグリーンスピリット SIDE:B","Side B","永井三郎","","ふゅーじょんぷろだくと","2013-4-24","JPY 714","9.7"
"11641559","脫軌","","'永井三郎'","''","'ふゅーじょんぷろだくと'","'2013-4-24'","'JPY 714'","8.7"
"2113610","重返人间","","狐狸","威向文化","2006","05","23","8.7"
"25854114","IN THE APARTMENT","","絵津鼓","","大洋図書","2014-5-31","JPY 700","8.8"
"1999565","攻与攻","","月关","","倍乐文化","2005年8月","NT120.00","7.4"
"26362170","鬼話連篇 參","玲園","青丘","","凌雲文創","2015-4-7","NT$250","7.5"
"2060285","我的王妃是男人·下","","'青丘'","''","'凌雲文創'","'2015-4-7'","'NT$250'","7.4"
"10598033","王子の箱庭","王子的囚笼","緒川 千世","","大洋図書","2012-4-26","JPY 680","7.7"
"20458976","黃半仙·卷三","","耳雅","","蘊藏文化","2013-1","NTD 210","7.8"
"2303691","绝爱1989 4","","尾崎南","","日本集英社","1990","390日元","9.2"
"26596344","助教授の初恋ケーススタディ","","暮田 マキネ","","竹書房","2015-10-30","JPY 710","6.5"
"4734813","50×50","","'暮田 マキネ'","''","'竹書房'","'2015-10-30'","'JPY 710'","8.9"
"3590353","銀土上等!","","''暮田 マキネ''","''''","''竹書房''","''2015-10-30''","''JPY 710''","7.9"
"6724250","陌路莫回 倾尽天下","","'''暮田 マキネ'''","''''''","'''竹書房'''","'''2015-10-30'''","'''JPY 710'''","7.3"
"2081024","安静的捕手","","瀬納よしき","趙秋鳳","東立","2015-9-9","NT 130","6.9"
"2118027","男が男を愛する時","","新田 祐克","","芳文社","1998","JPY 590","7.7"
"25751132","快感マッサージ","","桜井 りょう","","リブレ出版","2013-12-10","JPY 660","6.9"
"2041055","梦色十夜","","'桜井 りょう'","''","'リブレ出版'","'2013-12-10'","'JPY 660'","8.5"
"6127343","男孩的心思你始终不明白","","沈嘉柯、紫堇轩、苏小城、金国栋、彭湃、源远、早安夏天、韩十三、柳焕杰、镰足、喂小饱、王臣","","重庆出版社","2011-4","20.00元","6.6"
"3121864","薔薇色の人生","","木原音瀬","","リブレ出版","2008.07.18","1,155 （税込）","8.4"
"3170439","陸軍戀愛士官學校","","'木原音瀬'","''","'リブレ出版'","'2008.07.18'","'1,155 （税込）'","7.2"
"3769247","恋する暴君 5","","むつきらん","韓珮","東立","2015-6-10","NT 130","9.0"
"3789612","慾海有情天","","奧斯卡．王爾德 (Oscar Wilde)","景翔","基本書坊","2009-6-20","NT$ 300","8.6"
"24299468","CANIS -Dear Mr. Rain-","","ZAKK","","茜新社","2013-6-28","JPY 714","8.8"
"25799536","O.B.（1）","","中村明日美子","","茜新社","2014-2-15","JPY 680","9.3"
"26577449","よるとあさの歌","夜与朝之歌","はらだ","","竹書房","2015-9-17","JPY 710","8.0"
"11525126","不存在未出版的错误条目","","'はらだ'","''","'竹書房'","'2015-9-17'","'JPY 710'","9.3"
"3540137","華園を遠く離れて 花降楼シリーズ第五弾","","鈴木あみ、樹要","","白泉社","2006-12","JPY 560","8.4"
"2023961","风声鹤唳(1)·婚礼卷","","'鈴木あみ、樹要'","''","'白泉社'","'2006-12'","'JPY 560'","8.1"
"2161159","夕照映雪残1 边城荒月","","天一、FOX","威向","2010","01","12","8.6"
"3104720","猫の遊ぶ庭","","かわい ゆみこ、今市子","","心交社","１９９８．７","¥880 （本体 ： ¥838）","8.8"
"3765133","黑色骑士","","'かわい ゆみこ、今市子'","''","'心交社'","'１９９８．７'","'¥880 （本体 ： ¥838）'","7.2"
"3094937","永乐町69号","","七颜颜","","龙马","2011-4-8","NT190","6.5"
"11508032","やぎさん郵便","","草間さかえ","","リブレ出版","2012-9-3","JPY 670","9.3"
"4874027","乐医·宫之啼","","李颖","","湖北少年儿童出版社","2010-6","24.80元","8.1"
"1899364","火宵之月 13","","平井摩利","翁蛉蛉","东立","2006-4-10","NT85元","7.7"
"5979650","鮫島くんと笹原くん","鮫島同学与笹原同学","腰乃","","東京漫画社","2011-3-20","660","8.9"
"2221021","寻找阴间","","'腰乃'","''","'東京漫画社'","'2011-3-20'","'660'","8.8"
"3203730","阴间归来Ⅳ","","''腰乃''","''''","''東京漫画社''","''2011-3-20''","''660''","9.0"
"3634292","艶漢 1","","尚月地","新書館","2008","09","557","8.7"
"1892332","物理：八年级上","","谢鼓平 主编","","新疆青少年出版社","2011-5","13.80元","7.3"
"1956593","青莲纪事 2","","葡萄","","中国友谊出版公司","2006-11","20.00元","7.5"
"3068448","肉食獣のテーブルマナー","","'葡萄'","''","'中国友谊出版公司'","'2006-11'","'20.00元'","8.4"
"3998569","専属で愛して","","みなみ遥","","リブレ出版","2006年10月10日","600円","6.7"
"2081211","浪漫巴士站","我爱宁静路系列","'みなみ遥'","''","'リブレ出版'","'2006年10月10日'","'600円'","7.8"
"2016590","破城","","''みなみ遥''","''''","''リブレ出版''","''2006年10月10日''","''600円''","8.1"
"1946019","无非爱恨","","'''みなみ遥'''","''''''","'''リブレ出版'''","'''2006年10月10日'''","'''600円'''","7.3"
"3294030","断笛","","朱雀恨","","远方出版社","2008","RMB12","7.9"
"25878121","Thank you my God","","河井英槻","","茜新社","2014-7-25","JPY  734","8.4"
"25707476","詭行天下 卷一","鮫人馬腹","耳雅","","平心工作室","2013-4-3","NTD 250","8.5"
"26356748","不機嫌彼氏のなだめ方","","左京 亜也","","新書館","2015-5-30","JPY 648","7.8"
"26316177","獸叢之刀  上","","'左京 亜也'","''","'新書館'","'2015-5-30'","'JPY 648'","7.9"
"2117828","不配的恋人","所爱非人1","''左京 亜也''","''''","''新書館''","''2015-5-30''","''JPY 648''","7.3"
"10487347","三更书房-诡命2","鬼门关","'''左京 亜也'''","''''''","'''新書館'''","'''2015-5-30'''","'''JPY 648'''","8.8"
"21349044","盜墓之祭品·卷三","","猶大的煙、繪者：夜襲","","淩雲工作室","2013-3","NT 400","7.8"
"5929401","良医纯爱诊疗","","'猶大的煙、繪者：夜襲'","''","'淩雲工作室'","'2013-3'","'NT 400'","6.9"
"3421324","CHILD EPICUREAN","","みなみ 遥","","三和出版","2006-10-31","JPY 650","6.2"
"3388892","明月照红尘 下","","'みなみ 遥'","''","'三和出版'","'2006-10-31'","'JPY 650'","8.0"
"3182344","曖昧早餐俱樂部","","''みなみ 遥''","''''","''三和出版''","''2006-10-31''","''JPY 650''","8.7"
"21354395","浪蕩江湖之春滿神仙谷","小說漫畫合集","'''みなみ 遥'''","''''''","'''三和出版'''","'''2006-10-31'''","'''JPY 650'''","8.1"
"2082242","橙黄","","''''みなみ 遥''''","''''''''","''''三和出版''''","''''2006-10-31''''","''''JPY 650''''","7.6"
"2209977","网中鱼","","乱魔 猫吉","","桜桃書房","1994-7-1","JPY 7952","6.6"
"3015383","FLOWER","","木原音瀬","","リブレ出版","2007.06","945円（含税）","8.5"
"1431744","迷幻藥局1","","CLAMP","沈依穎","台灣角川","2002-2-1","新台币120元","7.6"
"2056545","悲惨大学生活(上)","","'CLAMP'","'沈依穎'","'台灣角川'","'2002-2-1'","'新台币120元'","6.8"
"3695207","FLESH & BLOOD 12","夺还与背叛","松冈夏树、彩（宝石姬）","德间书店","2009","02","780日圆","9.1"
"2060358","风流天下之 风动九霄 （上）","风流天下3","'松冈夏树、彩（宝石姬）'","'德间书店'","'2009'","'02'","'780日圆'","9.0"
"3690036","天師執位3 五圓","","樊落","","威向","2009-05-05","190元","8.3"
"3174866","与兽同行2 剥皮魔","","'樊落'","''","'威向'","'2009-05-05'","'190元'","8.4"
"3272430","黄金岁月","","''樊落''","''''","''威向''","''2009-05-05''","''190元''","9.2"
"2078479","危险关系","","'''樊落'''","''''''","'''威向'''","'''2009-05-05'''","'''190元'''","8.4"
"2046049","苹果冒险","","''''樊落''''","''''''''","''''威向''''","''''2009-05-05''''","''''190元''''","8.5"
"3004143","タッチ・ミー・アゲイン","再爱我一次","ヤマシタ トモコ","","リブレ出版","2008-01-10","600","9.2"
"26755900","カーストヘヴン２","","緒川千世","","リブレ出版","2016-5-10","JPY 679","7.1"
"5936806","狼亲狈友2","祸害横行","'緒川千世'","''","'リブレ出版'","'2016-5-10'","'JPY 679'","9.1"
"2111540","只手遮天 上","","''緒川千世''","''''","''リブレ出版''","''2016-5-10''","''JPY 679''","8.0"
"3388891","明月照红尘 上","","'''緒川千世'''","''''''","'''リブレ出版'''","'''2016-5-10'''","'''JPY 679'''","8.0"
"2109956","漂白的爱情","","雨天","威向文化","2004","11","12","7.7"
"3690278","陳三郎","","'雨天'","'威向文化'","'2004'","'11'","'12'","7.8"
"1918026","花","","小野塚 カホリ","","マガジン・マガジン","1999-4","JPY 650","9.3"
"6114945","憂鬱な朝 3","","日高ショーコ","","徳間書店","2011-5-25","JPY 6.50","9.5"
"21357075","花鳥風月 (2)","","志水 ゆき","","新書館","2013-4-30","JPY 756","8.6"
"2081949","天神之宠","","'志水 ゆき'","''","'新書館'","'2013-4-30'","'JPY 756'","6.8"
"4038985","長恨歌 上巻 蛇性の婬","","山藍紫姫子","","コアマガジン","１９９９．２","¥924 （本体 ： ¥880）","7.7"
"2141107","孽藤缘","","'山藍紫姫子'","''","'コアマガジン'","'１９９９．２'","'¥924 （本体 ： ¥880）'","7.7"
"24856645","世界一初恋~小野寺律の場合 8~","","中村春菊","","角川書店","2013-8-1","JPY 630","9.2"
"19975542","天師執位III三借壽（上）","","樊落","","威向","2012-10-3","190","8.1"
"26633467","千王2","","酥油饼","","羊城晚报出版社","2015-10","55.00元","7.3"
"25818371","金玉王朝 第五部 崢嶸（中）","","風弄、繪者：王一","","威向文化","2014-1-2","NT$200","8.4"
"2056554","假如你觉得不幸福","","'風弄、繪者：王一'","''","'威向文化'","'2014-1-2'","'NT$200'","8.0"
"22993476","潜猫 下","","恩顾 著、天吟 绘","","湖南美术出版社","2013-4","25.00元","7.4"
"1946012","双绝之风起云归","双绝1","'恩顾 著、天吟 绘'","''","'湖南美术出版社'","'2013-4'","'25.00元'","8.1"
