1958714,彼得·林奇的成功投资,,[美] 彼得·林奇、约翰·罗瑟查尔德,刘建位、徐晓杰,机械工业出版社,2007-1,38.00元,8.7
1087737,日本蜡烛图技术,古老东方投资术的现代指南,（美）史蒂夫.尼森,丁圣元,地震出版社,1998-05-01,60.00元,8.9
1021346,股票作手回忆录,,（美）史蒂夫.尼森,丁圣元,地震出版社,1998-05-01,60.00元,8.7
26163553,投资中最简单的事,,邱国鹭,,中国人民大学出版社,2014-10,45.90,8.7
26290085,手把手教你读财报,财报是用来排除企业的,唐朝,,中国经济出版社,2015-1-1,CNY 49.00,8.8
1182173,炒股的智慧,在华尔街炒股为生的体验(修订版),陈江挺,,经济科学出版社,2004-1,22.00元,8.9
1007459,怎样选择成长股,,菲利普.A.费舍,罗耀宗,海南出版社,1999-10,19.80,8.5
1728725,股市真规则,世界顶级评级机构的投资真经,帕特·多尔西,,中信出版社,2006-1,38.00元,8.9
2189613,战胜华尔街,,[美]彼得·林奇、约翰·罗瑟查尔德,,机械工业出版社,2007-8-1,48.00元,8.4
25829645,股市进阶之道,一个散户的自我修养,李杰,,中国铁道出版社,2014-3,55,8.8
1131736,股票大作手操盘术,,杰西·利弗莫尔,丁圣元,企业管理出版社,2003-8-1,20.00元,8.6
3027464,专业投机原理,,维克托·斯波朗迪,,机械工业出版社,2008-3,68.00元,8.6
1949390,投资者的未来,,(美)杰里米 J.西格尔(Jeremy J. Siegel),李月平,机械工业出版社,2007-1,42.00元,8.2
26419787,公司价值分析,案例与实践,李杰,,光明日报出版社,2015-5-1,20.00,9.4
1046164,巴菲特致股东的信,股份公司教程,(美)巴菲特(Buffett.W.E.),陈鑫,机械工业出版社,2004-01,38.00元,8.3
2339892,海龟交易法则,,柯蒂斯·费思,乔江涛,中信出版社,2007-12,38.00元,8.4
3107581,史丹·温斯坦称傲牛熊市的秘密,,史丹·温斯坦,曹乾,中国青年出版社,2008年06月,39.80元,8.9
26695863,梦想与浮沉：A股十年上市博弈,A股十年上市博弈,王骥跃、班妮,,机械工业出版社,2016-1-1,CNY 69.00,8.8
3043970,漫步华尔街,A Random Walk Down Wall Street,麦基尔,骆玉鼎、彭晗,机械工业出版社,2008-4,48.00元,8.4
11525290,走出幻觉走向成熟,从学生股民到系统交易专家,金融帝国,,中国经济出版社,2012-7,38.00元,8.5
4244804,笑傲股市,,（美）欧奈尔,宋三江,机械工业出版社,2010-1-1,58.00元,8.5
1013378,证券分析,,本杰明·格雷厄姆、戴维·多德,邱巍,海南出版社,2004-1,60.00元,8.8
10862869,重剑无锋,小小辛巴投资手记,小小辛巴,,沈阳出版社,2012-5,88,8.5
2031890,以交易为生,,亚历山大·埃尔德,符彩霞,机械工业出版社,2007-3,36.00元,8.3
1692957,十年一梦,一个操盘手的自白,青泽,,企业管理出版社,2006-1,36.00元,8.3
2341113,走进我的交易室,,［美］亚历山大·艾尔德,鲍烈,地震出版社,2007-11,68.00元,8.6
6395844,股市天才,发现股市利润的秘密隐藏之地,乔尔·格林布拉特(Joel Greenblatt),王正林、肖静、王权,中国青年出版社,2011-4-1,32.00元,8.4
25779081,教你炒股票,,缠中说禅,,科学技术文献出版社,2013-10,86.00元,8.8
1161117,股市趋势技术分析,第8版,爱德华,,中国发展出版社,2004-02-01,68.00元,8.2
5029372,一个证券分析师的醒悟,,张化桥,,中信出版社,2010-9,30.00元,7.8
11509654,金融怪杰,对话华尔街的传奇交易员,杰克·施瓦格,韩晓文、和玉虹、李晓民,中国经济出版社,2012-7,36.00元,8.5
26816965,股价为什么会上涨,超越时代的股市传奇 里昂·利维自述,[美]里昂·利维（Leon Levy）、尤金·林登（Eugene Linden）,萧达,群言出版社·后浪出版公司,2016-8,42.00元,7.9
5976544,交易心理分析,,马克·道格拉斯,刘真如,电子工业出版社,2011-3,58.00元,8.1
1006415,股市操练大全,K线、技术图形的识别和练习专辑,黎航,,上海三联书店,1999-11,29.80元,8.3
1217868,短线交易大师,工具和策略,奥利弗・瓦莱士、格雷格・卡普拉、张丹丹,张丹丹,地震出版社,2004-5-1,48.00元,8.1
1089991,期货市场技术分析,,[美]约翰.墨菲,丁圣元,地震出版社,1994-5-1,80.00元,9.1
4906492,金融市场技术分析,期（现）货市场、股票市场、外汇市场、利率（债券）市场之道,（美）约翰·墨菲,丁圣元,地震出版社,2010-6,80.00元,8.8
2045899,股市稳赚,战胜市场的小册子,乔尔·格林布拉特,李佳、卢晓晖,中信出版社,2007-4,18.00元,7.8
26335181,巴菲特之道,原书第3版,罗伯特·哈格斯特朗,杨天南,机械工业出版社,2015-3-15,59.00,8.2
1082262,艾略特波浪理论,市场行为的关键,小罗伯特・鲁格劳特・普莱切特、阿尔弗雷德・约翰・弗罗斯特,陈鑫,机械工业出版社,2003-1-1,38.00元,7.9
4100680,巴菲特的护城河,寻找超额收益公司，构建股票首富城堡,帕特·多尔西,刘寅龙,广东经济出版社,2009年11月,29.80元,8.6
1088307,股票K线战法,K线分析之父经典著作,史蒂夫·尼森,环宇证券投资顾问公司,宇航出版社,2004-1,35.00元,7.9
3351179,股市长线法宝,,杰里米 J. 西格尔,范霁瑶,机械工业出版社,2009-1,48.00元,8.1
25885180,百箭穿杨,百箭穿杨,小小辛巴,,机械工业出版社,2014-5,49.00,7.8
2382899,通向财务自由之路,第2版,范·撒普,董梅,机械工业出版社,2008年,48.00元,8.4
3195672,道氏理论,,罗伯特·雷亚,3www,地震出版社,2008-7,30.00元,8.2
26838502,一个投资家的20年,,杨天南,,机械工业出版社,2016-7,69.00,7.6
1524751,投资正途,大势·选股·买卖,丁圣元,丁圣元,第2版 (2008年11月1日),2008-11,60,7.9
26901046,穿过迷雾,巴菲特投资与经营思想之我见,任俊杰,,中国经济出版社,2016-10-1,68,9.0
3697960,明明白白看年报,,袁克成,,机械工业,2009-4,32.00元,8.2
10441758,证券分析师的最佳实践指南,,詹姆斯 J.瓦伦丁,王洋,机械工业出版社,2012-1,78.00元,8.2
1923472,大投机家,,[匈] 安德烈·科斯托拉尼,,海南出版社,2006-1,30.00元,8.5
3027457,华尔街幽灵,,阿瑟·L.辛普森,张志浩、关磊,中国社会科学出版社,2008-3,38.00元,8.1
1253945,金钱游戏,一个投机者的告白,张建军 编,,地震出版社,2004-4,18.00元,8.5
3060535,约翰.聂夫的成功投资,,约翰·聂夫、史蒂文·明茨,吴炯;谢小梅,机械工业出版社,2008-4,38.00元,8.1
1160483,克罗谈投资策略,,斯坦利・克罗,刘福寿,中国经济出版社,2003-7-1,15.00元,8.1
26606338,股市极客思考录,十年磨一剑之龙头股战法揭秘,彭道富,,海天出版社,2015-6-1,CNY 49.80,7.8
11614505,避开股市的地雷,,张化桥,,中国人民大学出版社,2010-1,36.00元,8.0
1004255,股票操作学,,张龄松、罗俊（编）,,中国大百科全书出版社,1997-1,36.80,7.8
1439848,证券分析实践,投资王道,林森池,,当代世界出版社,2005-10,38.00元,8.3
6801745,日本蜡烛图技术新解,,（美）史蒂夫·尼森（Steve Nison）,梁超群，陈辉,机械工业出版社,2011-8,38.00元,8.0
26396020,从零开始学炒股：股票入门与实战,,马涛,,人民邮电出版社,2015-5-1,39.80元,8.3
5314887,邓普顿教你逆向投资,牛市和熊市都稳赚的长赢投资法,劳伦C•邓普顿、斯科特•菲利普斯,杨晓红,中信出版社,2010年10月1日,35.00元,8.2
1041539,格雷厄姆投资指南,聪明的投资人,[美] 本杰明·格雷厄姆,王大勇、包文彬,江苏人民出版社,2001-9,17.00元,8.1
1098167,巴菲特怎样选择成长股,,蒂默西・韦克,刘磊,中国财政经济出版社,2002-5,29.80元,8.0
24738759,祖鲁法则,如何选择成长股,吉姆·斯莱特,刘静,浙江人民出版社,2013-6,45.90元,8.1
1963544,短线交易秘诀,,拉里·威廉斯,穆瑞年 等,机械工业出版社,2007-1,38.00元,7.7
25901160,低风险投资之路,实现30%年收益率的奥秘,徐大为,,中国经济出版社,2014-6-1,CNY 48.00,7.4
5243775,聪明的投资者,,本杰明·格雷厄姆、Benjamin Graham,王中华、黄一义,人民邮电出版社,2010-8,88.00元,9.0
1015857,股市心理博弈（修订版）,成功投资的心理学与哲学,(美)约翰·迈吉,吴溪,机械工业出版社,2003年,58.00,7.6
20471994,中国股市,假问题和真问题,华生,,东方出版社,2013-1,48.00元,8.6
26425918,投资第一课,大师没教你的投资技巧,那一水的鱼,,中国经济出版社,2015-6-1,49.80,7.3
1799839,高胜算操盘,,马赛尔·林克,,广东经济出版社,2006-5,48.00元,8.2
1831286,看盘细节,全新的股价走势分析方法,潘伟君,,地震出版社（图书选题策划中心）,2006-1,26.00元,7.5
1023812,华尔街证券分析,现代证券估值方法综合指南,(美)杰弗里.C.胡克,陈键、林海、谢月兰、于江,经济科学出版社,1999-12,59.80元,8.9
5377802,不作不死,,顽石,,中国发展出版社,2014-11-1,CNY 55.00,8.1
4904712,投机者的扑克,操盘18年手记,扁虫鱼,,机械工业出版社,2010-8,38.00元,8.4
3265723,喧哗与骚动,新中国股市二十年,阿奎,,中信出版社,2008-10,48.00元,7.9
2005378,股票投资的24堂必修课,,威廉·欧奈尔,,中国青年出版社,2007-1,39.90元,7.2
1062393,江恩华尔街45年,,威廉・D・江恩,陈鑫,机械工业出版社,2003-1,22.00元,7.4
2220884,高级技术分析,交易系统的原理、构建与实战,布鲁斯·巴布科克,,广东经济出版社有限公,2007-7,68.00元,8.1
1488504,我如何在股市赚了200万,,尼古拉斯·达瓦斯,,机械工业出版社,2006-1,19.80元,7.8
1281186,系统交易方法,,波涛,,经济管理出版社,1998-1-1,25.00元,8.4
2280169,时间的玫瑰,但斌投资札记,但斌,,山西人民出版社,2007-10,38.00元,7.0
26662475,从零开始学手机炒股,大智慧、通达信、同花顺实战详解,龙飞,,人民邮电出版社,2015-10,45.00元,9.2
10480740,百战成精,沪深股市专业投资原理,花荣,,经济管理出版社,2012-2,39.80元,6.8
1082999,技术分析,财经易文中级证券分析师教程,（美）马丁·J.普林格,任若恩、马向前、沈沛龙、刘莉亚、邓云胜,中国财经,2003-11,80.00元,7.7
6729591,股爷天下,中国证券市场三十年记,王安,,中信,2011-8,68.00元,8.5
26415028,策略为先,重构普通投资者的投资体系,王安,,中信,2011-8,68.00元,7.2
1312118,炒股入门与技巧,,覃维桓,,经济管理出版社,2005-4,15.00元,7.1
6711979,上市公司公告解读25讲,,深圳证券交易所投资者教育中心,,机械工业出版社,2011-7,36.00元,8.1
2007962,动能指标,,马丁·J·普林格,,经济科学出版社,2000-5,30.00元,7.9
4891851,从零开始学炒股,新手入门、大智慧详解、买卖之道,杨金、等,,机械工业出版社,2010-5-1,39.00元,6.9
3812826,股市投资致富之道,,（美）菲利普·A.费雪 著,刘寅龙 译,广东经济,2009-7,32.00元,8.1
1002882,证券混沌操作法,,比尔・威廉姆,黄嘉斌,宇航出版社,1999-9-1,19.00,7.5
5993545,如果巴西下雨，就买星巴克股票,,彼得·纳瓦罗,牛红军,中国人民大学出版社,2011-3,36.00元,7.1
3692842,论势,曹仁超创富启示录,曹仁超,,中国人民大学出版社,2009年5月,38.00元,7.7
3016264,股票投资就问三个问题,,肯·费舍,,黑龙江科学技术出版社,2008-2,39.80元,8.3
26286602,股票大作手操盘术(珍藏版),,杰西•利弗莫尔、理查德•斯密特,,邓力、鞠玮婕,人民邮电出版社,45.00,9.2
1088630,沃伦·巴菲特之路,,小罗伯特·G·海格士多姆,,清华大学出版社,2007-5,28.00元,8.7
22704028,逆向投资策略,,大卫•德雷曼,郑磊等,机械工业出版社,2013-4,59.00元,7.8
25744585,以交易为生 II,卖出的艺术,[美] 亚历山大·埃尔德（Alexander Elder）,马福云,机械工业出版社,2013-9-1,55.00元,7.7
25853790,投资策略实战分析,华尔街股市经典策略20年推演（原书第4版）,詹姆斯·奥肖内西,马海涌、李闻、高闻酉,机械工业出版社,2014-1,129,8.0
4250796,量价秘密,趋势、板块、黑马股操作宝典,蒂莫西·奥德,益智,上海财经大学出版社,2009-11,29.00元,7.5
1951540,至高无上,,约翰·波伊克,荣军,上海财经大学,2006-10,23.00元,8.0
1146003,重塑证券交易心理,把握市场脉搏的方法和技术,Brett N.Steenbarger,,清华大学出版社,2004-1,39.00元,8.3
2202515,股市博弈论,,杨新宇,,陕西师大,2000-1,27.00,7.9
4191818,彼得·林奇教你理财,,彼得·林奇、约翰·罗瑟查尔德,宋三江、罗志芳,机械工业出版社,2010-1,36.00元,7.6
1084669,上市公司财务报表解读,,本杰明·格雷厄姆,王玉平,华夏出版社,2004-1,20.00元,7.3
3198691,投资存亡战,,（美）杰拉尔德·M.勒伯,张捷、本力,上海财经大学出版社,2008-8-1,32.00元,8.0
2074109,技术分析与股票盈利预测,,沙巴克,,地震出版社北京发行部（原地震出版社）,2007-5,68.00元,8.3
3145649,从亏损到赢利,股票、期货、外汇实战总结,马博,,企业管理出版社,2008年6月,36.00元,7.9
26576890,缠中说禅:教你炒股票(配图校注版),,培峰,,中国宇航出版社,2015-2-1,48.00,7.5
3425317,台湾股市大泡沫,,江平,兴业全球基金,中信出版社,2009-1,35.00元,7.4
25903030,缠论解盘,,江平,兴业全球基金,中信出版社,2009-1,35.00元,7.7
3716052,看懂股市新闻,投资者必读3,袁克成,,机械工业出版社,2009-5,32.00元,8.1
1047898,操盘建议-全球顶尖交易员的成功实践和心路历程,,阿尔佩西・帕特尔,,华夏出版社,2001-01,25.00,8.2
1928404,1929年大崩盘,,约翰·肯尼斯·加尔布雷思,,上海财经大学出版社,2006-10,25.00元,7.5
10572949,亚当理论,,威尔斯·威尔德,包文兵,山西人民出版社,2012-4,36.00元,7.6
20495141,陆一良心说股事,你不知道的中国股市那些事,陆一,,浙江大学出版社,2013-1-1,72.00元,8.5
3393534,在股市大崩溃前抛出的人,巴鲁克自传,（美）伯纳德·巴鲁克,张伟,机械工业出版社,2008-12-1,48.00元,8.2
5281775,奥马哈之雾,我们是否误解了巴菲特,任俊杰、朱晓芸,,机械工业出版社,2010-9,39.00元,8.1
1058131,金融炼金术,,任俊杰、朱晓芸,,机械工业出版社,2010-9,39.00元,8.4
6023966,振荡指标MACD,波段操作精解,凌波,,陕西师范大学出版社,2011-4,35.00元,8.4
1429642,巴菲特与索罗斯的投资习惯,,马克·泰尔,乔江涛,中信出版社,2005-9,29.00元,7.8
26272155,股票投资入门与实战技巧,从零开始学炒股,王坤,,团结出版社,2014-10-1,CNY 35.00,7.2
25747830,巴菲特的投资组合(珍藏版),,（美）罗伯特•哈格斯特朗,,江春,2013-10,35.00,7.7
1071320,巴菲特,从100元到160亿,沃伦.巴菲特,,陈鑫,中国财经出版社,18.00,8.2
24852525,那些滚雪球的人,中国投资者访谈录,沃伦.巴菲特,,陈鑫,中国财经出版社,18.00,7.5
4722403,投机教父尼德霍夫回忆录,索罗斯操盘手的自白,尼德霍夫,王权、肖静,中国青年出版社,2010-4-1,45.00元,7.6
3996306,How to Make Money in Stocks,A Winning System in Good Times and Bad, Fourth Edition,William O'Neil,,McGraw-Hill,2009-5-18,146.00元,8.5
4931687,巴菲特致股东的信,,理查德·康纳斯,何正云,中信,2010-8,45.00元,8.5
1425600,戴维斯王朝,五十年华尔街成功投资历程,[英]约翰﹒罗斯查得,胡雍丰、傅晶,东方出版社,2005-1,20.00元,7.9
1143656,证券交易新空间,面向21世纪的混沌操作获利指南,比尔・威廉姆,,地震出版社,2003-1,45.00元,7.7
3129355,憨夺型投资者,低风险高收益的投资模式,莫尼什·帕伯莱,陈龙,机械工业出版社,2008-7,30.00元,8.0
1053698,股爷您上坐,,王安,,华艺出版社,2000-12,19.80,8.7
26306021,缠中说禅选集,,缠中说禅、股海盗贼,,九州出版社,2015-1,36,7.3
24863153,千炼成妖,沪深股市专业投资原理,花荣,,经济管理出版社,2013-8-1,CNY 52.00,6.5
3026395,华尔街操盘手日记,,花荣,,经济管理出版社,2013-8-1,CNY 52.00,6.7
3034092,长赢投资,,约翰·博格,刘寅龙,中信出版社,2008-5,39.80元,7.7
1012107,股市操练大全（第二册）,,黎航,,三联书店上海分店,2001-01,32.80元,8.2
3881796,交易冠军,一个天才操盘手的自白,马丁·舒华兹,王正林、王权,中国青年出版社,2012-6,39.00元,7.6
1207859,筹码分布,,陈浩,,中国商业出版社,2002-1-1,45.00,8.4
1930240,盘口解读技术,,克利斯多夫.舒马赫,李书路,广东经济出版社有限公司（广东经济出版社,2006-11,38.00元,7.8
4821399,中国式价值投资,,李驰,,中国人民大学出版社,2010年5月,39.80元,7.3
2995587,股票入门与技巧,,杉村富生、于广涛,,科学出版社,2012-1,28.00元,7.1
26794026,超额收益,价值投资在中国的最佳实践,刘哲,,中国铁道出版社,2016-5,55,7.2
3587054,证券操盘技术,证券操盘技术,彭冬初,,广东经济,2009-2,100.00元,8.4
26393812,从零开始学理财（全新版）,,张鹤,,中国铁道出版社,2015-3-1,39.8,7.0
2133035,操盘手,中国首部透视当今股票投资界的纪实体股市实战小说,花荣,,中国城市出版社,2007-6,36.00元,6.5
5432474,冰与火,中国股市记忆,花荣,,中国城市出版社,2007-6,36.00元,6.8
1009142,股市晴雨表,,威廉.彼得.汉密尔,,海南出版社 三环出版社,1999-10,18.00元,7.3
1965143,香港股史,,郑宏泰,,东方出版中心,2007-1,50.00元,8.0
2329852,驾驭交易,从日内交易和波段交易定式中赢利的实战技术,约翰·F·卡特,王嘉卫,广东经济出版社,2007-11,68.00元,7.5
10462473,波浪理论经典,,拉尔夫·N·艾略特,何平林,天津社会科学院出版社,2012-1,38.00元,7.5
3234327,财务报表分析与证券投资,,姜国华,,北京大学出版社,2008-9,35.00元,8.0
4039354,论战,,曹仁超,,中国人民大学出版社,2009.09,39.80元,7.6
1102528,艾略特名著集,,小罗伯特・R・普莱切特,,机械工业出版社,2003-1-1,32.00元,7.7
2244873,中国株式市場の真実―政府・金融機関・上場企業による闇の構造,中国股市17年,張 志雄、高田 勝巳,,ダイヤモンド社,2007-6-29,JPY2,520,8.6
1511636,价值投资,从格雷厄姆到巴菲特,布鲁斯·格林威尔,,机械工业出版社,2002-1,25,8.7
3605924,滚雪球,巴菲特和他的财富人生,[美]艾丽斯·施罗德,,中信出版社,2009-01-01,198.00元,7.7
1867940,股市奇才,美国股市精英访谈实录,杰克·施瓦格,张帅,海南出版,2006-7,28.00元,7.4
26293878,非理性繁荣（第二版）,,罗伯特 J 希勒,李心丹、陈莹,中国人民大学出版社,2014-1-1,48.00元,8.5
5214779,日本蜡烛图教程,,(Steve Nison) 史蒂夫•尼森,何平林,天津社科院,2010-8,60.00元,7.7
5412790,雪球投资,,林起,,经济科学,2010-12,39.80元,7.3
3421226,股市之神,,是川银藏,吕理州,时报文化出版有限公司,1991-7,64.00元,8.2
4789777,安东尼·波顿的成功投资,,安东尼·波顿,寇彻,机械工业出版社,2010-3-1,28.00元,7.9
1162481,蜡烛图精解,股票与期货交易的永恒技术,格列高里·莫里斯,杜焱,中国财政经济出版社,2004-6,39.80元,7.6
3813177,投资丛林,,加里斯洛夫斯、托米,王飞、侯贝贝,中信出版社,2009年,39.00元,7.9
4878649,斐波那契分析,,康斯坦斯·布朗,,李孝君,2010-6,36.00元,8.1
3143090,黄金游戏,从A股获利,占豪,,上海财经大学出版社,2008-6,25.00元,7.5
1106392,证券期货投资计算机化技术分析原理,,波涛,,经济管理出版社,1998-07,30.00元,7.9
4035744,股票估值实用指南,,加里·格雷,张甦伟、杨南超,上海财经大学出版社,2009-8,36.00元,7.4
4888394,赢得输家的游戏,,查尔斯·D.埃利斯,王茜,机械工业出版社,2010-6,36.00元,7.9
26413365,专注投资,迈向安心投资之路,西点老A,,中国经济出版社,2015-6-1,48.00,7.0
1141543,金融心理学,掌握市场波动的真谛,拉斯·特维德,周为群,中国人民大学出版社,2003-11,29.00元,7.8
26360411,亚洲财务黑洞,,ChinHwee Tan、Thomas R. Robinson,张鲁明,机械工业出版社,2015-3-23,CNY 68.00,7.6
2077671,机械交易系统,,威斯曼,木亦,广东经济出版社,2007-5,38.00元,7.7
1946101,趋势跟踪,顺势交易名家策略解读,迈克尔·卡沃尔,那希尧,广东经济出版社,2009-5,38.00元,6.6
2145302,专业投资者选股策略、方法和工具,,迈克尔·卡沃尔,那希尧,广东经济出版社,2009-5,38.00元,7.7
1908206,沸腾的岁月,,[美] 约翰·布鲁克斯,万丹,中信出版社,2006-10-1,35.00元,7.6
3183714,墨菲论市场互动分析: 教您掌握全球金融市场关系的获利法则,Intermarket Analysis:Profiting from Global Market Relationships,墨菲,罗耀宗,寰宇出版股份有限公司,2006,460元,9.0
2160066,大投机家的证券心理学,,安德烈·科斯托拉尼,林琼娟,重庆出版集团（重庆出,2007-7,32.00元,7.6
25733327,菜鸟看财务报表一学就会,,耐力投资,,中国铁道出版社,2013-10-1,39.80元,7.5
1430074,股票买卖原则,,威廉·欧奈尔,,中国劳动,2005-9,29.00元,7.9
3725211,不落俗套的成功,最好的个人投资方法,大卫·F·斯文森,武倩,中国青年出版社,2009-4-1,36.00元,7.8
4100374,大钱,挑选优秀成长股的7条法则,弗雷德里克·科布里克,,中信出版社,2009-11,36.00元,7.5
1024305,散户至上,,（美） 阿瑟•莱维特，葆拉•德怀尔,陈剑萍，严莉,中信出版社,2005-01,28.00,7.7
1110210,专业交易人士技术分析,,康斯坦丝·布朗,,海南出版社,2003-6,45.00元,8.2
1085935,非理性繁荣,,(美)罗伯特.J.希勒,廖理,中国人民大学出版社,2004-11,29.00元,8.0
11442160,股市之神是川銀藏,漫畫增訂版,是川銀藏、伊東誠,,大牌出版社,2011-3-4,NT$300,7.7
2015368,价值评估,公司价值的衡量与管理,蒂姆·科勒,高建、魏平、朱晓龙 等,电子工业出版社,2007-2,88.00元,9.1
11026572,缠论解析,缠中说禅技术理论图解,江南小隐,,中国宇航出版社,2012-7-1,23.00元,6.7
3024133,巴菲特之道,,[美]   玛莉•巴菲特（Mary Buffett）  大卫•克拉克（David Clark）       著,欧冶   译,中国人民大学出版社,2008.3,29.80元,7.4
3648410,出师,投资家培训班日记,扬韬,孙成钢,新世纪出版社,2009-4-1,35.00元,7.4
1926115,华尔街点金人,,杰克.斯沃吉尔,程永顺,西苑出版社,1998-7,19.80元,7.9
1008424,华尔街股市投资经典,,(美)詹姆斯.P.奥肖内西,王丹 徐翌成等,经济科学出版社,1999-12,55.00,7.2
1223685,向格雷厄姆学思考向巴菲特学投资,（摩根银行2001年十佳商业读物）,劳伦斯・A・克尼厄姆、王庆、徐隽,王庆、徐隽,中国财政经济出版社,2005-1,39.80元,7.7
1036279,大投机家3.股票培训班,,[匈]安德烈·科斯托拉,邓小红、梁东方,海南出版社,2001-05,19.80,7.5
26369157,牛市需冷静,从关灯吃面到年均收益40%+的投资秘笈,雪球出品,,中国铁道出版社,2015-5-1,49.80,6.2
1022470,现金流量与证券分析,,（美）肯尼斯・汉科／尤西・李凡特,张凯／刘英／等,华夏出版社,2001-01,45.00,7.8
2052897,苏黎世投机定律,,马克斯·贡特尔,高颖,中国经济出版社,2007-4,29.80元,7.7
4836453,论性,曹仁超创富智慧书,曹仁超,,中国人民大学出版社,2010.6,39.80元,7.6
23780546,正能量投资学,股民的自我修养,端宏斌,,中国发展出版社,2013-3,42.00元,7.4
1045597,巴菲特的投资组合,,罗伯特・哈格斯特朗,江春,机械工业出版社,2000-06-01,20.00,8.0
1734921,江恩股市定律,,（美）江恩（Gann，W.D.）,田继鸣、胡怀栋,清华大学,2006-1,29.00元,7.5
3710649,股市信息藏宝图,,（美）江恩（Gann，W.D.）,田继鸣、胡怀栋,清华大学,2006-1,29.00元,7.8
1016943,登峰之路,,青木,,广东经济出版社,2001-01,20.00,8.2
24708136,估值,难点、解决方案及相关案例（原书第2版）,（美）埃斯瓦斯·达莫达兰,李必龙、李羿、郭海,机械工业出版社,2013-6,99.00,8.5
1064212,法柏报告,透视股市谎言,戴维・法柏、肯・柯森,陈琇玲、蓝美贞、高仁君,中信出版社,2003-5,20.00元,7.5
10553922,做市商,私募背后的大秘密,成一虫,,团结出版社,2012-3-1,28.00元,8.0
11519248,投资之道,全球杰出华人投资者访谈录,理森,,中信出版社,2012-8,46.00元,8.4
2678754,短线交易五大绝技,,杰克·伯恩斯坦,林海,中国青年,2008-1,39.00元,6.4
6078732,价值投资,通往理性投资之路,詹姆斯·蒙蒂尔,刘寅龙,机械工业,2011-4,58.00元,8.0
26856935,富人的逻辑,如何创造财富，如何保有财富,[德]雷纳•齐特尔曼,李凤芹,社会科学文献出版社,2016-8,48.80元,7.2
1951858,1000%的男人,期货冠军奇迹的买卖方法,(日)菲阿里、炭谷道孝,朱元曾、王虹,中国三峡出版社,2006-6,38.00元,8.3
26717621,投资的本源,稳健均衡投资策略,(日)菲阿里、炭谷道孝,朱元曾、王虹,中国三峡出版社,2006-6,38.00元,7.7
4708522,私募江湖,首部清晰描绘中国私募发展历程与投资流派的力作，呈现一幕幕历史、人,仇晓慧,,中信出版社,2010年3月,42.00元,7.2
4137182,荣辱二十年,我的股市人生,阚治东,,中信出版社,2010-1-1,38.00元,8.3
4188908,一个交易者的资金管理系统,如何确保利润并避免破产风险,班尼特·A.麦克道尔,张轶,万卷出版公司,2009-12,36.00元,7.2
1012337,逆向投资策略,,戴维·德瑞曼,安凡所、邹方斌,海天出版社,2001-02,18.00元,7.5
25841321,投机者的扑克,操盘18年手记,扁虫鱼,,机械工业出版社,2014-3,50.00,8.1
3881793,股票投资心理战术,,马丁·J.普林格,周媛,中国青年出版社,2009-6,28.00元,7.4
1640997,布林线,,约翰·布林格,海通证券研究所,百家出版社,2002-07-01,23,7.5
3200835,巴菲特法则,,约翰·布林格,海通证券研究所,百家出版社,2002-07-01,23,7.8
11606476,交易员量价实战技法,交易员量价实战技法,约翰·布林格,海通证券研究所,百家出版社,2002-07-01,23,7.6
4859013,猎杀黑马,,王宁（王者）,,机械工业出版社,2010年6月,39.00元,7.4
1314514,应用艾略特波浪理论获利,,波泽,,机械工业出版社,2005-5,36.00元,7.4
26278216,期货投资策略,期货大作手如是说,胡斐,,经济管理出版社,2014-12-1,28.00元,5.9
3036636,胡立阳股票投资100招,,胡立阳,,经济日报出版社,2008年,45.00元,7.4
1547589,大众心理与走势预测,,托尼·普卢默Plummer)著,,华夏出版社,2001-10-01,25.00元,7.4
1070826,证券投资理论与证券投资战略适用性分析,,波涛,,经济管理出版社,2003-03-01,35.00元,7.8
3316877,超级强势股,,肯尼思L.费雪,高小红，迟云，钟雄鹰,机械工业,2009－1－1,38.00元,7.5
1012751,大投机家2,一个投机者的智慧,[匈] 安德烈·科斯托拉尼、[德] 约翰内斯·格劳斯,邓小红、梁东方,海南出版社,2007-4,28.00元,7.5
6827490,让时间为你积累财富,laoba1·14年的巴菲特式投资实践,梁军儒,,武汉大学出版社,2011-8,28.00元,7.7
5046242,每日交易心理训练,,布雷特 N. 斯蒂恩博格 (Brett N. Steenbarger),,沈阳格微翻译服务中心,2010-7,53.00元,7.8
3164123,巴菲特传,一个美国资本家的成长,Roger Lowenstein,蒋旭峰、王丽萍,中信出版社,2008-9,49.00元,8.2
10801092,价值投资,从看懂财报开始,,孙旭东,,机械工业出版社,2012-7-1,30.00元,7.4
24522050,股票短线交易的24堂精品课,驾驭市场的根本结构,高山、何江涛、魏强斌、杨基泓、等,,经济管理出版社,2013-4-1,128.00元,7.2
4191840,股市风云二十年,1990～2010,肖宾,,机械工业出版社,2010-1,38.00元,7.5
23860441,杰西.利弗莫尔疯狂的一生,,理查德•斯米顿,,山西人民出版社,2013-5-1,48.00元,7.4
6076760,金钱游戏,透析市场本源，揭开游戏黑幕,亚当•史密斯,,广东经济出版社,2011-5,32.00元,6.8
1292290,战胜庄家-99新篇章（Defeat Banker）,股市主力操盘手法揭秘,青木,,广东经济出版社,1999年7月,13.8,7.5
1043145,期货交易技术分析,,青木,,广东经济出版社,1999年7月,13.8,8.3
11612179,K线图快速入门,,刘元吉、刘强,,中国纺织出版社,2012-9,32.80元,6.6
26013554,股市怪杰,美国顶级股票交易者访谈录,杰克·施瓦格,,董瑞霞,2014-4-1,49.8,7.3
26540947,炒股就这两招,穿越牛熊10年100倍秘诀,梁清波,,上海三联书店,2015-8-1,29.80,7.5
1414932,盘口内经,,穿杨,,企业管理出版社,2002-1,25.00元,6.9
4924328,股市的逻辑,,闵纬国,,化学工业出版社,2010-7-1,32.00元,7.8
1534187,技术交易系统的新概念,股票系统交易投资回报,威尔斯·威尔德,,浙江大学,1997-10-1,30.00,7.4
6797883,大牛市,,玛吉·马哈尔,秦传安,上海财经大学出版社有限公司,2011-8,56.00元,8.0
2246900,短线是银,短线高手的操盘技巧,唐能通,,四川人民,2007-8,25.00元,7.3
10548089,零基础学炒股从入门到精通,,廖海燕,,人民邮电出版社,2012-4-1,39.00元,7.0
1141901,一个华尔街瘾君子的自白,,詹姆斯·J·克拉默,万丹,中信出版社,2003-12,27.00元,7.7
25900048,涨停密码,,黑马王子,,清华大学出版社,2014-6-1,49,7.2
1453952,趋势交易大师,工具方法策略,戴若·顾比,,地震,2005-9,38.00元,6.8
3291970,滚雪球（上）,巴菲特和他的财富人生,[美] 艾丽斯·施罗德,覃扬眉、丁颖颖、张万伟、张春明、张艳云,中信出版社,2009-1,39.00,8.0
1831285,高明的波段交易师,发现并利用优秀短线交易机会获利的工具和技术,艾伦S.法雷,刘海青,机械工业出版社,2006-5,45.80元,6.5
20499466,极限金钱,世界的掌控者和风险的膜拜者,萨特雅吉特·达斯,王佳艺,人民邮电出版社,2013-1,69.00元,9.4
1101433,分形市场分析,将混沌理论应用到投资与经济理论上,埃德加.E.彼得斯,储海林、殷勤,经济科学出版社,2002-1,46.00元,7.4
1917725,证券市场的风险与心理,,波涛,,中国社会科学出版社,2006-1,36.00元,8.6
1221057,股色股香,一个投资银行家的欲望风景,胡野碧、萧洪驰,,团结出版社,2005-1-1,26.80元,7.6
5032719,5000到350万炒股手记,,胡野碧、萧洪驰,,团结出版社,2005-1-1,26.80元,7.2
3037838,投资的头号法则,拒当赌徒，做聪明的价值投资者,布朗,刘寅龙,广东经济出版社,2008-3,39.80元,7.9
10550974,公司基本面分析实务,把握能把握的机会,中能兴业,,地震,2012-3,35.00元,8.7
26418378,聪明投资者的成功之道,好生意、好公司、好价格,陈晓虎,,中国铁道出版社,2015-7-1,69.80,7.4
1083278,蜡烛图方法,,（美）比加洛 著，杨永新等 译,杨永新,机械工业,2004-1,32.00元,7.2
2991567,价值平均策略,获得高投资收益的安全简便方法,迈克.E.埃德尔,顾安,上海财经大学出版社,2008-1,29.00元,8.3
2996396,约翰·邓普顿爵士的金砖,,约翰·邓普顿,付瑜、张清泉,中国青年出版社,2008-1,29.80元,7.3
3892150,海龟交易特训班,公开股市交易超高获利内幕
看普通人如何成为百万富翁,迈克尔· 柯弗,赵娅,中国人民大学出版社,2009.7,39.80元,7.0
3591151,巴菲特教你读财报,The Search For The Company With A Durable Competitive Advantage,Mary Buffett,李凤,中信出版社,2009-8,30.00元,7.3
1083994,数学家妙谈股市,,（美）保罗斯、John Allen Paulos,李月平 等,机械工业出版社,2005-1-1,24元,7.3
2260660,本杰明·格雷厄姆论价值投资,,珍妮特·洛尔,吴全昊,海南出版社,1999年2月1日,32.0,6.8
6428457,我做散户这十年,三万赚到千万,徐茂华,,上海远东出版社,2011-5-20,28.00元,7.0
26274190,交易大师系列 股票魔法师——纵横天下股市的奥秘,,【美】Mark Minervini（马克.米勒维尼）,张泂,电子工业出版社,2015-1,59.00元,7.6
2969246,帝纳波利点位交易法,,乔尔·帝纳波利,普星,广东经济,2007-12,68.00元,7.3
2360420,技术分析实战工具,,杰拉尔德·阿佩尔,,机械工业出版社,2008-1,38.00元,7.1
3032253,中国股市传奇人物北大演讲录,,杰拉尔德·阿佩尔,,机械工业出版社,2008-1,38.00元,7.7
3100483,巴菲特选股魔法,,杰拉尔德·阿佩尔,,机械工业出版社,2008-1,38.00元,8.2
1912804,精明交易者,,佩里·J·考夫曼,江宁,广东经济出版社,2006-9,45.00元,7.4
1035275,逆向思考的艺术,股票市场致胜之道,[美] 汉弗莱·B·尼尔,丁圣元,海南出版社,2001-4,15.00元,7.0
2991566,攻守兼备,积极与保守的投资者,马丁.J.惠特曼,钦建伟,上海财经大学出版社,2008-1,39.00元,7.0
25779858,构建你自己的交易系统,18种最优战法与选股公式及编码,师建,,地震出版社,2013-11-1,45,7.4
4922097,盘面细节分析,完整诠释细节分析运用方法,潘伟君,,地震出版社,2010-8-1,38.00元,7.6
25733498,对冲基金经理回忆录（原书第2版）,,（美）拉尔斯•克罗耶,黄菊、杨睿,机械工业出版社,2013-10-1,39.00,8.1
1837570,股市操练大全（第五册）,终极篇：股市操作疑难问题解答专辑,黎航 主编,,上海三联书店,2006-6,35.00元,7.6
4277150,战胜政策市,A股套利秘诀十日谈,袁幼鸣,,浙江大学出版社,2010.2,38.00元,8.0
1287603,江恩理论,,黄？中,,地震出版社,2003-1,30.00元,7.4
4232211,超越技术分析,如何开发和执行一套制胜的交易系统,图莎尔·钱德,罗光海,万卷出版公司,2010-1,55.00元,7.3
6440632,华尔街45年,,威廉·江恩,,法律出版社,2011-4,28.00元,7.9
4928906,作局,全景解读投机资本幕后博弈,柴志强,,机械工业出版社,2010-6,38.00元,8.0
3423284,突破――中国资本市场发展之路（上下卷）,中国资本市场发展之路,刘鸿儒,,中国金融出版社,2008-12,98.00元,8.2
26358781,万物枯荣,看这个翻过百倍的股民,雷立刚,,人民文学出版社,2015-1-1,CNY 28.00,7.9
4229368,非赌博式交易,为交易的最终成功制定行动计划,马塞尔·林克,沈阳格微翻译服务中心,万卷出版公司,2010-1,45.00元,7.2
1108712,投资心理规则,,罗伯特・库佩尔、霍华德・阿贝尔,,清华大学出版社,2003年,16.00,7.7
1949744,对冲基金风云录,,[美] 巴顿·比格斯,张桦、王小青,中信出版社,2007-1,42.00元,8.2
1700875,投资收益百年史,,Elroy Dimson、Paul Marsh、Mike Staunton,,中国财政经济出版社,2005-6,30.00元,7.4
5363185,价格交易,成为投资者,辛宇,,经济日报出版社,2011-1,30.00元,6.7
1029635,欧奈尔制胜法则,,郑晓舟译,郑晓舟,中国财政经济出版社,1999-08,17.00,7.8
4047202,财富预言,,《证券市场周刊》 编,,中华工商联合出版社有限责任公司,2009-10,39.00元,7.8
2043823,股票投资的一号法则,,菲尔·汤恩,,中国青年出版社,2007年1月,39.80元,7.5
10568233,策略投资,,王成、韦笑,,地震出版社,2012-1,80.00元,9.0
20282470,交易密码,价值百万美元的黄金外汇投资秘籍,王成、韦笑,,地震出版社,2012-1,80.00元,7.4
24838558,股市神猎手,大投机家亲授70年牛熊通杀大智慧,〔匈〕安德烈•科斯托拉尼（Andre Kostolany）,张利华,世界图书出版公司,2013-7,68.00元,7.5
25795600,蜡烛图精解,股票和期货交易的永恒技术（原书第3版）,(美) 格里高里•莫里斯（Gregory L.Morris）、赖安•里奇菲尔德(Ryan Litchfield),王柯,机械工业出版社,2014-1,60.00,8.0
5299963,交易赢家的心理优势,,[美] 迈克尔·S. 萧普谢尔,曾晓涛,山西人民出版社,2010-10,30.00元,7.3
1548716,打败庄家,,博智,,德宏民族出版社,2004-1,33.80元,8.2
2025014,如何利用图表在股市中获利,,（美）吉勒,万鸣，李恭敏,中国青年出版社,2007-1-1,36.80元,7.1
1440229,下一个大泡泡,,（美）哈里.S.登特（Harry S. Dent）,阮一峰,中国社会科学出版社,２００５,28.00元,7.5
10517753,炒家33篇,,（美）哈里.S.登特（Harry S. Dent）,阮一峰,中国社会科学出版社,２００５,28.00元,6.9
6976273,庄家之死,,陈斯文,,中信出版社,2011-12,38.00元,7.5
4840245,高胜算交易策略,股票、期货、外汇市场的进出场策略,罗伯特·C·迈尔,张意忠,万卷出版公司,2010-4,48.00元,7.7
3417074,主力行为盘口解密1,,翁富,,地震,2009-1,42.00元,6.6
5269887,洛氏霍克交易法,,乔·洛氏,,地震出版社,2010-8,40.00元,6.9
3729188,曲线的秘密,,马丁·茨威格,蒋俊,中信,2009-6,48.00元,7.6
2981710,格雷厄姆,华尔街教父回忆录,本杰明·格雷厄姆,杨宇光,上海远东出版社,2008-1,39.00元,7.8
1705980,江恩测市法则,,威廉·D·江恩,,清华大学出版社,2006-1,30.00元,7.3
25801087,股市聊聊吧：全2册,,廖英强,,天津教育出版社,2013-11,288.00元,6.9
25879428,伏击涨停,,黑马王子,,清华大学出版社,2014-5-1,49,6.4
2678794,积极资产配置投资者理财指南,,马丁·J·普林格,张晔明,中国青年出版社,2008-1,43.80元,8.1
10827554,像欧奈尔信徒一样交易,我们如何在股市赚得18000%的利润,马丁·J·普林格,张晔明,中国青年出版社,2008-1,43.80元,6.9
2057023,中国巴菲特,,谢百三 编,,南方日报,2007-4,78.00元,8.4
3702695,股市获利倍增术,,杰森·凯利,钱峰,机械工业出版社,2009-4,32.00元,8.2
1088618,冷静自信的交易策略,禅心‧投资‧武士道,[美）麦考尔 著,薛迪安,海南出版社,1999-5,17.80元,8.1
23192877,背离技术分析,背离技术分析 首部系统讲解背离技术的专著。怎样透过K线图表，预先判,江南小隐,,中国宇航出版社,2013-3,29.80元,7.1
1313826,盲点套利,股市职业杀手实战秘笈,花荣,,地震出版社,2005-4,39.80元,6.6
6309066,操盘,,墨石,,武汉,2011-3,32.00元,7.2
3583543,黄金游戏,熊市能赚钱,占豪,,上海财经大学出版社,2009-3,29.00元,7.8
2016575,长线,资金集团的成功之道,查尔斯·埃利斯,吴文忠,中信出版社,2007-01,32.00元,7.2
10749139,量化投资的转折,分析师的良知,王铁琪,,中国时代经济出版社,2012-4,36.00元,7.2
4137175,股市心理学,,乔纳森·迈尔斯,虞海侠,中信,2010-4,25.00元,7.0
25982655,股市天经之一量柱擒涨停,,乔纳森·迈尔斯,虞海侠,中信,2010-4,25.00元,7.3
1162124,操纵,,郎咸平,,东方出版社,2004-05,39.60,7.4
1159082,股市技术分析实战技法,全新版,雪峰,,地震出版社,北京少年儿童出版社,2004-5-1,100.00元,7.4
1100654,卖空的艺术,,凯思琳·F.斯泰莱,崔世春,上海财经大学出版社,2002-1-1,30.00元,7.1
5417358,股价形态的10堂必修课,,托马斯·波考斯基,,付瑜,2011-1,39.00元,7.2
26590010,一本书读懂K线图,股票K线技法快速入门到精通,王坤,,中华工商联合出版社,2015-8-1,38,6.6
1826602,你也可以成為股票操作高手,,立花義正,佐佐木 雅博,同友館,1999年9月,NT$420元,8.2
21966354,基金长青,,范勇宏,,中信出版社,2013-3,58.00元,7.7
5921785,乱世华尔街,一位华人交易员的经历,渔阳,,中国人民大学出版社,2011-3-2,39.80元,8.7
4917113,从零开始学炒股大全集,,永良、刘挥,,企业管理出版社,2010-8,29.00元,6.8
1227908,华尔街精神:传奇金融家论贪婪的风险和市场的秘密,,(美)利维 等,李志彦、曲涛,上海人民出版社,2005-01,19.80,7.9
21381634,规划财富人生,天南话投资,杨天南,,中国金融出版社,2013-1,36.00元,8.0
5338366,炒股入门与技巧,,钟双德 编著,,中国画报出版社,2010-11,28.00元,5.6
25723399,投资还是投机,,（美）约翰•博格,宋达、金旻、卢雯雯,机械工业出版社,2013-9,59.00,7.0
2382330,忠告,来自94年的投资生涯,罗伊.R.纽佰格,王维群,上海财经大学出版社,2008-1,25.00元,7.2
5980881,走出技术分析的陷阱,,罗伊.R.纽佰格,王维群,上海财经大学出版社,2008-1,25.00元,7.5
1057505,吴敬琏：十年纷纭话股市,,吴敬琏,,上海远东出版社,2001-03,22.00,8.3
25853919,股市趋势技术分析圣经,《证劵分析》作者本杰明•格雷厄姆盛赞并推荐必读的投资经典,理查德·W·夏巴克,秦雪征、沈芳瑶,中国发展出版社,2014-3-1,CNY 69.80,7.4
5349581,股市投资心经,,别境,,中国人民大学出版社,2010-11,48.00元,8.2
7052101,价值,公司金融的四大基石,蒂姆·科勒、理查德·多布斯、比尔·休耶特,金永红、倪晶晶、单丽翡,电子工业出版社,2012-1,45.00元,8.5
1320298,超越恐惧和贪婪,行为金融学与投资心理诠释[高级财务管理经典译丛],赫什·舍夫林,贺学会,上海财经大学出版社,2005-4,37.00元,7.9
24153566,超级强势股,如何投资小盘价值成长股,（美）肯尼思 L. 费雪（Kenneth L.Fisher）,高小红、迟云、钟雄鹰等,机械工业出版社,2013-5,39.00元,7.0
1493208,泡沫,从股市到楼市的繁荣幻象,约翰·卡尔弗利,,北京师大,2006-2,28.00元,7.5
4752825,黄金短线交易的14堂精品课,K线战法和菲波纳奇技术,约翰·卡尔弗利,,北京师大,2006-2,28.00元,7.9
1006866,股市操练大全（第三册）,,黎航,,三联书店上海分店,2002-1-1,28.00元,7.4
2326603,涨停板后,,鬼股子,,中国城市出版社,2007-11,32.00元,8.0
3901834,主动型指数投资,,斯科恩菲尔德,穆瑞年、田唯,机械工业出版社,2009-7,78.00元,7.8
24754261,从一万到一亿,证券期货之老鬼真言,刘海亮、买敬江,,金城出版社,2013-9,CNY 32.80,7.2
25732045,马丁•惠特曼的价值投资方法,回归基本面,（美）马丁 J.惠特曼,,机械工业出版社,2013-9,49.00,7.0
10809139,经典技术分析,（原书第2版）（上）,[美]小查尔斯 D. 柯克帕特里克、朱丽叶 R. 达尔奎斯特,陈丽芳,机械工业出版社,2012-7,69.00元,7.6
2376503,短线点金,,徐文明,,上海财经大学,2007.12.1.,25.00元,7.2
4882545,自律的交易者,形成赢家态度,马克·道格拉斯,张轶,地震出版社,2010-6,36.00元,7.8
3352716,巴菲特也会错,,瓦罕·简吉恩,马慧,工商联,2009-1,38.00元,7.2
11601391,盘口,,瓦罕·简吉恩,马慧,工商联,2009-1,38.00元,6.2
25777421,对冲基金风云录1,东邪西毒,[美] 巴顿·比格斯,张桦、王小青,中信出版社,2013-11-1,48.00,8.0
3251526,青木炒股方略,谋略,方法,实践,青木,,岭南美术出版社,1999-8,20.00元,7.8
10734681,大数投资,大数投资,齐东平,,中国人民大学出版社,2012-4,32.00元,7.7
25788118,怎样选择成长股,,（美）小休伊特•海瑟曼,鲁爱民  等,机械工业出版社,2014-1,49.00,7.5
2147090,平民資本家,市場錯價與股市泡沫,（美）小休伊特•海瑟曼,鲁爱民  等,机械工业出版社,2014-1,49.00,8.0
1734920,江恩选股方略,,威廉·D·江恩,,清华大学出版社,2006-1,38.00元,7.1
1936064,如何在卖空中获利,,(美)威廉·欧尼尔(美)吉尔·摩拉里斯译者：田丽魏蓝窦云静UnitedStates,美国,中国青年出版社,2006-11,36.80元,7.1
3906455,大熊市启示录,还原美国百年金融史,拉塞尔• 纳皮尔,钱睿、高彩霞,湛庐文化策划   中国人民大学出版社,2009-8,49.80元,7.2
6966083,崩溃点战术,基于市场心理分析的交易技术,拉塞尔• 纳皮尔,钱睿、高彩霞,湛庐文化策划   中国人民大学出版社,2009-8,49.80元,8.4
2182465,客户的游艇在哪里,,施韦德,孙健,机械工业出版社,2007-7,25.00元,7.2
26879229,读懂银行股,,那一水的鱼,,中国经济出版社,2016-9-1,48,8.0
1961855,股民学校初级教程,上海证券报投资理财丛书,上海证券报社 编著,,上海远东出版社,2007-1-1,28.00元,6.9
4188507,华尔街40年投机和冒险,,上海证券报社 编著,,上海远东出版社,2007-1-1,28.00元,7.5
1050533,江恩,,W.D.江恩(美),陈鑫,中国财政经济出版社,2002-03-01,18.00,7.8
1024363,索罗斯,走在股市曲线前面的人,（美）索罗斯、（美）韦恩、（德）科南,真如,海南出版社,1997-11,28.00元,7.7
3434379,共同基金必胜法则,聪明投资者的新策略（引进版）,（美）鲍格尔（Bogle,J.C）,柳永明，李良松、余李平,上海财经大学出版社,2008-12-1,42.00元,7.5
6852715,磁区理论,识别最佳买卖时机和位置的分析技术,江南小隐,,中国宇航,2011-9,38.00元,6.8
1022506,猎庄狐狸,,余郑华,,中国社会出版社,1999-10,29.00元,7.0
1916270,华尔街的肉,我从股市绞肉机中死里逃生,安迪·凯斯勒,李芳龄,上海人民出版社,2006-11,22.00元,7.6
25870168,一看就懂的股市图谱全图解,,尹航,,北京理工大学出版社,2014-3-1,31.80元,7.3
4917655,股市操练大全（第八册）,,尹航,,北京理工大学出版社,2014-3-1,31.80元,7.2
4090683,黄金游戏,交易靠自己,尹航,,北京理工大学出版社,2014-3-1,31.80元,7.9
1228119,追求完美,,潘伟君,,上海画报出版社,2001-05,25.00,7.1
3053119,安东尼·波顿教你选股,欧洲首席基金经理人的逆向投资策略,安东尼·波顿、乔纳森·戴维斯,黄芳,中信出版社,2008-5-1,36.00元,6.5
5387398,超级交易员,,(美)范 K.撒普(Van K.Tharp),刘奥南、康兰,机械工业出版社,2011-1,38.00元,7.4
4231622,顶级交易的三大技巧,行为系统开发、模式识别和心态管理,汉克·普鲁登,,张轶,2010-1,42.00元,6.4
2134004,中国股神林园炒股秘籍,中国股神 从8000到20个亿 这不是神话,王洪,,经济日报出版社,2007-05-01,28.00元,6.8
25837660,投资者的敌人,,朱 宁,,中信出版社,2014-2,58.00,7.4
25905684,非赚不可,,袁园,,机械工业出版社,2014-6,49.00,6.9
1744993,30部必读的投资学经典,,高倚云刘伟赵小川,,北京工业大学出版社,2006-1,26.80元,7.1
1315018,深入价值评估,,阿沃斯·达莫达让,姜万军,北京大学,2005-3,32.00元,7.8
24748687,牛眼投资法,命中超值回报的选股王道,[美]约翰·莫尔丁（John Mauldin）,郑磊、袁婷婷,中国人民大学出版社,2013-6-7,45.00,6.7
3133388,预期投资,,迈克尔·莫布森,,王志强,2008-6,39.00元,7.5
2013154,江恩时间循环周期,,何造中,,机械工业出版社,2007-1,32.00元,6.6
2227962,下一只大牛股,,迈克尔·莫,程艳琴,机械工业出版社,2007-8,38.00元,7.2
26786534,低风险投资之路（第二版）,,徐大为、刘颖,,中国经济出版社,2016-4-1,58.00,7.4
3287306,Enough,True Measures of Money, Business, and Life,John C. Bogle,,Wiley,2008-11-10,USD 24.95,7.8
1008416,投资大师谈投资,,连升,,经济管理,2011-1,32.00元,7.3
2991565,战胜标准普尔,与比尔·米勒一起投资,珍妮特.洛,张甦伟,上海财经大学出版社,2008-1,29.00元,6.9
5029367,选股其实很简单,主体思维选股法,玉名,,中信出版社,2010年9月15日,32.00元,7.5
10344802,我在私募生存的十二年,,欧阳之光,,机械工业,2012-1,38.00元,7.1
4864338,价值投资,如何成为一个训练有素的投资者,格伦·阿诺德(Glen Arnold),易荣华,上海远东出版社,2010年5月1日,58.00元,7.8
3675744,股市操练大全（第七册）,,黎航 编,,上海三联,2009-4,39.00元,7.4
3750152,画线八法,,黎航 编,,上海三联,2009-4,39.00元,7.1
24698948,量化投资策略,如何实现超额收益Alpha,理查德·托托里罗,,上海交通大学出版社,2013-5,98.00元,8.4
1449808,学习学习再学习,生活中的投资经典,张志雄,,上海财经大学出版社,2006-1,33.00元,7.6
10748758,为什么你炒股赚不到钱,行为金融的投资启示,张志雄,,上海财经大学出版社,2006-1,33.00元,6.3
1594502,操盘华尔街,闯荡美国十五年的成功经历,谭健飞,,长江文艺出版社,2002-10,18.00元,7.0
1131922,股市操练大全（第4册）,,黎航 编,,上海三联书店,2003-8,30.00元,7.4
1809015,短线狙击手,,乔治·安杰尔,,广东经济出版社,2006-6,36.00元,6.7
4894292,股市天经,量线捉涨停,黑马王子,,四川人民出版社,2010-6,36.00元,6.8
3292986,趋势交易法,,鹿希武,,中国金融出版社,2008-1,80.00元,7.7
10726335,趋势是金,从成交量分析中轻松获利,巴夫·佩尔兹·多梅尔,,李昆,2012-5,42.00元,7.4
1913815,主控战略K线,,李进财,,地震出版社,2006-10,42.80元,6.5
3788385,攻守四大戰技,The Four Cardinal Principles of Trading : How the World's Top Traders Identify Trends, Cut Losse,Bruce Babcock,魯樂中,McGraw-Hill,2000年1月,360元,7.3
2057344,Stock Market Wizards,Interviews with America's Top Stock Traders,Jack D. Schwager,,Collins,2003-04-01,USD 15.95,8.4
4918965,黄金游戏,看透阴阳线,Jack D. Schwager,,Collins,2003-04-01,USD 15.95,7.7
3069182,高级波段交易,,(美)约翰·凯恩,3www,广东经济出版社,2008年,48.00元,7.2
25847143,图解缠论,核心理论推导与实战演示,陈秋明,,中国经济出版社,2013-8-1,CNY 35.00,7.8
3629464,跟庄细节,,范江京,,中国宇航,2009-4,38.00元,7.1
1278921,波浪原理,,艾略特,王建军,中华工商联合出版社,1999-07-01,13.00,7.0
26378428,最佳组合,一个散户的投资启示,被解放的mogwai,,中国铁道出版社,2015-5-1,49.80,6.3
5360109,巴菲特致股东的信,,麥馬斯特,,黃晶晶,財訊,1999.11.05,6.2
2078435,我在股市活了下来,,尼古拉斯·达瓦斯（Nicolas Darvas）,,机械工业出版社 出版,2007-5-1,21.00元,7.3
1909978,中国新股民必读全书,,陈火金,,中国纺织出版社,2006-11,29.80元,6.7
5379187,投资一堂课,,[美]马克·斯考森,黛岗,上海译文出版社,2010-11,23.00元,6.9
3519482,投资思想史,,马克·鲁宾斯坦,,机械工业出版社,2009-2,56.00元,7.4
1087672,邱永汉理财秘诀,,邱永汉,,中国经济出版社,1998-9,10.8,7.5
2229064,大投机家(5)股市预测与分析,,安德烈·科斯托拉尼,,海南出版,2007-9,32.00元,7.6
25859689,职业炒手的核心技术秘密,,林辉太郎,毛兰频,地震出版社,2014-3-1,32,7.5
6023326,黄金游戏,智慧赢财富,Cynthia A. Kase,,McGraw-Hill,1996-03-01,USD 61.00,7.7
1082770,股市心理学,,乔纳森·迈尔斯,,中信出版社,2004-3,25.00元,6.9
4817790,股市风云二十年,1990-2010(下),肖宾,,机械工业出版社,2010-4,38.00元,7.6
2025607,股市分析软件用法详解,,姜金胜,,上海世纪出版集团（上海人民出版社）,2006-12,40.00元,7.3
26421264,期货大作手风云录—初入期海,,逍遥刘强,,东方出版社,2015-4,38,7.7
5344607,短线赌钱与长线赌命,,逍遥刘强,,东方出版社,2015-4,38,7.6
2141085,少年股神,,紫金陈,,当代中国出版社,2007-7,22.00元,6.4
2985828,道破盘口天机,,伍朝辉,,广东省出版集团%广东经济出版社,2008-1-1,55.00元,7.0
1139693,炒掉你的股票分析师,,哈瑞·多麦什,金马工作室,清华大学出版社,2003-10-01,38.0,7.4
1059122,金融街,,矫健,,山东文艺出版社,2003-12,25.00元,7.6
2969155,白话投资,一个私募基金经理的价值投资之道,李驰,,经济日报,2008-1,39.00元,6.8
2151543,与天为敌,风险探索传奇,伯恩斯坦,穆瑞年,机械工业出版社,2007年6月1日,38.00元,8.0
10761713,周显捡股秘密,,伯恩斯坦,穆瑞年,机械工业出版社,2007年6月1日,38.00元,7.4
1021472,储备与稳定,,本杰明.格雷厄姆,储祥银,海南出版社 三环出版社,2000-3,29.80,8.1
1175282,什么是价值投资,,劳伦斯·柯明汉姆,田路,华夏出版社,2004-1,12.80元,7.9
6800429,按图索骥,,约翰·J.墨菲,益智,上海财经大学出版社,2011-7,39.00元,7.3
25845287,老鼠仓,,黎言,,江苏文艺出版社,2014-3,42.80元,7.2
1056038,市场轮廓理论-价格走势分析的崭新视点,,侯本慧、等,,航空工业出版社,1996-10,25.00,7.3
10457459,股票投机原理,,萨谬尔·A·尼尔森,美信翻译公司,天津社会科学院出版社,2012-1,25.00元,6.3
3753978,玩转移动平均线,,刘卫,,地震,2009-6,39.80元,7.0
25732771,一个金融衍生品交易员的自白,,石川哲也（Tetsuya Ishikawa）,施轶,中国人民大学出版社,2013-10-1,49.9,7.2
26682333,主交易员,,钱本草,,民主与建设出版社,2015-12,39.80元,6.9
3016514,投资新革命,,彼得 L.伯恩斯坦,高小红,机械工业出版社,2008-3,36.00元,6.7
2076235,江恩角度线,,何造中,,机械工业出版社,2007-5,35.00元,7.4
10463346,道氏理论,,罗伯特·雷亚,何平林,天津社会科学院出版社,2012-1,32.00元,6.8
4840771,短线猎人,,猎人,,山西人民,2010-5,36.00元,7.0
24303399,赢家之道,—涨停板战法与分时战法,沧桑战神,,地震出版社,2013-4,58.00元,7.3
1161717,炒股就这几招,绝招篇,李嶂喆,,中国经济出版社,2007-1,25.00元,6.8
1072876,沃伦.巴菲特如是说,,李嶂喆,,中国经济出版社,2007-1,25.00元,7.7
25783355,读懂上市公司,掘金股市公开信息,(美)L.J.里滕豪斯(L.J. Rittenhouse),郑磊、龚荻涵,机械工业出版社,2014-1,45,7.3
2969159,投资是一种生活方式,千亿级基金投资总监的投资之道,朱平,,经济日报出版社,2008-1,35.00元,6.9
1957176,图表与交易,,戴若·顾比,,地震出版社北京发行部,2006-12,48.00元,6.1
3466196,杨百万股市战例,,杨怀定,,经济日报,2009-1,38.00元,7.3
3918470,主力狙击手,,杨怀定,,经济日报,2009-1,38.00元,7.3
6536307,吾股丰登,,严为民,,上海财大,2011-6,28.00元,7.1
4737196,从1万到100万的短线操盘绝招,,大战神,,化学工业,2010-3,65.00元,6.7
1277487,大上海的梦想岁月,,潘伟君,,重庆出版社,2004-1,25.00元,7.0
11542534,筹码分布准确提示买卖点,筹码分布准确提示买卖点,赵信,,广东经济出版社,广东省出版集团,2012-7,50.00元,6.9
1944368,像巴菲特一样交易,,詹姆斯·阿尔图切尔,胡志强,机械工业出版社,2007-1,35.00元,7.4
1024573,十年一个亿,,谢百三,,北京大学出版社,2001-01,26.80,6.9
1491847,民间股神,15位股林高手嬴钱秘招大特写,白青山,,上海人民出版社,2006-1,23.00元,7.0
23774479,期货交易策略,,斯坦利•克罗 (Stanley Kroll),,山西人民出版社,2013-3-1,45.00元,8.5
25858705,暴力K线擒大牛,,王宁,,机械工业出版社,2014-3-1,49.00元,7.5
4020942,股市天经,量柱擒涨停,黑马王子,,四川人民出版社,2009-9,30.00元,6.8
4120507,股價趨勢技術分析(典藏版 上冊),Technical Analysis of Stock Trends(9th Edition),John Magee、W.H.C. Bassetti、Robert D.Edwards,黃嘉斌,ANACOM,2007年10月,600元,7.9
3062142,新短线英雄,,只铁,,海南,2008-4,68.00元,6.5
24843636,梦想的力量,万国人的口述历史,本书编委会,,上海人民出版社,2013-7-20,58.00,7.4
2989580,零起点股票投资,,涂宇 编,,清华大学,2008-1,31.00元,7.4
1913812,主控战略移动平均线,透析平均线战法的完全攻略密笈,黄韦中,,地震,2006-10,39.80元,6.7
3273009,索罗斯带你走出金融危机,,乔治·索罗斯,,机械工业出版社,2008-11,29.00元,7.7
2595481,华尔街赌局,传奇交易家的实战投机术,[美]维克多•尼德霍夫、劳雷尔•肯纳,,中信出版社,2008-1,46.00元,7.0
3314997,論性──曹仁超創富智慧書,,[美]维克多•尼德霍夫、劳雷尔•肯纳,,中信出版社,2008-1,46.00元,8.2
3724668,散户的最后一课,,林皓墨,,南京大学出版社有限公司,2009-3,26.00元,7.6
1956653,股票成交量操作策略,,唐纳德·卡西迪,王宜贺,广东经济出版社,2006-12,48.00元,5.7
2694562,数字化定量分析,,徐小明,,企业管理,2007-12,28.00元,6.5
5502902,华尔街语录,华尔街10万投资人的座右铭,Judi Goo,,金城出版社,2011-1,28.00元,7.5
1087402,投机狂潮,,[英] 爱德华·钱思乐（Edward Ch,,四川西南财经大学,2000-1,20.00元,8.0
25785185,量价：典型股票盘口分析,,[英] 爱德华·钱思乐（Edward Ch,,四川西南财经大学,2000-1,20.00元,6.7
3245516,从800万到200亿,,丹尼尔·A.斯特奇曼,李炜,高等教育,2008-9,28.00元,6.9
2126455,Privatizing China,Inside China's Stock Markets,Fraser J. T. Howie,,Wiley,2006-10-13,USD 65.00,7.9
3675929,与狼共舞,,Larry Williams,,益智,2009-3,32.00元,8.3
1425749,投资心理学,,约翰·诺夫辛格,,北京大学,2005-5,21.00元,7.8
25912159,当音乐停止之后,金融危机、应对策略与未来的世界,艾伦·布林德,巴曙松、徐小乐,中国人民大学出版社,2014-7-1,79.90元,8.7
2215703,窥破天机,,杨斌,,企业管理出版社,2007-6,29.80元,7.3
24743016,价值投资,从格雷厄姆到巴菲特的头号投资法则,[美] 克里斯托弗•布朗,刘寅龙,世界图书出版公司,2013-7,68.00元,7.9
3013086,論戰－－曹仁超創富戰國策,,[美] 克里斯托弗•布朗,刘寅龙,世界图书出版公司,2013-7,68.00元,8.0
2006320,挚爱成就梦想,,（美）江恩,田继鸣;张南南;李霁、张南南、李霁,清华大学,2007-1-1,32.00元,7.6
3893177,庄家坐庄密码,,钟麟,,广东经济,2009-7,55.00元,6.7
2122440,超级金钱,Supermoney,亚当·史密斯,,机械工业出版社,2007-5,32.00元,7.6
5344606,大师的命门,股票、期货价格分析方法的缺陷及解决之道,亚当·史密斯,,机械工业出版社,2007-5,32.00元,7.7
2189882,投机与骗局,,马丁S.弗里德森,王娟,机械工业出版社,2007-7,36.00元,7.4
1001556,大师的命门,,何之,,中国财政经济出版社,2000-1,25.00,7.5
6891559,思维流操盘术,预见未来成就巨额财富,王炜,,机械工业出版社,2011-10,32.00元,7.9
1119066,初入股市炒股大全,,张浩,,经济日报,2000-10-1,20.00元,5.7
20266369,系统化交易,A交易系统久赢真经,齐晓明,,中国劳动社会保障,2011-10,32.00元,7.4
1130035,投资圣经,,安迪・基尔帕特里克,,民主与建设出版社,2003-9,158.00元,7.7
1099706,短线英雄,,只铁,,中国科学技术出版社,2002-5-1,30.00元,6.8
2348695,股剩是怎样炼成的,一轮十年一遇的超级大牛市，一个股市中永远不败的秘诀！
超级爆笑的,一扔就涨,,中信出版社,2008-1,29.00元,7.3
1083689,最佳卖出点,,卡西迪,吴慧,中国财政经济出版社,2004-10,39.80元,6.9
1083036,沃伦·巴菲特传,,詹姆斯·奥洛克林,,中国青年,2004-6,29.90元,7.5
1289761,战无不胜,,只铁,,地震出版社,2002-10-1,68.00元,7.5
1287727,技术分析精解,,林 康史,,东北财经大学出版社,2003-4-1,20.00,7.4
10570382,行业量化投资分析,从混沌到秩序的行业演进,林 康史,,东北财经大学出版社,2003-4-1,20.00,7.2
10827537,证券投资分析,证券投资分析,中国证券业协会,,中国金融出版社,2012-6-1,48.00元,6.9
5333422,厚黑操盘学,一个职业股民的制胜之道,空空道人,,山西人民出版社,2010-10,38.00元,7.3
2287680,魔鬼投资学,超越你的认知,[美]迈克尔·莫布森,刘寅龙,广东经济出版社,2007-10-1,35.00元,7.3
3092890,The Snowball,Warren Buffett and the Business of Life,Alice Schroeder,,Bantam Books,2008-9-29,USD 37.00,8.3
3906362,熊市中的投资之道,牛短熊长，如何在市场低迷时把握机会
漫漫熊路，如何在悲观气氛中逆,彼得• 希夫,钱睿,湛庐文化策划  中国人民大学出版社,2009.8,32.00元,6.8
4169489,巴菲特选股10招,,刘建位,,中信出版社,2009-12,29.00元,7.2
2346402,New Trading Systems and Methods,,Perry J. Kaufman,,Wiley,2005-2-28,USD 135.00,7.8
2055132,从外行到内行,股票投资实战解析,潘伟君,,地震出版社北京发行部,2007-4,30.00元,6.5
5940554,技术分析指标大全,,（美）史蒂文·阿基利斯（Steven B.Achelis）,应展宇、桂荷发,机械工业出版社,2011-1-20,52.00元,7.0
1922112,创建自己的交易系统,,维·伊·萨芬,,中国财政经济出版社,2006-9,30.00元,7.0
6718031,过顶擒龙,,王宁,,机械工业出版社华章公司,2011-8-1,39.00元,7.8
4050649,股价波动原理与箱体理论,,黄韦中,,地震,2009-9,35.00元,6.8
6097266,李大霄投资战略,,李大霄,,经济日报,2011-3,36.00元,5.7
1053928,投资智慧论语,,彼得.克拉斯,阮开斌,机械工业出版社,2001-02,42.00,8.3
2124251,华尔街50年,,亨利·克卢斯,,机械工业出版社,2007-5,38.00元,6.5
25825407,亿元之路,股市赚上100倍,孙成钢(扬韬),,地震出版社,2013-10-1,36.00,6.8
6101503,操盘之王,,王晓（带头大哥777）,,山西人民,2011-4,77.70元,5.3
25984057,量化投资与对冲基金 量化投资——策略与技术（典藏版）,,丁鹏,,电子工业出版社,2014-9,118.00元,7.1
25761259,怎样评估成长股的内在价值,价值投资之父格雷厄姆的成长股投资策略,弗雷德里克·马丁、尼克·汉森、斯科特·林克、罗宾·尼克斯基,张雯,地震出版社,2013-10-1,48,8.0
5360349,大投资家,牛股基因,弗雷德里克·马丁、尼克·汉森、斯科特·林克、罗宾·尼克斯基,张雯,地震出版社,2013-10-1,48,7.6
2189891,操盘圣经,,傅吾豪,,当代中国出版社,2007-1,49.00元,7.6
1889022,富足一生,東尼投資十大心法,東尼,,李科儀,天窗出版,2006,7.0
1926040,看透庄家,,東尼,,李科儀,天窗出版,2006,6.2
1320821,巴菲特股票投资策略,,刘建位,,机械工业出版社,2005-6,29.80元,6.8
6423888,马丁·普林格技术分析,,[美]马丁•普林格,王雪化,中国人民大学出版社,2011-5-1,42.00元,7.2
10457462,股票行情的真谛,,威廉·D·江恩,钟业红,天津社会科学院出版社,2012-1,28.00元,7.0
2364715,中国牛市,,[美] 吉姆·罗杰斯,张俊生、曾亚敏,中信出版社,2008-1,35.00元,7.1
3198690,标准普尔选股指南,,迈克尔·凯伊,,上海财经大学出版社,2008-8,31.00元,7.6
26289619,投资的常识,,[美]伯顿•马尔基尔（Burton G. Malkiel）、[美]查尔斯•埃利斯（Charles D. Ellis）,汤颖,中国人民大学出版社,2015-1,36.90元,7.5
2053166,高位出局,,丁力,,清华大学出版社,2007-4,25.00元,6.8
1022739,从牛顿、达尔文到巴菲特,投资的格栅理论,[美] 罗伯特·G. 汉格斯特龙 编著,李准,机械工业出版社,2002-5,15.00元,8.0
1264993,大牛有形,,黄久龙,,上海远东出版社,2004-1,20.00元,8.5
4255634,投资原理,,黄久龙,,上海远东出版社,2004-1,20.00元,7.2
3521741,操盘学（上册）,,伍朝辉,,广东经济,2009-1,66.00元,6.2
3901655,股市实战真功夫,,伍朝辉,,广东经济,2009-1,66.00元,7.8
10767880,全脑交易,,[美] 柯蒂斯•费思,侯金刚,中国人民大学出版社,2012-6,42.90元,7.7
3906283,亲历巴菲特股东大会,,杰夫·马修斯,周磊,湛庐文化策划  中国人民大学出版社,2009.8,39.80元,7.7
24863148,操盘手Ⅱ,骑士精神,杰夫·马修斯,周磊,湛庐文化策划  中国人民大学出版社,2009.8,39.80元,5.9
2146297,股海中的红男绿女,,应健中,,上海人民出版社,1999,13,7.6
6307568,二战股市风云录,,巴顿·比格斯,张韧,中信出版社,2011-5,49.00元,7.2
2356914,伯格谈共同基金,基金投资者的明智选择,约翰·C·伯格,,中国青年,2008-1,39.00元,7.8
3200834,巴菲特法则实战手册,,约翰·C·伯格,,中国青年,2008-1,39.00元,7.2
7067002,技术分析指标入门,,（美）康斯坦丝·布朗（Constance Brown）,陈丽芳,机械工业出版社,2011-12-1,49.00元,7.4
1508545,直觉交易商 开发你内在的交易智慧 罗伯特.库佩尔,,罗伯特.库佩尔,,清华大学出版社,1999-7,14.00元,7.4
7051047,价值狙击,股市基本面实战,李卫红,,上海财大,2011-12,39.00元,7.3
1072387,《股市操练大全》习题集,,黎航,,上海三联书店,2002-1,15.00元,7.5
10739338,对冲基金风云录2,悲剧英雄,巴顿·比格斯,张桦、筱莙,中信出版社,2012-6,48.00元,7.9
26655206,一个大投机家的告白,80年称冠牛熊,将心智转化成超额收益的证券心理学,[匈]安德烈·科斯托拉尼,林琼娟,重庆出版社,2015-11-1,39.8元,6.8
5272294,胡立阳股票投资制胜30秘则,,[匈]安德烈·科斯托拉尼,林琼娟,重庆出版社,2015-11-1,39.8元,7.2
2253867,期货交易者资金管理策略,,(美)瑙泽.J.鲍尔绍拉,,上海财经大学出版社,2007-1,32.00元,8.3
25746586,巴菲特投资案例集,,黄建平,,中国经济出版社,2013-10,39,7.1
4304963,操纵,机构投资人与大股东的操作策略,郎咸平,,东方,2010-1,36.00元,7.9
3258094,华尔街的华尔兹,,肯·费雪,刘雨,中国青年,2008-9,38.00元,7.3
10732843,看盘方法与技巧大全,,肯·费雪,刘雨,中国青年,2008-9,38.00元,6.7
3171733,寻找伟大的企业,,翟敬勇,,广东经济,2008-8,48.00元,7.4
20172093,股票期货赢利秘诀,,威廉姆·达尼根、李征 编,陈立辉,北京联合出版公司,2012-10,48.00元,7.6
1913819,主控战略开盘法,,黄韦中,,地震出版社,2006-10,48.00元,7.0
6797882,像杰西.利维摩尔一样交易,,理查德·斯密腾,王煦逸,上海财经大学出版社,2011-8,37.00元,7.6
4721859,这，就是华尔街,,埃德温·勒费夫尔,马军,中信,2010-4,25.00元,7.5
1361437,穩操勝算,Winner Take All,William R. Gallacher,寰宇財務顧問公司,Probus Publishing,1995年6月,NT$ 400,7.6
3774466,艾古理论,,马丁.普林格,,海南出版社,2002-6,19.80元,7.1
5325799,交易的真相,稳定盈利的秘密,劳剑勇,,九州出版社,2010-9,32.00元,7.8
4232210,菲波纳奇交易,如何掌握时间与价格优势,卡罗琳·伯罗登,,万卷出版公司,2010-1,42.00元,6.9
2335844,Margin of Safety,Risk-Averse Value Investing Strategies for the Thoughtful Investor,Seth A. Klarman,,HarperCollins,1991-10,USD 27.50,9.0
4190104,我如何以交易为生,,加里·史密斯,,张轶,2009-12,42.00元,7.0
2977274,黄金屋,对冲基金顶尖交易者如何从全球市场获利,史蒂文·卓布尼,,机械工业,2008-1,48.00元,8.1
2210046,选股决定盈亏,,拉里·威廉姆斯,,中国青年出版社,2007-8,36.00元,6.8
1005445,华尔街冒险家.投资大师巴鲁克传,,(美)詹姆斯・格兰特,张睿戬,中国标准出版社,2000-01,32.0,6.6
2147560,道氏理论,,陈东,,中国经济出版社,2007-7,48.00元,6.4
2981763,尖峰时刻,华尔街顶级基金经理人的投资经验,斯科特.凯斯,王舒宁,上海财经大学出版社,2008-1,30.00元,7.7
25996189,股浪语,,耿于天,,群众出版社,2014-8,36.00,7.2
4703873,沪深300股指期货交易手册,,耿于天,,群众出版社,2014-8,36.00,7.1
4888396,恐慌与机会,,（美）史蒂芬·韦恩斯,赵耀、霍春辉、陈瑶,机械工业出版社,2010-6,36.00元,6.9
26602150,牛市买什么，熊市卖什么—股票涨跌技巧详解,,谭晓风,,西南财经大学出版社,2015-8-28,38,7.4
1037910,资本市场的混沌与秩序,,(美)埃德加.E.彼得斯,王小东,经济科学出版社,1999-03,28.5,8.0
1024560,一次读完25本投资经典,,里奥·高夫,,吉林人民出版社,2000-08,18.00元,6.1
3724762,主控战略成交量,,黄韦中,,地震,2009-6,48.00元,7.0
3932528,价值的魔法,格雷厄姆和多德的现代投资法,托马斯·奥,林海,中信出版社,2009-9,59.00元,7.8
20272283,交易圣经,系统交易赢利要诀,布伦特·奔富,麻勇爱、严海淼、童锡基,机械工业出版社,2012-12,59.00元,7.7
5362015,资本的崛起,中国股市二十年风云录,编者：赵迪,,机械工业出版社,2010-11,39.00元,6.9
2321730,股神,是川藏银传奇,余郑华,,中华工商联合出版社,2000-08,25.00,7.9
6393720,股市幸存者如是说,,鲁晨光,,清华大学,2011-5,35.00元,7.4
1038702,贼巢,,斯图尔特,刘天佑,国际文化出版公司,2004-05,48.00元,8.0
6509802,孙阿姨炒股记,,伊恩·怀亚特,,季传峰,地震出版社,2015-10,6.6
10762736,投资先锋（套装上下册）,基金教父的资本市场沉思录,约翰·博格,宋三江、屠炜颖、吴天雷,机械工业出版社,2012-6,108.00元,7.1
5276674,金融市场预测,,约翰·博格,宋三江、屠炜颖、吴天雷,机械工业出版社,2012-6,108.00元,7.2
1774327,高胜算操盘－学做操盘高手,高胜算操盘,Marcel Link,黄嘉斌,环宇出版股份有限公司,2005,320,7.9
1488090,数字的谎言,,亚历克斯·贝伦森,于继革,中信出版社,2006-1,32.00元,7.0
26333045,股票就该这样玩儿——打造你自己的炒股盈利系统,打造你自己的炒股盈利系统,王铁民,,电子工业出版社,2015-3,39,7.5
3132098,价值为王,,王铁民,,电子工业出版社,2015-3,39,7.4
3537202,水晶球,吉姆·罗杰斯和他的投资预言,杨青,,机械工业出版社,2009-3,48.00元,7.0
3611560,索罗斯传,,罗伯特·斯莱特,陶娟,湛庐文化,2009-3,49.80元,7.4
4766752,如何把股市变成提款机,让庄家恐慌的股市攻略,任平生,,山西经济出版社,2010年05月,32.00元,7.9
3594056,证券交易之道,,彭冬初,,广东经济出版社,2009-2,28.00元,7.8
6850959,华尔街智慧,高胜算短线交易策略,劳伦斯·A.康纳斯、琳达·布拉福德·瑞斯克,孙大莹、张轶,万卷出版社,2011-10,48.00元,7.6
11500075,江恩趋势预测法,,威廉·D·江恩,何君,地震出版社,2012-1,20.00元,7.1
26022678,就这样理财 就这样生活,,威廉·D·江恩,何君,地震出版社,2012-1,20.00元,7.3
5397226,K线其实很简单,,宋建文,,中信出版社,2011-1,35.00元,6.8
10445365,期货市场交易守则,,宋建文,,中信出版社,2011-1,35.00元,7.9
20443127,网格交易法,数学+传统智慧战胜华尔街,林万佳,,电子工业出版社,2013-1,59.80元,4.6
1805003,股票期货市场预测指标,,冯督,,地震,2006-4,25.00元,7.5
1018889,放量,,张志雄,,海南出版社,2001-06,23.80,7.6
1950326,迷失的华尔街,华安基金世界资本经典译丛,埃里克·班克斯,彭立志,上海财经大学出版社,2006-10-1,40.00元,7.4
2025168,基金经理,,赵迪,,清华大学,2007-3,29.00元,6.5
1963419,Street Smarts: High Profitability Short-Term Trading Strategies,High Probability Short-Term Trading Strategies,Laurence A. Connors、Linda Bradford Raschke,,M. Gordon Publishing Group,January 1, 1996,$175.00,7.9
3062141,多空英雄,,只铁,,海南,2008-4,49.80元,6.9
1344517,从20万到10亿-张松允的独门投资术,,张松允,,時報文化,2004-6,120.00元,7.3
3521743,操盘学（下册）,,伍朝辉,,广东经济,2009-1,66.00元,6.8
2039877,The Stock Trader,How I Make a Living Trading Stocks,Tony Oz,,Goldman Brown Business Media,2000-07-21,USD 55.00,8.0
24706059,解套第二课,日历买股法,Tony Oz,,Goldman Brown Business Media,2000-07-21,USD 55.00,7.4
6759742,解缠论,股市实战新论,Tony Oz,,Goldman Brown Business Media,2000-07-21,USD 55.00,6.1
1967267,江恩价格与形态,,何造中,,机械工业出版社,2007-1,35.00元,6.5
25722049,操盘手,自由救赎,何造中,,机械工业出版社,2007-1,35.00元,6.7
2339918,纸戒,,周雅男,,中国工人,2007-11,28.00元,7.3
1430988,华尔街“梦之队”,,妮姬·罗斯,孙芳,海南,2005-9,29.0,7.2
3324065,财富引路人,成功基金经理的经济学解释及投资备忘录,罗恩·米伦坎普,,李国平,2009-1,42.00元,8.1
10468124,顺势而为,,罗恩·米伦坎普,,李国平,2009-1,42.00元,7.2
5364128,大变局,中国股市20年,汪在满,,山西人民出版社,2010-11,33.00元,7.3
2068798,黑客点击,,宁俊明,,四川人民,2002-8,25.00元,6.9
2151102,股市操练大全实战指导之一,实战指导之一,黎航,,上海三联书店出版社,2007-6,35.00元,8.0
1420703,霹雳狐狸,中国股市兵器谱排行榜,花荣,,经济管理,2005-6,38.00元,7.1
5408883,从零开始学K线,,郝鸿雁,,中信出版社,2011-1,39.00元,6.7
4919877,玩转金钱,,[美]安迪•凯斯勒,张志莉　周年洋,世纪文景,2011-1,38.00元,7.2
4840246,交易风险管理,,肯尼思·格兰特,蒋少华、代玉簪,万卷出版公司,2010-4,45.00元,6.5
1083122,股市潜规则,,迈克尔·帕内斯,潘宗福,中信出版社,2003-6-1,20.00元,7.3
3908825,多空交易日志,,（台湾） 邱逸恺,,地震出版社,2009-9,39.80元,7.4
10765601,解套第一课,拯救你的大脑和钱袋,玉名,,东方,2012-5,36.00元,7.7
4931693,小心!这是投资圈套,,Richard Smitten,,Wiley,2001-9,USD 29.95,7.0
25731748,对冲基金风云录3,王者私语,巴顿•比格斯,蒋宗强,中信出版社,2013-10-1,46.00元,6.8
26393909,玩赚分级基金,,王乐乐、徐晓霞,,同济大学出版社,2015-4-1,10,7.1
5939790,对冲基金,,罗伯特·A·耶格,黄嘉斌,东方出版社,2011-1,39.00元,7.8
6728143,抄底,未来十年的六大价值投资领域,斯科特·菲利普斯,王佳艺,人民邮电出版社,2011-8,35.00元,6.8
25885195,冲刺白马股,,启明、赵江辉,,机械工业出版社,2014-5,39.00,7.2
25761251,三角洲理论,隐藏于市场中的秩序,威尔斯•威尔德,高海嵘,山西人民出版社,2013-8-1,78,6.3
2071926,民间股神,第3集 八大股林高手赢钱秘招大特写,白青山,,上海人民出版社,2007-4,32.00元,7.2
2057041,阴谋,,李德林,,当代中国出版社,2007-4,36.00元,7.2
2130367,新巴菲特法则,master of policy shocks City,MA LI BA FEI TE (MaryBuffett ) DA WEI KE LA KE (DavidClark ) BEI JING HAI DE BAO,北京海德堡,Guangdong Provincial Publishing Group. Guangdong E,2007-6,39.00元,7.4
1131678,招财狐狸,,花荣,,经济管理出版社,2004-2,35.00元,6.8
1810834,宁波高手4,敢死队涨停秘笈,雪峰、小美,,地震出版社,2006-4-1,30.00元,6.3
1835055,民间股神,十大股林高手赢钱秘招大特写,白青山,,上海人民出版社,2006-6,30.00元,7.1
1220981,巴菲特的8堂投资课,,刘建位、刘建位,,民主与建设出版社,2005-1-1,19.00元,6.9
2073941,要做股市赢家,,杨怀定,,南京大学出版社,2007-4,28.00元,5.8
21324988,有效资产管理,,威廉•伯恩斯坦 (William J.Bernste),王红夏、张皓晨,机械工业出版社,2013-1,39.00元,8.4
1866783,DUMB MONEY 傻钱  脑力激荡丛书,一个股市当冲交易员的冒险经历,乔伊.安纳夫,张健,中国青年出版社,2001-7,16.80元,6.4
25861277,你也能够成为股票高手,一位从零开始学炒股的职业炒家的不平凡操作记录,立花义正,,地震出版社,2014-3-1,CNY 42.00,7.0
4139662,创业板投资28讲,,立花义正,,地震出版社,2014-3-1,CNY 42.00,7.1
4035749,点津,,徐胜治,,南海出版公司,2000-09,22.00元,7.7
2347057,How I Made $2,000,000 In The Stock Market,,Nicolas Darvas,,www.bnpublishing.com,2007-05-28,USD 9.99,7.7
6520555,一把直尺闯天下,,戈岩,,地震,2011-7,32.00元,7.1
6015852,谁说图表不会说谎,,【美】杰拉尔德.埃弗雷特.琼斯,罗立彬、李东博,南方出版社,2011-4,32.00元,6.4
4932815,谈股论经,中国证券市场基本概念辨误,理查德﹒科克,,海南出版社,1997-08-01,16.80元,6.8
6016211,艾略特名著集,,（美）小罗伯特 R.普莱切特（Robert R.Prechter,Jr）,陈鑫,机械工业出版社,2011-4,32.00元,6.9
25859687,波段交易法,,林辉太郎,毛兰频,地震出版社,2014-3-1,32,6.9
3643246,短线高手,,丁轶,,地震,2009-4,28.00元,7.5
10734779,400美金我翻了一万倍,一个操盘手12个月的日记,（美）剌利，（美）诺顿,李月平,清华大学出版社,2009-5,83.00元,4.5
6827495,江恩股市定律,,（美）剌利，（美）诺顿,李月平,清华大学出版社,2009-5,83.00元,7.2
2359447,买股票,找这样的公司就对了,,(日)藤野英人,贺迎,南海出版公司,2008-1,20.00元,6.3
25723410,约翰•邓普顿的投资之道,,乔纳森•戴维斯、阿拉斯戴尔•奈恩,李翔,机械工业出版社,2013-9,45.00,7.9
6516728,跟格雷厄姆学价值投资,,[美]珍妮特·洛尔,邓雁,中信,2011-7,38.00元,7.1
6307974,短线交易大师,精准买卖点,杰克·伯恩斯坦,褚耐安,山西人民出版社,2011-5,36.00元,6.4
3669234,一路骗到底,,大卫·艾因霍恩,张伟、吴溪、韦鲁鹏,机械工业出版社,2009-3,48.00元,7.8
2007088,做个百万富翁,,杨怀定著,,上海人民出版社,2002-4,25.00元,7.9
2695049,价值投资,,毛羽,,上海人民,2008-1,38.00元,6.6
4137174,股市潜规则,,迈克尔·帕内斯,潘宗福,中信,2010-4,25.00元,7.3
3770747,民间股神,第5集 顶尖高手熊市翻倍,白青山,,海天,2009-5,48.00元,7.1
4909652,五线开花,,上海操盘手,,上海财大,2010-6,29.00元,6.3
2380881,学习巴菲特,,刘建位,,中信出版社,2008-1-1,38.00元,7.2
3521742,操盘学（中册）,,伍朝辉,,广东经济,2009-1,66.00元,6.9
3578330,"临门一脚"考试系列辅导丛书·2009-2010证券从业资格考试应试辅导及考点预测,证券市场基础知识,伍朝辉,,广东经济,2009-1,66.00元,6.7
10799082,投资最重要的事,,[美] 霍华德·马克斯 Howard Marks,李莉、石继志,中信出版社,2012-7,58.00元,8.7
3340424,闲不住的手,中国股市体制基因演化史,陆一,,中信出版社,2008-12,42.00元,7.5
4022712,财务报告的秘密语言,,马克·哈斯金斯,,中信,2009-10,35.00元,7.7
26894273,时运变迁,世界货币、美元地位与人民币的未来,[美] 保罗·沃尔克、[日] 行天丰雄,于杰,中信出版社,2016-11,68.00,8.7
3759778,猎取主升浪,,[美] 保罗·沃尔克、[日] 行天丰雄,于杰,中信出版社,2016-11,68.00,7.1
1045778,凯恩斯文集-投资的艺术,,J.M.凯恩斯,王雅悦等,江苏人民出版社,1998-2,18.00,7.9
1453920,全面解读巴菲特,,罗伯特·P.迈尔斯,,高等教育出版社,2005-10,32.00元,7.3
2971969,私募英雄,中国七大投资高手征战股市纪实,周涛,,山西人民,2008-1,38.00元,6.4
5921155,投资大围猎,,王晓萌,,经济管理,2011-1,38.00元,8.0
4262017,操盘论道入门曲,看透F10,吴国平,,广东经济,2010-2,48.00元,8.5
1363573,日本酒田戰法（新版）,,马丁·S.弗里德森,,上海财大,2011-1,45.00元,7.6
1952128,兀鹫投资者,,希拉里·罗森伯格,韩方河,上海财经,2006-10,40.00元,6.7
21248966,道氏理论,,罗伯特·雷亚,,地震出版社,2013-1,32.00元,6.6
3643247,主力行为盘口解密2,,张永彬,,化学工业,2011-2,36.00元,6.3
6002211,华尔街狂人,叱咤风云的新派人物,[美]莱茵韦贝尔,王忠玉等,机械工业,2011-2,58.00元,6.8
20283362,量化交易与资金管理,,齐晓明,,中国劳动,2011-7,39.80元,6.4
3525179,香港证券市场全透视,,郭莉、巴曙松,,中信出版社,2009-2,80.00元,7.6
2986486,杠杆叠加原理,解密期市、汇市、股市盈利法则,张革,,地震出版社北京发行部,2008-1,30.00元,7.0
1048957,短线是银,,唐能通,,四川人民出版社,1999-3-1,25.00,6.6
6526465,股票市场的时机选择,,（美）科林·亚历山大（Colin Alexander）,郭洪钧等,机械工业出版社,2011-6,49.00元,7.1
5957202,股票市场超级明星,加拿大顶级选股人的秘密,鲍伯·汤普森,,上海财大,2011-1,48.00元,7.3
11596155,股票T+0操作策略,每天都是小牛市,汤姆・科普兰、蒂姆・科勒、威廉・福特、廉晓红、杰克・默林、詹正茂,廉晓红、詹正茂,机械工业出版社,2004-11-1,26.00元,7.0
2178556,一路涨停,,汤姆・科普兰、蒂姆・科勒、威廉・福特、廉晓红、杰克・默林、詹正茂,廉晓红、詹正茂,机械工业出版社,2004-11-1,26.00元,6.7
1031903,反传统营销,,（美）詹瑞特,简贞玉,海南出版社,2001-09,18.00,7.5
1951539,如何从商品期货交易中获利,,威廉·D·江恩,李国平,机械工业,2007-1,58.00元,7.1
2007219,至尊狐狸,,花荣,,经济管理出版社,2007-1,35.00元,6.9
1914109,股殇,,黄睿,,中央编译,2007-10,28.00元,6.0
26600141,股票投资要义,洞悉牛熊周期,胡斐,,经济管理出版社,2015-6-1,42,6.2
4836749,金融交易学（第一卷）,一个专业投资者的至深感悟,胡斐,,经济管理出版社,2015-6-1,42,6.8
2594755,凯恩斯看盘,,凯恩斯,,2008-1-17,2008-1,35.00元,6.9
21866644,涨跌,典型股票盘口分析108例,师建,,化学工业出版社,2013-4,39.80元,7.3
4119096,查理·芒格传,,[美]珍妮特·洛尔(Janet Lowe),邱舒然,中国人民大学出版社,2009-10-1,49.80,7.4
3129087,今日价值投资,,查尔斯·布兰帝,徐艳芳,中国青年出版社,2008-6,32.00元,6.9
10433788,操盘战法1,,窦为,,机械工业,2012-1,36.00元,7.3
1818736,王牌狐狸,超精英私募军团全流通战法,花荣,,经济管理出版社,2006-4,28.00元,6.4
1014147,短线法宝,,陶崇恩,,中国大百科全书出版社,2000-06,18.00,6.7
1831280,弹无虚发交易方法,,约翰·内托,,地震出版社,2006-6,45.00元,6.9
6975779,一本书读懂趋势投资,,[美] 托马斯•H•齐,吴奕俊,中信出版社,2011-12,49.00元,6.3
24732459,市场的霸主,对冲基金世界的超额回报大师,(美) 马妮特•阿胡贾（Maneet Ahuja）,毕崇毅、郑磊,机械工业出版社,2013-6,49.00元,7.1
6397672,庄家那些事儿,庄家那些事儿,(美) 马妮特•阿胡贾（Maneet Ahuja）,毕崇毅、郑磊,机械工业出版社,2013-6,49.00元,6.3
6790561,告别亏损,从持续亏损到稳健盈利的修炼法则,洗剑,,中国宇航,2011-8,38.00元,7.5
2998675,彼得·林奇传,,橡树国际理财机构,,吉林科技,2008-1,30.00元,7.2
3549963,证券投资学,,吴晓求,,中国人民大学出版社,2009-2,30.00元,6.5
1312723,是赌博也是艺术,,王京州,,上海远东出版社,2005-1,18.00元,7.0
1176115,德隆内幕,挑战金融与实业的均衡极限,李德林,,当代中国出版社,2004-1,30.00元,6.1
1082671,技术分析A-Z,,阿基里斯,,中国财政经济出版社,2004-1,55.00元,6.3
4244859,超越金融,索罗斯的哲学,乔治·索罗斯,宋嘉,中信出版社,2010-4,28.00元,8.4
2107547,江恩精髓,,詹姆斯A·海尔齐格,何虹,地震出版社北京发行部,2007-4,48.00元,5.8
2127981,宁波高手1,再战江湖·短线法宝·岂容错过,雪峰、小美,,地震出版社,2007-6,26.00元,6.3
3115270,彼得·林奇教你学投资,最易懂好学的成功投资指南,张兵 编,,经济管理出版社,2008-5,26.00元,7.3
5985825,板块与风格投资,,文森特•凯特拉诺,,张甦伟,2011-1,35.00元,6.7
6064953,非必需消费品投资,,（美）雷诺，（美）托伊费尔,李风，黄世强,中信出版社,2011-4-6,32.00元,6.0
26371607,Efficiently Inefficient,How Smart Money Invests and Market Prices Are Determined,Lasse Heje Pedersen,,Princeton University Press,2015-4-13,$45.00,7.9
1485647,常胜狐狸,,花荣,,经济管理,2006-1,28.00元,6.9
1718808,国际九大投资基金经理访谈录,,史建邦,,,1997-7,16.00元,7.8
4244870,股市公开信息淘金,,揭幕者,,经济日报出版社,2010,32.00元,7.0
1014225,股市大众心理解析,,[瑞典] 卡尔·基林兰（Carl Gyll,,机械工业出版社,2001-09,21.00元,6.6
4888065,短线高手2,,丁轶,,地震,2010-6,30.00元,7.7
3638553,股市大赢家,,黄韦中,,地震,2009-6,49.80元,6.7
3145538,吃定庄家,,黄韦中,,地震,2009-6,49.80元,7.4
7059743,新手学炒股票与基金,新手学炒股票与基金,朱丽娟,,清华大学,2012-1,42.00元,6.9
26598336,概率游戏,像操盘手那样做股票,凌波,,北京斯坦威图书有限责任公司,2015-6-1,CNY 45.00,7.1
4149140,解读量化投资,西蒙斯用公式打败市场的故事,忻海,,机械工业出版社,2010-1,32.00元,7.2
1492939,大炒家,,吴迪,,地震出版社,2006-2,48.00元,7.3
1175656,投资估价确定任何资产价值的工具和技术（上）,确定任何资产价值的工具和技术：第2版,林谦、Aswath Damodaran,林谦,清华大学出版社,2004-7-1,58.00元,7.6
2262936,股民基民常备手册,,陈火金,,长江文艺出版社,2007-9,29.00元,6.9
1852702,零风险炒股实战策略,,周佛郎,,清华大学出版社,2006-6,48.00元,7.0
4717226,战胜庄家,,金浩,,黄山书社,2010-2,36.00元,6.7
5907379,金融交易学（第二卷）,,投资家1973,,上海财大,2010-12,58.00元,6.6
5346152,解密中国私募,16位阳光私募明星访谈录,陈晓燕,,中国青年出版社,2010-10-1,38.00元,6.9
1040909,巅峰投资家,,詹姆斯・莫顿,杨晴川,中央编译局,2004-06,45.00,7.3
5029373,格雷厄姆谈投资,,[美] 罗德尼·克莱因、戴维·达斯特,张岩、李红梅,中信出版社,2010-8,62.00元,8.4
10457458,江恩投资哲学,,威廉·D·江恩,徐红,天津社会科学院出版社,2012-1,32.00元,5.7
6828177,我是索罗斯,,［美国］乔治·索罗斯、［美国］拜伦·韦恩、［德国］克里斯蒂娜·科南,真如,海南出版社,2011-9,30.00元,7.7
4123181,Corporate Finance,Finance,Stephen Ross、Randolph Westerfield、Jeffrey Jaffe,McGraw-Hill,Irwin,2009-10-5,$ 276.29,8.1
3601679,非常交易,私募操盘手的柔性交易哲学,吴开懿,,广东经济,2009-3,35.00元,6.8
1145834,道氏理论,市场分析的基石,陈东,,中国经济出版社,2004-1-1,32.00,6.5
1957629,投资圣经,,安迪·基尔帕特里克,何玉柱,机械工业出版社,2007-1,30.00元,7.2
3030134,魔山理论,,安迪·基尔帕特里克,何玉柱,机械工业出版社,2007-1,30.00元,6.4
1022302,本杰明·格雷厄姆论价值投资,,安迪·基尔帕特里克,何玉柱,机械工业出版社,2007-1,30.00元,6.4
6065529,坐庄,,狼居士,,云南人民,2011-4,29.80元,5.6
1490186,巴菲特如何选择超级明星股,,刘建位,,机械工业,2006-1,35.00元,7.1
6753836,凯恩斯投资真经,,贾斯廷·沃尔什,,中信,2011-8,39.00元,7.1
5356925,股市赚钱你做主,炒股选基金选密码,邢冶,,山西人民出版社,2010-10,30.00元,7.6
1117807,巴菲特经典投资案例,,理查德・西蒙斯,孙大威,中国财政经济出版社,2003-1-1,20.00元,7.6
3129039,民间股神,第四集 九大股林高手赢钱秘招大特写,白青山,,上海人民,2008-6,42.00元,7.4
1024501,短线是银之三-短线高手制胜的54张王牌,,唐能通,,四川人民出版社,2000-2-1,25.00,7.5
4183115,买在最低点,,横山利香,,张海燕,2009-11,23.80元,7.0
6776714,赚在起跑线,股市赢家模式,玉名,,中信出版社,2011-9,35.00元,7.3
6437049,股市钱规则,让你赚得更多的秘密,玉名,,中信出版社,2011-7,32.00元,6.7
11500072,艾略特波浪理论,自然法则,R·N·艾略特,何君,地震出版社,2012-7,20.00元,6.7
2989587,上市公司,丁力《上市公司》剥光上市公司的外衣,丁力,,清华大学,2008-1,29.80元,6.4
1809022,打破神话的投资十诫,,埃斯瓦斯·达莫达兰,何岚,机械工业出版社,2006-5,39.80元,8.1
2133180,超级强势股,,肯尼斯·L·费希尔,罗耀宗,经济科学出版社,2000年5月,25,7.4
2171619,投资学基础,估值与管理（第3版）,(澳)科拉多等,白雪、胡波,北京大学出版社,2007-5,76.00元,8.7
1417775,中国证券市场批判,,袁剑,,中国社会科学出版社,2004-12,26.00元,8.6
6863193,战胜机构投资者,,朱平,,中国人民大学出版社,2011-11-1,45.80元,7.5
2134205,从新手到高手,,张海滨,,北京大学出版社,2007-7,36.00元,7.4
