"5243775","聪明的投资者","","本杰明·格雷厄姆、Benjamin Graham","王中华、黄一义","人民邮电出版社","2010-8","88.00元","9.0"
"26756140","行动的勇气","金融危机及其余波回忆录","[美]本·伯南克","蒋宗强","中信出版社","2016-5","78.00元","9.9"
"1220853","伟大的博弈","华尔街金融帝国的崛起","[美] 约翰·S. 戈登","祁斌","中信出版社","2005-1","39.00元","8.3"
"10799082","投资最重要的事","","[美] 霍华德·马克斯 Howard Marks","李莉、石继志","中信出版社","2012-7","58.00元","8.7"
"25844463","摩根财团","美国一代银行王朝和现代金融业的崛起（1838～1990）","[美]罗恩·彻诺(Ron Chernow)","金立群","江苏文艺出版社","2014-4-24","198.00","8.8"
"1058131","金融炼金术","","'[美]罗恩·彻诺(Ron Chernow)'","'金立群'","'江苏文艺出版社'","'2014-4-24'","'198.00'","8.4"
"1021346","股票作手回忆录","","''[美]罗恩·彻诺(Ron Chernow)''","''金立群''","''江苏文艺出版社''","''2014-4-24''","''198.00''","8.7"
"5297291","大而不倒","2010年全球政要和首席执行官争相阅读的金融危机启示录","安德鲁·罗斯·索尔金","巴曙松、陈剑","中国人民大学出版社","2010-9","69.80元","8.4"
"4953707","门口的野蛮人","史上最强悍的资本收购","布赖恩·伯勒、约翰·希利亚尔","张振华","机械工业出版社","2010-9","52.00元","8.2"
"26163553","投资中最简单的事","","邱国鹭","","中国人民大学出版社","2014-10","45.90","8.7"
"2081876","货币战争","","宋鸿兵 编著","","中信出版社","2007-6","38.00元","7.3"
"2005726","货币金融学","（第7版）","弗雷德里克·S·米什金","郑艳文","中国人民大学出版社","2006-12","79.00元","8.7"
"1013378","证券分析","","本杰明·格雷厄姆、戴维·多德","邱巍","海南出版社","2004-1","60.00元","8.8"
"26894273","时运变迁","世界货币、美元地位与人民币的未来","[美] 保罗·沃尔克、[日] 行天丰雄","于杰","中信出版社","2016-11","68.00","8.7"
"3043970","漫步华尔街","A Random Walk Down Wall Street","麦基尔","骆玉鼎、彭晗","机械工业出版社","2008-4","48.00元","8.4"
"23760469","投资银行、对冲基金和私募股权投资","","(美)戴维·斯托厄尔","黄嵩、赵鹏","机械工业出版社","2013-4","99.00元","8.9"
"1082512","公司理财","（原书第6版）","斯蒂芬A.罗斯","","机械工业出版社","2007-1","78.00元","9.4"
"6720539","断层线","全球经济潜在的危机","[美] 拉古拉迈·拉詹","刘念、蒋宗强、孙倩、刘开雄","中信出版社","2011-7","49.00元","8.3"
"1972412","说谎者的扑克牌","华尔街的投资游戏","[美] 迈克尔·刘易斯","孙忠","中信出版社","2007-1","35.00元","8.1"
"5408886","大空头","","（美）迈克尔•刘易斯","","中信出版社","2011-1-20","42.00元","8.3"
"2015368","价值评估","公司价值的衡量与管理","蒂姆·科勒","高建、魏平、朱晓龙 等","电子工业出版社","2007-2","88.00元","9.1"
"3891900","金融的逻辑","","陈志武","","国际文化出版公司","2009-08-01","39.80元","7.7"
"4217139","高盛帝国（上）","","[美] 查尔斯·埃利斯","卢青、张玲、束宇","中信出版社","2010-1-1","42.00","7.5"
"1089991","期货市场技术分析","","[美]约翰.墨菲","丁圣元","地震出版社","1994-5-1","80.00元","9.1"
"25926542","一本书读懂财报","","肖星","","浙江大学出版社","2014-7-1","35.00元","8.8"
"1046164","巴菲特致股东的信","股份公司教程","(美)巴菲特(Buffett.W.E.)","陈鑫","机械工业出版社","2004-01","38.00元","8.3"
"25717107","红色资本","中国的非凡崛起与脆弱的金融基础","[美]卡尔·沃尔特(Carl E. Walter)、[美]弗雷泽·豪伊(Fraser J. Howie)","祝捷、刘骏","东方出版中心","2013-8-1","38.00元","8.8"
"1022374","大银行家","","马丁・迈耶","何自云","海南出版社","2000-1","29.80","7.7"
"5914480","富可敌国","对冲基金与新精英的崛起","[美] 塞巴斯蒂安·马拉比","徐煦","中国人民大学出版社","2011-1","59.80元","8.7"
"3427304","美国货币史 1867—1960","","[美] 米尔顿·弗里德曼等、[美] 安娜·J.施瓦茨","巴曙松、王劲松 等","北京大学出版社","2009-1","78.00元","8.9"
"2382899","通向财务自由之路","第2版","范·撒普","董梅","机械工业出版社","2008年","48.00元","8.4"
"26314075","信用创造、货币供求与经济结构","","李斌、伍戈","","中国金融出版社","2014-12-1","58.00元","9.4"
"6967535","资本之王","全球私募之王黑石集团成长史","[美] 戴维•凯里、[美]约翰•莫里斯","巴曙松","中国人民大学出版社","2011-11-30","59.80元","7.7"
"26237302","金钱有术","金钱有术","知乎","","中信出版社","2014-11","42.00元","7.3"
"1085935","非理性繁荣","","(美)罗伯特.J.希勒","廖理","中国人民大学出版社","2004-11","29.00元","8.0"
"1776987","期权、期货和其他衍生品（第5版）","","（加）约翰.赫尔（John C. Hull ）","","清华大学出版社","2006-3-1","68.00","9.0"
"1949744","对冲基金风云录","","[美] 巴顿·比格斯","张桦、王小青","中信出版社","2007-1","42.00元","8.2"
"5346110","穷查理宝典","查理·芒格的智慧箴言录","[美]彼得·考夫曼 (编)","李继宏","上海人民出版社","2010-10-01","88.00","9.0"
"3027464","专业投机原理","","维克托·斯波朗迪","","机械工业出版社","2008-3","68.00元","8.6"
"10568233","策略投资","","王成、韦笑","","地震出版社","2012-1","80.00元","9.0"
"6556296","亚洲教父","香港、东南亚的金钱和权力","[美] 乔·史塔威尔","史钰军","复旦大学出版社","2011-7","36.00元","8.3"
"4244859","超越金融","索罗斯的哲学","乔治·索罗斯","宋嘉","中信出版社","2010-4","28.00元","8.4"
"1007459","怎样选择成长股","","菲利普.A.费舍","罗耀宗","海南出版社","1999-10","19.80","8.5"
"6736909","投资交易笔记","2002-2010年中国债券市场研究回眸","董德志","","经济科学","2011-6","52.00元","8.7"
"1958714","彼得·林奇的成功投资","","[美] 彼得·林奇、约翰·罗瑟查尔德","刘建位、徐晓杰","机械工业出版社","2007-1","38.00元","8.7"
"10765392","货币、银行信贷与经济周期","","'[美] 彼得·林奇、约翰·罗瑟查尔德'","'刘建位、徐晓杰'","'机械工业出版社'","'2007-1'","'38.00元'","8.7"
"6827362","汉密尔顿","美国金融之父","罗恩·彻诺","应韶荃、姚晨辉、齐宛基","上海远东出版社","2011-8","128.00元","9.4"
"5921785","乱世华尔街","一位华人交易员的经历","渔阳","","中国人民大学出版社","2011-3-2","39.80元","8.7"
"1420638","投资学","原书第6版","Zvi Bodie、Alex Kane、Alan J. Marcus","朱宝宪","机械工业出版社","2005-7","89.00元","8.3"
"2339892","海龟交易法则","","柯蒂斯·费思","乔江涛","中信出版社","2007-12","38.00元","8.4"
"1949390","投资者的未来","","(美)杰里米 J.西格尔(Jeremy J. Siegel)","李月平","机械工业出版社","2007-1","42.00元","8.2"
"4748753","机构投资的创新之路","","大卫·F·史文森","","中国人民大学出版社","2010-3-1","58.00元","8.7"
"24696672","经济运行的逻辑","","高善文","","中国人民大学出版社","2013-5","49.00元","8.5"
"26327897","压力测试","对金融危机的反思","蒂莫西·F•盖特纳","益智","中信出版社","2015-4-1","58.00元","8.1"
"4906492","金融市场技术分析","期（现）货市场、股票市场、外汇市场、利率（债券）市场之道","（美）约翰·墨菲","丁圣元","地震出版社","2010-6","80.00元","8.8"
"25912159","当音乐停止之后","金融危机、应对策略与未来的世界","艾伦·布林德","巴曙松、徐小乐","中国人民大学出版社","2014-7-1","79.90元","8.7"
"24708136","估值","难点、解决方案及相关案例（原书第2版）","（美）埃斯瓦斯·达莫达兰","李必龙、李羿、郭海","机械工业出版社","2013-6","99.00","8.5"
"1157539","公司财务原理","","理查德 A.布雷利、斯图尔特 C.迈尔斯","方曙红 等","机械工业出版社","2004-4-1","108.00元","9.0"
"10773362","随机漫步的傻瓜","发现市场和人生中的隐藏机遇","纳西姆·尼古拉斯·塔勒布","盛逢时","中信出版社","2012-7","39.00元","8.2"
"1728725","股市真规则","世界顶级评级机构的投资真经","帕特·多尔西","","中信出版社","2006-1","38.00元","8.9"
"10550974","公司基本面分析实务","把握能把握的机会","中能兴业","","地震","2012-3","35.00元","8.7"
"26695863","梦想与浮沉：A股十年上市博弈","A股十年上市博弈","王骥跃、班妮","","机械工业出版社","2016-1-1","CNY 69.00","8.8"
"10439662","货币的教训","汇率与货币系列评论","周其仁","","北京大学出版社","2012-1","36.00元","8.9"
"2335844","Margin of Safety","Risk-Averse Value Investing Strategies for the Thoughtful Investor","Seth A. Klarman","","HarperCollins","1991-10","USD 27.50","9.0"
"1511636","价值投资","从格雷厄姆到巴菲特","布鲁斯·格林威尔","","机械工业出版社","2002-1","25","8.7"
"25890247","风吹江南之互联网金融","","陈宇（江南愤青）","","东方出版社","2014-6-1","55元","8.4"
"2189613","战胜华尔街","","[美]彼得·林奇、约翰·罗瑟查尔德","","机械工业出版社","2007-8-1","48.00元","8.4"
"1017213","金融学","","(美)博迪、莫顿","伊志宏","中国人民大学出版社","2000-10","50.00元","8.4"
"26801676","债务和魔鬼","货币、信贷和全球金融体系重建","阿代尔·特纳勋爵","王胜邦、徐惊蛰、朱元倩","中信出版社","2016-4-5","59.00","8.6"
"26032227","金融的解释","王福重金融学二十九讲","王福重","","中信出版社","2014-11-1","49.00元","7.5"
"11525290","走出幻觉走向成熟","从学生股民到系统交易专家","金融帝国","","中国经济出版社","2012-7","38.00元","8.5"
"21331443","中国是部金融史","透过金融读懂中国三千年","陈雨露、杨忠恕","","北京联合出版公司","2013-3","39.50元","8.1"
"25843334","金融的本质","伯南克四讲美联储","【美】伯南克","巴曙松、陈剑","中信出版社","2014-4","58.00","8.2"
"26765359","金融是本故事书","无序时代的资本冒险","许敬、中国基金博物馆 策划整理","","后浪出版公司·鹭江出版社","2016-5","36.00元","7.9"
"3233988","资本的游戏","","房西苑","","机械工业出版社","2008年","70.00元","8.5"
"1443196","诚信的背后","摩根士丹利圈钱游戏黑幕","弗兰克·帕特诺伊","邵琰","当代中国出版社","2005-10","30.00元","8.1"
"1068793","从资本家手中拯救资本主义","捍卫金融市场自由创造财富和机会","拉古拉迈・拉詹 等","余江","中信出版社","2004-08","30.00元","9.0"
"1087737","日本蜡烛图技术","古老东方投资术的现代指南","（美）史蒂夫.尼森","丁圣元","地震出版社","1998-05-01","60.00元","8.9"
"5271687","金融市场与金融机构基础","原书第4版","弗兰克·J·法博齐、弗兰科·莫迪利亚尼、弗兰克·J·琼斯","孔爱国、胡畏、张湄","机械工业出版社","2010-9","79.00元","8.6"
"4137182","荣辱二十年","我的股市人生","阚治东","","中信出版社","2010-1-1","38.00元","8.3"
"26290085","手把手教你读财报","财报是用来排除企业的","唐朝","","中国经济出版社","2015-1-1","CNY 49.00","8.8"
"3276034","大衰退","如何在金融风暴中幸存和发展","'唐朝'","''","'中国经济出版社'","'2015-1-1'","'CNY 49.00'","8.2"
"25875806","并购之王","投行老狐狸深度披露企业并购内幕","丹尼斯 J.罗伯茨","唐京燕、秦丹萍","机械工业出版社","2014-4-29","CNY 78.00","8.2"
"6712293","宽客","华尔街顶级数量金融大师的另类人生","[美] 斯科特•帕特森","卢开济、译科","中国人民大学出版社","2011-7","56.00元","8.1"
"4882119","价值起源","无改变世界的金融创新,金融市场和金融工具是如何兴起的","威廉·N·戈兹曼、K·哥特·罗文霍斯特","王宇、王文玉","万卷出版公司","2010-7","68.00元","8.2"
"26142366","中国巨债","","刘海影","","中信出版社","2014-9-1","CNY 58.00","7.9"
"1855468","Beat the Dealer","A Winning Strategy for the Game of Twenty-One","Edward O. Thorp","","Vintage","1966-4-12","USD 13.00","8.7"
"25767203","同业鸦片","","顽石","","中信出版社","2014-1","39.00元","7.9"
"25751995","还原真实的美联储","","王健","","浙江大学出版社","2013-11-10","38.00","8.5"
"5314887","邓普顿教你逆向投资","牛市和熊市都稳赚的长赢投资法","劳伦C•邓普顿、斯科特•菲利普斯","杨晓红","中信出版社","2010年10月1日","35.00元","8.2"
"3265599","逃不开的经济周期","","拉斯·特维德","董裕平","中信出版社","2008-11","42.00元","8.2"
"25850045","Flash Boys","A Wall Street Revolt","Michael Lewis","","W. W. Norton & Company","2014-3-31","USD 27.95","8.2"
"1038702","贼巢","","斯图尔特","刘天佑","国际文化出版公司","2004-05","48.00元","8.0"
"3836277","货币战争2:金权天下","","宋鸿兵","","中华工商联合出版社","2009-08-01","39.00元","7.3"
"26876349","金融求职宝典：玩转金融业的正确姿势","","金融小伙伴","","中国市场出版社","2016-9-30","39.80元","9.1"
"19977078","股权战争","","苏龙飞","","北京大学出版社","2012-11","45.00元","8.5"
"3931857","十年轮回","从亚洲到全球的金融危机","沈联涛","","上海远东","2009-8","38.00元","8.7"
"26324497","支付战争","互联网金融创世纪","埃里克•杰克逊","徐彬、王晓、清华大学五道口金融学院未央研究  审译","中信出版社","2015-5-19","49.00","8.1"
"1149697","货币银行学","","易纲、吴有昌","吴全昊","上海人民出版社","1999-1","49.00元","8.4"
"6849713","银行的秘密","揭开美联储的神秘面纱","默里·罗斯巴德","李文浩 钟帅等 译、杨农 审校","清华大学出版社","2011-9","52.00元","8.7"
"1141543","金融心理学","掌握市场波动的真谛","拉斯·特维德","周为群","中国人民大学出版社","2003-11","29.00元","7.8"
"3776705","金融时间序列分析","","Ruey S.Tsay","王辉、潘家柱","人民邮电出版社","2009-6-1","79.00元","9.0"
"2139493","宽客人生","华尔街的数量金融大师","Emanuel Derman","张戬","中信出版社","2007-7","38.00元","8.0"
"3725211","不落俗套的成功","最好的个人投资方法","大卫·F·斯文森","武倩","中国青年出版社","2009-4-1","36.00元","7.8"
"26576499","房债","为什么会出现大衰退，如何避免重蹈覆辙","[美]阿蒂夫·迈恩（Atif Mian）、阿米尔·苏非（Amir Sufi）","何志强、邢增艺","中信出版社","2015-7","36.00元","8.8"
"25800850","动荡的世界","风险，人性与未来的前景","[美]艾伦•格林斯潘","余江","中信出版社","2013-12","65.00元","8.0"
"7051700","共同基金常识","","[美] 约翰•博格","巴曙松、吴博","中国人民大学出版社","2011-12","88.00元","8.3"
"1891639","赌金者","长期资本管理公司(LTCM)的升腾与陨落","罗格.洛温斯坦","孟立慧","上海远东","2006-07-01","35.00元","8.6"
"26883450","金融炼金术的终结","货币、银行与全球经济的未来","默文·金","","中信出版社","2016-9-1","CNY 79.00","8.0"
"1131736","股票大作手操盘术","","杰西·利弗莫尔","丁圣元","企业管理出版社","2003-8-1","20.00元","8.6"
"1923472","大投机家","","[匈] 安德烈·科斯托拉尼","","海南出版社","2006-1","30.00元","8.5"
"4720006","峭壁边缘","拯救世界金融之路","亨利·保尔森","乔万涛","中信出版社","2010-4","49.00元","8.0"
"5029372","一个证券分析师的醒悟","","张化桥","","中信出版社","2010-9","30.00元","7.8"
"24698948","量化投资策略","如何实现超额收益Alpha","理查德·托托里罗","","上海交通大学出版社","2013-5","98.00元","8.4"
"26670241","Python金融大数据分析","","[德] 伊夫·希尔皮斯科","姚军","人民邮电出版社","2015-12","CNY 99.00","8.2"
"11509654","金融怪杰","对话华尔街的传奇交易员","杰克·施瓦格","韩晓文、和玉虹、李晓民","中国经济出版社","2012-7","36.00元","8.5"
"2171619","投资学基础","估值与管理（第3版）","(澳)科拉多等","白雪、胡波","北京大学出版社","2007-5","76.00元","8.7"
"6080028","黑石的起点，我的顶点","黑石创始人彼得·彼得森自传","[美] 彼得·彼得森","施轶","万卷出版公司","2011-4","56.00元","7.8"
"6743298","经济为什么会崩溃","鱼、美元和经济学","〔美〕彼得•D•希夫  安德鲁•J•希夫","胡晓姣、吕靖纬","中信出版社","2011-8","39.00元","8.9"
"24153567","对冲基金奇才","常胜交易员的秘籍","（美）杰克•施瓦格 （Jack D. Schwager）","何澍鑫、刘姝君、徐君岭","机械工业出版社","2013-5","69.00元","8.7"
"2347627","公司金融理论（上下册）","","让·梯若尔","王永钦","中国人民大学出版社","2007-12","102.00元","9.3"
"26319391","金融的逻辑","01：金融何以富民强国","陈志武","","西北大学出版社","2015-2","58.00","8.1"
"26737644","海外并购交易全程实务指南与案例评析","","张伟华","","中国法制出版社","2016-2","112.00元","9.0"
"20419190","门口的野蛮人2","","（美）乔治•安德斯","胡震晨","机械工业出版社","2012-12","50.00元","8.5"
"25984361","主动投资组合管理","","（美）理查德C.格林诺德（Richard C.Grinold）、雷诺德N.卡恩（Ronald N.Kahn）","李腾、杨柯敏、刘震","机械工业出版社","2014-9","100.00","9.3"
"3291970","滚雪球（上）","巴菲特和他的财富人生","[美] 艾丽斯·施罗德","覃扬眉、丁颖颖、张万伟、张春明、张艳云","中信出版社","2009-1","39.00","8.0"
"1692957","十年一梦","一个操盘手的自白","青泽","","企业管理出版社","2006-1","36.00元","8.3"
"1417775","中国证券市场批判","","袁剑","","中国社会科学出版社","2004-12","26.00元","8.6"
"6148690","金融之王","毁了世界的银行家","[美]利雅卡特•艾哈迈德","巴曙松、李胜利","中国人民大学出版社","2011-5-1","62.00元","7.9"
"26772766","货币简史","","卡比尔·塞加尔","栾力夫","中信出版集团股份有限公司","2016-5","49","8.1"
"26194949","财务模型与估值","投资银行和私募股权实践指南","Paul Pignataro","刘振山、张鲁晶","机械工业出版社","2014-10-17","68.00元","8.6"
"26816965","股价为什么会上涨","超越时代的股市传奇 里昂·利维自述","[美]里昂·利维（Leon Levy）、尤金·林登（Eugene Linden）","萧达","群言出版社·后浪出版公司","2016-8","42.00元","7.9"
"1000425","花旗帝国","金融奇才桑迪·韦尔传奇","（美）莫尼卡•兰利","刘晶晶","中信出版社","2005-01","38.00","8.0"
"3235606","半路出家的投资银行家","华尔街10年变迁内幕","(美)乔纳森·尼","贝多广 叶扬 覃扬眉","中信出版社","2008年","38.00元","8.0"
"4724794","财务报表分析","(第三版)","马丁·弗里德森(Martin Fridson)、费尔南多·阿尔瓦雷斯(Fernando Alvarez)","朱丽","中国人民大学出版社","2010年03月","35.00元","8.5"
"4923147","史上最伟大的交易","","[美] 格里高利•祖克曼","施轶","中国人民大学出版社","2010-7-1","49.80元","8.0"
"10441758","证券分析师的最佳实践指南","","詹姆斯 J.瓦伦丁","王洋","机械工业出版社","2012-1","78.00元","8.2"
"3027457","华尔街幽灵","","阿瑟·L.辛普森","张志浩、关磊","中国社会科学出版社","2008-3","38.00元","8.1"
"2031890","以交易为生","","亚历山大·埃尔德","符彩霞","机械工业出版社","2007-3","36.00元","8.3"
"24741682","力挽狂澜：保罗•沃尔克和他改变的金融世界","保罗•沃尔克和他改变的金融世界","【美】威廉·西尔伯(William Silber)","綦相、刘丽娜","上海财经大学出版社","2013-9","68.00元","8.5"
"26391828","纸牌大厦","卢瑟经济学之21世纪金融危机","安生","","中国发展出版社","2015-4-1","48","8.2"
"5447147","货币战争3","金融高边疆","宋鸿兵","","中华工商联合出版社","2011-1","39.90元","7.6"
"20386252","金融与好的社会","","罗伯特·希勒","束宇","中信出版社","2012-12-5","75.00元","7.8"
"26853577","胡作非为：人性之本与金融暴行","","乔里斯•卢因迪克","刘飏","中信出版社","2016-8-19","49.00","8.0"
"5976544","交易心理分析","","马克·道格拉斯","刘真如","电子工业出版社","2011-3","58.00元","8.1"
"1651750","Stochastic Calculus for Finance I","The Binomial Asset Pricing Model","Steven E. Shreve","","Springer","2004-4","496.00元","9.1"
"4222014","稳定不稳定的经济","一种金融不稳定视角","海曼·P.明斯基","","清华大学出版社","2010-1","49.00元","8.4"
"3905263","罗斯柴尔德家族.第1部","金钱的先知","尼尔·弗格森","顾锦生","中信出版社","2009-9","39.00元","7.6"
"3164123","巴菲特传","一个美国资本家的成长","Roger Lowenstein","蒋旭峰、王丽萍","中信出版社","2008-9","49.00元","8.2"
"25987324","投资银行","估值、杠杆收购、兼并与收购（原书第2版）","乔舒亚·罗森鲍姆、乔舒·亚珀尔","刘振山、曹建海、注册估值分析师协会","机械工业出版社","2014-9-1","99.00元","8.7"
"25975503","金融的哲学","","周洛华","","西南财经大学出版社","2014-9-1","32.00","8.3"
"1928404","1929年大崩盘","","约翰·肯尼斯·加尔布雷思","","上海财经大学出版社","2006-10","25.00元","7.5"
"1010197","金融战败","发自经济大国受挫后的诤言的新描述","[日] 吉川元忠","孙晓燕、袁英华","中国青年出版社","2000-01","9.50","8.3"
"1547736","不确定条件下的投资","","(美)阿维纳什﹒迪克西特(Avinash K. Dixit) (美)罗伯特﹒平迪克(Robert S. Pindyck)、罗伯特·平迪克","阿维纳什·迪克西特","中国人民大学出版社","2002-11","49.0","9.1"
"26659659","劳阿毛说并购","","劳志明","","中国法制出版社","2015-11-1","CNY 45.00","7.8"
"5385688","财务金融建模","用EXCEL工具(第三版)","西蒙·本尼卡","邵建利","格致出版社","2010-11","96.00元","8.5"
"1022739","从牛顿、达尔文到巴菲特","投资的格栅理论","[美] 罗伯特·G. 汉格斯特龙 编著","李准","机械工业出版社","2002-5","15.00元","8.0"
"25840005","中国是部金融史2","天下之财","陈雨露、杨忠恕","","九州出版社","2014-3-15","CNY 39.80","8.4"
"1763719","Market Wizards","Interviews with Top Traders","Jack D. Schwager","","Collins","1993-01-27","USD 17.00","9.3"
"5992415","企业上市审核标准实证解析","","张兰田","","北京大学","2011-1","48.00元","9.2"
"10566145","美国金融危机调查报告","","美国金融危机调查委员会","","中信出版社","2012-9","116.00元","7.8"
"25742411","亲历投行","中国投行的若干传言与真相","班妮","","中国法制出版社","2013-10-10","38.00","7.3"
"1489146","固定收益证券手册","第六版","弗兰克·J·法博齐","","中国人民大学出版社","2005-11","125.00元","8.8"
"2326852","技术革命与金融资本","","佩蕾丝；田","","中国人民大学出版社","2007-1","35.00元","8.4"
"4884200","这次不一样？800年金融荒唐史","","卡门·M·莱因哈特、肯尼斯·罗格夫","綦相","机械工业出版社","2010-5","45.00元","7.6"
"1441113","Monkey Business","Swinging Through the Wall Street Jungle","John Rolfe、Peter Troob","","Business Plus","2001-4-1","14.95美元","8.4"
"1320298","超越恐惧和贪婪","行为金融学与投资心理诠释[高级财务管理经典译丛]","赫什·舍夫林","贺学会","上海财经大学出版社","2005-4","37.00元","7.9"
"3575823","股权投资基金运作","","叶有明","","复旦大学","2009-2","42.00元","8.5"
"26362997","商业冒险","华尔街的12个经典故事","[美] 约翰·布鲁克斯","李晟、陈然、段歆玥","北京联合出版公司","2015-5-10","59.80元","7.3"
"1160483","克罗谈投资策略","","斯坦利・克罗","刘福寿","中国经济出版社","2003-7-1","15.00元","8.1"
"1186753","在不确定的世界","","罗伯特・鲁宾、李晓岗、王荣军、张凡","李晓岗、王荣军、张凡","中国社会科学出版社","2004-9-1","35.00元","8.1"
"4139254","利率史","","（美）悉尼·霍默、（美）理查德·西勒","","中信出版社","2010","92.00元","7.7"
"26860153","汇率的本质","","管涛","","中信出版社","2016-8-1","58.00元","7.7"
"3351179","股市长线法宝","","杰里米 J. 西格尔","范霁瑶","机械工业出版社","2009-1","48.00元","8.1"
"25777447","货币战争5","山雨欲来","宋鸿兵","","长江文艺出版社","2014-1-1","46.00元","7.9"
"26666438","癫狂与恐慌","巴顿•比格斯论金融、经济与股市","【美】巴顿•比格斯（Barton Biggs）","","崔传刚","中信出版社","2016-2","8.5"
"7052101","价值","公司金融的四大基石","蒂姆·科勒、理查德·多布斯、比尔·休耶特","金永红、倪晶晶、单丽翡","电子工业出版社","2012-1","45.00元","8.5"
"26289619","投资的常识","","[美]伯顿•马尔基尔（Burton G. Malkiel）、[美]查尔斯•埃利斯（Charles D. Ellis）","汤颖","中国人民大学出版社","2015-1","36.90元","7.5"
"3845101","24堂财富课","陈志武与女儿谈商业模式","陈志武","","当代中国出版社","2009-7-1","25.00元","7.9"
"25735039","金融数据分析导论：基于R语言","华章统计学精品译丛","（美）Ruey S.Tsay","李洪成、尚秀芬、郝瑞丽","机械工业出版社","2013-10","69.00","8.3"
"26383233","中央银行与货币供给","","盛松成、翟春","","中国金融出版社","2015-4","58.00元","8.2"
"3031727","中国货币史","","彭信威","","上海人民出版社","2007-12","120.00元","9.0"
"26220124","货币野史","","【美】菲利克斯•马汀","邓峰","中信出版社","2015-1","52.00元","8.4"
"26756689","货币数量、利率调控与政策转型","","伍戈、李斌","","中国金融出版社","2016-1-29","CNY 69.00","8.1"
"24385064","一个农民的亿万传奇","","傅海棠","","中国经济出版社","2013-4","36.00元","8.3"
"2111085","财务报表分析","理论框架方法与案例","黄世忠","","中国财政经济出版社","2007-2-1","70.00元","9.2"
"1253945","金钱游戏","一个投机者的告白","张建军 编","","地震出版社","2004-4","18.00元","8.5"
"23009927","中国企业跨境并购","","李俊杰","","机械工业出版社","2013-4","59.00元","8.5"
"6717799","估值建模","","诚迅金融培训公司实用投融资分析师认证考试教材编写组","","中国金融","2011-6","82.00元","8.8"
"26894260","投资交易笔记（续）","2011~2015年中国债券市场研究回眸","董德志","","经济科学出版社","2016-9-1","CNY 50.00","8.1"
"10434287","搞懂金融的第一本书","","文晞、路瑞锁","","天津教育出版社","2012-2","36.00元","8.0"
"25730741","私募股权投资管理","","欧阳良宜","","北京大学出版社","2013-9","52.00元","8.7"
"6793942","黄金、美元与权力","国际货币关系的政治（1958-1971）","[美] 弗朗西斯·加文","严荣","社会科学文献出版社","2011-8-4","39.00元","8.1"
"1057378","非同寻常的大众幻想与群众性癫狂","","（英）麦基","李绍光等","中国金融出版社","2000-05","29.00","7.8"
"3225659","金融帝国","美国金融霸权的来源和基础","迈克尔·赫德森","嵇飞、林小芳","中央编译出版社","2008","48.00元","8.3"
"2151543","与天为敌","风险探索传奇","伯恩斯坦","穆瑞年","机械工业出版社","2007年6月1日","38.00元","8.0"
"25878150","量化交易","如何建立自己的算法交易事业","欧内斯特·陈","黄嵩","东北财经大学出版社","2014-1-1","28","7.7"
"1029336","财务骗术","","（美）施利特","（美）吴谦立","上海远东出版社","2003-01","29.80","7.4"
"25784098","华尔街之狼","","乔丹·贝尔福特","苏鸿雁","中信出版社","2013-12","45.00元","7.3"
"4217138","高盛帝国（下）","","[美] 查尔斯·埃利斯","卢青、张玲、束宇","中信出版社","2010-1-1","42.00","7.6"
"4244804","笑傲股市","","（美）欧奈尔","宋三江","机械工业出版社","2010-1-1","58.00元","8.5"
"1425600","戴维斯王朝","五十年华尔街成功投资历程","[英]约翰﹒罗斯查得","胡雍丰、傅晶","东方出版社","2005-1","20.00元","7.9"
"1860877","货币的祸害","货币史片段","[美] 米尔顿·弗里德曼","安佳","商务印书馆","2006-7","20.00元","8.1"
"26421264","期货大作手风云录—初入期海","","逍遥刘强","","东方出版社","2015-4","38","7.7"
"4146584","资产配置的艺术","","戴维·达斯特","","中国人民大学出版社","2009-11","36.00元","6.9"
"26394923","私募股权基金筹备、运营与管理","法律实务与操作细节","刘乃进","","法律出版社","2015-5-1","68.00元","8.7"
"26419787","公司价值分析","案例与实践","李杰","","光明日报出版社","2015-5-1","20.00","9.4"
"3434087","钱商","","阿瑟·黑利","陆谷孙、张增健、翟象俊","译林出版社","2009-01-01","36.00元","8.4"
"5377802","不作不死","","顽石","","中国发展出版社","2014-11-1","CNY 55.00","8.1"
"1083161","风险投资家环球游记","","吉姆·罗杰斯","","上海人民出版社","2004-7","32.00元","8.4"
"21324988","有效资产管理","","威廉•伯恩斯坦 (William J.Bernste)","王红夏、张皓晨","机械工业出版社","2013-1","39.00元","8.4"
"22741516","美联储","","威廉·格雷德","耿丹","中国友谊出版公司","2013-4","99.00元","8.0"
"21964791","两次全球大危机的比较研究","","刘鹤","","中国经济出版社","2013-2","65.00元","8.6"
"3898010","市场的(错误)行为:风险、破产与收益的分形观点","风险、破产与收益的分形观点","[美]贝努瓦·B·曼德尔布罗特、[美]理查德·L·赫德森","","中国人民大学出版社","2009-7","35.00元","8.3"
"1024450","价值再发现","","'[美]贝努瓦·B·曼德尔布罗特、[美]理查德·L·赫德森'","''","'中国人民大学出版社'","'2009-7'","'35.00元'","8.6"
"1977840","房间里最精明的人","安然破产案始末","（美）贝萨尼·麦克莱恩","杨励轩、静恩英","中国社会科学出版社","2007-02-01","42.00元","7.7"
"26582449","中国资产证券化操作手册","","林华","","中信出版社","2015-7-1","CNY 128.00","8.6"
"1193606","兼并、收购与公司重组","","帕特里克A.高根","朱宝宪","机械工业","2004-10","56.00元","8.1"
"10550572","金钱关系","","尼尔·弗格森","唐颖华","中信出版社","2012-4","69.00元","7.9"
"6075190","Pitch Anything","An Innovative Method for Presenting, Persuading, and Winning the Deal","Oren Klaff","","McGraw-Hill Education","2011-2-16","190.00元","8.5"
"11519248","投资之道","全球杰出华人投资者访谈录","理森","","中信出版社","2012-8","46.00元","8.4"
"25837660","投资者的敌人","","朱 宁","","中信出版社","2014-2","58.00","7.4"
"2013150","债券市场分析和策略","","弗兰克·J.法博兹","李伟平","北京大学","2007-1","76.00元","8.2"
"3698555","货币崛起","","[英]尼尔·弗格森","高诚","中信出版社","2009-6","39.00元","7.3"
"3729148","财务管理基础（上.下册）","第十一版","尤金·F·布里格姆、乔尔·F·休斯顿","李伟平","中国人民大学出版社","2009-4","108.00元","9.3"
"4009346","Investment Banking","Valuation, Leveraged Buyouts, and Mergers and Acquisitions","Joshua Rosenbaum、Joshua Pearl","","John Wiley & Sons","2009-5-4","USD 80.00","9.1"
"1650656","Stochastic Calculus for Finance II","Continuous-Time Models (Springer Finance)","Steven Shreve","","Springer","2004-6","USD 74.95","9.3"
"11641858","风险投资交易","揭开条款清单的神秘面纱","（美）布拉德·菲尔德、（美） 杰森·门德尔松","金多多","机械工业出版社","2012-9","52.00元","8.7"
"25846145","布雷顿森林货币战","美元如何统治世界","（美）本•斯泰尔","符荆捷、陈盈","机械工业出版社","2014-4-1","69.00","7.8"
"3292060","滚雪球（下）","巴菲特和他的财富人生","[美] 艾丽斯·施罗德","覃扬眉、丁颖颖、张万伟、张春明、张艳云","中信出版社","2009-1","39.00","8.1"
"25860723","Economic Principles","How the Economic Machine Works","'[美] 艾丽斯·施罗德'","'覃扬眉、丁颖颖、张万伟、张春明、张艳云'","'中信出版社'","'2009-1'","'39.00'","9.3"
"1706274","现代投资组合理论和投资分析","","[美]埃德温·J·埃尔顿等","","人民大学","2006-1","79.00元","9.1"
"1429642","巴菲特与索罗斯的投资习惯","","马克·泰尔","乔江涛","中信出版社","2005-9","29.00元","7.8"
"4100680","巴菲特的护城河","寻找超额收益公司，构建股票首富城堡","帕特·多尔西","刘寅龙","广东经济出版社","2009年11月","29.80元","8.6"
"26757535","资本的真相","互联网时代的资本市场","简练","","中信出版集团股份有限公司","2016-3-15","CNY 49.00","7.7"
"3393534","在股市大崩溃前抛出的人","巴鲁克自传","（美）伯纳德·巴鲁克","张伟","机械工业出版社","2008-12-1","48.00元","8.2"
"23801526","私募帝国","全球PE巨头统治世界的真相","贾森•凯利 (Jason Kelly)","","机械工业出版社","2013-6-1","58.90元","6.8"
"24705392","金融可以颠覆历史","","王巍","","中国友谊出版公司","2013-6-1","CNY 36.00","6.9"
"6977935","货币战争4","战国时代","宋鸿兵","","长江文艺出版社","2011-10","39.90元","7.5"
"2131777","财富的帝国","","约翰.S.戈登","董宜坤","中信出版社","2007-6","42.00元","7.6"
"10739338","对冲基金风云录2","悲剧英雄","巴顿·比格斯","张桦、筱莙","中信出版社","2012-6","48.00元","7.9"
"3398336","供应链金融","新经济下的新金融","深圳发展银行－中欧国际工商学院“供应链金融”课题组","","上海远东","2009","49.00元","8.0"
"2031077","疯狂的投资","","约翰·S·戈登","于倩","中信出版社","2007-3","32.00元","7.4"
"24852525","那些滚雪球的人","中国投资者访谈录","'约翰·S·戈登'","'于倩'","'中信出版社'","'2007-3'","'32.00元'","7.5"
"3121870","A Practical Guide To Quantitative Finance Interviews","","Xinfeng Zhou","","Lulu.com","April 9, 2008","$25.01","9.1"
"5367863","达摩达兰论估价","","艾斯沃斯. 达摩达兰","罗菲","东北财经大学出版社","2010-10","78.00元","9.0"
"1045597","巴菲特的投资组合","","罗伯特・哈格斯特朗","江春","机械工业出版社","2000-06-01","20.00","8.0"
"2341113","走进我的交易室","","［美］亚历山大·艾尔德","鲍烈","地震出版社","2007-11","68.00元","8.6"
"1908206","沸腾的岁月","","[美] 约翰·布鲁克斯","万丹","中信出版社","2006-10-1","35.00元","7.6"
"3056628","香港企业购并经典","","'[美] 约翰·布鲁克斯'","'万丹'","'中信出版社'","'2006-10-1'","'35.00元'","8.4"
"25902226","时寒冰说：未来二十年，经济大趋势（现实篇）","未来二十年,经济大趋势","时寒冰","","上海财经大学出版社","2014-7-1","CNY 49.80","8.3"
"25882350","Dealing with China","An Insider Unmasks the New Economic Superpower","Henry M. Paulson、Michael Carroll","","Twelve","2015-4-14","USD 32.00","8.7"
"4894568","个人理财","（第四版）","Arthur J.Keown","汪涛、郭宁","中国人民大学出版社","2010-5","79.00元","8.1"
"3167333","曾经德隆","","王世渝","","新华出版社","2008-6","39.00元","7.8"
"2075831","疯狂、惊恐和崩溃","金融危机史","查尔斯·P.金德尔伯","叶翔、朱隽","中国金融出版社","2007-04-01","48.00元","7.7"
"1695059","Active Portfolio Management","A Quantitative Approach for Producing Superior Returns and Controlling Risk","Richard Grinold、Ronald Kahn","","McGraw-Hill","1999-10-26","USD 85.00","8.5"
"1727778","Dynamic Hedging","Managing Vanilla and Exotic Options","Nassim Nicholas Taleb","","Wiley","1997-1-14","USD 120.95","8.9"
"2568149","财富公式","","威廉·庞德斯通","","万卷出版公司","2008-1","32.00元","7.6"
"20413944","金融投机史","资本的游戏","（英）爱德华•钱塞勒","姜文波","机械工业出版社","2013-4","59.00元","8.5"
"6522164","外汇交易指南","Guide Complet du Forex -2°édition","皮埃尔·安东尼·杜索里尔","赖岸林、范懿君","山西人民出版社","2011-6","48.00元","8.1"
"6711123","对冲基金","一个分析的视角","罗闻全","寇文红","东北财经大学出版社","2011-7","58.00元","8.8"
"4147028","迷失的盛宴","中国保险产业1919-2009","陈恳","","浙江大学出版社","2009.12","42.00元","7.5"
"4192461","上市公司并购重组监管制度解析","","'陈恳'","''","'浙江大学出版社'","'2009.12'","'42.00元'","8.7"
"10528799","打开量化投资的黑箱","","里什·纳兰","郭剑光","机械工业","2012-3","45.00元","7.5"
"1879127","基于Excel和VBA的高级金融建模","","玛丽·杰克逊、迈克·斯汤顿","朱世武、何剑波","中国人民大学出版社","2006-7","28.00元","8.1"
"1179158","拯救日本","泡沫崩溃后的银行危机与华尔街行动","吉莲·泰特","吴谦立","上海远东出版社","2004-8","38.0","8.3"
"25760062","新金融秩序","","罗伯特 希勒","束宇","中信出版社","2013-11-1","59元","7.5"
"20272111","债","第一个5000年","[美]大卫·格雷伯","董子云、孙碳","中信出版社","2012-11","69.00元","8.1"
"4023402","经济指标解读","洞悉未来经济发展趋势和投资机会","伯纳德•鲍莫尔（Bernard Baumohl）","徐国兴 申涛","中国人民大学出版社","2009-5","48.00元","8.0"
"1019877","开放社会","改革全球资本主义","[美] 乔治·索罗斯","王宇","商务印书馆","2001-8","25.00元","8.4"
"26612357","人为制造的脆弱性","银行业危机和信贷稀缺的政治根源","[美]查尔斯·凯罗米里斯","廖岷、杨东宁、周叶菁","中信出版社","2015-9","88.00","8.0"
"26296578","我的钱：互联网金融，如何理财？","","羿飞","","江苏凤凰文艺出版社","2015-1","58.00","6.9"
"2052897","苏黎世投机定律","","马克斯·贡特尔","高颖","中国经济出版社","2007-4","29.80元","7.7"
"1104482","投资学精要","（第四版）","兹维·博迪、亚历克斯·凯恩、艾伦·马科斯","陈雨露","人民大学","2003-3","90.00元","8.2"
"5912230","世界是部金融史","","陈雨露、杨栋","","北京","2011-1","39.50元","7.3"
"26643579","图说金融史","","李弘","","中信出版集团","2015-11","58.00元","7.5"
"11614505","避开股市的地雷","","张化桥","","中国人民大学出版社","2010-1","36.00元","8.0"
"25941373","令人惊艳的十年","二十世纪九十年代的宏观经济经验与教训","[美]珍妮特•耶伦(Janet L.Yellen )、[美]艾伦•布林德(Alan S. Blinder)","巴曙松 白海峰","法律出版社","2014-8-1","35.00元","8.1"
"21336693","世界是部金融史","","'[美]珍妮特•耶伦(Janet L.Yellen )、[美]艾伦•布林德(Alan S. Blinder)'","'巴曙松 白海峰'","'法律出版社'","'2014-8-1'","'35.00元'","7.9"
"26699908","刚性泡沫","","朱宁","","中信出版集团","2016-1","48.00元","7.2"
"2025649","货币、银行与金融市场","","[美]切凯蒂","郑振龙","北京大学出版社","2007-1","75.00元","8.5"
"25781918","比特币","一个虚幻而真实的金融世界","李钧、长铗","","中信出版社","2014-1-1","39.00元","7.2"
"1812833","穷人的银行家","","(孟加拉)尤努斯著","吴士宏","生活·读书·新知三联书店","2006-6-1","21.50元","8.7"
"1187667","华尔街之子","摩根","琼·施特劳斯","贺慧宇、王同宽、池俊常","华夏出版社","2004-10","58.00元","8.1"
"25741323","影子银行内幕","下一个次贷危机的源头?","张化桥","黎木白","机械工业出版社","2013-10","39.00","7.7"
"24738759","祖鲁法则","如何选择成长股","吉姆·斯莱特","刘静","浙江人民出版社","2013-6","45.90元","8.1"
"10484710","鲍尔货币金融学","美国名校指定教材，巴曙松倾情推荐","劳伦斯·鲍尔","刘静、何源","中国人民大学出版社","2012-2","79.80元","9.1"
"26190562","货币政策实施:理论、沿革与现状","","乌尔里希·宾德赛尔 (Ulrich Bindseil)","齐鹰飞","东北财经大学出版社","2013-12-1","36.8元","8.1"
"20471994","中国股市","假问题和真问题","华生","","东方出版社","2013-1","48.00元","8.6"
"10815976","股权资产估值","CFA考试系列","美）杰拉尔德E.平托、托马斯R.罗宾逊、伊莱恩•亨利、约翰D.斯托","刘醒云","机械工业出版社","2012-7-1","99.00元","9.0"
"2793153","Financial Modeling","","Benninga, Simon","","MITPress","28 Feb 2008","$85.00","9.5"
"1023812","华尔街证券分析","现代证券估值方法综合指南","(美)杰弗里.C.胡克","陈键、林海、谢月兰、于江","经济科学出版社","1999-12","59.80元","8.9"
"25858761","互联网金融手册","","谢平、邹传伟、刘海二","","中国人民大学出版社","2014-4-1","68.00元","7.5"
"26285905","疯狂的投资","跨越大西洋电缆的商业传奇","[美]约翰.S.戈登","于倩","中信出版社","2014-12","42.00","7.4"
"6526466","行为金融","","威廉·福布斯","孔东民","机械工业出版社","2011-6","62.00元","8.1"
"6517366","我在高盛的经济预测法","","[美] 约瑟夫 H. 埃利斯","任曙明 等","机械工业出版社","2011-6","39.00元","7.7"
"6967545","嚣张的特权","美元的兴衰和货币的未来","(美) 艾肯格林","陈召强","中信出版社","2011-12","38.00元","8.0"
"6516233","高频交易","","（美）艾琳·奥尔德里奇（Irene Aldridge）","南华期货研究所、谈效俊、杨燕","机械工业出版社","2011-6","42.00元","7.7"
"25662386","大对决：即将爆发的中美货币战争","即将爆发的中美货币战争","雷思海","","北京大学出版社","2013-9","42.00元","8.1"
"26860970","区块链","技术驱动金融","阿尔文德·纳拉亚南、约什·贝努、爱德华·费尔顿、安德鲁·米勒、史蒂文·戈德费德","","中信出版社,中信出版集团","2016-8-25","CNY 79.00","7.8"
"5998208","红筹博弈","十号文时代的民企境外上市","李寿双、苏龙飞、朱锐","","中国政法大学出版社","2011-2","26.00元","8.4"
"26879229","读懂银行股","","那一水的鱼","","中国经济出版社","2016-9-1","48","8.0"
"1082262","艾略特波浪理论","市场行为的关键","小罗伯特・鲁格劳特・普莱切特、阿尔弗雷德・约翰・弗罗斯特","陈鑫","机械工业出版社","2003-1-1","38.00元","7.9"
"26686693","冒险与直觉","金融市场起落的生理学之谜","约翰·科茨（John Coates）","","陶亮","中信出版集团","2016-1-1","8.0"
"6863129","对冲基金经理笔记","来自伦敦金融城深处的报道","拉尔斯·克罗耶","孙忠","中国财经","2011-8","39.80元","7.9"
"2977274","黄金屋","对冲基金顶尖交易者如何从全球市场获利","史蒂文·卓布尼","","机械工业","2008-1","48.00元","8.1"
"26318341","风口上的猪","一本书看懂互联网金融","'史蒂文·卓布尼'","''","'机械工业'","'2008-1'","'48.00元'","6.7"
"24700151","街头智慧","罗杰斯的投资与人生","（美）吉姆•罗杰斯（Jim Rogers）","杨青","机械工业出版社","2013-5","39.00","7.6"
"1146003","重塑证券交易心理","把握市场脉搏的方法和技术","Brett N.Steenbarger","","清华大学出版社","2004-1","39.00元","8.3"
"25755771","清教徒的礼物","那个让我们在金融废墟重拾梦想的馈赠","[美] 肯尼斯·霍博、[美] 威廉·霍博","丁丹","东方出版社","2013-11-1","48.00元","8.1"
"2321818","风险管理与金融机构","","[加]约翰*赫尔","","机械工业出版社","2007-1","50.00元","8.6"
"25978801","迷失的盛宴","中国保险史1978-2014","陈恳","","浙江大学出版社","2014-8-1","CNY 49.00","7.3"
"2182465","客户的游艇在哪里","","施韦德","孙健","机械工业出版社","2007-7","25.00元","7.2"
"4149140","解读量化投资","西蒙斯用公式打败市场的故事","忻海","","机械工业出版社","2010-1","32.00元","7.2"
"20499466","极限金钱","世界的掌控者和风险的膜拜者","萨特雅吉特·达斯","王佳艺","人民邮电出版社","2013-1","69.00元","9.4"
"3265723","喧哗与骚动","新中国股市二十年","阿奎","","中信出版社","2008-10","48.00元","7.9"
"25779423","老二非死不可","关于投资、商业、互联网的碎片化思考","方三文","","机械工业出版社","2013-12","39.00","7.3"
"26580994","高盛帝国（第二版）","","查尔斯•埃利斯 (Charles D. Ellis)","卢青、张玲、束宇","中信出版社","2015-6-1","69.00元","7.7"
"2011330","我是如何弄垮巴林银行的","","尼克.李森","张友星","中国经济出版社","1996－10－1","18.60","7.4"
"1462498","Monte Carlo Methods in Financial Engineering (Stochastic Modelling and Applied Probability)","","Paul Glasserman","","Springer","2003-08-01","USD 69.95","9.2"
"1958147","一个经济杀手的自白","","约翰·珀金斯","杨文策","广东经济出版社","2006-12","35.00元","7.4"
"1176864","货币、银行与经济","","洪文金、林志军、罗伯特・Z・阿利伯、托马斯・梅耶","","上海人民出版社","1994-9-1","42.00","8.4"
"24863293","欧元的悲剧","","[西]菲利普•巴格斯","李杨","上海财经大学出版社","2013-7-6","39","8.5"
"25934012","定价未来","撼动华尔街的量化金融史","（美）乔治G.斯皮罗（George G. Szpiro）","王彩虹","机械工业出版社","2014-8-9","69.00","8.4"
"25841314","投行笔记","","徐子桐","","机械工业出版社","2014-3","49.00","6.7"
"1786066","Trading and Exchanges","Market Microstructure for Practitioners","Larry Harris","","Oxford University Press, USA","2002-10-24","USD 95.00","9.4"
"2284696","Seeking Wisdom","From Darwin to Munger, 3rd Edition","'Larry Harris'","''","'Oxford University Press, USA'","'2002-10-24'","'USD 95.00'","9.2"
"26360411","亚洲财务黑洞","","ChinHwee Tan、Thomas R. Robinson","张鲁明","机械工业出版社","2015-3-23","CNY 68.00","7.6"
"26357758","风险投资交易","条款清单全揭秘","[美]布拉德·菲尔德、[美]杰森·门德尔松","桂曙光","机械工业出版社","2014-8","49.00元","9.1"
"1082999","技术分析","财经易文中级证券分析师教程","（美）马丁·J.普林格","任若恩、马向前、沈沛龙、刘莉亚、邓云胜","中国财经","2003-11","80.00元","7.7"
"1217868","短线交易大师","工具和策略","奥利弗・瓦莱士、格雷格・卡普拉、张丹丹","张丹丹","地震出版社","2004-5-1","48.00元","8.1"
"2991567","价值平均策略","获得高投资收益的安全简便方法","迈克.E.埃德尔","顾安","上海财经大学出版社","2008-1","29.00元","8.3"
"1088630","沃伦·巴菲特之路","","小罗伯特·G·海格士多姆","","清华大学出版社","2007-5","28.00元","8.7"
"5264604","我在摩根士丹利做高管","","卡拉·汉瑞丝","盛翠菊、张占平、徐凤云","万卷出版公司","2010-9","39.80元","7.7"
"22704028","逆向投资策略","","大卫•德雷曼","郑磊等","机械工业出版社","2013-4","59.00元","7.8"
"25917388","我为什么离开高盛","","格雷格·史密斯","","湖南科学技术出版社","2014-7-25","48.00","7.8"
"10528527","中国资本市场二十年","","中国证券监督管理委员会","","中信","2012-2","98.00元","7.3"
"10481001","大债","全球债务危机·我们都是倒霉蛋！","（英）约翰·兰彻斯特","林茂昌","江苏人民","2012-2","35.00元","8.2"
"1041539","格雷厄姆投资指南","聪明的投资人","[美] 本杰明·格雷厄姆","王大勇、包文彬","江苏人民出版社","2001-9","17.00元","8.1"
"5281775","奥马哈之雾","我们是否误解了巴菲特","任俊杰、朱晓芸","","机械工业出版社","2010-9","39.00元","8.1"
"1773515","Asset Pricing","","John H. Cochrane","","Princeton University Press","2005-1-23","USD 115.00","9.0"
"6024108","金融建模与投资管理中的数学","","塞尔焦·M·福卡尔迪、弗兰克·J·法博齐","龙永红、何宗炎","中国人民大学出版社","2011-1","78.00元","8.1"
"6729591","股爷天下","中国证券市场三十年记","王安","","中信","2011-8","68.00元","8.5"
"3248513","为什么中国人勤劳而不富有","","陈志武","","中信出版社","2008年10月第一版","36.00元","7.6"
"6309791","Boomerang","Travels in the New Third World","Michael Lewis","","W. W. Norton & Co.","2011-10-3","180.00元","8.4"
"3195672","道氏理论","","罗伯特·雷亚","3www","地震出版社","2008-7","30.00元","8.2"
"26293878","非理性繁荣（第二版）","","罗伯特 J 希勒","李心丹、陈莹","中国人民大学出版社","2014-1-1","48.00元","8.5"
"20279780","国际金融危机","观察、分析与应对","周小川","","中国金融出版社","2012-10","69.00元","8.1"
"3107581","史丹·温斯坦称傲牛熊市的秘密","","史丹·温斯坦","曹乾","中国青年出版社","2008年06月","39.80元","8.9"
"11640162","信托制度","法理与实务","周小明","","中国法制出版社","2012-8","49.00元","8.5"
"26695437","我是高频交易工程师：知乎董可人自选集","","董可人","","知乎","2015-11-4","3.99","7.6"
"26655811","估值的艺术：110个解读案例","110个解读案例","尼古拉斯.斯密德林","李必龙、李羿","机械工业出版社","2015-8","59","7.5"
"25711100","量化投资与对冲基金丛书：波动率交易","","Euan Sinclair","童斌 (译者), 张川 (译者), 肖路远 (译者)","上海交通大学出版社","2013-4-1","58.00","7.9"
"1182173","炒股的智慧","在华尔街炒股为生的体验(修订版)","陈江挺","","经济科学出版社","2004-1","22.00元","8.9"
"6711979","上市公司公告解读25讲","","深圳证券交易所投资者教育中心","","机械工业出版社","2011-7","36.00元","8.1"
"2567431","伦巴第街","货币市场记述","沃尔特.白之浩","沈国华","上海财经大学出版社","2008-1","25.00元","7.8"
"25779081","教你炒股票","","缠中说禅","","科学技术文献出版社","2013-10","86.00元","8.8"
"7060413","看懂财经新闻的第一本书","","陈思进、金蓓蕾","","浙江人民出版社","2011-12-22","32.00元","6.4"
"26022791","REITs：房地产投资信托基金（原书第4版）","（原书第4版）","（美）拉尔夫L.布洛克(Ralph L. Block)","宋光辉、田金华、屈子晖","机械工业出版社","2014-10","59.00","7.4"
"3611560","索罗斯传","","罗伯特·斯莱特","陶娟","湛庐文化","2009-3","49.80元","7.4"
"4904712","投机者的扑克","操盘18年手记","扁虫鱼","","机械工业出版社","2010-8","38.00元","8.4"
"4001189","外汇短线交易的24堂精品课","面向高级交易者","魏强斌、Martin Taylor、王浩、Bull","","经济管理出版社","2009年09月","68.00元","7.8"
"2175109","金融工程原理","","内福斯","","武汉大学","2007-6","50.00元","8.8"
"4139970","当大脑遇到金钱","拨开自主投资失策的迷雾，换种思维赚大钱","贾森·茨威格","刘寅龙","广东经济出版社","2009-11","35.00元","7.9"
"1281186","系统交易方法","","波涛","","经济管理出版社","1998-1-1","25.00元","8.4"
"3183714","墨菲论市场互动分析: 教您掌握全球金融市场关系的获利法则","Intermarket Analysis:Profiting from Global Market Relationships","墨菲","罗耀宗","寰宇出版股份有限公司","2006","460元","9.0"
"21966354","基金长青","","范勇宏","","中信出版社","2013-3","58.00元","7.7"
"1431096","财务报表分析与证券定价","","斯蒂芬·H·佩因曼","","中国财政经济出版社","2005-9","98.00元","8.0"
"10527305","房地产大周期的金融视角","","巴曙松","","厦门大学出版社","2012-3-1","35.00","7.1"
"3905269","罗斯柴尔德家族.第2部","金融统治者","尼尔·弗格森","顾锦生","中信出版社","2009-9","39.00元","8.0"
"1916270","华尔街的肉","我从股市绞肉机中死里逃生","安迪·凯斯勒","李芳龄","上海人民出版社","2006-11","22.00元","7.6"
"1062393","江恩华尔街45年","","威廉・D・江恩","陈鑫","机械工业出版社","2003-1","22.00元","7.4"
"4894684","创业之初你不可不知的融资知识","寻找风险投资全揭秘","桂曙光","","机械工业出版社","2010-6-1","48.00元","8.7"
"4199482","我是布隆伯格","","迈克尔·布隆伯格","李浚帆","中信出版社","2010-1","38.00元","7.9"
"10564056","教皇与银行家","一部借贷文化史","(美) 卡希尔","邓立立","商务印书馆","2012-9","40.00元","7.3"
"19957141","对赌","","陈楫宝","","湖南文艺出版社","2012-10","39.80元","7.2"
"26840503","大势研判","经济、政策与资本市场","任泽平","","中信出版社","2016-7-1","CNY 65.00","7.6"
"10566133","罗斯柴尔德家族（上）","","尼尔·弗格森","顾锦生","中信出版社","2012-5","69.00元","7.6"
"26302735","中国赌金者","327事件始末","陆一","","上海远东出版社","2015-1-1","CNY 48.00","8.1"
"25981234","金融新格局","资产证券化的突破与创新","林华、郁冰峰、邓海清、郝延山","","中信出版社","2014-6","78.00元","7.8"
"3242450","为什么我们的钱变薄了","通货膨胀真相","[美]默瑞•N.罗斯巴德","","中信出版社","2008-09","29.00元","8.0"
"1018037","金融体系中的投资银行","","[美]查里斯.R.吉斯特(Charles R. Geisst)","郭浩","经济科学出版社","1998-01","29.00","7.6"
"6064948","CFA考试核心词汇手册","","道明诚教育CAF考试培训中心，余润主编","","中信出版社","2011-3","138.00元","7.3"
"2006592","资本的秘密","","赫尔南多·德·索托","于海生","华夏出版","2007-2","25.00元","8.3"
"25853790","投资策略实战分析","华尔街股市经典策略20年推演（原书第4版）","詹姆斯·奥肖内西","马海涌、李闻、高闻酉","机械工业出版社","2014-1","129","8.0"
"26637083","中国式投行","","张立洲、刘兰香","","中信出版社","2015-10-8","59.00","7.4"
"1047898","操盘建议-全球顶尖交易员的成功实践和心路历程","","阿尔佩西・帕特尔","","华夏出版社","2001-01","25.00","8.2"
"3026395","华尔街操盘手日记","","'阿尔佩西・帕特尔'","''","'华夏出版社'","'2001-01'","'25.00'","6.7"
"1223685","向格雷厄姆学思考向巴菲特学投资","（摩根银行2001年十佳商业读物）","劳伦斯・A・克尼厄姆、王庆、徐隽","王庆、徐隽","中国财政经济出版社","2005-1","39.80元","7.7"
"1426727","热门商品投资","量子基金创始人的投资真经","Jim Rogers","蒲定东","中信出版社","2005-9","29.00元","7.7"
"26633750","金融的逻辑 2","通往自由之路","陈志武","","西北大学出版社","2015-9-1","52.00元","7.6"
"3145649","从亏损到赢利","股票、期货、外汇实战总结","马博","","企业管理出版社","2008年6月","36.00元","7.9"
"3669234","一路骗到底","","大卫·艾因霍恩","张伟、吴溪、韦鲁鹏","机械工业出版社","2009-3","48.00元","7.8"
"1806489","Heard on the Street","Quantitative Questions from Wall Street Job Interviews","Timothy Falcon Crack","","Timothy Crack","2003-12","USD 50.00","9.0"
"6976275","我的PE观","资深创业投资人陈玮的十年投资心路","陈玮","","中信出版社","2011-12","39.00元","7.3"
"1084669","上市公司财务报表解读","","本杰明·格雷厄姆","王玉平","华夏出版社","2004-1","20.00元","7.3"
"3802303","中国债券资本市场（中文版）","","高坚","","经济科学出版社","2009-6","99.00元","7.5"
"25845610","一以贯之","戴立宁的经历与坚持","戴立宁","","中信出版社","2014-4","49.00","8.5"
"3393287","金融学","金融学","黄达","","中国人民大学出版社","2009-1-1","69.90元","7.3"
"3340424","闲不住的手","中国股市体制基因演化史","陆一","","中信出版社","2008-12","42.00元","7.5"
"1317115","金融市场与机构通论","","[美] 弗兰克·J.法伯兹（Frank","","东北财经大学出版社","2000-06-01","68","8.4"
"24868873","垃圾债券之王","迈克尔•米尔肯投资传奇","【美】康妮•布鲁克","赵国、李佳佳","中信出版社","2013-7-30","45.00","7.5"
"1171512","逃向期货","利奥·梅拉梅德：逃向期货","[美]利奥·梅拉梅","陈晗","上海百家","2004-01-01","48.0","8.5"
"6536617","Statistics and Data Analysis for Financial Engineering","","David Ruppert","","Springer","2010-11-17","USD 99.00","9.3"
"25779411","从众危机","量化投资与金融浩劫","（美） 路德维希 B. 钦塞瑞尼","李必龙、李羿、郭海","机械工业出版社","2013-12","65.00","8.2"
"26766981","帝国之弧","抛物线两端的美国与中国","乔良","","长江文艺出版社","2016-4-15","39.80元","7.7"
"2004704","金融知识国民读本","","本社","","中国金融出版社","2007-1","26.00元","7.9"
"4192799","Quant Job Interview Questions And Answers","","Mark Joshi、Nick Denson、Andrew Downes","","CreateSpace Independent Publishing Platform","2008-5-25","USD 49.99","9.2"
"10345303","第一排","中国金融改革的近距离思考","孙国峰","","中国经济","2012-1","68.00元","7.6"
"20480825","未来十年","中国经济的转型与突破","'孙国峰'","''","'中国经济'","'2012-1'","'68.00元'","8.6"
"26256740","我是银行客户经理","","王团结","","中国发展出版社","2014-9","49.80元","7.1"
"3793874","白话金融投资","","忻海","","机械工业出版社","2009","38.00元","7.7"
"1005496","沃尔特.瑞斯顿与花旗银行","","菲利普.L.茨威格","孙郁根","海南出版社","1999-04-01","69.80","8.5"
"1078003","投资银行并购业务","","王明夫","","企业管理出版社","1999-05","60.00","8.2"
"24284785","金融e时代","数字化时代的金融变局","万建华","","中信出版社","2013-5-11","59.00元","7.5"
"6443630","The Little Book of Valuation","HOW TO VALUE A COMPANY PICK A STOCK AND PROFIT","'万建华'","''","'中信出版社'","'2013-5-11'","'59.00元'","8.0"
"1961169","期货与期权市场导论","","约翰·C.赫尔","","北京大学出版社","2006-12","62.00元","9.1"
"1015857","股市心理博弈（修订版）","成功投资的心理学与哲学","(美)约翰·迈吉","吴溪","机械工业出版社","2003年","58.00","7.6"
"6395844","股市天才","发现股市利润的秘密隐藏之地","乔尔·格林布拉特(Joel Greenblatt)","王正林、肖静、王权","中国青年出版社","2011-4-1","32.00元","8.4"
"25663985","财务报告与分析","一种国际化视角","丁远、（法）埃韦尔•施托洛韦、米歇尔J.勒巴","","机械工业出版社","2013-8","99.00","8.1"
"3591151","巴菲特教你读财报","The Search For The Company With A Durable Competitive Advantage","Mary Buffett","李凤","中信出版社","2009-8","30.00元","7.3"
"10566135","罗斯柴尔德家族（下）","罗斯柴尔德家族","尼尔·弗格森","何正云","中信出版社","2012-6","69.00元","8.5"
"20559989","Algorithmic Trading","Winning Strategies and Their Rationale","Ernie Chan","","Wiley","2013-5-28","USD 75.00","8.1"
"26314063","斯坦福极简经济学","如何果断地权衡利益得失","[美] 蒂莫西‧泰勒","林隆全","湖南人民出版社","2015-2","35.00","7.9"
"3698064","私募股权基金的募集与运作","","'[美] 蒂莫西‧泰勒'","'林隆全'","'湖南人民出版社'","'2015-2'","'35.00'","7.8"
"3376690","中国怎么办","当次货危机改变世界","时寒冰","","机械工业出版社","2009-1","38.00","8.4"
"1396903","领导干部金融知识读本","","戴相龙","","中国金融出版社","2001-9","28.00元","7.8"
"3574119","郎咸平说：金融超限战","","郎咸平","","东方出版社","2009-3","28.00","7.5"
"1043145","期货交易技术分析","","'郎咸平'","''","'东方出版社'","'2009-3'","'28.00'","8.3"
"1926115","华尔街点金人","","杰克.斯沃吉尔","程永顺","西苑出版社","1998-7","19.80元","7.9"
"2227520","The Accidental Investment Banker","Inside the Decade that Transformed Wall Street","Jonathan A. Knee","","Oxford University Press, USA","2006-07-27","USD 26.00","7.9"
"2970855","麦克米伦谈期权","","劳伦斯G.麦克米伦","郑学勤","机械工业","2008-1","80.00元","8.5"
"4200660","期权投资策略","","劳伦斯 G.麦克米伦","郑学勤","机械工业出版社","2010-1","128.00元","8.0"
"2112510","美元危机","成因、后果与对策","[美]理查德·邓肯(Richard Duncan)","王靖国","东北财经大学出版社","2012-5","40.00元","8.3"
"1773256","Interest Rate Models - Theory and Practice","With Smile, Inflation and Credit","Damiano Brigo、Fabio Mercurio","","Springer","2006-8-2","USD 109.00","9.6"
"1057847","投资革命","源自象牙塔的华尔街理论","彼得·伯恩斯坦（Bernstein","李繁康，邓哲夫，李挺生","上海远东出版社","2001-8","28.00","8.1"
"10533992","与索罗斯一起走过的日子","","梁恒","","广东经济","2012-2","35.00元","7.7"
"25858767","中国影子银行监管研究","","阎庆民、李建华","","中国人民大学出版社","2014-4","69.00元","8.4"
"23789345","渐行渐远的红利","寻找中国新平衡","彭文生","","社会科学文献出版社","2013-4-1","58.00元","8.9"
"4233354","见证失衡","双顺差、人民币汇率和美元陷阱","余永定","","生活读书新三联书店","2010-6","36.00元","8.6"
"1951540","至高无上","","约翰·波伊克","荣军","上海财经大学","2006-10","23.00元","8.0"
"10566134","罗斯柴尔德家族（中）","罗斯柴尔德家族","尼尔·弗格森","顾锦生","中信出版社","2012-6","69.00元","8.0"
"23155640","中国重组","—一个投资银行家的亲历与思考","王世渝","","中国民主法制出版社","2013-4","48.00元","8.2"
"2326487","郎咸平学术文选（全二册）","","郎咸平","","人民出版社","2007-10","128.00元","9.3"
"1071320","巴菲特","从100元到160亿","沃伦.巴菲特","","陈鑫","中国财经出版社","18.00","8.2"
"4703925","洗钱","","(日) 橘玲","王蕴洁","中信出版社","2010年5月","30.00元","7.8"
"20451565","货币政策","理论与实务","(英）基思•贝恩、(英)彼得•豪厄尔斯","扬农、周瀛、张慧卉","清华大学出版社","2013-1","59.00元","8.2"
"4143532","金融简史","伯恩斯坦金融三部曲3","彼得·伯恩斯坦","","中国人民大学出版社","2009-11","36.00元","7.6"
"10595870","解读中国经济指标","数字中锁定投资机会","Tom Orilk","史静","中国经济出版社","2012-3","48.00元","7.9"
"25951781","策略投资方法论","","申银万国策略投资团队","","山西人民出版社","2014-8-1","98.00","8.7"
"6801745","日本蜡烛图技术新解","","（美）史蒂夫·尼森（Steve Nison）","梁超群，陈辉","机械工业出版社","2011-8","38.00元","8.0"
"24732461","CBD风流志","","'（美）史蒂夫·尼森（Steve Nison）'","'梁超群，陈辉'","'机械工业出版社'","'2011-8'","'38.00元'","8.1"
"4789777","安东尼·波顿的成功投资","","安东尼·波顿","寇彻","机械工业出版社","2010-3-1","28.00元","7.9"
"1419377","利息理论","","[美]菲歇尔","陈彪如","上海人民出版社","1999","24.00","9.3"
"11520360","中国证券市场IPO审核财务问题800例","","大信会计师事务所","","经济科学出版社","2012-4","98.00元","9.2"
"26177552","公司并购重组原理、实务及疑难问题诠释","","雷霆","","中国法制出版社","2014-10","128","7.9"
"3164293","七天读懂宏观经济","","戴维·A·莫斯","郭劲光","商務印書館","2008-6","28.00元","8.8"
"10805281","The Economics of Money, Banking and Financial Markets","10th edition","Frederic S. Mishkin","","Pearson Education","2012-4-1","USD 95.02","9.3"
"20495141","陆一良心说股事","你不知道的中国股市那些事","陆一","","浙江大学出版社","2013-1-1","72.00元","8.5"
"7064590","众魔在人间","华尔街的风云传奇","（美）贝萨尼·麦克莱恩、（美）乔·诺塞拉","夏雨","中信出版社","2011-12","68.00元","7.7"
"3234327","财务报表分析与证券投资","","姜国华","","北京大学出版社","2008-9","35.00元","8.0"
"4928906","作局","全景解读投机资本幕后博弈","柴志强","","机械工业出版社","2010-6","38.00元","8.0"
"1023248","悲观博士考夫曼论货币与市场","","[美] 亨利·考夫曼（Henry","","海南出版社","2001-01","27.80","8.5"
"6146438","企业上市解决之道","","投行小兵","","法律出版社","2011-4-1","68.00元","7.7"
"4888394","赢得输家的游戏","","查尔斯·D.埃利斯","王茜","机械工业出版社","2010-6","36.00元","7.9"
"26269056","银行3.0：移动互联时代的银行转型之道","","[澳]布莱特·金（Brett King）","白  宫 施  轶","广东经济出版社","2014-12","88.00元","8.0"
"4249960","新金融资本家","KKR与公司价值的创造","贝克尔 著","孙经纬","上海财经大学出版社","2010-1","30.00元","7.8"
"26795403","世界是部金融史","","陈雨露、杨栋","","江西教育出版社","2016-4","48.00","8.1"
"3273009","索罗斯带你走出金融危机","","乔治·索罗斯","","机械工业出版社","2008-11","29.00元","7.7"
"4264269","交易员、枪和钞票","衍生品花花世界中的已知与未知","萨蒂亚吉特·达斯","刘莉亚","上海财经大学出版社","2010-1","42.00元","8.1"
"10550573","顶级金融家","","尼尔·弗格森","阮东","中信出版社","2012-4","69.00元","8.0"
"3248522","非理性亢奋","","陈志武","","中信出版社","2008年10月第一版","38.00元","7.7"
"20387813","China's Superbank","Debt, Oil and Influence - How China Development Bank is Rewriting the Rules of Finance","Henry Sanderson、Michael Forsythe","","Bloomberg Press","2012-12-18","USD 49.95","8.3"
"4065195","Arbitrage Theory in Continuous Time","","Tomas Björk","","Oxford University Press","2009-10-4","USD 85.00","9.0"
"2216425","资本暗战","","'Tomas Björk'","''","'Oxford University Press'","'2009-10-4'","'USD 85.00'","7.3"
"4191818","彼得·林奇教你理财","","彼得·林奇、约翰·罗瑟查尔德","宋三江、罗志芳","机械工业出版社","2010-1","36.00元","7.6"
"1085687","运用财务报表进行企业分析与估价","","'彼得·林奇、约翰·罗瑟查尔德'","'宋三江、罗志芳'","'机械工业出版社'","'2010-1'","'36.00元'","8.3"
"1002882","证券混沌操作法","","比尔・威廉姆","黄嘉斌","宇航出版社","1999-9-1","19.00","7.5"
"23691749","十年轮回","从亚洲到全球的金融危机","（马来西亚）沈联涛","杨宇光、刘敬国","上海远东出版社","2013-5-1","58.00元","8.8"
"1464794","Brownian Motion and Stochastic Calculus","","Ioannis Karatzas、Steven Shreve","","Springer","1991-8-25","USD 64.95","8.7"
"3905270","罗斯柴尔德家族.第3部","动荡的年代","尼尔·弗格森","何正云","中信出版社","2009-9","45.00元","7.9"
"10827534","证券市场基础知识","证券市场基础知识","'尼尔·弗格森'","'何正云'","'中信出版社'","'2009-9'","'45.00元'","6.8"
"5994697","国际经济学","理论与政策（下册：国际金融部分）","保罗·R·克鲁格曼、茅瑞斯·奥伯斯法尔德","黄卫平","中国人民大学出版社","2011-2","49.00元","8.9"
"26591502","疯子、骗子和傻子","第三只眼看投资","阎志鹏、赵妍、朱思维","","商务印书馆","2015-7","49.90","7.3"
"4012315","财经论衡","","'阎志鹏、赵妍、朱思维'","''","'商务印书馆'","'2015-7'","'49.90'","6.8"
"1060750","投资学（第五版·上）","","[美] 威廉·F.夏普(William F.Sharpe)","赵锡军 等","中国人民大学出版社","1998-08","38.00元","8.7"
"1963544","短线交易秘诀","","拉里·威廉斯","穆瑞年 等","机械工业出版社","2007-1","38.00元","7.7"
"1396346","创造金钱  长期资本管理公司的传奇","","邓巴 (Dunbar)","俞卓菁","第1版 (2002年1月1日)","2002年1月1日","17.00元","8.4"
"25663161","第一大亨","美国商业巨擘范德比尔特的伟大人生","【美】T•J•斯泰尔斯","粟志敏、粟之敦、莫崇晟","浙江人民出版社","2013-8","129.90","8.0"
"4737060","摩根全传（下）","向生意之王学做生意","罗恩·彻诺","金立群","重庆出版社","2001-3-1","36.00元","8.2"
"26824891","止损","如何克服贪婪和恐惧","[美]吉姆·保罗、[美]布伦丹·莫伊尼汉","","陈重亨","格致出版社","2016-6-1","7.3"
"3043742","外汇交易进阶","从新手到大师的成功之路","魏强斌","","经济管理出版社","2008-3","38.00元","7.8"
"6078732","价值投资","通往理性投资之路","詹姆斯·蒙蒂尔","刘寅龙","机械工业","2011-4","58.00元","8.0"
"4866933","资本市场","中国经济的锋刃","祁斌","","中信出版社","2010年8月","58.00元","7.7"
"20272283","交易圣经","系统交易赢利要诀","布伦特·奔富","麻勇爱、严海淼、童锡基","机械工业出版社","2012-12","59.00元","7.7"
"1161117","股市趋势技术分析","第8版","爱德华","","中国发展出版社","2004-02-01","68.00元","8.2"
"3605924","滚雪球","巴菲特和他的财富人生","[美]艾丽斯·施罗德","","中信出版社","2009-01-01","198.00元","7.7"
"26894720","巴菲特幕后智囊：查理•芒格传","国内唯一芒格本人及巴菲特授权传记","【美】珍妮特•洛尔（Janet Lowe）","邱舒然","中国人民大学出版社","2016-10-1","69","8.0"
"1024363","索罗斯","走在股市曲线前面的人","（美）索罗斯、（美）韦恩、（德）科南","真如","海南出版社","1997-11","28.00元","7.7"
"6110322","沃伯格家族","一个犹太金融家族的传奇","[美]罗恩·彻诺","吴咏蓓 粟之敦 齐宛基 徐唯琳 宋洁 丁晓钟","上海远东出版社","2011-4","128.00元","8.0"
"1408713","风险管理与保险","","Scott E.Harrington 等","","清华大学出版社","2004-1","56.00元","8.0"
"3425317","台湾股市大泡沫","","江平","兴业全球基金","中信出版社","2009-1","35.00元","7.4"
"4888389","投资学:以EXCEL为分析工具(原书第3版)","金融教材译丛","（美）霍顿","蔡庆丰","机械工业出版社","2010-6-1","38.00元","7.4"
"20036150","Principles","","Ray Dalio","","Bridgewater","2011","USD 0.00","9.1"
"2027147","Fortune's Formula","The Untold Story of the Scientific Betting System That Beat the Casinos and Wall Street","William Poundstone","","Hill and Wang","2006-9-19","USD 16.95","8.1"
"4119096","查理·芒格传","","[美]珍妮特·洛尔(Janet Lowe)","邱舒然","中国人民大学出版社","2009-10-1","49.80","7.4"
"21966329","危机与变革","索罗斯的金融逻辑","【美】乔治·索罗斯","蒋宗强","中信出版社","2013-3-1","58.00元","7.4"
"1053698","股爷您上坐","","王安","","华艺出版社","2000-12","19.80","8.7"
"4722403","投机教父尼德霍夫回忆录","索罗斯操盘手的自白","尼德霍夫","王权、肖静","中国青年出版社","2010-4-1","45.00元","7.6"
"1035275","逆向思考的艺术","股票市场致胜之道","[美] 汉弗莱·B·尼尔","丁圣元","海南出版社","2001-4","15.00元","7.0"
"5388648","行为金融学","心理、决策与市场","露西·阿科特(Lucy F.Ackert) (编者)、, 理查德·迪弗斯(Richard Deaves) (编者)","","清华大学出版社","2010-12","36.00元","7.5"
"3198691","投资存亡战","","（美）杰拉尔德·M.勒伯","张捷、本力","上海财经大学出版社","2008-8-1","32.00元","8.0"
"24758489","投资哲学","保守主义的智慧之灯","刘军宁","","中信出版社","2013-8-1","38.00元","7.2"
"1488504","我如何在股市赚了200万","","尼古拉斯·达瓦斯","","机械工业出版社","2006-1","19.80元","7.8"
"25927672","时寒冰说：未来二十年，经济大趋势（未来篇）","","时寒冰","","上海财经大学出版社","2014-7-1","59.80元","8.0"
"26745308","个人金融新格局","","沈联涛","杨宇光、刘敬国","上海远东出版社","2015-12-1","65","8.1"
"26335181","巴菲特之道","原书第3版","罗伯特·哈格斯特朗","杨天南","机械工业出版社","2015-3-15","59.00","8.2"
"6512313","财务报表阅读与信贷分析实务","","崔宏","","机械工业出版社","2011-6","48.00元","7.5"
"3405179","别人的钱","投资银行家的贪婪真相","路易斯·D·布兰代斯","胡凌斌","法律出版社","2009-1","26.00元","7.7"
"3198695","黄金简史","","彼得·L.伯恩斯坦","","上海财经大学出版社","2008-8","43.00元","7.5"
"4708522","私募江湖","首部清晰描绘中国私募发展历程与投资流派的力作，呈现一幕幕历史、人","仇晓慧","","中信出版社","2010年3月","42.00元","7.2"
"2269563","Option Volatility & Pricing","Advanced Trading Strategies and Techniques","Sheldon Natenberg","","McGraw-Hill","1994-8-1","USD 65.00","8.7"
"4285326","Value","The Four Cornerstones of Corporate Finance","McKinsey & Company Inc.、Tim Koller、Richard Dobbs、Bill Huyett","","Wiley","2010-11-9","USD 29.95","8.7"
"2178956","行为金融","","詹姆斯·蒙蒂尔","赵英军","中国人民大学","2007-5","35.00元","7.8"
"4813003","企业上市典型案例深度剖析","疑难问题与解决对策","张国峰","","法律出版社","2010-4","98.00元","8.0"
"1449808","学习学习再学习","生活中的投资经典","张志雄","","上海财经大学出版社","2006-1","33.00元","7.6"
"26419870","对冲之王","华尔街量化投资传奇","詹姆斯·欧文·韦瑟罗尔","汪涛 郭宁 安然","浙江人民出版社","2015-5","59.90","8.0"
"25744585","以交易为生 II","卖出的艺术","[美] 亚历山大·埃尔德（Alexander Elder）","马福云","机械工业出版社","2013-9-1","55.00元","7.7"
"25840750","CFA注册金融分析师考试中文手册（CFA一级）","CFA注册金融分析师考试中文手册","金程教育  编著","","机械工业出版社","2014-3","149.00","7.1"
"26692059","印钞者","中央银行如何制造与救赎金融危机","徐瑾","","中信出版集团","2016-1-1","CNY 48.00","6.8"
"2005378","股票投资的24堂必修课","","威廉·欧奈尔","","中国青年出版社","2007-1","39.90元","7.2"
"1435840","保险是怎样骗人的和并不骗人的保险","","谭笑","","中信出版社","2005-9","24.00元","7.0"
"3507422","萧条经济学的回归和2008年经济危机","","保罗•克鲁格曼","刘波","中信出版社","2009-3","30.00元","8.4"
"1431584","金融经济学十讲","","史树中","","上海人民出版社","2004-1","28.00元","8.5"
"3292986","趋势交易法","","鹿希武","","中国金融出版社","2008-1","80.00元","7.7"
"2160066","大投机家的证券心理学","","安德烈·科斯托拉尼","林琼娟","重庆出版集团（重庆出","2007-7","32.00元","7.6"
"25808614","互联网金融","框架与实践","李耀东、李钧","","电子工业出版社","2014-1-1","CNY 65.00","6.5"
"3172230","中国式私募股权投资","基于中国法的本土化路径","李寿双","","法律出版社","2008年7月","68.00元","8.0"
"26220899","期权波动率与定价：高级交易策略与技巧","最受欢迎的期权经典必读书 每一位期权交易员都不能错过纳坦恩伯格的","（美）谢尔登•纳坦恩伯格（Sheldon Natenberg）","韩冰洁","机械工业出版社","2014-10","100.00","7.8"
"4931687","巴菲特致股东的信","","理查德·康纳斯","何正云","中信","2010-8","45.00元","8.5"
"26871829","区块链革命","比特币底层技术如何改变货币、商业和世界","[加]唐塔普斯科特（Don Tapscott）、[加]亚力克斯·塔普斯科特(Alex Tapscott)","","中信出版集团股份有限公司","2016-9","69","7.1"
"26149503","P2P借贷投资人手册","","零壹财经","","人民东方出版传媒有限公司,东方出版社","2014-10-1","CNY 39.00","7.1"
"1747858","公司并购与重组","","朱宝宪","","清华大学出版社","2006-2","38.00元","8.2"
"2237676","The Age of Turbulence","Adventures in a New World","Alan Greenspan","","Penguin Press HC, The","2007-09-17","USD 35.00","8.4"
"2122440","超级金钱","Supermoney","亚当·史密斯","","机械工业出版社","2007-5","32.00元","7.6"
"26306021","缠中说禅选集","","缠中说禅、股海盗贼","","九州出版社","2015-1","36","7.3"
"26851886","镜厅","","[美] 巴里·埃森格林、Barry Eichengreen","","何帆","中信出版社","68","7.5"
"10787101","纸与铁","","尼尔·弗格森","","中信出版社","2012-6","69.00元","7.7"
"1776482","The Econometrics of Financial Markets","","John Y. Campbell、Andrew W. Lo、A. Craig MacKinlay","","Princeton University Press","1996-12-09","USD 105.00","9.2"
"3096342","解读私募股权基金","","周炜","","机械工业出版社·华章","2008-6","35.00元","7.5"
"11026291","高收益债券与杠杆收购","中国机会","王巍、（美）施迈克","","机械工业出版社","2012-7-11","59.90元","7.0"
"26747926","货币放水的尽头：还有什么能拯救停滞的经济","","[英]　简世勋（Stephen D. King）","胡永健","机械工业出版社","2016-3-15","39.00","7.1"
"5939418","中国金融战略2020","","夏斌、陈道富","","人民出版社","2011-1","75.00元","8.3"
"3596028","金融数学","金融工程引论","(美) 马雷克·凯宾斯基, 托马什·扎斯特温尼克著","佟孟华","中国人民大学出版社","2009-1","35.00元","8.3"
"2287680","魔鬼投资学","超越你的认知","[美]迈克尔·莫布森","刘寅龙","广东经济出版社","2007-10-1","35.00元","7.3"
"3005992","天才數學家的秘密賭局","","'[美]迈克尔·莫布森'","'刘寅龙'","'广东经济出版社'","'2007-10-1'","'35.00元'","7.9"
"25941307","解码信托","","郑智、王文韬","","中信出版股份有限公司","2014-7-1","58.00元","8.2"
"6021089","国债的历史","凝结在利率中的过去与未来","[日] 富田俊基","彭曦等","南京大学出版社","2011-6","76.00元","7.6"
"26741126","The End of Alchemy","Money, Banking, and the Future of the Global Economy","Mervyn King","","W. W. Norton & Company","2016-3-21","USD 28.95","7.7"
"24844972","资产证券化与结构化金融：超越金融的极限","超越金融的极限","宋光辉","","复旦大学出版社","2013-6","38元","7.5"
"26309440","狮子银行","百年汇丰传记","[英] 戴维·凯纳斯顿、[英] 理查德·罗伯茨","张建敏","中信出版社","2015-2","88.00元","7.3"
"10572949","亚当理论","","威尔斯·威尔德","包文兵","山西人民出版社","2012-4","36.00元","7.6"
"1193786","资本市场的混沌与秩序","","埃德加· E ·彼得斯","","经济科学出版社","1999-3","43.50元","7.7"
"3198694","铁血并购","","罗伯特·F.布鲁纳","沈嘉","上海财经大学出版社","2008-8","42.00元","7.7"
"1133854","金融工程原理","","宋逢明","","清华大学出版社","1999-10","20.00元","8.3"
"6039989","Confidence Game","How Hedge Fund Manager Bill Ackman Called Wall Street's Bluff","'宋逢明'","''","'清华大学出版社'","'1999-10'","'20.00元'","8.7"
"3905271","罗斯柴尔德家族.第4部","世界的银行家","尼尔·弗格森","何正云","中信出版社","2009-9","42.00元","7.9"
"2378061","Midas外汇交易指南","Guide For Forex Traders","Midas","","吉林大学出版社","2007","30.00元","8.0"
"6100791","钱的历史","","[英] 凯瑟琳·伊格尔顿、乔纳森·威廉姆斯","徐剑","中央编译出版社","2011-6","100.00元","7.9"
"3932985","资本全球化","国际货币体系史","巴里·艾肯格林","","彭兴韵","2009-8","32.00元","8.0"
"10796947","法博齐讲金融","","[美]帕梅拉•彼得森•德雷克、弗兰克 J. 法博齐","","刘晓龙、刚健华、刘舫舸","2012-6","59.00元","7.8"
"5261732","华尔街","","纪录片《华尔街》创作团队","","中国商业出版社","2010年09月","39.80元","7.6"
"24845037","还有多久","","李铁峰","","清华大学出版社","2013-7","48","8.8"
"3034092","长赢投资","","约翰·博格","刘寅龙","中信出版社","2008-5","39.80元","7.7"
"5935687","The Big Short","Inside the Doomsday Machine","Michael Lewis","","Penguin","2011-1-27","102.00元","8.9"
"3824134","动物精神","","乔治·阿克洛夫、罗伯特·席勒","黄志强、徐卫宇、金岚","中信出版社","2009-7","34.00元","7.4"
"26771033","金融投资400年","","[英]查尔斯•马凯、[荷] 约瑟夫•德•拉•维加","","古吴轩出版社","2016-6","38.00","6.8"
"3404524","别了，雷曼兄弟","","李溦、黄小军、赵艳洁、李勇","","中信出版社","2009-1","39.00元","8.3"
"6403593","时寒冰说","经济大棋局，我们怎么办","时寒冰、时菱蔓 绘","","上海财经大学出版社","2011-7","39.90元","8.6"
"1983253","香港金融业百年","","冯邦彦","","东方出版中心","2007-1","48.00元","7.3"
"5907793","金融衍生品建模","基于Matlab、C++和Excel工具","伦敦","","机械工业出版社","2011-1","65.00元","8.0"
"1103152","关于中国与世界的五大神话","","胡祖六、约翰・安德森","","中国金融出版社","2003-1-1","32.00","7.2"
"3996306","How to Make Money in Stocks","A Winning System in Good Times and Bad, Fourth Edition","William O'Neil","","McGraw-Hill","2009-5-18","146.00元","8.5"
"1491845","操纵金钱","知识经济时代的财富游戏","(美)安迪・凯斯勒","张志莉、周年洋","上海人民出版社","2006-1","28.00元","7.7"
"1965143","香港股史","","郑宏泰","","东方出版中心","2007-1","50.00元","8.0"
"4190807","常识之败","雷曼背后的金权角逐","劳伦斯·G.麦克唐纳(McDonald.L.G.)、帕特里克·罗宾逊(Robinson.P.)","宋鸿兵","译林","2010-1","38.00元","7.9"
"10815977","投资组合管理","动态过程（CFA考试系列）","（美）约翰L.马金、唐纳德L.塔特尔、杰拉尔德E.平托、丹尼斯W.麦克利维","李翔、刚健华","机械工业出版社","2012-7","149.00元","8.9"
"1936337","市场、群氓和暴乱","对群体狂热的现代观点","(美)罗伯特·门斯切","刘宝权、郑佩芸、朱欣微","上海财经大学出版社","2006-10","30.00元","7.6"
"1312041","连续时间金融","","莫顿","","人民大学","2005-1","63.00元","8.6"
"5384911","统计套利","","（美）安德鲁·波尔（Andrew Pole）","陈雄兵、张海珊","机械工业出版社","2011-1-1","38.00元","6.6"
"3016264","股票投资就问三个问题","","肯·费舍","","黑龙江科学技术出版社","2008-2","39.80元","8.3"
"1073390","大交易","","布鲁斯・瓦瑟斯坦","吴全昊","海南出版社","2000-1","39.80","7.9"
"25807308","支付革命","互联网时代的第三方支付","马梅、朱晓明、周金黄、季家友、陈宇","","中信出版社","2014-2-1","49.00元","6.5"
"26312260","从零开始读懂金融学","","斯凯恩","","立信会计出版社","2014-6","36","6.5"
"3892150","海龟交易特训班","公开股市交易超高获利内幕
看普通人如何成为百万富翁","迈克尔· 柯弗","赵娅","中国人民大学出版社","2009.7","39.80元","7.0"
"3079022","微观金融学及其数学基础","","'迈克尔· 柯弗'","'赵娅'","'中国人民大学出版社'","'2009.7'","'39.80元'","8.6"
"26427201","与巴菲特共进午餐时,我顿悟到的5个真理","探寻财富、智慧与价值投资的转变之旅","盖伊•斯皮尔","张尧然、杨颖玥","中国青年出版社","2015-7-1","49","8.2"
"25984057","量化投资与对冲基金 量化投资——策略与技术（典藏版）","","丁鹏","","电子工业出版社","2014-9","118.00元","7.1"
"1425749","投资心理学","","约翰·诺夫辛格","","北京大学","2005-5","21.00元","7.8"
"26588279","估值就是讲故事：创业融资与投资","","Dr.2","","机械工业出版社","2015-8-5","39.00元","7.0"
"1146446","金融数学","","Joseph Stampfli、Victor Goodman","蔡明超","机械工业出版社","2004-3-1","26.00元","7.9"
"6014437","期货市场的技术","由新手修炼成职业炒家的必经之路","林辉太郎","毛蘭频","地震出版社","2011-3","50.00元","8.4"
"2133035","操盘手","中国首部透视当今股票投资界的纪实体股市实战小说","花荣","","中国城市出版社","2007-6","36.00元","6.5"
"26697774","“错误”的行为","行为经济学关于世界的思考，从个人到商业和社会","理查德·泰勒","王晋","中信出版集团股份有限公司","2016-1","69","8.6"
"26371607","Efficiently Inefficient","How Smart Money Invests and Market Prices Are Determined","Lasse Heje Pedersen","","Princeton University Press","2015-4-13","$45.00","7.9"
"2077671","机械交易系统","","威斯曼","木亦","广东经济出版社","2007-5","38.00元","7.7"
"1510619","期货期权入门","","约翰·C·赫尔","张陶伟","中国人民大学出版社","2001-4","56.00元","8.2"
"26664349","金融危机简史","2000年来的投机、狂热与崩溃","鲍勃·斯瓦卢普 (Bob Swarup)","","机械工业出版社","2015-11-11","CNY 49.00","7.6"
"1511158","金融经济学基础","","黄奇辅、罗伯特·李兹森伯格","宋逢明","清华大学出版社","2003-10-01","29.60","8.3"
"3872873","智者傲行","","陆东","","文化传信有限公司","2009-3","hk$98","8.3"
"4878649","斐波那契分析","","康斯坦斯·布朗","","李孝君","2010-6","36.00元","8.1"
"10815975","定量投资分析","CFA考试系列","理查德·A·德弗斯科、丹尼斯·W·麦克利维、杰拉尔德·E·平托、戴维·E·朗克尔","劳兰珺、王祺","机械工业出版社","2012-7","99.00元","8.4"
"2056234","Living High and Letting Die","Our Illusion of Innocence","Peter Unger","","Oxford University Press","1996-10-3","GBP 17.00","7.3"
"3315483","郎咸平说：谁都逃不掉的金融危机","","郎咸平","","东方出版社","2008-12","28.00元","7.8"
"5271444","潜伏在资本市场","","仇子明","","中信出版社","2010年9月30日","28.00元","7.1"
"1037910","资本市场的混沌与秩序","","(美)埃德加.E.彼得斯","王小东","经济科学出版社","1999-03","28.5","8.0"
"1101433","分形市场分析","将混沌理论应用到投资与经济理论上","埃德加.E.彼得斯","储海林、殷勤","经济科学出版社","2002-1","46.00元","7.4"
"26362417","破坏式创新——从0到1 VS 从1到N","","[美] 乔希•林克纳(JOSH  LINKNER)","松布尔","电子工业出版社","2015-5","55.00","7.9"
"26794026","超额收益","价值投资在中国的最佳实践","刘哲","","中国铁道出版社","2016-5","55","7.2"
"5214779","日本蜡烛图教程","","(Steve Nison) 史蒂夫•尼森","何平林","天津社科院","2010-8","60.00元","7.7"
"11578494","信用战","全球历史演进元规则","'(Steve Nison) 史蒂夫•尼森'","'何平林'","'天津社科院'","'2010-8'","'60.00元'","8.5"
"2678794","积极资产配置投资者理财指南","","马丁·J·普林格","张晔明","中国青年出版社","2008-1","43.80元","8.1"
"4588363","Liquidated","An Ethnography of Wall Street","Karen Ho","","Duke University Press","2009","USD 24.95","7.7"
"6975781","风险投资的游戏","","[美] 威廉•H•德雷帕三世","李莉、石继志","中信出版社","2011-12","39.00元","7.6"
"4805559","Algorithmic Trading and DMA","An introduction to direct access trading strategies","Barry Johnson","","4Myeloma Press","2010-2-17","USD 49.99","8.2"
"1773330","Market Microstructure Theory","","Maureen O'Hara","","Blackwell Publishers","1997-08","USD 59.95","7.7"
"1192910","复杂性、风险与金融市场","","埃德加·E·彼得斯  编","宋学锋","人民大学","2004-1","30.00元","7.7"
"1819370","证券知识读本","","周正庆","","中国金融出版社","2006-3-1","50.00元","8.2"
"26576890","缠中说禅:教你炒股票(配图校注版)","","培峰","","中国宇航出版社","2015-2-1","48.00","7.5"
"25933415","白手套","","陈楫宝","","民主与建设出版社","2014-7","39.8元","6.7"
"3039806","美元大崩溃","","[美] 彼得·D·希夫","陈召强","中信出版社","2008年4月","38.00元","7.5"
"1464690","Financial Calculus","An Introduction to Derivative Pricing","Martin Baxter、Andrew Rennie","","Cambridge University Press","1996-9-28","USD 92.00","9.0"
"2281746","Vault Career Guide to Investment Banking","","'Martin Baxter、Andrew Rennie'","''","'Cambridge University Press'","'1996-9-28'","'USD 92.00'","8.7"
"3284320","我们自己制造的魔鬼","","布克斯塔伯","黄芳","中信出版社","2008-11","38.00元","8.0"
"26435117","证券投资基金（上册）","基金从业资格考试统编教材","中国证券投资基金业协会","","高等教育出版社","2015-6-1","CNY 45.00","6.8"
"2329852","驾驭交易","从日内交易和波段交易定式中赢利的实战技术","约翰·F·卡特","王嘉卫","广东经济出版社","2007-11","68.00元","7.5"
"3081832","金融衍生品入门","","迈克尔·德宾","","崔明香","2008-4","39.00元","7.1"
"3716052","看懂股市新闻","投资者必读3","袁克成","","机械工业出版社","2009-5","32.00元","8.1"
"26831424","区块链：定义未来金融与经济新格局","","张健","","机械工业出版社","2016-6-18","49.00","6.6"
"4832498","全球分裂","美国统治世界的经济战略","(美) 赫德森","杨成果、林小芳","中央编译出版社","2010年6月","38.00元","9.0"
"4035744","股票估值实用指南","","加里·格雷","张甦伟、杨南超","上海财经大学出版社","2009-8","36.00元","7.5"
"2175108","金融衍生工具数学导论","","内福斯","","武汉大学","2007-6","50.00元","8.9"
"6404783","上市公司虚假会计报表识别技术","","刘姝威","","机械工业","2011-5","38.00元","7.6"
"6076760","金钱游戏","透析市场本源，揭开游戏黑幕","亚当•史密斯","","广东经济出版社","2011-5","32.00元","6.8"
"4234760","多角世界下的中国房价","","'亚当•史密斯'","''","'广东经济出版社'","'2011-5'","'32.00元'","8.1"
"26838502","一个投资家的20年","","杨天南","","机械工业出版社","2016-7","69.00","7.6"
"6018626","Expected Returns","An Investor's Guide to Harvesting Market Rewards","Antti Ilmanen","","Wiley","2011-3-14","USD 80.00","7.8"
"6790574","中国经济大萧条还有多远","","刘军洛","","中信出版社","2011-9","39.00元","7.6"
"1129945","人寿与健康保险","","布莱克","","经济科学出版社","2003-1","85.00元","8.8"
"4178484","金融市场中的统计模型和方法","","黎子良+邢海鹏","姚佩佩","高等教育出版社","2012-11","46.00元","8.3"
"10785586","谁将主导世界货币？","","詹姆斯·里卡兹","常世光","中信出版社","2012-7","39.00元","8.2"
"1731087","行为金融学","","李国平","","北京大学出版社","2006-1","39.00元","8.0"
"1030497","中国的货币化进程","","易纲","","商务印书馆","2003-11","50.00元","7.8"
"3337440","国际金融新编","第四版","姜波克","","复旦大学","2008-8","38.00元","8.1"
"11505841","资本的逻辑","一看就懂的融资实用指南","'姜波克'","''","'复旦大学'","'2008-8'","'38.00元'","7.7"
"1085713","投资分析与组合管理（第六版）","","[美] 弗兰克.K.赖利（Frank k.Reilly）、[美] 基思·C.布朗(Keith C.Brown)","陈跃 等","中信出版社","2004-7","112.00元","7.6"
"3146145","商业银行突围","","朱武祥、杜丽虹、姜昧军","","机械工业出版社","2008-6","78.00元","8.8"
"1148350","指数基金","","费里(Perri R.A.)","","上海财经大学出版社","2004-1","19.00元","7.1"
"5345694","外汇交易三部曲","","魏强斌","","经济管理出版社","2010-10","49.00元","8.6"
"11591539","时寒冰说","欧债真相警示中国","时寒冰","","机械工业出版社","2012-9","39.90元","8.0"
"11442160","股市之神是川銀藏","漫畫增訂版","是川銀藏、伊東誠","","大牌出版社","2011-3-4","NT$300","7.7"
"1333846","富爸爸，窮爸爸（套書４本）","","'是川銀藏、伊東誠'","''","'大牌出版社'","'2011-3-4'","'NT$300'","9.3"
"26220243","钢贸风云","","大风扬","","中国发展出版社","2014-10","39.8","8.0"
"1439848","证券分析实践","投资王道","林森池","","当代世界出版社","2005-10","38.00元","8.3"
"26301859","投行十年","我在投行的日子","投行小兵","","法律出版社","2015-1-1","CNY 49.00","6.0"
"20486017","The Bankers' New Clothes","What's Wrong with Banking and What to Do about It","Anat Admati、Martin Hellwig","","Princeton University Press","2013-2-24","USD 29.95","6.9"
"26699328","颠覆银行","互联网金融的下一站","Dan Schatt","何正云、张晓雷","中信出版集团股份有限公司","2016-1-15","CNY 45.00","7.0"
"1440229","下一个大泡泡","","（美）哈里.S.登特（Harry S. Dent）","阮一峰","中国社会科学出版社","２００５","28.00元","7.5"
"1867940","股市奇才","美国股市精英访谈实录","杰克·施瓦格","张帅","海南出版","2006-7","28.00元","7.4"
"6435570","对冲基金到底是什么？","","黄徽","","中信出版社","2011-7","35.00元","6.9"
"26650867","大牛市·股殇","","诸葛就是不亮","","中信出版集团","2015-10-1","39.80","8.0"
"1149565","金融工程学","","周洛华","","上海财经大学出版社","2004-2-1","26.00元","8.4"
"3166022","财务报表分析与运用","","Gerald I.White、Ashwinpaul C.Sondhi、Do Fried","李志强","中信出版社","2008-7","120.00元","8.9"
"1179160","24天","安然垮台真相：《华尔街日报》全面揭露","[美] 丽贝卡·史密斯、约翰·R. 埃姆什威勒","荣恩琳","上海远东出版社","2004-8","44.80元","7.9"
"1009142","股市晴雨表","","威廉.彼得.汉密尔","","海南出版社 三环出版社","1999-10","18.00元","7.3"
"1485468","C++ Design Patterns and Derivatives Pricing","","Mark S. Joshi","","Cambridge University Press","2004-9-6","USD 71.99","8.7"
"11403142","Tap Dancing to Work","Warren Buffett on Practically Everything, 1966-2012: A Fortune Magazine Book","Carol J. Loomis","","Portfolio Hardcover","2012-11-21","USD 27.95","7.3"
"2354455","Why Stock Markets Crash","Critical Events in Complex Financial Systems","Didier Sornette","","Princeton University Press","2004-3-14","USD 30.95","7.7"
"2189882","投机与骗局","","马丁S.弗里德森","王娟","机械工业出版社","2007-7","36.00元","7.4"
"26396020","从零开始学炒股：股票入门与实战","","马涛","","人民邮电出版社","2015-5-1","39.80元","8.3"
"2968897","资本战争","金钱游戏与投机泡沫的历史","彼得•马丁、布鲁诺•霍尔纳格","王音浩","天津教育出版社","2008","38.00元","7.2"
"10432196","從自由到壟斷","中國貨幣經濟兩千年","朱嘉明","","遠流出版","2012-1","NT 960","8.2"
"1534187","技术交易系统的新概念","股票系统交易投资回报","威尔斯·威尔德","","浙江大学","1997-10-1","30.00","7.4"
"6430408","欧元的故事","","戴维·马什","","机械工业","2011-5","58.00元","8.6"
"4754742","The Total Money Makeover","A Proven Plan for Financial Fitness","Dave Ramsey","","Thomas Nelson","2009-12-29","USD 24.99","7.1"
"26775643","富国之道：富国银行董事长写给股东的信","","［美］理查德•柯瓦希维奇［美］约翰•斯坦普 著","王礼 译","广东旅游出版社","2016-4-1","45.00","7.4"
"4188908","一个交易者的资金管理系统","如何确保利润并避免破产风险","班尼特·A.麦克道尔","张轶","万卷出版公司","2009-12","36.00元","7.2"
"3300884","投资大师罗杰斯给宝贝女儿的12封信","","[美] 吉姆·罗杰斯","洪兰","中国青年出版社","2009-1","28.00","8.1"
"4293742","资本投资与估值","","理查德·A·布雷利(Richard A.Brealey)、斯图尔特·C·迈尔斯(Stewart C.Myers)","","中国人民大学出版社","2010-1-1","69.00元","8.0"
"2074109","技术分析与股票盈利预测","","沙巴克","","地震出版社北京发行部（原地震出版社）","2007-5","68.00元","8.3"
"4934584","末日博士鲁比尼的金融预言","末日博士鲁比尼的金融预言","鲁比尼","巴曙松、李胜利、吕婕等","万卷","2010-8","49.80元","8.0"
"26603111","证券投资基金(下册)","基金从业资格考试统编教材","'鲁比尼'","'巴曙松、李胜利、吕婕等'","'万卷'","'2010-8'","'49.80元'","6.7"
"1024305","散户至上","","（美） 阿瑟•莱维特，葆拉•德怀尔","陈剑萍，严莉","中信出版社","2005-01","28.00","7.7"
"2973743","BCG视野","金融服务走向赢利的智慧之路","本岛康史","陈玖琲","电子工业","2008-1","28.00元","8.0"
"4891851","从零开始学炒股","新手入门、大智慧详解、买卖之道","杨金、等","","机械工业出版社","2010-5-1","39.00元","6.9"
"26629060","暗池","高频交易及人工智能大盗颠覆金融世界的对决","斯科特·帕特森 (Scott Patterson)","","机械工业出版社","2015-9-21","CNY 59.00","6.9"
"1364983","Fiasco","The Inside Story of a Wall Street Trader","Frank Partnoy","","Penguin (Non-Classics)","1999-2","USD 16.00","8.8"
"2197571","西欧金融史","","金德尔伯格","","中国金融","2007-2","58.00元","7.7"
"1064212","法柏报告","透视股市谎言","戴维・法柏、肯・柯森","陈琇玲、蓝美贞、高仁君","中信出版社","2003-5","20.00元","7.5"
"20430026","2013 CFA LEVEL 1 SCHWESER STUDY NOTES","Ethical and Professional Standards and Quantative Methods","'戴维・法柏、肯・柯森'","'陈琇玲、蓝美贞、高仁君'","'中信出版社'","'2003-5'","'20.00元'","9.0"
"2296561","我在美联储监管银行","","卢菁","","清华大学出版社","2007-10-1","28.00元","7.6"
"1065804","最后的合伙人","","查尔斯·R.盖斯特","向桢","中国财政经济出版社","2003-04-01","29.80元","7.5"
"4143530","伯恩斯坦金融三部曲1","繁荣的代价","彼得·伯恩斯坦","","中国人民大学出版社","2009-10","28.00元","7.0"
"4178315","货币战略论","从价格理论看中国经验","张五常","","中信出版社","2010-1","38.00元","8.1"
"1700875","投资收益百年史","","Elroy Dimson、Paul Marsh、Mike Staunton","","中国财政经济出版社","2005-6","30.00元","7.4"
"4862511","被绑架的中国经济","多角世界的金融战","刘军洛","","中信出版社","2010-6","29.00元","7.6"
"4929899","中国PE的法律解读","中信私募股权系列","北京市道可特律师事务所、道可特投资管理（北京）有限公司","","中信出版社","2010-8-1","49.80元","7.9"
"3198692","戈尔康达往事","1920-1938年华尔街的真实故事","约翰·布鲁克斯","","上海财经大学出版社","2008-8","33.00元","7.5"
"24224982","下一个暴富点","大投机家亲授70年牛熊通杀大智慧","（美）肯·费雪 劳拉·霍夫斯曼","刘寅龙","广东人民出版社","2013-6","68.00元","8.1"
"4257285","中国金融改革思考录","","易纲","","商务","2009-12","50.00元","7.6"
"1799839","高胜算操盘","","马赛尔·林克","","广东经济出版社","2006-5","48.00元","8.2"
"26684203","互联网+投资理财：新手从入门到精通","","褚超","","人民邮电出版社","2016-1-1","42.8","6.9"
"2145302","专业投资者选股策略、方法和工具","","'褚超'","''","'人民邮电出版社'","'2016-1-1'","'42.8'","7.7"
"1126013","金融市场与公司战略（上下册）","","[美]马克·格林布","","中国人民大学","2003-6","99.00元","8.6"
"4277150","战胜政策市","A股套利秘诀十日谈","袁幼鸣","","浙江大学出版社","2010.2","38.00元","8.0"
"10553922","做市商","私募背后的大秘密","成一虫","","团结出版社","2012-3-1","28.00元","8.0"
"1022470","现金流量与证券分析","","（美）肯尼斯・汉科／尤西・李凡特","张凯／刘英／等","华夏出版社","2001-01","45.00","7.8"
"25747830","巴菲特的投资组合(珍藏版)","","（美）罗伯特•哈格斯特朗","","江春","2013-10","35.00","7.7"
"1141901","一个华尔街瘾君子的自白","","詹姆斯·J·克拉默","万丹","中信出版社","2003-12","27.00元","7.7"
"4841522","金融学原理","","彭兴韵","","汉语大词典","2010-5","49.00元","8.8"
"6716345","证券市场基础知识","","中国证券业协会 编","","中国财政经济出版社","2011-6-1","36.00元","6.4"
"1281536","数理金融初步","","罗斯","陈典发","机械工业","2005-4","26.00元","8.0"
"4909201","再危机","泡沫破灭时，我会通知你","谢国忠","王晶","江苏文艺出版社","2010","39.80元","8.0"
"3423284","突破――中国资本市场发展之路（上下卷）","中国资本市场发展之路","刘鸿儒","","中国金融出版社","2008-12","98.00元","8.2"
"1083869","资本经营论","","王明夫","","中国人民大学出版社","2004-9","25.00元","8.3"
"1928449","国际经济学","第六版","克鲁格曼,","海闻","中国人民大学出版社","2006-9","54.00元","8.7"
"6777730","黄金高胜算交易","","'克鲁格曼,'","'海闻'","'中国人民大学出版社'","'2006-9'","'54.00元'","8.6"
"2300648","下一轮伟大的全球化","金融体系与落后国家的发展的新描述","(美国)弗雷德里克·米什金","姜世明","中信出版社","2007-11","38.00元","8.1"
"5933765","Best Practices for Equity Research Analysts","Essentials for Buy-Side and Sell-Side Analysts","James J. Valentine","","McGraw-Hill","2010-12-13","USD 85","7.9"
"1059363","高盛文化","华尔街最有名的投资银行","[美] 里莎·埃迪里奇","王智洁、肖云、胡波","华夏出版社","2001-1","26.00元","7.3"
"11588681","我的第一本金融入门书","","邹一南","","人民邮电出版社","2012-8","30.00元","7.6"
"11631816","致穷","1720年南海金融泡沫","孙骁骥","","中国商业出版社","2012-10","35.80元","8.3"
"1776979","Traders, Guns & Money","Knowns and unknowns in the dazzling world of derivatives","Satyajit Das","","FT Press","May 15, 2006","$29.99","8.4"
"1321894","资本的冒险","","约翰・S・戈登、柳士强、钱勇","柳士强、钱勇","中信出版社","2005-6-1","35.00元","7.2"
"2045899","股市稳赚","战胜市场的小册子","乔尔·格林布拉特","李佳、卢晓晖","中信出版社","2007-4","18.00元","7.8"
"3465981","最后的大佬（上）","","威谦·科汉","徐艳芳","中信出版社","2009-1","39.00元","7.6"
"2155342","货币的非国家化","对多元货币的理论与实践的分析","弗里德里希·冯·哈耶克","姚中秋","新星出版社","2007-8","25.00元","8.7"
"26317462","供应链金融","","宋华","","中国人民大学出版社","2015-3","69.00元","7.4"
"3060535","约翰.聂夫的成功投资","","约翰·聂夫、史蒂文·明茨","吴炯;谢小梅","机械工业出版社","2008-4","38.00元","8.1"
"10554332","高盛眼中的世界","","(英) 吉姆·奥尼尔（Jim O' Neill）","吴进操","机械工业出版社","2012-4","39.90元","7.0"
"4133450","金手铐的救赎——一个投资银行家的海啸后自白","","黄元山","","中国人民大学出版社","2009年11月","39.8","7.7"
"10740403","可转债投资魔法书","","安道全","","电子工业","2012-4","29.80元","6.7"
"3808837","中国私募股权融资与创业板上市实务操作指南","中国私募股权融资与创业板上市实务操作指南","石育斌","","法律出版社","2009-6","96.00元","8.0"
"3932528","价值的魔法","格雷厄姆和多德的现代投资法","托马斯·奥","林海","中信出版社","2009-9","59.00元","7.8"
"2996034","中国风险投资与私募股权（中英文对照）","","'托马斯·奥'","'林海'","'中信出版社'","'2009-9'","'59.00元'","8.0"
"25805439","互联网金融","","姚文平","","中信出版社","2014-1-1","65.00元","6.0"
"1457615","Dynamic Asset Pricing Theory, Third Edition.","","Darrell Duffie","","Princeton University Press","2001-11-1","USD 115.00","8.1"
"5359850","高盛帝国","","琼·布雷顿·费舍尔","束宇","中信出版社","2010","42.00元","6.4"
"25799692","资产证券化实务精解","资产抵押证券交易架构及交易（项目）实施指南","Robert S. Kricheff","陈丽霞、林东","机械工业出版社","2013-12-11","49","7.3"
"2280169","时间的玫瑰","但斌投资札记","但斌","","山西人民出版社","2007-10","38.00元","7.0"
"25736115","成本冲击、通胀容忍度与宏观政策","","'但斌'","''","'山西人民出版社'","'2007-10'","'38.00元'","7.4"
"3179938","外汇交易圣经","","魏强斌","","经济管理出版社","2008-7","49.00元","7.5"
"25788071","打开高频交易的黑箱","","（美）迈克尔•德宾","谈效俊","机械工业出版社","2014-1","40.00","7.2"
"2016575","长线","资金集团的成功之道","查尔斯·埃利斯","吴文忠","中信出版社","2007-01","32.00元","7.2"
"3200835","巴菲特法则","","保罗·威尔莫特","郑振龙、陈蓉、刘杨树","机械工业出版社","2015-4","149.00元","7.8"
"23780546","正能量投资学","股民的自我修养","端宏斌","","中国发展出版社","2013-3","42.00元","7.4"
"1312118","炒股入门与技巧","","覃维桓","","经济管理出版社","2005-4","15.00元","7.1"
"20523411","What I Learned Losing a Million Dollars","","Jim Paul、Brendan Moynihan","","Columbia University Press","2013-4-30","USD 27.95","7.5"
"25733498","对冲基金经理回忆录（原书第2版）","","（美）拉尔斯•克罗耶","黄菊、杨睿","机械工业出版社","2013-10-1","39.00","8.1"
"24530771","理财产品全攻略","","罗显良","","中国宇航出版社","2013-4","38.00元","7.6"
"26703834","债券投资策略（原书第2版）","","［美］　安东尼·克里森兹（Anthony Crescenzi）","林东","机械工业出版社","2016-1-12","69.00","7.9"
"6861713","Currency Wars","The Making of the Next Global Crisis","James Rickards","","Portfolio Hardcover","2011-11-10","USD 26.95","8.5"
"10344357","结构金融导论","","[美] 弗兰克·J·法伯兹、[美] 享利·A. 戴维斯、[英] 莫拉德·乔德里","钱峰、沈颖郁","东北财经大学出版社","2011-11","36.00元","7.9"
"26277205","量化投资","以MATLAB为工具","李洋 (Faruto)、郑志勇 (Ariszheng)","","电子工业出版社","2015-1-1","CNY 69.00","7.2"
"25744073","失灵","为什么看来可靠的模型最终都会失效","[美]伊曼纽尔·德曼","陶亮","中信出版社","2013-10-15","26.00元","6.8"
"2226754","投资组合的熵理论和信息价值","兼析股票期货等风险控制","鲁晨光","","中国科学技术大学出版社","1997-10","15","7.7"
"5921769","地产霸权","","潘慧娴","","中国人民大学出版社","2011-1-9","39.80元","6.7"
"25777421","对冲基金风云录1","东邪西毒","[美] 巴顿·比格斯","张桦、王小青","中信出版社","2013-11-1","48.00","8.0"
"20371003","资本.让你看懂世界格局","","西瓜子","","文化艺术出版社","2012-12","36.80元","8.3"
"26265388","行为金融学新进展（Ⅱ）","Advances in Behavioral Finance (Ⅱ)","理查德·H·泰勒","贺京同","中国人民大学出版社","2014-10-1","98.00元","7.5"
"1775705","Mr. China","A Memoir","Tim Clissold","","HarperBusiness","2006-2-28","USD 14.99","8.6"
"4144050","货币转转转","","赫尔","","蒋春艳","2010-1","29.90元","7.9"
"25731748","对冲基金风云录3","王者私语","巴顿•比格斯","蒋宗强","中信出版社","2013-10-1","46.00元","6.8"
"10556924","私募股权基金的募集与运作","法律实务与案例","邹菁","","法律","2012-1","56.00元","7.3"
"6797883","大牛市","","玛吉·马哈尔","秦传安","上海财经大学出版社有限公司","2011-8","56.00元","8.0"
"25926192","投资革命","移动互联时代的资产管理","肖风","","中信出版社","2014-7-1","CNY 59.00","7.2"
"24298920","环球投资旅行","穿越六大洲的投资奇遇","（美）克里斯托弗•迈耶","徐梦蔚、钟娜","机械工业出版社","2013-5","59.00元","7.4"
"26305402","跨市场交易策略","","[美] 约翰 J.墨菲（John J.Murphy）","","王帆，高闻酉，、马海涌 译","机械工业出版社","49","7.2"
"26297971","没有银行的世界","","Simon Dixon","","电子工业出版社","2015-1-1","CNY 50.00","5.4"
"20504848","瓦良格谜局","中国首艘航母的前世与华夏证券的往事","向东、殷明","","当代中国出版社","2013-1","42.80元","8.1"
"1464785","Quantitative Risk Management","Concepts, Techniques, and Tools (Princeton Series in Finance)","Alexander J. McNeil、Rudiger Frey、Paul Embrechts","","Princeton University Press","2005-09-26","USD 90.00","9.0"
"26236677","资产证券化：国际借鉴与中国实践案例","具有国际视角，综合券商、银行等金融机构实践案例；资产证券化领域最","郑磊","","机械工业出版社","2014-11","80.00","7.5"
"2220884","高级技术分析","交易系统的原理、构建与实战","布鲁斯·巴布科克","","广东经济出版社有限公","2007-7","68.00元","8.1"
"1247758","并非有效的市场","行为金融学导论","(美)史莱佛","赵英军","人民大学","2003-1","48.00元","8.1"
"3069908","货币银行学","银行系统的原理和货币政策对现实的影响","迪恩·克罗绍","吕随启，北京大学经济学院金融系副主任、教授。","天下风华","2008-6","65.00元","8.2"
"1946101","趋势跟踪","顺势交易名家策略解读","迈克尔·卡沃尔","那希尧","广东经济出版社","2009-5","38.00元","6.6"
"25745909","钱是如何被藏起来的","","（英）罗内•帕兰(Ronen Palan)， （英）理查德•墨菲(Richard Murphy)， （法）克里斯蒂安•肖瓦尼奥(Christian Chavagneux)","李芳龄","译林出版社","2014-1","28.00元","7.1"
"4821399","中国式价值投资","","李驰","","中国人民大学出版社","2010年5月","39.80元","7.3"
"26376118","货币革命","改变经济未来的虚拟货币","【美】爱德华•卡斯特罗诺瓦","束宇","中信出版社","2015-5-1","CNY 39.00","7.3"
"26274190","交易大师系列 股票魔法师——纵横天下股市的奥秘","","【美】Mark Minervini（马克.米勒维尼）","张泂","电子工业出版社","2015-1","59.00元","7.6"
"5344589","疯狂的金钱","摩根的疯狂梦想与金融衍生品","'【美】Mark Minervini（马克.米勒维尼）'","'张泂'","'电子工业出版社'","'2015-1'","'59.00元'","7.9"
"3090706","Liar's Poker","","Michael Lewis","","Hodder Paperbacks","2006-6-5","98.00元","8.8"
"4097073","经济学家是我的仇人","山寨金融学","周洛华","","山西出版集团·山西人民出版社","2009年10月第一版","28.00元","8.0"
"1036279","大投机家3.股票培训班","","[匈]安德烈·科斯托拉","邓小红、梁东方","海南出版社","2001-05","19.80","7.5"
"10743316","金融计量学","从初级到高级建模技术","斯维特洛扎·T·维特夫、史蒂芬·米特尼克、弗兰克·J·法伯兹、塞尔吉奥·M·福卡尔迪、特奥·亚西克","曲春青","东北财经大学出版社","2012-5","62.00元","7.5"
"20429626","中国国家资产负债表研究","","马骏、张晓蓉、李治国","","社会科学文献出版社","2012-12","59.00元","8.0"
"25963543","资产证券化导论","","（美）弗兰克J.法博齐(Frank J. Fabozzi)、维诺德•科塞瑞（Vinod Kothari）","宋光辉、刘璟、朱开屿","机械工业出版社","2014-9","59.00","6.9"
"26415028","策略为先","重构普通投资者的投资体系","'（美）弗兰克J.法博齐(Frank J. Fabozzi)、维诺德•科塞瑞（Vinod Kothari）'","'宋光辉、刘璟、朱开屿'","'机械工业出版社'","'2014-9'","'59.00'","7.2"
"1831286","看盘细节","全新的股价走势分析方法","潘伟君","","地震出版社（图书选题策划中心）","2006-1","26.00元","7.5"
"2300158","透视繁荣","资产重估深处的忧虑","高善文","","中国物价出版社","2007-11","45.00元","8.3"
"6802391","我最需要的金融常识书","学点用得上的金融常识让理财变得更简单","谢海涛","","上海财经大学出版社","2011-8","28.00元","6.7"
"5377236","登陆华尔街","中国企业美国上市操作读本","'谢海涛'","''","'上海财经大学出版社'","'2011-8'","'28.00元'","7.8"
"2115068","金钱的秘密","","雾满拦江","","北方文艺","2007-5","26.00元","7.0"
"3099576","非理性市场与蜥蜴式大脑思维","","特里·伯纳姆","","李海波","2008-4","32.00元","7.4"
"1106392","证券期货投资计算机化技术分析原理","","波涛","","经济管理出版社","1998-07","30.00元","7.9"
"25757019","金融大骗局","","林育诗、叶佛和","","九州出版社","2013-12","29.80元","8.5"
"1524751","投资正途","大势·选股·买卖","丁圣元","丁圣元","第2版 (2008年11月1日)","2008-11","60","7.9"
"24695369","国家为什么会崩溃","","彼得•D•希夫","刘寅龙","中信出版社","2013-6-1","69.00元","6.7"
"5351834","我们如何来到现在","商业、技术与金融趣史","（美）安迪·凯斯勒（Andy Kessler）","尹增明、孟杨","机械工业出版社","2010-10","36.00元","7.3"
"3198693","华尔街的扑克牌","","(美国) 阿伦·布朗","陈学彬","上海财经大学出版社","2008-8","37.00元","7.7"
"4293353","西欧金融史","","查尔斯·金德尔伯格","徐子健、何建雄、朱忠","中国金融出版社","2010-1","58.00元","7.0"
"1087256","华尔街巨人","","华尔街日报编辑部","吴全昊","海南出版社","2000-12","39.80元","6.4"
"1906624","奔向华尔街","","(美)妮科尔·里奇韦","王子红、刘建周","华东师范大学出版社","2006-8","19.80元","7.9"
"26811330","金融防骗33天","给你的钱袋子加把锁","翟山鹰、沈健","","中国 商业出版社","2016-5-1","88.00","7.4"
"1951539","如何从商品期货交易中获利","","威廉·D·江恩","李国平","机械工业","2007-1","58.00元","7.1"
"1958735","庞兹的骗局","一个金融奇才的真实故事","[美]米切尔·朱科夫","张志莉","上海人民出版社","2007年1月","25.00元","7.5"
"5388654","非理性亢奋","","陈志武","","中信出版社","2010-12-7","39.00元","7.5"
"3413365","财务管理分析","","罗伯特·C.希金斯","沈艺峰","北京大学出版社","2009-1","42.00元","9.0"
"4856816","高盛阴谋","","'罗伯特·C.希金斯'","'沈艺峰'","'北京大学出版社'","'2009-1'","'42.00元'","6.5"
"25702652","监守自盗","","【美】查尔斯 H. 弗格森","纪晓峰、张颖","机械工业出版社","2013-9","49.00元","7.7"
"24872809","中国P2P借贷服务行业白皮书2013","","第一财经新金融研究中心","","中国经济出版社","2013-7-1","49.00元","7.1"
"6037415","一本书读懂风险投资","","（美）巴斯更","王正林","中信出版社","2011-4","42.00元","7.3"
"5412790","雪球投资","","林起","","经济科学","2010-12","39.80元","7.3"
"26579979","啃碎新三板","新三板前世今生之深度啃析","啃哥张驰","","中国市场出版社","2015-5-1","48.00元","7.6"
"4231573","费雪论创富","","'啃哥张驰'","''","'中国市场出版社'","'2015-5-1'","'48.00元'","7.8"
"5410571","投资银行","","滕泰","","上海财大","2010-11","38.00元","7.9"
"1110210","专业交易人士技术分析","","康斯坦丝·布朗","","海南出版社","2003-6","45.00元","8.2"
"1792455","投资学","全球视角","[美]杰克·弗朗西斯等","胡坚","人民大学","2006-4","118.00元","8.1"
"6790573","投资银行","制度、政治和法律","'[美]杰克·弗朗西斯等'","'胡坚'","'人民大学'","'2006-4'","'118.00元'","7.2"
"2115360","大萧条","","伯南克","宋芳秀","东财大","2007-4","38.00元","7.6"
"3742130","世界是弯的","全球经济潜在的危机","David M. Smick","陈勇","中信出版社","2009-6","38.00元","7.1"
"1464684","Stochastic Differential Equations","An Introduction with Applications","Bernt Øksendal","","Springer","2014-1-21","USD 49.95","9.0"
"6525058","期权与期货市场基本原理","（原书第7版）","约翰 C.赫尔","王勇","机械工业出版社","2011-6","65.00元","8.8"
"4232211","超越技术分析","如何开发和执行一套制胜的交易系统","图莎尔·钱德","罗光海","万卷出版公司","2010-1","55.00元","7.3"
"3186106","融资租赁在中国问题与解答","","姜仲勤","","当代中国","2008-7","35.00元","7.9"
"4035874","郎咸平说：谁在拯救中国经济","复苏的背后和萧条的亮点","郎咸平","","东方出版社","2009-9","29.00元","7.7"
"22852071","一本书读懂金融常识","","李昊轩","","中国商业出版社","2013-4-1","29.80元","5.7"
"1489293","在周期的拐点上","从数据看中国经济的波动","高善文","","中国发展","2006-1","30.00元","8.3"
"1910216","会计学基础","（第9版）","罗伯特·N.安东尼","","清华大学出版社","2006-9","29.00元","9.0"
"2176823","华尔街的智慧天才","费希尔·布莱克和他的革命性金融思想","(美)佩里·梅林(Perry Mehrling)","张振","中信","2007-6","38.00元","7.5"
"3928901","金融海啸","一场新鸦片战争","威廉·恩道尔","","知识产权","2009-8","43.00元","7.9"
"5910698","从零开始学点金融学","","'威廉·恩道尔'","''","'知识产权'","'2009-8'","'43.00元'","7.1"
"4146045","干掉一切对手","看高盛如何赢得世界","李德林","","万卷出版社","2009-11","29.80元","6.4"
"3225657","粮食战争","市场、权力和世界食物体系的隐形战争的新描述","拉吉·帕特尔","郭国玺、程剑峰","东方出版社","2008-9","39.00元","7.4"
"4319412","金融幻象","","海思","","中国发展出版社","2010-3","39.80元","7.9"
"25723410","约翰•邓普顿的投资之道","","乔纳森•戴维斯、阿拉斯戴尔•奈恩","李翔","机械工业出版社","2013-9","45.00","7.9"
"25901895","教鸟儿飞行","量化模型是否会摧毁金融市场","帕布罗·特里亚纳","林丽萍、高彩霞","中国人民大学出版社","2014-6-1","72.90","7.9"
"26380175","新金融,新生态","","霍学文 著作","","中信出版社","2015-5-1","CNY 65.00","7.3"
"1012962","货币哲学","","[德] 西美尔","陈戎女","华夏出版社","2002-6","49.00元","8.8"
"5338695","贝尔斯登的兴衰","","(美)艾伦 C.格林伯格、马克.辛格","刘寅龙","机械工业出版社","2010-10-1","36.00元","7.1"
"25987287","ETF投资","从入门到精通","上海证券交易所","","上海教育出版社","2014-2-1","CNY 48.00","7.6"
"7055173","量化投资","策略与技术","丁鹏","","电子工业出版社","2011-12-28","88.00元","5.5"
"1245682","金融物理学","非均衡定价中的测量建模","卡里尔.伊林斯基 李彦","","机械工业出版社","2003-4","48.00元","8.3"
"26278216","期货投资策略","期货大作手如是说","胡斐","","经济管理出版社","2014-12-1","28.00元","5.9"
"1034840","华尔街教父","","'胡斐'","''","'经济管理出版社'","'2014-12-1'","'28.00元'","8.1"
"1451025","花旗银行","","[美]哈罗德·文·","","中国金融","2005-11","60.00元","8.4"
"3812826","股市投资致富之道","","（美）菲利普·A.费雪 著","刘寅龙 译","广东经济","2009-7","32.00元","8.1"
"1040561","索罗斯论全球化","","乔治·索罗斯","王荣军","商务印书馆","2003-3","11.00","7.8"
"5419238","过去的钱值多少钱","细读19世纪北京人、巴黎人、伦敦人的经济生活","邵义","","上海人民出版社","2011-1","26.00","8.1"
"3881796","交易冠军","一个天才操盘手的自白","马丁·舒华兹","王正林、王权","中国青年出版社","2012-6","39.00元","7.6"
"1951538","绝境与生机","市场动荡风险和机遇","（美）斯蒂芬·韦恩斯","张兴旺、郑佩芸","上海财经","2006-10","31.00元","7.1"
"2326066","The Age of Turbulence","Adventures in a New World","Alan Graeenspan","无","The Penguin Press HC","2007-9-1","280.00元","8.5"
"6440755","世界金融五百年上","","'Alan Graeenspan'","'无'","'The Penguin Press HC'","'2007-9-1'","'280.00元'","6.7"
"20423346","公司财务原理","原书第10版","[英]理查德 A.布雷利、[美]斯图尔特 C.迈尔斯、[美]弗兰克林·艾伦","赵英军","机械工业出版社","2013-1","119.00元","8.0"
"1175282","什么是价值投资","","劳伦斯·柯明汉姆","田路","华夏出版社","2004-1","12.80元","7.9"
"2057344","Stock Market Wizards","Interviews with America's Top Stock Traders","Jack D. Schwager","","Collins","2003-04-01","USD 15.95","8.4"
"3648410","出师","投资家培训班日记","扬韬","孙成钢","新世纪出版社","2009-4-1","35.00元","7.4"
"20282470","交易密码","价值百万美元的黄金外汇投资秘籍","'扬韬'","'孙成钢'","'新世纪出版社'","'2009-4-1'","'35.00元'","7.4"
"26220318","并购估值","如何为非上市公司培育价值（原书第2版）","（美）克里斯 M. 梅林（Chris M. Mellen）、弗兰克 C. 埃文斯（Frank C. Evans）","李必龙、李羿、郭海　等","机械工业出版社","2014-11","69.00","7.0"
"23021278","风险管理与金融机构","原书第3版","赫尔","王勇、董方鹏","机械工业出版社","2013-3","69.00元","7.7"
"2792239","The Little Book of Common Sense Investing","The Only Way to Guarantee Your Fair Share of Stock Market Returns","John C. Bogle","","Wiley","March 5, 2007","USD 22.95","8.2"
"10761711","趋势投资50年","","拉斯·特维德","","许瑞宋","2012-6","39.80元","7.9"
"3919417","货币战争","","约翰·K.库勒","陈远明、陈曦琳","浙江文艺出版社","2009-7","32.00元","7.4"
"5028568","赢家法则","","博多·舍费尔","","南海","2010-8","26.00元","7.8"
"25795584","赌场式交易策略","","（美）理查德 L. 威斯曼","蒋雪、解前勇、刘海龙 等","机械工业出版社","2014-1","45.00","7.6"
"4263767","美国豪门巨富史","","古斯塔夫斯·迈尔斯","","上海财经大学出版社","2010-1","65.00元","8.1"
"5266256","5小时熟知金融常识","","[日] 慎泰俊","杨玉辉","东方出版社","2010-9","22.00元","6.4"
"1227754","资产配置的艺术","","(美)戴维・M.达斯特","李康 等","上海人民出版社","2005-01","33.00","7.1"
"5046242","每日交易心理训练","","布雷特 N. 斯蒂恩博格 (Brett N. Steenbarger)","","沈阳格微翻译服务中心","2010-7","53.00元","7.8"
"4826031","风险价值VAR","","菲利普·乔瑞","","中信","2010-4","78.00元","8.2"
"2339034","货币制度的世界史","","黑田明伸","何平","中国人民大学出版社","2007-11","25.00元","7.9"
"6033046","大通胀与再平衡","“后危机时代”的抉择","刘煜辉","","中信出版社","2011-3","40.00元","8.4"
"2343581","思危：犹太人的赚钱哲学","","亚伯拉","","重庆出版集团重庆出版社","2007年12月","29.80元","7.6"
"2122426","华尔街顶级证券分析师的忏悔","","[美]丹·莱因戈尔","","译林","2007-5","28.00元","7.8"
"20429193","期货投资的艺术","在不确定性中寻找确定性","黄圣根","","机械工业出版社","2012-12","39.00元","7.5"
"5399265","华盛顿规则","美国通向永久战争之路","安德鲁·巴塞维奇","","于卉芹","2011-1","35.00元","6.9"
"10588815","天使投资","如何成功解决创业者的融资问题","唐滔","","浙江人民出版社","2012-4-30","56.99元","7.5"
"1794899","Investment Science","","David G. Luenberger","","Oxford University Press","1997-7-3","USD 149.95","8.8"
"1425875","财务报表分析","估值方法","索弗","肖星、陈晓","清华大学出版社","2005-8","49.00元","8.0"
"1983845","The Money Game","","Adam Smith","","Vintage","August 12, 1976","$12.95","8.0"
"4888396","恐慌与机会","","（美）史蒂芬·韦恩斯","赵耀、霍春辉、陈瑶","机械工业出版社","2010-6","36.00元","6.9"
"3545867","新信贷","","'（美）史蒂芬·韦恩斯'","'赵耀、霍春辉、陈瑶'","'机械工业出版社'","'2010-6'","'36.00元'","7.7"
"1817514","Financial Modelling with Jump Processes (Chapman & Hall/CRC Financial Mathematics Series)","","Peter Tankov","Chapman and Hall","CRC","2003-12-30","USD 99.95","8.4"
"4021671","完美的竞赛","“风险投资之父”多里奥特传奇","斯宾塞·安特","汪涛、郭宁","湛庐文化策划   中国人民大学出版社","2009-9","49.80元","7.6"
"4241692","陈志武说中国经济","","陈志武","","山西经济出版社","2010","34.80元","7.5"
"25901160","低风险投资之路","实现30%年收益率的奥秘","徐大为","","中国经济出版社","2014-6-1","CNY 48.00","7.4"
"3360232","最后的大佬（下）","","[美] 威廉•科汉","徐艳芳","中信出版社","2009-1-1","39.00元","7.6"
"1221057","股色股香","一个投资银行家的欲望风景","胡野碧、萧洪驰","","团结出版社","2005-1-1","26.80元","7.6"
"1799123","The House of Rothschild","Volume 1: Money's Prophets: 1798-1848","Niall Ferguson","","Penguin Books","1999-11-1","USD 26.00","8.0"
"25952584","中国P2P借贷服务行业白皮书2014","","零壹财经、零壹数据","","中国经济出版社; 第1版","2014-6-1","58.00","7.5"
"3030084","国际金融学","国际金融学","奚君羊","","上海财经大学出版社","2008-2","28.00元","7.7"
"26639584","从零开始读懂经济学","","斯凯恩","","立信会计","2014-6-1","36","6.9"
"3673568","果壳里的金融学","","贾维尔·埃斯特拉达","张桦","浙江人民出版社","2009-3-1","36.00元","7.4"
"1704711","金融市场与金融机构","","弗雷德里克·S·米什金 (Frederic S. Mishkin)、斯坦利·埃金斯 (Eakins S.G)","王青松","北京大学","2006-1","68.00元","8.5"
"26342274","纯粹经济学","王福重经济学十九讲","王福重","","中信出版社","2015-4","49.00元","8.0"
"3067374","ucp600解读与例证","","'王福重'","''","'中信出版社'","'2015-4'","'49.00元'","9.2"
"1181016","粤海重组实录","","武捷思","","经济科学出版社","2004-1","28.00元","8.2"
"10743650","外汇日内交易与波段交易","","'武捷思'","''","'经济科学出版社'","'2004-1'","'28.00元'","7.6"
"2077988","债券之王","","蒂莫西·米德尔顿","陈利贤","上海译文出版社","2007-4","30.00元","5.2"
"5351835","对话私募股权与风险投资大师","","（美）罗伯特 A.芬克（Robert A.Finkel）、大卫·格雷森（David Greising）","房四海、马乐、郭实","机械工业出版社","2010-10","45.00元","7.2"
"3519482","投资思想史","","马克·鲁宾斯坦","","机械工业出版社","2009-2","56.00元","7.4"
"20503515","The Buy Side","A Wall Street Trader's Tale of Spectacular Excess","Duff, Turney","","Crown Business","2013-6","$ 29.38","8.1"
"26815072","中国金融生态圈","9787504491879","翟山鹰、沈健","","中国商业出版社","2016-1-1","88.00元","7.5"
"25792997","大而不倒","如何让大银行建立有效的风险防范机制","[美] 加里• 斯特恩（Gary H.Stern）、罗恩• 费尔德曼（Ron J.Feldman）","钱睿、季晓南、杨艳","中国人民大学出版社","2014-1","45.90元","6.9"
"10742307","大行蝶变","中国大型商业银行复兴之路","'[美] 加里• 斯特恩（Gary H.Stern）、罗恩• 费尔德曼（Ron J.Feldman）'","'钱睿、季晓南、杨艳'","'中国人民大学出版社'","'2014-1'","'45.90元'","8.3"
"4831337","郎咸平说：新帝国主义在中国 2","","郎咸平","","东方出版社","2010-5","32.00元","8.0"
"1021472","储备与稳定","","本杰明.格雷厄姆","储祥银","海南出版社 三环出版社","2000-3","29.80","8.1"
"10796950","终局","看懂全球债务危机","无（美）约翰•莫尔丁、乔纳森•泰珀","章爱民","机械工业出版社","2012-6","49.00元","7.7"
"26420529","年轻资本","金融风暴后华尔街的八个故事","[美]凯文•鲁斯","陈治宇","中国青年出版社","2015-5-1","39.90","7.5"
"2155338","货币、方法与市场过程","","路德维希·冯·米塞斯","戴忠玉、刘亚平","新星出版社","2007-8","33.00元","9.1"
"2294425","Way of the Turtle","The Secret Methods that Turned Ordinary People into Legendary Traders","Curtis Faith","","McGraw-Hill","2007-3-9","USD 27.95","8.3"
"4713648","索罗斯模式","","乔治·索罗斯","","机械工业","2010-3","36.00元","7.8"
"1951858","1000%的男人","期货冠军奇迹的买卖方法","(日)菲阿里、炭谷道孝","朱元曾、王虹","中国三峡出版社","2006-6","38.00元","8.3"
"6804640","The Alpha Masters","Unlocking the Genius of the World's Top Hedge Funds","Maneet Ahuja","","Wiley","2012-5-29","USD 29.95","7.7"
"4100374","大钱","挑选优秀成长股的7条法则","弗雷德里克·科布里克","","中信出版社","2009-11","36.00元","7.5"
"3064620","金融市场学","","张亦春 郑振龙 林海","","高等教育出版社","2008-3","33.00元","7.9"
"26704161","私募股权圣经（原书第2版）","","[法]西瑞尔·德马里亚（Cyril Demaria）","黄嵩、郑磊","机械工业出版社","2015-8","89.00","7.1"
"4097503","香港中資財團","","郭國燦","","三聯書店(香港)有限公司","20091001","138港幣","7.8"
"4934769","银行内幕","金融界的丑闻与揭秘","[法] 埃里克·洛朗","廖蔚莹","学林出版社","2010-8","28.00元","7.1"
"4720566","金融的王道","拯救世界的哲学","葛霖、Stephen K Green","","中国人民大学出版社","2009","49.80元","7.5"
"1088618","冷静自信的交易策略","禅心‧投资‧武士道","[美）麦考尔 著","薛迪安","海南出版社","1999-5","17.80元","8.1"
"1070891","货币、信用与商业","","马歇尔","","商务印书馆","1997-2","14.70元","8.1"
"25905696","量化投资与对冲基金入门（量化投资与对冲基金基础入门必读图书）","","Rana Foroohar","","Crown Business","2016-5-17","USD 30.00","7.1"
"25732771","一个金融衍生品交易员的自白","","石川哲也（Tetsuya Ishikawa）","施轶","中国人民大学出版社","2013-10-1","49.9","7.2"
"21268062","高收益债券实务精要","债券及贷款信用分析指南","'石川哲也（Tetsuya Ishikawa）'","'施轶'","'中国人民大学出版社'","'2013-10-1'","'49.9'","7.7"
"6437060","银行的秘密","现代金融生存启示录","加里·戈顿","陈曦","中信","2011-7","39.00元","7.7"
"26756545","全球REITs投资手册","","梁凯文（Kaiwen Leong）、陈玟佑（Wenyou Tan）、梁俐菁（Elaine Leong）","林华 等","中信出版社","2016-3-15","49.00元","7.1"
"26249397","新资本论","","向松祚","","中信出版社","2014-11","68.00","6.5"
"10480740","百战成精","沪深股市专业投资原理","花荣","","经济管理出版社","2012-2","39.80元","6.8"
